"clade","host","aaSite","nat/dms","dms/nat"
"clade0","Bird",1,0.332477508746021,1.77666941781921
"clade0","Bird",10,0.297806407427811,1.58838090193776
"clade0","Bird",100,0.228132612147431,1.25878948161184
"clade0","Bird",101,0.21338761003676,1.20105455125611
"clade0","Bird",102,0.241147891790361,1.31269368486639
"clade0","Bird",103,0.273083658379434,1.43177831832107
"clade0","Bird",104,0.247456204475905,1.33446671838485
"clade0","Bird",105,0.250643848888172,1.34965472695439
"clade0","Bird",106,0.276237347905434,1.45310899764344
"clade0","Bird",107,0.258189557420305,1.36976377539371
"clade0","Bird",108,0.237334486901896,1.2976772472546
"clade0","Bird",109,0.268165176100444,1.41952735243067
"clade0","Bird",11,0.292637379401856,1.56738978488136
"clade0","Bird",110,0.186044371941507,1.04668769695493
"clade0","Bird",111,0.190775843087929,1.110289363637
"clade0","Bird",112,0.325284390944017,1.61873236151402
"clade0","Bird",113,0.275284032881194,1.48283913444071
"clade0","Bird",114,0.2216420652159,1.22195231555762
"clade0","Bird",115,0.281589427871527,1.53123138114786
"clade0","Bird",116,0.197447723073881,1.12087708831351
"clade0","Bird",117,0.327261086612683,1.6720555097653
"clade0","Bird",118,0.264252067673587,1.39082450888734
"clade0","Bird",119,0.230975750470565,1.29976991432885
"clade0","Bird",12,0.248065119424554,1.41805849009544
"clade0","Bird",120,0.542100700305469,2.16174770793029
"clade0","Bird",121,0.208407453812238,1.19298006690234
"clade0","Bird",122,0.566560948697008,2.17763777937146
"clade0","Bird",123,0.505691774179899,1.97946139352028
"clade0","Bird",124,0.329341258351193,1.66305222761201
"clade0","Bird",125,0.31038278797833,1.59925635566167
"clade0","Bird",126,0.766444016459073,2.00006037999195
"clade0","Bird",127,0.174032102221905,1.04388182427759
"clade0","Bird",128,0.576684369285261,1.52429479611759
"clade0","Bird",129,0.434682303841174,1.96410965223682
"clade0","Bird",13,0.270722412163056,1.50006892016798
"clade0","Bird",130,0.314122787142182,1.64734236167892
"clade0","Bird",131,0.645122231934973,1.78816270879224
"clade0","Bird",132,0.390937625519213,1.88398712315027
"clade0","Bird",133,0.246905461763566,1.32999851077703
"clade0","Bird",134,0.238212757963599,1.31139056430793
"clade0","Bird",135,0.348893503001437,1.74518617099558
"clade0","Bird",136,0.411583392593091,1.90776674706053
"clade0","Bird",137,0.255229512805251,1.38970066472525
"clade0","Bird",138,0.787437924882016,2.7915903861662
"clade0","Bird",139,0.259599346687944,1.40416330484686
"clade0","Bird",14,0.244327389873664,1.42806655780796
"clade0","Bird",140,0.257857026385393,1.38452336185065
"clade0","Bird",141,0.259523566598979,1.42492494182306
"clade0","Bird",142,0.207990899229411,1.1023204124094
"clade0","Bird",143,0.32340680104128,1.65831337480693
"clade0","Bird",144,0.295780883764438,1.54246041353668
"clade0","Bird",145,0.283691192595099,1.53422516430917
"clade0","Bird",146,0.323075795881453,1.63242528357312
"clade0","Bird",147,0.271266737758331,1.47566239828563
"clade0","Bird",148,0.283427029035879,1.50974954307146
"clade0","Bird",149,0.294336517015229,1.56186807446799
"clade0","Bird",15,0.418045156035323,1.92920756075661
"clade0","Bird",150,0.330210503689294,1.67312395640483
"clade0","Bird",151,0.261215362812798,1.34504482604209
"clade0","Bird",152,0.28042112333821,1.47335943662842
"clade0","Bird",153,0.295666027528121,1.4405580647642
"clade0","Bird",154,0.244130735683818,1.1258032764029
"clade0","Bird",155,0.170317938201092,0.942899272538748
"clade0","Bird",156,0.325619911162664,1.52769997581904
"clade0","Bird",157,0.437982301871484,1.94936581195942
"clade0","Bird",158,0.326946430923181,1.64087496364037
"clade0","Bird",159,0.384268220474202,1.22448533270511
"clade0","Bird",16,0.407713673242512,1.93560600938558
"clade0","Bird",160,0.455592506283738,1.82007158518586
"clade0","Bird",161,0.576561895368206,2.25805374636177
"clade0","Bird",162,0.389686234172587,1.67210085644443
"clade0","Bird",163,0.324506179985086,1.63114708218316
"clade0","Bird",164,0.291661010727599,1.52733849025125
"clade0","Bird",165,0.390203437912522,1.87246696853841
"clade0","Bird",166,0.447807983547156,2.01955817802309
"clade0","Bird",167,0.374918706361884,1.77230208892038
"clade0","Bird",168,0.596527483291772,2.29167926266869
"clade0","Bird",169,0.176376123802822,0.99391551981755
"clade0","Bird",17,0.234422313585444,1.34497495127365
"clade0","Bird",170,0.1511383068598,0.890033282884361
"clade0","Bird",171,0.292984120360477,1.56564956961643
"clade0","Bird",172,0.405865878278722,1.80041494501877
"clade0","Bird",173,0.231771520753499,1.29840393967727
"clade0","Bird",174,0.235179566414577,1.30550585376764
"clade0","Bird",175,0.240913719735143,1.22596532667667
"clade0","Bird",176,0.25142065583176,1.31788607316947
"clade0","Bird",177,0.274225589992269,1.4446620302226
"clade0","Bird",178,0.281392917478678,1.41321260452745
"clade0","Bird",179,0.289012429721491,1.31481551193603
"clade0","Bird",18,0.28143754697731,1.53077048172226
"clade0","Bird",180,0.184193577340466,1.05351681598417
"clade0","Bird",181,0.290670864331406,1.50607519169272
"clade0","Bird",182,0.305271510837053,1.56582634922983
"clade0","Bird",183,0.26101093509619,1.43678743276293
"clade0","Bird",184,0.18485912031945,1.08630136655646
"clade0","Bird",185,0.302615325957026,1.54664412284456
"clade0","Bird",186,0.263263837547315,1.4368974103805
"clade0","Bird",187,0.215264497960214,1.08003898182295
"clade0","Bird",188,0.292434835564552,1.31181854064167
"clade0","Bird",189,0.333328628254293,1.68304352127613
"clade0","Bird",19,0.273217500732795,1.4786464000269
"clade0","Bird",190,0.199869620384074,1.12259227948619
"clade0","Bird",191,0.533620907059253,2.22328375324139
"clade0","Bird",192,0.183595946100684,1.06582069993884
"clade0","Bird",193,0.278504994535608,1.35553047121874
"clade0","Bird",194,0.174355122086706,1.00576450597735
"clade0","Bird",195,0.187201760432155,1.08444327968457
"clade0","Bird",196,0.223856216807964,1.23020269329535
"clade0","Bird",197,0.319523702562857,1.63382106047209
"clade0","Bird",198,0.277838338280744,1.44691969925991
"clade0","Bird",199,0.446879385036251,1.74851803810246
"clade0","Bird",2,0.317711906243607,1.67779201867855
"clade0","Bird",20,0.198186388344777,1.12272157803309
"clade0","Bird",201,0.294215853745638,1.56275838606995
"clade0","Bird",202,0.285155964897697,1.40717237765069
"clade0","Bird",203,0.30932140678452,1.61668698096713
"clade0","Bird",204,0.330134327187341,1.71919836839739
"clade0","Bird",205,0.409061811316031,1.78954205709454
"clade0","Bird",206,0.271683912883074,1.46111999825208
"clade0","Bird",207,0.24918397499586,1.32191189599657
"clade0","Bird",208,0.508751563521832,1.91750686742083
"clade0","Bird",209,0.320942420400576,1.63992124802327
"clade0","Bird",21,0.289777181486847,1.53798491319803
"clade0","Bird",210,0.813912449116166,2.07842597241775
"clade0","Bird",211,0.227266689129917,1.28131220093994
"clade0","Bird",212,0.349211569052218,1.80185199201058
"clade0","Bird",213,0.205094104386226,1.14324726447923
"clade0","Bird",214,0.411364532713798,1.88995276893462
"clade0","Bird",215,0.305448330944194,1.56541312649702
"clade0","Bird",216,0.478971753002903,2.09253216861845
"clade0","Bird",217,0.164890084214917,0.953189845596981
"clade0","Bird",218,0.270123472163141,1.44843038476083
"clade0","Bird",219,0.35762408802191,1.73626665566521
"clade0","Bird",22,0.330984313533152,1.64415909608657
"clade0","Bird",220,0.213875318730362,1.18609462136449
"clade0","Bird",221,0.195073815847967,1.10419645457816
"clade0","Bird",222,0.444565294436489,1.97919368896856
"clade0","Bird",223,0.155617695037495,0.900154164549478
"clade0","Bird",224,0.159912489462259,0.953841929466065
"clade0","Bird",225,0.314673223786216,1.5752818199236
"clade0","Bird",226,0.430186566548786,1.87172143478318
"clade0","Bird",227,0.565643380629891,2.27970858771478
"clade0","Bird",228,0.480985745823465,1.95899321505338
"clade0","Bird",229,0.435640845764412,1.96335895177995
"clade0","Bird",23,0.250517515697591,1.36185476221859
"clade0","Bird",230,0.272694034082161,1.29735057139776
"clade0","Bird",231,0.405266529287406,1.81660482952825
"clade0","Bird",232,0.418364560203584,1.76049599671192
"clade0","Bird",233,0.254738939967533,1.38359294960189
"clade0","Bird",234,0.358074311133586,1.74532159030362
"clade0","Bird",235,0.436046022248461,1.99982552252122
"clade0","Bird",236,0.410238354341704,1.91999559374705
"clade0","Bird",237,0.580541238991412,2.29825935687869
"clade0","Bird",238,0.396429411082092,1.89730885270341
"clade0","Bird",239,0.34071131819142,1.78728175492629
"clade0","Bird",24,0.213075480557375,1.12894800319888
"clade0","Bird",240,0.176652996676186,0.825437889626417
"clade0","Bird",241,0.260953736163149,1.4392545146483
"clade0","Bird",242,0.268711825991622,1.49425384284974
"clade0","Bird",243,0.385205598941818,1.88429426013887
"clade0","Bird",244,0.44620962113277,1.99551954578151
"clade0","Bird",245,0.251415410267138,1.35913035840354
"clade0","Bird",246,0.190395756052822,1.09527751979331
"clade0","Bird",247,0.221070752435687,1.23421117205358
"clade0","Bird",248,0.358270675703144,1.78686536819861
"clade0","Bird",249,0.204691225348004,1.15883628012852
"clade0","Bird",25,0.221683137374404,1.2545087714536
"clade0","Bird",250,0.244129359236974,1.32597218682142
"clade0","Bird",251,0.594584428567608,2.29134504792876
"clade0","Bird",252,0.233151741394139,1.2846921803961
"clade0","Bird",253,0.528291071847185,1.82794295926247
"clade0","Bird",254,0.357436161878741,1.77402215595337
"clade0","Bird",255,0.212066799464286,1.19027690665085
"clade0","Bird",256,0.230350254128245,1.27871256856924
"clade0","Bird",257,0.217806048653332,1.19510909945622
"clade0","Bird",258,0.317499764206865,1.65562138796747
"clade0","Bird",259,0.437293439258027,2.06640885023581
"clade0","Bird",26,0.267277467434827,1.42470323374135
"clade0","Bird",260,0.176679202789304,1.02371431086293
"clade0","Bird",261,0.282841563375696,1.4845732385002
"clade0","Bird",262,0.250506950703668,1.3594478027052
"clade0","Bird",263,0.293867558210436,1.52974484252951
"clade0","Bird",264,0.348893863092035,1.62590151926073
"clade0","Bird",265,0.273158280438576,1.42498451317663
"clade0","Bird",266,0.241428271042248,1.29143320572543
"clade0","Bird",267,0.275475517538997,1.43057288243176
"clade0","Bird",268,0.266481779138078,1.41813507400229
"clade0","Bird",269,0.273388520310343,1.42722885420475
"clade0","Bird",27,0.199842352716856,1.1374160080947
"clade0","Bird",270,0.272892250827307,1.41977566188931
"clade0","Bird",271,0.317255122455641,1.6315509751348
"clade0","Bird",272,0.285446169104657,1.48229351491049
"clade0","Bird",273,0.287463180075924,1.51107582385937
"clade0","Bird",274,0.252010188093285,1.35626575044146
"clade0","Bird",275,0.273729017498837,1.4327154191526
"clade0","Bird",276,0.336599508052231,1.60565336945801
"clade0","Bird",277,0.312728062124556,1.514796461089
"clade0","Bird",278,0.243013695476961,1.17623076808722
"clade0","Bird",279,0.32793747632879,1.63931208684424
"clade0","Bird",28,0.326115251879158,1.65502247212143
"clade0","Bird",280,0.30611472588789,1.45637203559091
"clade0","Bird",281,0.40739842252756,1.97984694940829
"clade0","Bird",282,0.54473692500171,2.07427751804893
"clade0","Bird",283,0.321196336072966,1.61996906393183
"clade0","Bird",284,0.192375762744348,1.06901686404326
"clade0","Bird",285,0.257820507117792,1.27248793238804
"clade0","Bird",286,0.244262144883465,1.3059877097836
"clade0","Bird",287,0.253307938536846,1.37784267914079
"clade0","Bird",288,0.148813915729458,0.891399338225378
"clade0","Bird",289,0.286206147526143,1.5206661130184
"clade0","Bird",29,0.326899950423204,1.65626605450627
"clade0","Bird",290,0.291930479159435,1.58035676840905
"clade0","Bird",291,0.250164870493192,1.15923288118088
"clade0","Bird",292,0.303735418820317,1.55773543051418
"clade0","Bird",293,0.314282486737046,1.55109608597472
"clade0","Bird",294,0.305581812369548,1.5840176043642
"clade0","Bird",295,0.326162828694479,1.64028658934996
"clade0","Bird",296,0.45638270232059,2.0683801871902
"clade0","Bird",297,0.304571292343938,1.57366428958228
"clade0","Bird",298,0.290994169334962,1.50931410095378
"clade0","Bird",299,0.229605765961893,1.24885176767164
"clade0","Bird",3,0.30973028646605,1.67765397772579
"clade0","Bird",30,0.166893559324906,0.962769922558107
"clade0","Bird",300,0.291296982078568,1.49469921218406
"clade0","Bird",301,0.248090158583762,1.3214915776394
"clade0","Bird",302,0.279041757135667,1.43818514033172
"clade0","Bird",303,0.278330106859186,1.44727831671556
"clade0","Bird",304,0.310120946323853,1.58061316395924
"clade0","Bird",305,0.264044233421706,1.37147011251163
"clade0","Bird",306,0.280534354636292,1.48479622517886
"clade0","Bird",307,0.296640673585329,1.53549473081452
"clade0","Bird",308,0.445206338561696,2.02001612831453
"clade0","Bird",309,0.238770459230191,1.28207122120036
"clade0","Bird",31,0.292021019015533,1.41729390137849
"clade0","Bird",310,0.358293919084974,1.70858071880415
"clade0","Bird",311,0.266436012450036,1.41970916588078
"clade0","Bird",312,0.548298900400171,1.52052870644265
"clade0","Bird",313,0.41142558530928,1.73929193155954
"clade0","Bird",314,0.357373572883288,1.62775231163058
"clade0","Bird",315,0.235545626643061,1.29866934558483
"clade0","Bird",316,0.272587255195505,1.44572074247918
"clade0","Bird",317,0.364489300640404,1.78673752052144
"clade0","Bird",318,0.238799764041575,1.33437805559566
"clade0","Bird",319,0.390872465150112,1.83380864938098
"clade0","Bird",32,0.225902839303019,1.25672665074212
"clade0","Bird",320,0.316845989990174,1.60554769373105
"clade0","Bird",321,0.259573743125281,1.39373976611002
"clade0","Bird",322,0.253699386114283,1.414282127472
"clade0","Bird",323,0.328118586567038,1.6843374438994
"clade0","Bird",324,0.251388083741195,1.42526370247613
"clade0","Bird",325,0.231000381207864,1.27434776926759
"clade0","Bird",326,0.329219298986789,1.70130628837016
"clade0","Bird",327,0.327934603109309,1.74409785826277
"clade0","Bird",328,0.326236303510662,1.57354824950826
"clade0","Bird",329,0.251652616591071,1.37504650407834
"clade0","Bird",33,0.304482496066482,1.58212765349747
"clade0","Bird",330,0.484579866581911,2.0816568255858
"clade0","Bird",331,0.289147894496194,1.52456917512578
"clade0","Bird",332,0.397739076887368,1.74745669676823
"clade0","Bird",333,0.26456317542145,1.4094108966617
"clade0","Bird",334,0.356377253206959,1.75379423982229
"clade0","Bird",335,0.210832380705356,1.19638448628431
"clade0","Bird",336,0.272014555875602,1.45820566595123
"clade0","Bird",337,0.29045016733485,1.55364473904387
"clade0","Bird",338,0.160493062990108,0.945667304499625
"clade0","Bird",339,0.332815479379062,1.70517992406104
"clade0","Bird",34,0.437737500288828,2.003880572072
"clade0","Bird",340,0.309153089351951,1.63799613597296
"clade0","Bird",341,0.321753332396859,1.61693981734925
"clade0","Bird",342,0.279218553291996,1.41923844924158
"clade0","Bird",343,0.325220937045892,1.6408186842341
"clade0","Bird",344,0.462117075792777,2.04335655531181
"clade0","Bird",345,0.433002379730363,1.97245949078181
"clade0","Bird",346,0.272530674598067,1.47762856512126
"clade0","Bird",347,0.448142079696758,1.99418235684051
"clade0","Bird",348,0.352277792304565,1.72798531810732
"clade0","Bird",349,0.338491240549482,1.67524974061996
"clade0","Bird",35,0.293956849878111,1.55006516471803
"clade0","Bird",350,0.42314055222051,1.94046106407254
"clade0","Bird",351,0.250387626045473,1.33826382214523
"clade0","Bird",352,0.495274567424516,2.15031404916651
"clade0","Bird",353,0.241815650028838,1.3193269485996
"clade0","Bird",354,0.324742659701196,1.65287634477057
"clade0","Bird",355,0.288893313566222,1.49238341988174
"clade0","Bird",356,0.228260236353317,1.25940444997187
"clade0","Bird",357,0.250390617848772,1.35774454134541
"clade0","Bird",358,0.439853416353663,1.96839027689326
"clade0","Bird",359,0.426003566225459,1.94923565275789
"clade0","Bird",36,0.464515165038696,2.01941304624049
"clade0","Bird",360,0.241872417522268,1.34463375579207
"clade0","Bird",361,0.245249872265723,1.27686693464496
"clade0","Bird",362,0.250629108113864,1.42995867286952
"clade0","Bird",363,0.355571009831194,1.71955689744927
"clade0","Bird",364,0.424383468733351,1.91324631196174
"clade0","Bird",365,0.454251413015453,2.02972721962902
"clade0","Bird",366,0.447139520651096,2.00399263762242
"clade0","Bird",367,0.518728251137726,2.15099741887817
"clade0","Bird",368,0.474866872223514,2.07637206856632
"clade0","Bird",369,0.362873416032928,1.45014600182551
"clade0","Bird",37,0.422776851519371,1.92645375427447
"clade0","Bird",370,0.300325150567177,1.52699307744867
"clade0","Bird",371,0.276917133044313,1.54386916898625
"clade0","Bird",372,0.152655675038127,0.885380787547325
"clade0","Bird",373,0.173221870922663,0.857320719255253
"clade0","Bird",374,0.192351980042083,1.0773024039268
"clade0","Bird",375,0.279603888510975,1.44516194897597
"clade0","Bird",376,0.198181113691371,1.1248749402334
"clade0","Bird",377,0.277990885217023,1.51556506178683
"clade0","Bird",378,0.215574115759305,1.18658946999711
"clade0","Bird",379,0.219244226326123,1.21151273165288
"clade0","Bird",38,0.2567217367746,1.357439544756
"clade0","Bird",380,0.279032905000516,1.4982150943046
"clade0","Bird",381,0.390594950969696,1.8488778897811
"clade0","Bird",382,0.212629578290244,1.18756282632629
"clade0","Bird",383,0.314127269255354,1.60988968609189
"clade0","Bird",384,0.278336951399086,1.48148097840854
"clade0","Bird",385,0.259147430538108,1.3866611914163
"clade0","Bird",386,0.176906860903743,0.98207164073428
"clade0","Bird",387,0.214644155425843,1.20277598332749
"clade0","Bird",388,0.245237931982658,1.2990458638581
"clade0","Bird",389,0.416308656892871,1.90533964882131
"clade0","Bird",39,0.195331063762241,1.10718623482681
"clade0","Bird",390,0.60432810445851,2.08753880483171
"clade0","Bird",391,0.563539301501409,2.22276779148148
"clade0","Bird",392,0.25573647790269,1.38581369458265
"clade0","Bird",393,0.287871564062643,1.45849752677047
"clade0","Bird",394,0.342109632240808,1.68198457290165
"clade0","Bird",395,0.280714164132823,1.4750250414487
"clade0","Bird",396,0.239827690178974,1.27675772649775
"clade0","Bird",397,0.221144606273002,1.18719091746475
"clade0","Bird",398,0.27034351899579,1.16420948423248
"clade0","Bird",399,0.290877094265973,1.50665390041527
"clade0","Bird",4,0.265734244818834,1.49729380130299
"clade0","Bird",40,0.205943523612161,1.16688429219717
"clade0","Bird",400,0.34008527421553,1.7015728083448
"clade0","Bird",401,0.230886819761647,1.24441383277121
"clade0","Bird",402,0.258139886126906,1.34388830942586
"clade0","Bird",403,0.252356972933945,1.3318098560526
"clade0","Bird",404,0.208042906055091,1.16636149044392
"clade0","Bird",405,0.21559273222845,1.18277249273889
"clade0","Bird",406,0.274811920464347,1.45696449856879
"clade0","Bird",407,0.19377153625151,1.09239514040069
"clade0","Bird",408,0.178492318432707,1.00719053213861
"clade0","Bird",409,0.234408760015745,1.27428981774255
"clade0","Bird",41,0.211127995237976,1.18241161344435
"clade0","Bird",410,0.196298350731788,1.13264606926813
"clade0","Bird",411,0.245985414928708,1.35905074745145
"clade0","Bird",412,0.186003133493289,1.00382588297109
"clade0","Bird",413,0.167281291128575,0.63841529214908
"clade0","Bird",414,0.169676109736679,0.971067648842422
"clade0","Bird",415,0.216368406079213,1.20922547641643
"clade0","Bird",416,0.211635941304269,1.20788443183904
"clade0","Bird",417,0.177451524228146,0.998414490838375
"clade0","Bird",418,0.181445269511274,1.01388458724967
"clade0","Bird",419,0.241403546998175,1.2716819608022
"clade0","Bird",42,0.224745633250984,1.20833595830973
"clade0","Bird",420,0.247862203333508,1.3515121853371
"clade0","Bird",421,0.196378744262903,1.10906250034502
"clade0","Bird",422,0.200892978414247,1.12115858175329
"clade0","Bird",423,0.423470859407541,1.94266744456204
"clade0","Bird",424,0.430849636806683,1.98540417185784
"clade0","Bird",425,0.242493246518453,1.3134612561147
"clade0","Bird",426,0.169749945994879,1.00149440348811
"clade0","Bird",427,0.184495156542246,1.05309101238018
"clade0","Bird",428,0.197642603884507,1.14654489217825
"clade0","Bird",429,0.250673025135346,1.36587261454382
"clade0","Bird",43,0.207168574362468,1.12478493729014
"clade0","Bird",430,0.199240088018824,1.12080308867521
"clade0","Bird",431,0.261998765456282,1.43253850430152
"clade0","Bird",432,0.226912605422041,1.26737066979413
"clade0","Bird",433,0.16843240601238,0.967731131461689
"clade0","Bird",434,0.215598885225486,1.15307529581841
"clade0","Bird",435,0.176299323844716,0.979022809044865
"clade0","Bird",436,0.242301217670747,1.33011297920234
"clade0","Bird",437,0.160532197552687,0.929289604344347
"clade0","Bird",438,0.209508800331702,1.15763724788541
"clade0","Bird",439,0.306509374776805,1.57197739756283
"clade0","Bird",44,0.254022908722099,1.38061127708015
"clade0","Bird",440,0.188534978877188,1.0907589623
"clade0","Bird",441,0.274941444596281,1.4398874510289
"clade0","Bird",442,0.351879742727844,1.46719099997573
"clade0","Bird",443,0.269894751729336,1.40977208550424
"clade0","Bird",444,0.532572725309836,2.23659386315136
"clade0","Bird",445,0.244061576889475,1.339876313216
"clade0","Bird",446,0.229730692622754,1.25993844480248
"clade0","Bird",447,0.163775175789958,0.920710477308089
"clade0","Bird",448,0.326880156891123,1.66071304633714
"clade0","Bird",449,0.24924250866391,1.34603967468843
"clade0","Bird",45,0.248571968586196,1.33774026756941
"clade0","Bird",450,0.185678796968063,1.06345324632326
"clade0","Bird",451,0.269405114457184,1.45091188228136
"clade0","Bird",452,0.426825504299819,1.98527007729196
"clade0","Bird",453,0.190265754189853,1.09916226216118
"clade0","Bird",454,0.20367293914734,1.16483408266561
"clade0","Bird",455,0.249993752474036,1.38792787730313
"clade0","Bird",456,0.205724748126724,1.15193729020226
"clade0","Bird",457,0.287803086650995,1.5333341533582
"clade0","Bird",458,0.191831750681875,1.08521827888945
"clade0","Bird",459,0.241269054309678,1.35652845010883
"clade0","Bird",46,0.231644158867281,1.23451905348821
"clade0","Bird",460,0.329365846905155,1.67771086783787
"clade0","Bird",461,0.195073983644355,1.0894499489474
"clade0","Bird",462,0.265292773667693,1.45459618406317
"clade0","Bird",463,0.255468412861647,1.38370313653933
"clade0","Bird",464,0.276191713721131,1.36383635803369
"clade0","Bird",465,0.34137502633616,1.7046358494081
"clade0","Bird",466,0.251210850013588,1.41857840868747
"clade0","Bird",467,0.328881969356915,1.49147311754647
"clade0","Bird",468,0.332799950665688,1.74166736985439
"clade0","Bird",469,0.270030891595814,1.46399798717321
"clade0","Bird",47,0.357803786897321,1.55962462654062
"clade0","Bird",470,0.286424568638563,1.51481038336338
"clade0","Bird",471,0.329861130205969,1.63555664451659
"clade0","Bird",472,0.247417916956043,1.34534357460678
"clade0","Bird",473,0.221673375691781,1.23638378739123
"clade0","Bird",474,0.32137698577038,1.62905340267239
"clade0","Bird",475,0.241175097550378,1.27442767235115
"clade0","Bird",476,0.181409330705392,1.07191923776542
"clade0","Bird",477,0.255714318354611,1.36604001397882
"clade0","Bird",478,0.296362930297598,1.52762928048927
"clade0","Bird",479,0.228521683673656,1.25939469817917
"clade0","Bird",48,0.292691083718802,1.52449327522362
"clade0","Bird",480,0.209442264211783,1.133214357579
"clade0","Bird",481,0.292317619178352,1.56980542193155
"clade0","Bird",482,0.221686178466065,1.23034610490499
"clade0","Bird",483,0.610668342630332,1.42341445976228
"clade0","Bird",484,0.294115911966799,1.49322107699852
"clade0","Bird",485,0.361308580432002,1.87492730049426
"clade0","Bird",486,0.17914448765134,1.01931366354681
"clade0","Bird",487,0.340151325030849,1.68908270256555
"clade0","Bird",488,0.244202246256129,1.33913183182023
"clade0","Bird",489,0.133466813764729,0.805218110880601
"clade0","Bird",49,0.431074555373441,2.06432898505541
"clade0","Bird",490,0.264931908409546,1.42734639426552
"clade0","Bird",491,0.224706095172698,1.12094432754132
"clade0","Bird",492,0.147949014981883,0.840030224888606
"clade0","Bird",493,0.219386794604343,1.23782684145872
"clade0","Bird",494,0.106349425684568,0.631195100574913
"clade0","Bird",495,0.163560240058922,0.949699026245177
"clade0","Bird",496,0.143909453137741,0.85552709350942
"clade0","Bird",497,0.298629182415852,1.51563792853497
"clade0","Bird",498,0.197293578143203,1.10898304091774
"clade0","Bird",499,0.140735324637255,0.859410692730732
"clade0","Bird",5,0.294971009633304,1.63209292269609
"clade0","Bird",50,0.228893636258074,1.25819746350825
"clade0","Bird",500,0.11767940284433,0.661313609048708
"clade0","Bird",501,0.144687161996382,0.863348084313034
"clade0","Bird",51,0.312909727370148,1.56140873425516
"clade0","Bird",52,0.406390251034112,1.89729396451841
"clade0","Bird",53,0.289943607942911,1.52040278284004
"clade0","Bird",54,0.265527507560019,1.42308731013768
"clade0","Bird",55,0.64353754738316,2.25156028835145
"clade0","Bird",56,0.364197160828999,1.77293249592014
"clade0","Bird",57,0.296716864308291,1.59724768769956
"clade0","Bird",58,0.455095894961564,1.80650501665077
"clade0","Bird",59,0.247507653360909,1.34281086523589
"clade0","Bird",6,0.33730756513865,1.70243493406379
"clade0","Bird",60,0.203547263437836,1.13834448682472
"clade0","Bird",61,0.436788047692822,2.01243577445076
"clade0","Bird",62,0.487474213716537,1.55355808910177
"clade0","Bird",63,0.302649698683149,1.57015661456926
"clade0","Bird",64,0.484000934974157,1.67487204749424
"clade0","Bird",65,0.211647350530672,1.12507404026519
"clade0","Bird",66,0.299683962702944,1.50488204473488
"clade0","Bird",67,0.342273057263644,1.67707495534938
"clade0","Bird",68,0.215396796025507,1.20845642769902
"clade0","Bird",69,0.300414115000031,1.53898926815121
"clade0","Bird",7,0.435442397117497,2.00100864282196
"clade0","Bird",70,0.221552115716283,1.2468360271306
"clade0","Bird",71,0.297958471031351,1.44958613429725
"clade0","Bird",72,0.265656632370579,1.41524097662032
"clade0","Bird",73,0.373387726903013,1.81127755633432
"clade0","Bird",74,0.244150150716823,1.31728148403959
"clade0","Bird",75,0.221515221662042,1.23962118577172
"clade0","Bird",76,0.404427601406138,1.92655340211149
"clade0","Bird",77,0.347341020221209,1.7037672034697
"clade0","Bird",78,0.185765077109925,1.05440567601232
"clade0","Bird",79,0.38315322575286,1.81308698204484
"clade0","Bird",8,0.357979697731096,1.7268201644455
"clade0","Bird",80,0.334147397674744,1.68836474078698
"clade0","Bird",81,0.445484292347201,1.98744078991584
"clade0","Bird",82,0.244850859658208,1.32542871066014
"clade0","Bird",83,0.549174008985299,1.97068864854095
"clade0","Bird",84,0.331826538120484,1.56327402678015
"clade0","Bird",85,0.313116608101514,1.61456987048078
"clade0","Bird",86,0.325260792113868,1.61305662638554
"clade0","Bird",87,0.414603851163269,1.90918931978937
"clade0","Bird",88,0.293885969775033,1.22552788682918
"clade0","Bird",89,0.268306189564708,1.477604444579
"clade0","Bird",9,0.185252815562628,1.05788167369294
"clade0","Bird",90,0.294886768224095,1.5325784351224
"clade0","Bird",91,0.250661055751401,1.29437993579526
"clade0","Bird",92,0.252748509210422,1.36723881312417
"clade0","Bird",93,0.82286998399319,1.72176873203943
"clade0","Bird",94,0.367490701811995,1.80722174270203
"clade0","Bird",95,0.297443418651223,1.53917840935025
"clade0","Bird",96,0.380267112264974,1.8147354514533
"clade0","Bird",97,0.248773476358116,1.3538952938877
"clade0","Bird",98,0.245300709947823,1.33504688185081
"clade0","Bird",99,0.219259532422257,1.20657089317072
"clade0","Human",1,0.352533960186559,1.83510097720258
"clade0","Human",10,0.280583718387977,1.53057469420342
"clade0","Human",100,0.228253804600485,1.24394754938827
"clade0","Human",101,0.221734432992925,1.22050644740824
"clade0","Human",102,0.224190548134162,1.23155328117691
"clade0","Human",103,0.278095576698543,1.43987848304489
"clade0","Human",104,0.233855954592095,1.27731774749108
"clade0","Human",105,0.236286941889525,1.29503864668625
"clade0","Human",106,0.302486473198489,1.56342774535715
"clade0","Human",107,0.267691221275224,1.40146224896976
"clade0","Human",108,0.261606089375915,1.42030090210107
"clade0","Human",109,0.271993353182237,1.4258918880884
"clade0","Human",11,0.227633051532018,1.25868772892829
"clade0","Human",110,0.274988840705993,1.45972143109963
"clade0","Human",111,0.182495479537403,1.06127915589481
"clade0","Human",112,0.376737082019267,1.80012708314981
"clade0","Human",113,0.361338504664741,1.78591369997506
"clade0","Human",114,0.33915378159927,1.69520462703784
"clade0","Human",115,0.2942958753489,1.5773648211865
"clade0","Human",116,0.195078776697403,1.0987467491512
"clade0","Human",117,0.385288172790665,1.84079339841703
"clade0","Human",118,0.434446707415597,1.91487798482612
"clade0","Human",119,0.281482287510845,1.51283950820698
"clade0","Human",12,0.253931108574779,1.43767555274387
"clade0","Human",120,0.594557432357458,2.34240032623591
"clade0","Human",121,0.196814689419,1.13624226040979
"clade0","Human",122,0.505124483634959,2.05539228113384
"clade0","Human",123,0.490384224025831,1.83273791605707
"clade0","Human",124,0.568194570475328,2.1952652087215
"clade0","Human",125,0.380901382871184,1.82836065543633
"clade0","Human",126,0.796041013377196,2.15321315127413
"clade0","Human",127,0.184146015936637,1.09121511386507
"clade0","Human",128,0.410512814809334,1.75549074027122
"clade0","Human",129,0.439032911276826,1.90039221855735
"clade0","Human",13,0.268657080805426,1.48476781434421
"clade0","Human",130,0.296463766815778,1.53228257089827
"clade0","Human",131,0.727164688210715,2.04986459052749
"clade0","Human",132,0.410640851673132,1.88037891910411
"clade0","Human",133,0.294963360873479,1.4991705180692
"clade0","Human",134,0.251994096402824,1.36143971118196
"clade0","Human",135,0.45702591919186,2.0420503048692
"clade0","Human",136,0.580834417651986,2.25050892139515
"clade0","Human",137,0.306259474232229,1.58471284601939
"clade0","Human",138,0.590590579308796,2.31458093273094
"clade0","Human",139,0.338515050449208,1.72572772801316
"clade0","Human",14,0.22775082372309,1.36748685106287
"clade0","Human",140,0.36573707323149,1.77340402947053
"clade0","Human",141,0.337836485161453,1.67694279735415
"clade0","Human",142,0.249571982502019,1.33305873237642
"clade0","Human",143,0.316574380555318,1.62808114183094
"clade0","Human",144,0.292335356032634,1.51589244703922
"clade0","Human",145,0.254970908628899,1.40488125500431
"clade0","Human",146,0.332315675705432,1.64243253236125
"clade0","Human",147,0.289213882948286,1.55304934080924
"clade0","Human",148,0.375006663598454,1.69136944834653
"clade0","Human",149,0.412934841742315,1.85139475984519
"clade0","Human",15,0.412523591283629,1.92265281600974
"clade0","Human",150,0.507823185531743,2.14706788522315
"clade0","Human",151,0.374396268501524,1.70604887544224
"clade0","Human",152,0.27959026517723,1.4537678306356
"clade0","Human",153,0.295972657241901,1.49723584977715
"clade0","Human",154,0.217153899826639,1.15173459678824
"clade0","Human",155,0.206942933831393,1.05473188004635
"clade0","Human",156,0.213534583615092,1.21043360174803
"clade0","Human",157,0.440227035906249,1.93086637878755
"clade0","Human",158,0.332552607125908,1.63238336361408
"clade0","Human",159,0.239890824094165,1.01696224775216
"clade0","Human",16,0.423516685796464,1.9410096930553
"clade0","Human",160,0.532217403054154,2.03301248918922
"clade0","Human",161,0.630972648176815,2.36850097720947
"clade0","Human",162,0.394044037246795,1.74221681784106
"clade0","Human",163,0.362005515864741,1.73220062630486
"clade0","Human",164,0.321903700711105,1.64820422861793
"clade0","Human",165,0.465716607419169,2.04410933409449
"clade0","Human",166,0.522539359138955,2.17079249645467
"clade0","Human",167,0.529899957013406,2.12393988383567
"clade0","Human",168,0.609139286307922,2.28848079485009
"clade0","Human",169,0.247400271356915,1.22903408319875
"clade0","Human",17,0.258782702360291,1.42275272551644
"clade0","Human",170,0.159691754207439,0.856884967930573
"clade0","Human",171,0.393315574660383,1.87404089830246
"clade0","Human",172,0.613191808908142,2.18527605615654
"clade0","Human",173,0.238927714627293,1.35370540976168
"clade0","Human",174,0.251040133603886,1.35989820043382
"clade0","Human",175,0.40061017905121,1.7071701744472
"clade0","Human",176,0.302015340950473,1.53449165451129
"clade0","Human",177,0.467254109578191,2.06235330455024
"clade0","Human",178,0.344117368152053,1.72482911948566
"clade0","Human",179,0.478584937927918,2.03502881631861
"clade0","Human",18,0.279274467150578,1.52815833755177
"clade0","Human",180,0.258421722715927,1.38774342856977
"clade0","Human",181,0.357458265251084,1.73292768775547
"clade0","Human",182,0.352569454812348,1.73909777255784
"clade0","Human",183,0.29293605342581,1.53281895403321
"clade0","Human",184,0.187237074032657,1.08776477733762
"clade0","Human",185,0.454812073071882,2.00395878774633
"clade0","Human",186,0.302119476832306,1.59937366438343
"clade0","Human",187,0.341992559164079,1.5698861487248
"clade0","Human",188,0.329290214962132,1.65239503349621
"clade0","Human",189,0.431539614496346,1.93629831819176
"clade0","Human",19,0.294574990073456,1.54915010034609
"clade0","Human",190,0.216029312641896,1.20319368536229
"clade0","Human",191,0.526376156837406,2.16615530427129
"clade0","Human",192,0.213223268430743,1.18337037202316
"clade0","Human",193,0.275533104061291,1.409614841996
"clade0","Human",194,0.266748280237309,1.41202868215892
"clade0","Human",195,0.239130123867605,1.29915746695224
"clade0","Human",196,0.261774199760031,1.41171439191329
"clade0","Human",197,0.265702246873294,1.38948446591779
"clade0","Human",198,0.387991270332198,1.80001886879796
"clade0","Human",199,0.491449817723307,1.97156843302122
"clade0","Human",2,0.336219322248759,1.73124525802427
"clade0","Human",20,0.2131008406359,1.18493364227842
"clade0","Human",201,0.287997925108417,1.46711308839323
"clade0","Human",202,0.246005595449492,1.25391010583279
"clade0","Human",203,0.376861052571528,1.81686039483842
"clade0","Human",204,0.341174053404785,1.69952678298328
"clade0","Human",205,0.484546732332273,1.98518176086406
"clade0","Human",206,0.343267928726304,1.71464346893545
"clade0","Human",207,0.396664058043884,1.82847906492611
"clade0","Human",208,0.521777921090889,1.90920214922118
"clade0","Human",209,0.461099570824818,2.02120165972715
"clade0","Human",21,0.380921023849052,1.85701644403792
"clade0","Human",210,0.593796199908463,1.89629712349273
"clade0","Human",211,0.278685926337188,1.49146068849187
"clade0","Human",212,0.423211563486666,2.02176062029845
"clade0","Human",213,0.316485744873948,1.64958356331257
"clade0","Human",214,0.374638396656899,1.75500743586662
"clade0","Human",215,0.35953895791214,1.71016104828267
"clade0","Human",216,0.487932625985118,2.06294940728661
"clade0","Human",217,0.155361413055113,0.929474644460549
"clade0","Human",218,0.279406055302477,1.48825760770764
"clade0","Human",219,0.460212870156477,2.02745285905645
"clade0","Human",22,0.38626220507503,1.80434220667986
"clade0","Human",220,0.174908268125723,0.979055308336094
"clade0","Human",221,0.209862821976295,1.19600941757865
"clade0","Human",222,0.536949320052921,2.19702803501722
"clade0","Human",223,0.207681768922231,1.1807969078652
"clade0","Human",224,0.188468567927969,1.08607540365926
"clade0","Human",225,0.335319800341792,1.64514747375361
"clade0","Human",226,0.468393856185144,1.94573430490545
"clade0","Human",227,0.538293388806118,2.20492149828366
"clade0","Human",228,0.542161849946297,2.13300333444958
"clade0","Human",229,0.55298300344794,2.21840252916314
"clade0","Human",23,0.340384094327003,1.62604132997956
"clade0","Human",230,0.372062424844756,1.75563792461552
"clade0","Human",231,0.45881965108896,1.95501845771521
"clade0","Human",232,0.423303881993681,1.76176686313299
"clade0","Human",233,0.339278151870607,1.7971049391301
"clade0","Human",234,0.356440454806541,1.70762603945223
"clade0","Human",235,0.503434321931531,2.10263620912678
"clade0","Human",236,0.549601891490923,2.24774046728378
"clade0","Human",237,0.579414212656782,2.23493359481084
"clade0","Human",238,0.424685821339963,1.96028480826889
"clade0","Human",239,0.311721359596626,1.6461817952189
"clade0","Human",24,0.205518719420483,1.07541792118014
"clade0","Human",240,0.281462256399361,1.3401840564274
"clade0","Human",241,0.359476012089425,1.91973035929579
"clade0","Human",242,0.339785863032429,1.80027859561455
"clade0","Human",243,0.390103212594574,1.84659495248837
"clade0","Human",244,0.46560693361346,2.02304588664679
"clade0","Human",245,0.344130961299992,1.63475625936961
"clade0","Human",246,0.214086036532071,1.19427482418695
"clade0","Human",247,0.271921749174646,1.45937159322594
"clade0","Human",248,0.405276804867395,1.86061013539156
"clade0","Human",249,0.245339259088812,1.33350401043291
"clade0","Human",25,0.231929750554192,1.28395741168962
"clade0","Human",250,0.296679063110842,1.54159257847152
"clade0","Human",251,0.547508733342927,2.18639980653631
"clade0","Human",252,0.28900019154564,1.54121727511478
"clade0","Human",253,0.5766643079975,1.88302450023113
"clade0","Human",254,0.406660644422804,1.90563667322417
"clade0","Human",255,0.293913673729001,1.52963754737811
"clade0","Human",256,0.256134241956921,1.38824813541951
"clade0","Human",257,0.365658786414742,1.77324973997174
"clade0","Human",258,0.320981148987193,1.61817706643613
"clade0","Human",259,0.418549868062355,1.96772290987066
"clade0","Human",26,0.314105281149894,1.59217388549984
"clade0","Human",260,0.188662195172799,1.08628649366034
"clade0","Human",261,0.413636425605876,1.96182417071794
"clade0","Human",262,0.286589661672368,1.5238599949551
"clade0","Human",263,0.331868430428872,1.66607788015454
"clade0","Human",264,0.406090781605585,1.77479644331542
"clade0","Human",265,0.277207001669796,1.45573486800909
"clade0","Human",266,0.275412499483534,1.44622287923041
"clade0","Human",267,0.342263260505687,1.68469787006671
"clade0","Human",268,0.251442758919482,1.34161004098337
"clade0","Human",269,0.265358802162565,1.39253790714162
"clade0","Human",27,0.281378665551847,1.48647504949407
"clade0","Human",270,0.346533297298017,1.71414807482287
"clade0","Human",271,0.343661119779682,1.69114063863997
"clade0","Human",272,0.329299685735448,1.63388199046161
"clade0","Human",273,0.327983810187922,1.67052984607323
"clade0","Human",274,0.348880582904226,1.75267784365097
"clade0","Human",275,0.33157867766429,1.67639561955294
"clade0","Human",276,0.353359309416473,1.59273996844219
"clade0","Human",277,0.422986711363404,1.75785651557919
"clade0","Human",278,0.283463936608949,1.3317760637171
"clade0","Human",279,0.363473857883113,1.76347840497121
"clade0","Human",28,0.426511853481164,1.92035490702003
"clade0","Human",280,0.382511180543481,1.68801255286507
"clade0","Human",281,0.427748766180398,1.99360693246282
"clade0","Human",282,0.610547516563503,2.19163165258866
"clade0","Human",283,0.356871742142555,1.77105702018196
"clade0","Human",284,0.204400770679115,1.13428402098139
"clade0","Human",285,0.305398487165979,1.3856144825209
"clade0","Human",286,0.275741853589706,1.44459891445187
"clade0","Human",287,0.304800341253546,1.59733884547036
"clade0","Human",288,0.206169313387052,1.16449169054675
"clade0","Human",289,0.419143698659712,1.94775045646014
"clade0","Human",29,0.395973723231314,1.84292688762362
"clade0","Human",290,0.465598376223032,2.14773541500137
"clade0","Human",291,0.23845992547129,1.13893102855547
"clade0","Human",292,0.320172717240283,1.6146959191606
"clade0","Human",293,0.349573030769299,1.66022580061486
"clade0","Human",294,0.34680495245742,1.75205526997071
"clade0","Human",295,0.335477009208155,1.6861890309918
"clade0","Human",296,0.531456816609925,2.22611424460439
"clade0","Human",297,0.324959474507271,1.64378771461873
"clade0","Human",298,0.284679845015811,1.49158085797259
"clade0","Human",299,0.23554801236612,1.27294674202045
"clade0","Human",3,0.309852577714041,1.69634103695232
"clade0","Human",30,0.184182154913587,1.03340346612841
"clade0","Human",300,0.294039078731852,1.49604364755604
"clade0","Human",301,0.256911320938754,1.3457737084133
"clade0","Human",302,0.291435050413308,1.49704880799489
"clade0","Human",303,0.288070397832186,1.49806623510337
"clade0","Human",304,0.384875335723537,1.83952769522651
"clade0","Human",305,0.253476562297744,1.33239791895601
"clade0","Human",306,0.303997823669846,1.60683266629714
"clade0","Human",307,0.358507808670584,1.76238919500286
"clade0","Human",308,0.579485157149211,2.28514570019706
"clade0","Human",309,0.270060617236505,1.41142905316157
"clade0","Human",31,0.329337538464587,1.63926258196726
"clade0","Human",310,0.542842432600818,2.17857755233798
"clade0","Human",311,0.463960419513926,2.0621438691366
"clade0","Human",312,0.443391297979354,1.89219156873744
"clade0","Human",313,0.614894984746863,2.41174724076708
"clade0","Human",314,0.475840073399527,1.89905335282024
"clade0","Human",315,0.409574983034246,1.9622937644503
"clade0","Human",316,0.324884319121339,1.64917172768862
"clade0","Human",317,0.39572371922232,1.87582538200739
"clade0","Human",318,0.24626864867815,1.35721693550607
"clade0","Human",319,0.441549056062377,1.94299851533951
"clade0","Human",32,0.23209350242757,1.29185553405103
"clade0","Human",320,0.382990489424661,1.79999618168298
"clade0","Human",321,0.257706302386975,1.40033691803866
"clade0","Human",322,0.25251680017177,1.39679392670164
"clade0","Human",323,0.368513927614968,1.83034090091974
"clade0","Human",324,0.280899251153363,1.53411141807598
"clade0","Human",325,0.265367231006158,1.43505002107571
"clade0","Human",326,0.379722356860337,1.81446604117067
"clade0","Human",327,0.393151160269649,1.96931659074548
"clade0","Human",328,0.386976431849266,1.84959772112678
"clade0","Human",329,0.242318480061988,1.34457829839844
"clade0","Human",33,0.380212895854792,1.83793769840254
"clade0","Human",330,0.511311197953347,2.13143008354797
"clade0","Human",331,0.290682668506063,1.53193126548369
"clade0","Human",332,0.524971664364115,2.12502792738354
"clade0","Human",333,0.266309365164154,1.42804895467029
"clade0","Human",334,0.508778726895565,2.0953695690658
"clade0","Human",335,0.211130710632002,1.19711768244009
"clade0","Human",336,0.265433015317584,1.4364875832404
"clade0","Human",337,0.317964541382124,1.65320765665026
"clade0","Human",338,0.212983982614465,1.12047068061556
"clade0","Human",339,0.437297107308706,1.99735310910735
"clade0","Human",34,0.465426400042964,2.03988627977485
"clade0","Human",340,0.348408391393148,1.7577334017691
"clade0","Human",341,0.52060065488683,2.14985440036233
"clade0","Human",342,0.37523255740331,1.80192615371391
"clade0","Human",343,0.478585247255934,2.05872877168973
"clade0","Human",344,0.526171744351306,2.17244440695849
"clade0","Human",345,0.449939507921788,1.97598172341812
"clade0","Human",346,0.383271880546943,1.8290370051972
"clade0","Human",347,0.537690013947938,2.1786440994133
"clade0","Human",348,0.476677273983927,2.05496851741061
"clade0","Human",349,0.492453393891776,2.06731588544511
"clade0","Human",35,0.320972539086508,1.64387182896161
"clade0","Human",350,0.524627109342618,2.17977442703522
"clade0","Human",351,0.304201663066376,1.58891207925331
"clade0","Human",352,0.570871763454593,2.32031852904067
"clade0","Human",353,0.239152417067971,1.311303775434
"clade0","Human",354,0.369135186930477,1.75261333031057
"clade0","Human",355,0.346111752969047,1.69096646515333
"clade0","Human",356,0.31251215187299,1.54640030167061
"clade0","Human",357,0.264032630908197,1.43422808383481
"clade0","Human",358,0.520969329235118,2.14175848909809
"clade0","Human",359,0.560606207537971,2.26414779522396
"clade0","Human",36,0.619452620016022,2.30028010758182
"clade0","Human",360,0.252639866709063,1.3817804264866
"clade0","Human",361,0.22754020512518,1.18291747769671
"clade0","Human",362,0.327443880023443,1.68674221374015
"clade0","Human",363,0.483828530484045,1.8963518611345
"clade0","Human",364,0.51376749285131,2.08443614821788
"clade0","Human",365,0.506468438386982,2.10591065030428
"clade0","Human",366,0.581290955658007,2.24032827135435
"clade0","Human",367,0.628458557688336,2.34622092763086
"clade0","Human",368,0.611495323990308,2.32008063277187
"clade0","Human",369,0.478054005228294,1.96139017599465
"clade0","Human",37,0.530106559383464,2.13539208342908
"clade0","Human",370,0.491406847047068,2.08153749292278
"clade0","Human",371,0.343183496691766,1.77586935288041
"clade0","Human",372,0.166308634623949,0.949676215264502
"clade0","Human",373,0.222689127532402,1.12943657590191
"clade0","Human",374,0.1895389667333,1.05477363445114
"clade0","Human",375,0.312183091274985,1.65172914473459
"clade0","Human",376,0.195956724541337,1.10284960136425
"clade0","Human",377,0.238217327529315,1.30303384788554
"clade0","Human",378,0.202258271350457,1.11951101947212
"clade0","Human",379,0.227978599977936,1.24166475365154
"clade0","Human",38,0.27085390653597,1.38305022057415
"clade0","Human",380,0.196315702050703,1.12308266909957
"clade0","Human",381,0.398184460026436,1.84808809201358
"clade0","Human",382,0.254173738913197,1.39009981850711
"clade0","Human",383,0.372420069577419,1.79066284014245
"clade0","Human",384,0.350945822495499,1.78969500935972
"clade0","Human",385,0.277440264558594,1.44616934208155
"clade0","Human",386,0.189913809699404,1.05497425271523
"clade0","Human",387,0.204704030401542,1.15711611434314
"clade0","Human",388,0.343580057226014,1.66051603655972
"clade0","Human",389,0.576757259876319,2.24796986185704
"clade0","Human",39,0.194278745015473,1.09651953769085
"clade0","Human",390,0.451384242302853,1.92322856171276
"clade0","Human",391,0.575630185903036,2.22745653078496
"clade0","Human",392,0.377640797216038,1.78817595287993
"clade0","Human",393,0.383883629484818,1.7843464555553
"clade0","Human",394,0.455016824834451,1.98266031243351
"clade0","Human",395,0.423660506268796,1.94063962460176
"clade0","Human",396,0.248192444696193,1.31444866674704
"clade0","Human",397,0.219835106588292,1.17842890772824
"clade0","Human",398,0.322014804298056,1.41997137962032
"clade0","Human",399,0.320356016145195,1.61393608995173
"clade0","Human",4,0.281915350993447,1.55518107262686
"clade0","Human",40,0.189762029373063,1.07392164975391
"clade0","Human",400,0.368940479959211,1.77907033150591
"clade0","Human",401,0.201768967633574,1.11934912695111
"clade0","Human",402,0.265807328109579,1.37892524177422
"clade0","Human",403,0.277784526440183,1.44617425817722
"clade0","Human",404,0.202649444458714,1.14649875834423
"clade0","Human",405,0.206211441016324,1.14446430105323
"clade0","Human",406,0.293450645788951,1.51063314557475
"clade0","Human",407,0.177858560984267,1.01128822159462
"clade0","Human",408,0.194182292717891,1.09815839918348
"clade0","Human",409,0.290823223197057,1.49955070282264
"clade0","Human",41,0.299791944738687,1.58631892773066
"clade0","Human",410,0.209913934998559,1.20350946315281
"clade0","Human",411,0.228055093965175,1.25191043572455
"clade0","Human",412,0.199527673191657,1.13381191931299
"clade0","Human",413,0.201126177611158,0.789167671482587
"clade0","Human",414,0.140429584635956,0.824990644984852
"clade0","Human",415,0.214479424905443,1.21004119953687
"clade0","Human",416,0.251108150235335,1.38173494236535
"clade0","Human",417,0.166014461156832,0.942778778810309
"clade0","Human",418,0.18576348713256,1.03569343588029
"clade0","Human",419,0.295590237529841,1.48836628739326
"clade0","Human",42,0.218283075262883,1.17318494600282
"clade0","Human",420,0.217030996636976,1.19988202464116
"clade0","Human",421,0.162060336754833,0.935751243989919
"clade0","Human",422,0.164703913300514,0.960257642493301
"clade0","Human",423,0.457019184601406,2.01451065125569
"clade0","Human",424,0.350059341996556,1.70450395410872
"clade0","Human",425,0.198104127679588,1.11821855979711
"clade0","Human",426,0.159661762762294,0.934406364820837
"clade0","Human",427,0.192440231743714,1.10173554865337
"clade0","Human",428,0.205036245161997,1.18138017263373
"clade0","Human",429,0.237122220846746,1.29497860693892
"clade0","Human",43,0.297972577737243,1.34711332205432
"clade0","Human",430,0.173132328768206,0.995642962412197
"clade0","Human",431,0.277559086868219,1.48101262200343
"clade0","Human",432,0.228474352777791,1.24679006654079
"clade0","Human",433,0.145840899460428,0.837357821232626
"clade0","Human",434,0.211110437662584,1.13666457005879
"clade0","Human",435,0.206841011152764,1.09012369939325
"clade0","Human",436,0.271624093819339,1.41754991283675
"clade0","Human",437,0.153946419756749,0.87509056155608
"clade0","Human",438,0.199094686888644,1.14133213207488
"clade0","Human",439,0.249910960999585,1.31607850057867
"clade0","Human",44,0.369108322853496,1.86555533763278
"clade0","Human",440,0.237107047085525,1.28842684506467
"clade0","Human",441,0.239481020178973,1.31264895487355
"clade0","Human",442,0.35974837037116,1.37969912726089
"clade0","Human",443,0.221215525298925,1.20449990741267
"clade0","Human",444,0.559392061939179,2.25851313599883
"clade0","Human",445,0.197675767492157,1.12837138902776
"clade0","Human",446,0.197379018171083,1.09016287065573
"clade0","Human",447,0.179809938319105,1.02772473317776
"clade0","Human",448,0.330519318021421,1.66234650793318
"clade0","Human",449,0.20545894590892,1.14157696648823
"clade0","Human",45,0.358633672910877,1.73280966791811
"clade0","Human",450,0.218249992849381,1.21551205887047
"clade0","Human",451,0.242209245040841,1.29391070158593
"clade0","Human",452,0.474621104445357,2.09594017635357
"clade0","Human",453,0.159859600923273,0.933782323633757
"clade0","Human",454,0.234825202936561,1.28930524426591
"clade0","Human",455,0.234581207414026,1.26406902824568
"clade0","Human",456,0.212150675590668,1.16916643675342
"clade0","Human",457,0.236075731562784,1.28645875459406
"clade0","Human",458,0.190827823162337,1.07046455627982
"clade0","Human",459,0.21865199721581,1.22649928923686
"clade0","Human",46,0.375422081461867,1.79919814061625
"clade0","Human",460,0.314627338053034,1.61166459600288
"clade0","Human",461,0.186642744475905,1.03468987432535
"clade0","Human",462,0.269096864783324,1.43132035372933
"clade0","Human",463,0.375089459409848,1.84189421090733
"clade0","Human",464,0.254814794406309,1.29994671548083
"clade0","Human",465,0.371573080749727,1.8595170064639
"clade0","Human",466,0.237157742429744,1.34331856378857
"clade0","Human",467,0.339772655244778,1.696507964992
"clade0","Human",468,0.288829472937777,1.56121352470856
"clade0","Human",469,0.368400751626418,1.8551329706656
"clade0","Human",47,0.362324342648279,1.62213072061607
"clade0","Human",470,0.329585344684404,1.69035618477429
"clade0","Human",471,0.336605534621245,1.67863542104558
"clade0","Human",472,0.259352023919817,1.37229235387918
"clade0","Human",473,0.194892016290293,1.11481659399297
"clade0","Human",474,0.285600124408722,1.47940446064321
"clade0","Human",475,0.240285941228978,1.28197707631847
"clade0","Human",476,0.202681764904551,1.14630507933167
"clade0","Human",477,0.297807606796535,1.54264904642044
"clade0","Human",478,0.327563640574513,1.62672675418736
"clade0","Human",479,0.23728603904808,1.24554686639126
"clade0","Human",48,0.403126673226453,1.88888540923057
"clade0","Human",480,0.257109108516826,1.35826889693566
"clade0","Human",481,0.292196146842237,1.55832227232658
"clade0","Human",482,0.260933274481753,1.42738721712641
"clade0","Human",483,0.566693933165229,1.53017165023022
"clade0","Human",484,0.297480729020297,1.49056243630498
"clade0","Human",485,0.3633626070184,1.80716941620783
"clade0","Human",486,0.205535736078884,1.16098545486294
"clade0","Human",487,0.443449103778878,2.06440969261155
"clade0","Human",488,0.344522224751221,1.69721363938817
"clade0","Human",489,0.138562738946784,0.836705132703955
"clade0","Human",49,0.50658025477008,2.11508855701877
"clade0","Human",490,0.322519887082579,1.65245302754369
"clade0","Human",491,0.234553405435475,1.13616647741941
"clade0","Human",492,0.166300665339229,0.949261457542614
"clade0","Human",493,0.27936729549673,1.50484196704735
"clade0","Human",494,0.14610504433567,0.853532523232036
"clade0","Human",495,0.138747737984743,0.816525851389452
"clade0","Human",496,0.160196076186923,0.944526839711001
"clade0","Human",497,0.286914365846111,1.49046394274348
"clade0","Human",498,0.206447187078008,1.06300311195108
"clade0","Human",499,0.130494811668677,0.804245186029783
"clade0","Human",5,0.32147930661263,1.71905289068649
"clade0","Human",50,0.313320328367513,1.60504420450481
"clade0","Human",500,0.166113760749402,0.935953051474293
"clade0","Human",501,0.121283109937766,0.72662165514999
"clade0","Human",51,0.432022800946119,1.91535564858382
"clade0","Human",52,0.48619606857849,2.05614644113438
"clade0","Human",53,0.327072127652404,1.63144609072545
"clade0","Human",54,0.255478026432086,1.38371043771316
"clade0","Human",55,0.552726395234666,1.9355969919085
"clade0","Human",56,0.349935925750757,1.70407161486222
"clade0","Human",57,0.260989035014658,1.40597276038466
"clade0","Human",58,0.505829420596738,1.99831428781039
"clade0","Human",59,0.303090019156638,1.542364198212
"clade0","Human",6,0.327729874445548,1.6566991833874
"clade0","Human",60,0.210947292740043,1.17492265282907
"clade0","Human",61,0.450413022603396,1.99003101186802
"clade0","Human",62,0.355073990458975,1.70001793855471
"clade0","Human",63,0.329665515885069,1.66053003211693
"clade0","Human",64,0.507137522043873,1.89507774051239
"clade0","Human",65,0.218287531658272,1.07566181215601
"clade0","Human",66,0.346390895767944,1.63870237619297
"clade0","Human",67,0.318175411667776,1.53359288546354
"clade0","Human",68,0.242266335189198,1.29926885096198
"clade0","Human",69,0.42413479146835,1.91491904284198
"clade0","Human",7,0.488646217987147,2.09017085797048
"clade0","Human",70,0.271003627384337,1.4092121557983
"clade0","Human",71,0.467265616161635,2.04587872702279
"clade0","Human",72,0.320249106627946,1.63058296562338
"clade0","Human",73,0.478689642557007,2.0369147408449
"clade0","Human",74,0.243817514827555,1.32240677502199
"clade0","Human",75,0.212188204109132,1.17886415034877
"clade0","Human",76,0.371914761187109,1.78743463691214
"clade0","Human",77,0.403366079345466,1.88137798850634
"clade0","Human",78,0.202358753233953,1.11566861555588
"clade0","Human",79,0.451269826521986,1.97505517977498
"clade0","Human",8,0.439238732887547,1.88852386716237
"clade0","Human",80,0.426661283036777,1.95211663089302
"clade0","Human",81,0.445258136066468,1.98942383527812
"clade0","Human",82,0.294704469685332,1.52100077735312
"clade0","Human",83,0.48535827434198,1.90255980469441
"clade0","Human",84,0.4576899357079,1.91892722274145
"clade0","Human",85,0.375810686063726,1.78999161340043
"clade0","Human",86,0.476175239158382,2.05667672867616
"clade0","Human",87,0.375178285149965,1.79363550239095
"clade0","Human",88,0.315743855848368,1.34389492709853
"clade0","Human",89,0.422292714523375,1.96543662181496
"clade0","Human",9,0.180798337323835,1.05151760982677
"clade0","Human",90,0.196601892995799,1.08899408074707
"clade0","Human",91,0.307392949091125,1.51042735152313
"clade0","Human",92,0.257272869833631,1.36234475419824
"clade0","Human",93,0.928801299922727,1.97939745624762
"clade0","Human",94,0.505362029607655,2.2148956794545
"clade0","Human",95,0.303332213164636,1.5327162476748
"clade0","Human",96,0.34889801254081,1.7364454105533
"clade0","Human",97,0.271469049034994,1.42289869827111
"clade0","Human",98,0.243381110449778,1.30988120420602
"clade0","Human",99,0.212505368863997,1.16758626444413
"clade0","Mosquito",1,0.432743803955,2.02231236471145
"clade0","Mosquito",10,0.339317033547797,1.71676957362447
"clade0","Mosquito",100,0.273733933574688,1.42026179877483
"clade0","Mosquito",101,0.285104402225364,1.45863215124942
"clade0","Mosquito",102,0.300650186710612,1.51476066155302
"clade0","Mosquito",103,0.356301149957615,1.70239299102134
"clade0","Mosquito",104,0.298274207925937,1.50362854709428
"clade0","Mosquito",105,0.304389897323807,1.52510064723806
"clade0","Mosquito",106,0.386563925823405,1.81828560708458
"clade0","Mosquito",107,0.355041641972315,1.69668105423221
"clade0","Mosquito",108,0.321810986419581,1.61471846506473
"clade0","Mosquito",109,0.351552338895784,1.67708932785116
"clade0","Mosquito",11,0.333714415778963,1.67767258790861
"clade0","Mosquito",110,0.338592392644762,1.66476539260943
"clade0","Mosquito",111,0.247723597902153,1.3131687358419
"clade0","Mosquito",112,0.458219581135256,1.98259381401861
"clade0","Mosquito",113,0.482099111599135,2.10123146931545
"clade0","Mosquito",114,0.351495527060975,1.69316029053951
"clade0","Mosquito",115,0.368464932000551,1.80207734602513
"clade0","Mosquito",116,0.260262404845302,1.36026799902689
"clade0","Mosquito",117,0.445351004105322,1.97877442872605
"clade0","Mosquito",118,0.503404323728323,2.04279841671753
"clade0","Mosquito",119,0.345960971953709,1.71489689617231
"clade0","Mosquito",12,0.316135999192572,1.57617920931526
"clade0","Mosquito",120,0.571339604971111,2.21831241490014
"clade0","Mosquito",121,0.254482776802717,1.35416294015268
"clade0","Mosquito",122,0.602464901215033,2.22021742905139
"clade0","Mosquito",123,0.533875051378345,1.98914468525852
"clade0","Mosquito",124,0.642279035526875,2.31471939425868
"clade0","Mosquito",125,0.41604109738613,1.90241857440012
"clade0","Mosquito",126,0.834336981954682,2.12263328052372
"clade0","Mosquito",127,0.272412470821179,1.42817794360985
"clade0","Mosquito",128,0.404979321000967,1.82434870926894
"clade0","Mosquito",129,0.538183089511258,2.10721736025802
"clade0","Mosquito",13,0.337763067335084,1.68916446854564
"clade0","Mosquito",130,0.373250450765576,1.76081523998645
"clade0","Mosquito",131,0.494698376216309,1.96747027459709
"clade0","Mosquito",132,0.521838841481825,2.1125934720069
"clade0","Mosquito",133,0.419677550348277,1.89632310497336
"clade0","Mosquito",134,0.398999554607147,1.82798970688531
"clade0","Mosquito",135,0.433486322279396,1.92602918838687
"clade0","Mosquito",136,0.641445593650588,2.33000018387047
"clade0","Mosquito",137,0.349763709382544,1.68795215277584
"clade0","Mosquito",138,0.478399931333596,2.03828304450838
"clade0","Mosquito",139,0.348649971241715,1.69351931329025
"clade0","Mosquito",14,0.292151369841968,1.56929251931908
"clade0","Mosquito",140,0.414016473510278,1.83292925161396
"clade0","Mosquito",141,0.331432046588792,1.67113906085036
"clade0","Mosquito",142,0.527173061656498,2.05377141746958
"clade0","Mosquito",143,0.379079447358872,1.80697704123801
"clade0","Mosquito",144,0.340943671556846,1.66837342897053
"clade0","Mosquito",145,0.36198880038934,1.79077932894261
"clade0","Mosquito",146,0.482139651924796,2.02519992994005
"clade0","Mosquito",147,0.357392553205917,1.73481018023213
"clade0","Mosquito",148,0.424273305677434,1.8591448339066
"clade0","Mosquito",149,0.405723607303118,1.83986351626063
"clade0","Mosquito",15,0.470854600292205,2.01148854725158
"clade0","Mosquito",150,0.432116628853006,1.9349239500973
"clade0","Mosquito",151,0.531240431602572,2.09857320263116
"clade0","Mosquito",152,0.463344505944034,1.98795387646976
"clade0","Mosquito",153,0.508939097200773,2.11199301224641
"clade0","Mosquito",154,0.519440320590532,1.95114207807242
"clade0","Mosquito",155,0.480474794870872,1.97454197516814
"clade0","Mosquito",156,0.51500723882394,2.06101176050909
"clade0","Mosquito",157,0.548620603495236,2.11930480257714
"clade0","Mosquito",158,0.533966738893782,2.14312231827447
"clade0","Mosquito",159,0.243846510512097,1.23840507907663
"clade0","Mosquito",16,0.440831566092491,1.93322203929239
"clade0","Mosquito",160,0.537734598976646,2.04454355877105
"clade0","Mosquito",161,0.690275758313501,2.40918750091602
"clade0","Mosquito",162,0.443160285385037,1.88199266307211
"clade0","Mosquito",163,0.600199416864898,2.25910443938081
"clade0","Mosquito",164,0.497902681157321,2.09018933023188
"clade0","Mosquito",165,0.574361532795557,2.20715537602679
"clade0","Mosquito",166,0.645884790694178,2.29739627207301
"clade0","Mosquito",167,0.48618687273834,1.99028394645784
"clade0","Mosquito",168,0.652752437484846,2.34285312086487
"clade0","Mosquito",169,0.2533588461102,1.30635496262988
"clade0","Mosquito",17,0.30873211550338,1.57873611354226
"clade0","Mosquito",170,0.285852096527751,1.46348462486429
"clade0","Mosquito",171,0.527159507722538,2.13406353543915
"clade0","Mosquito",172,0.579948405497772,2.18894324811701
"clade0","Mosquito",173,0.342588969440976,1.66360106104065
"clade0","Mosquito",174,0.316837388223302,1.58772351192095
"clade0","Mosquito",175,0.501516340299767,1.94426593088872
"clade0","Mosquito",176,0.315625425110699,1.46726011905921
"clade0","Mosquito",177,0.431664274534361,1.92117353864564
"clade0","Mosquito",178,0.385508085249888,1.75224516757636
"clade0","Mosquito",179,0.494498738564473,1.98107678349757
"clade0","Mosquito",18,0.36584435516883,1.78691203816836
"clade0","Mosquito",180,0.301173866906647,1.51508178482422
"clade0","Mosquito",181,0.402302246310038,1.84189716582602
"clade0","Mosquito",182,0.36854554410484,1.74249448581018
"clade0","Mosquito",183,0.326170720919697,1.62366336656186
"clade0","Mosquito",184,0.225397578130011,1.24582684321852
"clade0","Mosquito",185,0.398220532075352,1.81459051316867
"clade0","Mosquito",186,0.322984793465437,1.63414918243941
"clade0","Mosquito",187,0.402321413608956,1.7267019649433
"clade0","Mosquito",188,0.271996826900213,1.45295812619626
"clade0","Mosquito",189,0.492387251776615,2.06224787964704
"clade0","Mosquito",19,0.365013802524779,1.75798113192628
"clade0","Mosquito",190,0.263137945553895,1.37780712967232
"clade0","Mosquito",191,0.517118084014704,2.11444778252658
"clade0","Mosquito",192,0.296753571179249,1.51948766658097
"clade0","Mosquito",193,0.424940236203026,1.8206069044368
"clade0","Mosquito",194,0.387921089568418,1.79092255385647
"clade0","Mosquito",195,0.323505919532718,1.58628969780471
"clade0","Mosquito",196,0.365425544508197,1.69501280244581
"clade0","Mosquito",197,0.375065924559868,1.75146313271288
"clade0","Mosquito",198,0.472350880961091,1.96035963088869
"clade0","Mosquito",199,0.47904308669999,1.88047744093382
"clade0","Mosquito",2,0.490420761049062,2.08345377662956
"clade0","Mosquito",20,0.276376540739095,1.42133013941946
"clade0","Mosquito",201,0.434676298316967,1.93655695114832
"clade0","Mosquito",202,0.418981898751819,1.83190360222569
"clade0","Mosquito",203,0.46226872996064,2.02273530276612
"clade0","Mosquito",204,0.427425653972749,1.95113607762908
"clade0","Mosquito",205,0.501037759623888,2.04040123120922
"clade0","Mosquito",206,0.412736272410076,1.88823750870057
"clade0","Mosquito",207,0.389099216349857,1.77173169323156
"clade0","Mosquito",208,0.544285228604533,2.02564724252588
"clade0","Mosquito",209,0.467248813109196,2.02419392155494
"clade0","Mosquito",21,0.383116437507017,1.80769015059275
"clade0","Mosquito",210,0.583948986801603,2.01689778185936
"clade0","Mosquito",211,0.408432586544013,1.90470875339364
"clade0","Mosquito",212,0.452264623310702,2.00978264498634
"clade0","Mosquito",213,0.341313114658056,1.6864285392666
"clade0","Mosquito",214,0.58182231439688,2.221175437984
"clade0","Mosquito",215,0.503253307837178,2.07147189398695
"clade0","Mosquito",216,0.558902614442218,2.21294439762182
"clade0","Mosquito",217,0.23892573535861,1.2770952564414
"clade0","Mosquito",218,0.398717004556861,1.8783023682367
"clade0","Mosquito",219,0.523491166458235,2.14781084536782
"clade0","Mosquito",22,0.396504879987248,1.8204231478447
"clade0","Mosquito",220,0.237419251186594,1.25119545739743
"clade0","Mosquito",221,0.27507387518688,1.43984242750613
"clade0","Mosquito",222,0.520269797991395,2.11938210655286
"clade0","Mosquito",223,0.28248829601014,1.46445966765446
"clade0","Mosquito",224,0.231207538832116,1.25072910568831
"clade0","Mosquito",225,0.450645564658475,1.95950877406192
"clade0","Mosquito",226,0.515891424422586,2.03762060250446
"clade0","Mosquito",227,0.618583140714764,2.30740264726408
"clade0","Mosquito",228,0.545260325807733,2.1159636034767
"clade0","Mosquito",229,0.562089215549068,2.21740300952512
"clade0","Mosquito",23,0.37251284586158,1.74136497045525
"clade0","Mosquito",230,0.424026780152862,1.87790037039765
"clade0","Mosquito",231,0.458782669438487,1.92841856165607
"clade0","Mosquito",232,0.498622110672027,1.90212881701232
"clade0","Mosquito",233,0.345875393492176,1.70752232454394
"clade0","Mosquito",234,0.496615063533081,2.0655869467274
"clade0","Mosquito",235,0.512354787589556,2.12748205619199
"clade0","Mosquito",236,0.566205210498507,2.23524607973926
"clade0","Mosquito",237,0.602675587582159,2.27248089591285
"clade0","Mosquito",238,0.443837142607926,1.96447547581521
"clade0","Mosquito",239,0.339585092899667,1.69510411115952
"clade0","Mosquito",24,0.305981684604779,1.49254436764121
"clade0","Mosquito",240,0.304744113245937,1.42770055815003
"clade0","Mosquito",241,0.398848710259297,1.87442201752546
"clade0","Mosquito",242,0.384796342239436,1.86321539933318
"clade0","Mosquito",243,0.613897784260912,2.30561806452062
"clade0","Mosquito",244,0.559075498474198,2.20616808338757
"clade0","Mosquito",245,0.38205167551308,1.78410798817792
"clade0","Mosquito",246,0.251411765252575,1.3413198446937
"clade0","Mosquito",247,0.315920014052057,1.58537576712193
"clade0","Mosquito",248,0.493187922160186,2.08879344548242
"clade0","Mosquito",249,0.281347983725263,1.46210770453726
"clade0","Mosquito",25,0.288970579173403,1.49834514623749
"clade0","Mosquito",250,0.387867727192698,1.81548208637457
"clade0","Mosquito",251,0.706984803905238,2.42060892299127
"clade0","Mosquito",252,0.380981324933747,1.81002127341755
"clade0","Mosquito",253,0.693001051731166,2.18268432979406
"clade0","Mosquito",254,0.459397192967597,2.00706965440732
"clade0","Mosquito",255,0.414001936154152,1.90471057595926
"clade0","Mosquito",256,0.329852910974227,1.6592096345742
"clade0","Mosquito",257,0.454076878855655,2.00173970431889
"clade0","Mosquito",258,0.516992130058388,2.12755920928336
"clade0","Mosquito",259,0.494516834006713,2.09609104678048
"clade0","Mosquito",26,0.447223038016918,1.94257328082682
"clade0","Mosquito",260,0.237854657204953,1.28500861837596
"clade0","Mosquito",261,0.572716106299017,2.28855591257219
"clade0","Mosquito",262,0.373434719115977,1.77134553053607
"clade0","Mosquito",263,0.437656144602275,1.95029103439115
"clade0","Mosquito",264,0.499403774520911,2.03296131703728
"clade0","Mosquito",265,0.364024432149594,1.72627718019775
"clade0","Mosquito",266,0.344385479230526,1.67077951670644
"clade0","Mosquito",267,0.425326484013765,1.89686529578252
"clade0","Mosquito",268,0.320148518787122,1.59451124930756
"clade0","Mosquito",269,0.352709119349946,1.69337768361099
"clade0","Mosquito",27,0.430406484220472,1.9034789041655
"clade0","Mosquito",270,0.431964532455387,1.92959491881626
"clade0","Mosquito",271,0.462604491374782,2.00690743790098
"clade0","Mosquito",272,0.383732135905958,1.80255724501414
"clade0","Mosquito",273,0.348792823738757,1.67670062761804
"clade0","Mosquito",274,0.419071455279213,1.91119504606921
"clade0","Mosquito",275,0.437757329063639,1.94559473200445
"clade0","Mosquito",276,0.394443514706628,1.81538305375702
"clade0","Mosquito",277,0.468297411133735,1.92813762039434
"clade0","Mosquito",278,0.352586805434458,1.48177106180022
"clade0","Mosquito",279,0.420395538602398,1.90408466734877
"clade0","Mosquito",28,0.421043310633518,1.89221276741845
"clade0","Mosquito",280,0.45075472422882,1.85742264128036
"clade0","Mosquito",281,0.449405114317041,2.01404963090442
"clade0","Mosquito",282,0.626296461134687,2.22126806517279
"clade0","Mosquito",283,0.438721630028147,1.95864881804267
"clade0","Mosquito",284,0.290059725258777,1.46432261780087
"clade0","Mosquito",285,0.381283550692928,1.67845042832315
"clade0","Mosquito",286,0.307893556400887,1.54550762676352
"clade0","Mosquito",287,0.392310634802323,1.83648797041146
"clade0","Mosquito",288,0.274191094033701,1.41244836092671
"clade0","Mosquito",289,0.434718197590496,1.96926785765382
"clade0","Mosquito",29,0.457898462770843,1.99206472966376
"clade0","Mosquito",290,0.409068387651652,1.92601509723948
"clade0","Mosquito",291,0.311391444348348,1.40513929989186
"clade0","Mosquito",292,0.390099101308959,1.83104505544831
"clade0","Mosquito",293,0.353142001386518,1.65913664013647
"clade0","Mosquito",294,0.421441385817712,1.92408578251859
"clade0","Mosquito",295,0.396517055333476,1.85241312090574
"clade0","Mosquito",296,0.542355041706865,2.23815236031522
"clade0","Mosquito",297,0.395211140069307,1.85011351660283
"clade0","Mosquito",298,0.342822045461812,1.67232811738832
"clade0","Mosquito",299,0.306576111123882,1.53204979730448
"clade0","Mosquito",3,0.355233691621192,1.80184674325288
"clade0","Mosquito",30,0.231994070423985,1.23636264202627
"clade0","Mosquito",300,0.373346005431268,1.75608740153103
"clade0","Mosquito",301,0.320125834676264,1.57753476498861
"clade0","Mosquito",302,0.350568678111275,1.67750338671748
"clade0","Mosquito",303,0.371943813114758,1.75322449404767
"clade0","Mosquito",304,0.397849912208726,1.84312405459938
"clade0","Mosquito",305,0.331677492863409,1.59873687752675
"clade0","Mosquito",306,0.373795647204786,1.76565298147464
"clade0","Mosquito",307,0.438733388316663,1.96555796452853
"clade0","Mosquito",308,0.614694036775705,2.30444117516956
"clade0","Mosquito",309,0.335591089111747,1.62777214837349
"clade0","Mosquito",31,0.354289091122773,1.60795503891072
"clade0","Mosquito",310,0.531933562359097,2.08783520309179
"clade0","Mosquito",311,0.463064679590044,1.99782395082993
"clade0","Mosquito",312,0.468319010504361,1.87357891818882
"clade0","Mosquito",313,0.566737621896718,2.19927254255838
"clade0","Mosquito",314,0.46912690480687,1.85262715982861
"clade0","Mosquito",315,0.388672449104729,1.82606909525669
"clade0","Mosquito",316,0.38246996721886,1.8127047894834
"clade0","Mosquito",317,0.419234762057833,1.91746367389605
"clade0","Mosquito",318,0.299671094705576,1.53481096629162
"clade0","Mosquito",319,0.50454493665125,2.07471131448655
"clade0","Mosquito",32,0.276767937331614,1.43966443903836
"clade0","Mosquito",320,0.481147936156878,2.04137430606836
"clade0","Mosquito",321,0.353933267448934,1.71621090709125
"clade0","Mosquito",322,0.310813395674736,1.57215646946563
"clade0","Mosquito",323,0.403272337746538,1.88615981560352
"clade0","Mosquito",324,0.333085981180648,1.67348829486721
"clade0","Mosquito",325,0.312080954708332,1.58120306887083
"clade0","Mosquito",326,0.520286019394217,2.11979922986077
"clade0","Mosquito",327,0.405105184570312,1.92754235651459
"clade0","Mosquito",328,0.484395130740074,2.04744636911282
"clade0","Mosquito",329,0.312163527507205,1.57327119750814
"clade0","Mosquito",33,0.374363351646456,1.77465965816928
"clade0","Mosquito",330,0.579779073070634,2.23537558701463
"clade0","Mosquito",331,0.339742835071456,1.66348301508716
"clade0","Mosquito",332,0.507667251461113,2.03303582183389
"clade0","Mosquito",333,0.328898810567194,1.62933673367957
"clade0","Mosquito",334,0.57016438088394,2.21013422146926
"clade0","Mosquito",335,0.269040673578087,1.4196871264688
"clade0","Mosquito",336,0.329724961036678,1.62967435157202
"clade0","Mosquito",337,0.398507098847812,1.87128358283118
"clade0","Mosquito",338,0.242402277923322,1.29082569778302
"clade0","Mosquito",339,0.462358764804927,2.00614818788057
"clade0","Mosquito",34,0.493941452677014,2.10135838559175
"clade0","Mosquito",340,0.391224441153594,1.84199338871492
"clade0","Mosquito",341,0.499802086130433,2.0365167926421
"clade0","Mosquito",342,0.413386416099105,1.82452612366836
"clade0","Mosquito",343,0.486130612288027,2.05326163005349
"clade0","Mosquito",344,0.587363856297921,2.24695382743015
"clade0","Mosquito",345,0.514683432683535,2.11011514394925
"clade0","Mosquito",346,0.436805249014808,1.92175419564612
"clade0","Mosquito",347,0.575116591753633,2.21942437563437
"clade0","Mosquito",348,0.513465073244863,2.10352739703332
"clade0","Mosquito",349,0.516787014675311,2.08540862655748
"clade0","Mosquito",35,0.422001575342358,1.9060304501485
"clade0","Mosquito",350,0.525946909662278,2.1324740736064
"clade0","Mosquito",351,0.374147422558912,1.75764736156686
"clade0","Mosquito",352,0.554799812169484,2.22329312884963
"clade0","Mosquito",353,0.293834564756732,1.50409632151135
"clade0","Mosquito",354,0.43436068322707,1.91037894866858
"clade0","Mosquito",355,0.448741886310288,1.95733405312789
"clade0","Mosquito",356,0.339119724353396,1.61306866665503
"clade0","Mosquito",357,0.328210291981086,1.63528542104305
"clade0","Mosquito",358,0.545513368772604,2.17358605461422
"clade0","Mosquito",359,0.562313115393624,2.23672249827165
"clade0","Mosquito",36,0.591518063994343,2.2332677604377
"clade0","Mosquito",360,0.277278497797064,1.44209438336131
"clade0","Mosquito",361,0.308983364015312,1.55794750007246
"clade0","Mosquito",362,0.358672404457396,1.76299014077327
"clade0","Mosquito",363,0.510463353122976,1.96251496674343
"clade0","Mosquito",364,0.531804792988513,2.08253570932493
"clade0","Mosquito",365,0.538121240614975,2.17498962274513
"clade0","Mosquito",366,0.561628242730328,2.1835421367863
"clade0","Mosquito",367,0.6248307457846,2.30465273953648
"clade0","Mosquito",368,0.603992286188293,2.29215158730444
"clade0","Mosquito",369,0.465076834827434,1.91040456470058
"clade0","Mosquito",37,0.467667641119713,1.99892883771252
"clade0","Mosquito",370,0.649333073433812,2.22584306477451
"clade0","Mosquito",371,0.362327573640045,1.80477285703925
"clade0","Mosquito",372,0.306900619187335,1.55904247749432
"clade0","Mosquito",373,0.285280690175297,1.37522288710329
"clade0","Mosquito",374,0.255715191728066,1.33092151022849
"clade0","Mosquito",375,0.35686359505843,1.76241774237252
"clade0","Mosquito",376,0.270568389910643,1.39609764219611
"clade0","Mosquito",377,0.311262912296192,1.57588016095734
"clade0","Mosquito",378,0.3063057596185,1.53565943251433
"clade0","Mosquito",379,0.351418214273851,1.69827847900396
"clade0","Mosquito",38,0.346144302730981,1.63985326629611
"clade0","Mosquito",380,0.252263162576372,1.33562379159123
"clade0","Mosquito",381,0.494053263550695,2.0693244994199
"clade0","Mosquito",382,0.282013396217648,1.46198055356359
"clade0","Mosquito",383,0.436029600434385,1.92363083905118
"clade0","Mosquito",384,0.347262795024409,1.70741640775696
"clade0","Mosquito",385,0.343692635284366,1.66545903307866
"clade0","Mosquito",386,0.263921959516894,1.38159044127235
"clade0","Mosquito",387,0.253833104790408,1.340687161347
"clade0","Mosquito",388,0.420523953262251,1.88326476618839
"clade0","Mosquito",389,0.544563436681933,2.15866741011968
"clade0","Mosquito",39,0.236186377897248,1.26308808889138
"clade0","Mosquito",390,0.494106235512252,1.99078758001109
"clade0","Mosquito",391,0.621953460697893,2.28463161984884
"clade0","Mosquito",392,0.425925184982393,1.89111231719307
"clade0","Mosquito",393,0.390545739727825,1.78184103798173
"clade0","Mosquito",394,0.479078477327414,2.03200689925321
"clade0","Mosquito",395,0.454136018822038,1.9807142737538
"clade0","Mosquito",396,0.356519881638602,1.69930144072329
"clade0","Mosquito",397,0.308475471031382,1.52037435449377
"clade0","Mosquito",398,0.357403216956225,1.56201132774188
"clade0","Mosquito",399,0.372063543207421,1.7550897063827
"clade0","Mosquito",4,0.337814535976423,1.72693811187157
"clade0","Mosquito",40,0.25909923200079,1.36858256371813
"clade0","Mosquito",400,0.430235478322025,1.92357437432492
"clade0","Mosquito",401,0.273823527763684,1.40571315112644
"clade0","Mosquito",402,0.323966448683525,1.58783540927669
"clade0","Mosquito",403,0.357967272829354,1.71031654712955
"clade0","Mosquito",404,0.275827634183396,1.43107329909371
"clade0","Mosquito",405,0.281107690627173,1.43798424259357
"clade0","Mosquito",406,0.35129667753526,1.68287804957041
"clade0","Mosquito",407,0.236771212780694,1.26470790574245
"clade0","Mosquito",408,0.276093915187706,1.42330853859901
"clade0","Mosquito",409,0.305993104332594,1.50764914300123
"clade0","Mosquito",41,0.29271369834036,1.41574236725916
"clade0","Mosquito",410,0.266815128259077,1.39603748063169
"clade0","Mosquito",411,0.296716942740884,1.52094156406499
"clade0","Mosquito",412,0.229189774362082,1.2181765650472
"clade0","Mosquito",413,0.256374002285305,1.11659624277377
"clade0","Mosquito",414,0.190914457708785,1.06742120461516
"clade0","Mosquito",415,0.28030890333399,1.45115397470844
"clade0","Mosquito",416,0.346110324773482,1.72220051886067
"clade0","Mosquito",417,0.234645321518593,1.24952536742296
"clade0","Mosquito",418,0.258237089023023,1.34267902270613
"clade0","Mosquito",419,0.317195691806285,1.48397974793817
"clade0","Mosquito",42,0.28273834238345,1.43955703160017
"clade0","Mosquito",420,0.319192704493356,1.55735584992498
"clade0","Mosquito",421,0.243840633186022,1.28617723217039
"clade0","Mosquito",422,0.250472530117833,1.31405750441809
"clade0","Mosquito",423,0.523914987854458,2.13747359902567
"clade0","Mosquito",424,0.45997068042309,1.99913049532683
"clade0","Mosquito",425,0.275860230125832,1.42872743648848
"clade0","Mosquito",426,0.21286600395582,1.1704355069323
"clade0","Mosquito",427,0.23555541624436,1.25882509710596
"clade0","Mosquito",428,0.296003576110855,1.52370108293456
"clade0","Mosquito",429,0.358759968222887,1.72145171340687
"clade0","Mosquito",43,0.299804670927589,1.36525149979355
"clade0","Mosquito",430,0.253584282333221,1.34254172220925
"clade0","Mosquito",431,0.364454257630394,1.75172444548606
"clade0","Mosquito",432,0.346660982925948,1.66879350971828
"clade0","Mosquito",433,0.223200867539305,1.20349353427823
"clade0","Mosquito",434,0.2778011484602,1.46759969980067
"clade0","Mosquito",435,0.294016511264453,1.44251749819997
"clade0","Mosquito",436,0.331524208754104,1.61387733683164
"clade0","Mosquito",437,0.208789919450428,1.13216210881081
"clade0","Mosquito",438,0.232300876219384,1.23879177734433
"clade0","Mosquito",439,0.405286625529392,1.84201331628709
"clade0","Mosquito",44,0.419062682683652,1.92596299754479
"clade0","Mosquito",440,0.389132058019614,1.79918430557326
"clade0","Mosquito",441,0.295606811227594,1.51759441213197
"clade0","Mosquito",442,0.371042595919198,1.5277324229059
"clade0","Mosquito",443,0.305205215929532,1.51094942363187
"clade0","Mosquito",444,0.58502251415318,2.25800837827715
"clade0","Mosquito",445,0.231345026991531,1.25460883108937
"clade0","Mosquito",446,0.234601072702635,1.24482130723249
"clade0","Mosquito",447,0.326716416575108,1.62412766397051
"clade0","Mosquito",448,0.426031706894682,1.92149156663924
"clade0","Mosquito",449,0.261509484935427,1.36751335240619
"clade0","Mosquito",45,0.380848921122296,1.78788017243063
"clade0","Mosquito",450,0.279382586157859,1.44570747077263
"clade0","Mosquito",451,0.304973799983723,1.51508148293789
"clade0","Mosquito",452,0.506988355044155,2.12145298793931
"clade0","Mosquito",453,0.227074824029277,1.24246612406324
"clade0","Mosquito",454,0.281400580492848,1.45729204454477
"clade0","Mosquito",455,0.389431905759055,1.79304139997715
"clade0","Mosquito",456,0.318064135297644,1.56977106594769
"clade0","Mosquito",457,0.296804315975899,1.50009820346621
"clade0","Mosquito",458,0.250332730651232,1.31666820985661
"clade0","Mosquito",459,0.27155946543228,1.40312405549016
"clade0","Mosquito",46,0.328738371842576,1.58235281421454
"clade0","Mosquito",460,0.396726767035035,1.83637844318318
"clade0","Mosquito",461,0.282284027837194,1.46477957653421
"clade0","Mosquito",462,0.363246773433611,1.73346885685272
"clade0","Mosquito",463,0.411965853950287,1.88843576622033
"clade0","Mosquito",464,0.339752239869067,1.58693859514269
"clade0","Mosquito",465,0.408608888067051,1.89894918631799
"clade0","Mosquito",466,0.308701760174344,1.58330076853684
"clade0","Mosquito",467,0.388204691365958,1.743857208489
"clade0","Mosquito",468,0.400627424128355,1.90786040555519
"clade0","Mosquito",469,0.411952535785809,1.92442712808843
"clade0","Mosquito",47,0.368570963137569,1.61275495001265
"clade0","Mosquito",470,0.374031388309228,1.81441087679024
"clade0","Mosquito",471,0.383540157311535,1.7830445655287
"clade0","Mosquito",472,0.36942650965569,1.73237591232985
"clade0","Mosquito",473,0.235315680108551,1.28742514998921
"clade0","Mosquito",474,0.382974065319825,1.79362784542264
"clade0","Mosquito",475,0.324117465769971,1.55804495904512
"clade0","Mosquito",476,0.248543522016897,1.3063159268716
"clade0","Mosquito",477,0.372671495696539,1.76603399222558
"clade0","Mosquito",478,0.379698381114274,1.77444910286936
"clade0","Mosquito",479,0.175547774091797,0.976439575230506
"clade0","Mosquito",48,0.445824320266717,1.95612122974628
"clade0","Mosquito",480,0.337046662005919,1.66688069923683
"clade0","Mosquito",481,0.383117815913724,1.80205898926879
"clade0","Mosquito",482,0.40363315693208,1.87026485131218
"clade0","Mosquito",483,0.477566830622003,1.67252291562675
"clade0","Mosquito",484,0.378045869417823,1.72252456314739
"clade0","Mosquito",485,0.450960529055415,1.99108516925106
"clade0","Mosquito",486,0.312641780350302,1.5742629431672
"clade0","Mosquito",487,0.454160982082078,2.00424375513558
"clade0","Mosquito",488,0.406499428692771,1.86390187492069
"clade0","Mosquito",489,0.207111994353973,1.15138284657308
"clade0","Mosquito",49,0.433850442223361,1.92301842681855
"clade0","Mosquito",490,0.352793764593623,1.71655957319718
"clade0","Mosquito",491,0.29622821742609,1.41166685314452
"clade0","Mosquito",492,0.271587967935315,1.39938565047913
"clade0","Mosquito",493,0.357605231399167,1.75624709831971
"clade0","Mosquito",494,0.219533252793527,1.19850953988061
"clade0","Mosquito",495,0.230746519042359,1.24795327474019
"clade0","Mosquito",496,0.220192228593933,1.19920599028963
"clade0","Mosquito",497,0.34947458365273,1.69627181804238
"clade0","Mosquito",498,0.279916396614721,1.36524773416654
"clade0","Mosquito",499,0.163270938809275,0.965726869435125
"clade0","Mosquito",5,0.366549888623005,1.82590065269737
"clade0","Mosquito",50,0.351698878722624,1.7058694987805
"clade0","Mosquito",500,0.266172488820513,1.36946986472082
"clade0","Mosquito",501,0.171836964955019,0.997982819600844
"clade0","Mosquito",51,0.481802569535681,2.03195291149746
"clade0","Mosquito",52,0.575675372868915,2.22373625224626
"clade0","Mosquito",53,0.370075582375445,1.7559595269509
"clade0","Mosquito",54,0.381389214938959,1.76969819529629
"clade0","Mosquito",55,0.476556821543111,1.90417937130686
"clade0","Mosquito",56,0.493434712122112,2.06517613509283
"clade0","Mosquito",57,0.312318597391736,1.60176431503777
"clade0","Mosquito",58,0.443310469049792,1.9427581347548
"clade0","Mosquito",59,0.339842023084555,1.62925574558445
"clade0","Mosquito",6,0.466092001078602,2.01724853732736
"clade0","Mosquito",60,0.2717893559826,1.40459019648137
"clade0","Mosquito",61,0.507547439103016,2.11486536514893
"clade0","Mosquito",62,0.402178266349927,1.74471401590221
"clade0","Mosquito",63,0.384585978141548,1.79730266138799
"clade0","Mosquito",64,0.517116926000934,1.82467249311018
"clade0","Mosquito",65,0.278427639582781,1.35743603946614
"clade0","Mosquito",66,0.434418938132539,1.9335115907371
"clade0","Mosquito",67,0.310746786745053,1.52698966562588
"clade0","Mosquito",68,0.369903155669494,1.72367669088221
"clade0","Mosquito",69,0.485377481028904,2.03845097848717
"clade0","Mosquito",7,0.555117558648923,2.19255076093434
"clade0","Mosquito",70,0.35472430450012,1.68080646285502
"clade0","Mosquito",71,0.543019779056993,2.18726714082691
"clade0","Mosquito",72,0.400747568889962,1.84507564381313
"clade0","Mosquito",73,0.529529183976148,2.13138883238084
"clade0","Mosquito",74,0.309190497848124,1.53621141607566
"clade0","Mosquito",75,0.276144583929355,1.42873075557755
"clade0","Mosquito",76,0.474389442764748,2.0546007081653
"clade0","Mosquito",77,0.471493502558241,2.0279584615803
"clade0","Mosquito",78,0.261878269605355,1.3513492200486
"clade0","Mosquito",79,0.505277145625055,2.07194380312308
"clade0","Mosquito",8,0.481462094697994,1.99813009069386
"clade0","Mosquito",80,0.445747815900435,1.95048417103072
"clade0","Mosquito",81,0.526346896629433,2.12355522024303
"clade0","Mosquito",82,0.348129756124446,1.66586698360679
"clade0","Mosquito",83,0.43402450338324,1.83326664835281
"clade0","Mosquito",84,0.620923855076212,2.26097492784141
"clade0","Mosquito",85,0.419021120872098,1.87560939943307
"clade0","Mosquito",86,0.474285013720034,2.00314402187408
"clade0","Mosquito",87,0.431396733091225,1.91673197517033
"clade0","Mosquito",88,0.378713687436501,1.66103392064901
"clade0","Mosquito",89,0.41350985507027,1.87424233867304
"clade0","Mosquito",9,0.239426282558935,1.27910783407611
"clade0","Mosquito",90,0.334384653098578,1.66330831914828
"clade0","Mosquito",91,0.391782730362335,1.7630437812396
"clade0","Mosquito",92,0.325685161763608,1.59758513133358
"clade0","Mosquito",93,0.852422335789521,1.99400887522286
"clade0","Mosquito",94,0.48841259466641,2.05678207248768
"clade0","Mosquito",95,0.396668997446775,1.80963106891998
"clade0","Mosquito",96,0.477542808868203,2.03425686958878
"clade0","Mosquito",97,0.360192782715904,1.72971142977414
"clade0","Mosquito",98,0.301696964248431,1.52271397721669
"clade0","Mosquito",99,0.283982272489329,1.44117062482047
"clade1","Bird",1,0.332477508746021,1.77666941781921
"clade1","Bird",10,0.297806407427811,1.58838090193776
"clade1","Bird",100,0.228132612147431,1.25878948161184
"clade1","Bird",101,0.21338761003676,1.20105455125611
"clade1","Bird",102,0.241147891790361,1.31269368486639
"clade1","Bird",103,0.255575984368277,1.36479640682181
"clade1","Bird",104,0.247456204475905,1.33446671838485
"clade1","Bird",105,0.250643848888172,1.34965472695439
"clade1","Bird",106,0.276237347905434,1.45310899764344
"clade1","Bird",107,0.242065645844194,1.30934870927502
"clade1","Bird",108,0.237334486901896,1.2976772472546
"clade1","Bird",109,0.268165176100444,1.41952735243067
"clade1","Bird",11,0.292637379401856,1.56738978488136
"clade1","Bird",110,0.186044371941507,1.04668769695493
"clade1","Bird",111,0.190775843087929,1.110289363637
"clade1","Bird",112,0.325284390944017,1.61873236151402
"clade1","Bird",113,0.275284032881194,1.48283913444071
"clade1","Bird",114,0.2216420652159,1.22195231555762
"clade1","Bird",115,0.281589427871527,1.53123138114786
"clade1","Bird",116,0.173485562241215,0.965881524275933
"clade1","Bird",117,0.327261086612683,1.6720555097653
"clade1","Bird",118,0.272368221184965,1.44410530762603
"clade1","Bird",119,0.230975750470565,1.29976991432885
"clade1","Bird",12,0.828422571632061,1.69527078067783
"clade1","Bird",120,0.696098282898053,2.29917587771462
"clade1","Bird",121,0.223409172030584,1.25219925987782
"clade1","Bird",122,0.683350906214222,2.15983535636665
"clade1","Bird",123,0.722875097043941,2.11238882920273
"clade1","Bird",124,0.385268776216015,1.82047792034443
"clade1","Bird",125,0.31038278797833,1.59925635566167
"clade1","Bird",126,0.363414538797403,1.56497992155438
"clade1","Bird",127,0.152115934566783,0.906666769701062
"clade1","Bird",128,0.30076009629484,1.54820356638686
"clade1","Bird",129,0.546699895198892,1.75591274681339
"clade1","Bird",13,0.270722412163056,1.50006892016798
"clade1","Bird",130,0.300972140848775,1.60872785133981
"clade1","Bird",131,1.04736439256461,1.94713904057144
"clade1","Bird",132,1.50075685242229,3.01059145104453
"clade1","Bird",133,0.223663031047034,1.20506138323647
"clade1","Bird",134,0.213439547036542,1.16342267005442
"clade1","Bird",135,0.349570326144926,1.74546470023097
"clade1","Bird",136,0.411583392593091,1.90776674706053
"clade1","Bird",137,0.230859255326245,1.25427666397638
"clade1","Bird",138,0.642136216820707,1.92044329706633
"clade1","Bird",139,0.259599346687944,1.40416330484686
"clade1","Bird",14,0.244327389873664,1.42806655780796
"clade1","Bird",140,1.07053444887404,2.98775653150563
"clade1","Bird",141,0.209357078396898,1.19170448725094
"clade1","Bird",142,0.247817115133069,1.35510909316877
"clade1","Bird",143,0.269972122114077,1.44764692916602
"clade1","Bird",144,0.295780883764438,1.54246041353668
"clade1","Bird",145,0.283691192595099,1.53422516430917
"clade1","Bird",146,0.60168594383911,2.42922575186606
"clade1","Bird",147,0.271266737758331,1.47566239828563
"clade1","Bird",148,0.223935186778926,1.261107151506
"clade1","Bird",149,1.38235580184183,2.71594130669884
"clade1","Bird",15,0.673750311177495,1.9954159429776
"clade1","Bird",150,0.320464430373593,1.62703080176841
"clade1","Bird",151,1.4400595236748,1.58588752261865
"clade1","Bird",152,0.28042112333821,1.47335943662842
"clade1","Bird",153,0.351205395736055,1.6822057007473
"clade1","Bird",154,0.337239330773509,1.71540048959622
"clade1","Bird",155,0.260706237506543,1.40480400717566
"clade1","Bird",156,0.407738011595382,1.76675329083207
"clade1","Bird",157,0.636319910991549,1.82601152632697
"clade1","Bird",158,0.326946430923181,1.64087496364037
"clade1","Bird",159,0.47740690218236,1.7419065896218
"clade1","Bird",16,0.449143504088434,2.03295163402319
"clade1","Bird",160,0.557699783706604,2.18853775967935
"clade1","Bird",161,0.514215350999435,2.05794878082782
"clade1","Bird",162,0.802457955098478,2.68333714207726
"clade1","Bird",163,0.324506179985086,1.63114708218316
"clade1","Bird",164,0.291661010727599,1.52733849025125
"clade1","Bird",165,0.670364511067603,1.74120995214476
"clade1","Bird",166,0.59276204074737,1.90175079864834
"clade1","Bird",167,0.411670829516105,1.90134351236668
"clade1","Bird",168,1.25541984666973,2.69646991588594
"clade1","Bird",169,0.277592550051646,1.05227778848085
"clade1","Bird",17,0.234422313585444,1.34497495127365
"clade1","Bird",170,0.165801394949705,0.901452488737562
"clade1","Bird",171,0.264247227708801,1.38432197228504
"clade1","Bird",172,1.46858056295659,2.9550995335105
"clade1","Bird",173,0.231625581922104,1.3075139423249
"clade1","Bird",174,0.235179566414577,1.30550585376764
"clade1","Bird",175,0.292676410011331,1.3851410433283
"clade1","Bird",176,0.909198456661468,2.41617277221626
"clade1","Bird",177,0.224260530291237,1.145043416783
"clade1","Bird",178,0.258198146803389,1.22354926418739
"clade1","Bird",179,0.34807360519601,1.6195462966797
"clade1","Bird",18,0.28143754697731,1.53077048172226
"clade1","Bird",180,0.264281843156184,1.04940027306253
"clade1","Bird",181,0.290670864331406,1.50607519169272
"clade1","Bird",182,0.935332138365816,2.88273112232537
"clade1","Bird",183,0.244387088022441,1.37303199091277
"clade1","Bird",184,0.18485912031945,1.08630136655646
"clade1","Bird",185,0.302615325957026,1.54664412284456
"clade1","Bird",186,0.236745503616456,1.12764983320213
"clade1","Bird",187,0.183065368663314,0.909158662668937
"clade1","Bird",188,0.540379747230485,1.06484505794283
"clade1","Bird",189,0.311306022509653,1.57180704142271
"clade1","Bird",19,0.273217500732795,1.4786464000269
"clade1","Bird",190,0.199869620384074,1.12259227948619
"clade1","Bird",191,0.533620907059253,2.22328375324139
"clade1","Bird",192,0.183595946100684,1.06582069993884
"clade1","Bird",193,0.305274849975163,1.58160027874348
"clade1","Bird",194,0.228504975649831,1.01265064853513
"clade1","Bird",195,0.187201760432155,1.08444327968457
"clade1","Bird",196,0.897511541299919,2.59026538880674
"clade1","Bird",197,0.774017025235044,2.72974932978428
"clade1","Bird",198,0.326734729085802,1.6485513712039
"clade1","Bird",199,0.937651564778509,2.70157755734039
"clade1","Bird",2,0.284802423825728,1.43082180227583
"clade1","Bird",20,0.198186388344777,1.12272157803309
"clade1","Bird",200,0.39306419253969,1.79988550397456
"clade1","Bird",201,0.773353789317437,1.79895828634763
"clade1","Bird",202,0.327107202537339,1.63299942681105
"clade1","Bird",203,0.249392345083013,1.34676529992088
"clade1","Bird",204,0.302959123628118,1.63367233838277
"clade1","Bird",205,0.363897809061343,1.77671414754734
"clade1","Bird",206,0.208939683414914,1.13101879699033
"clade1","Bird",207,0.285106604405704,1.50140875833073
"clade1","Bird",208,0.672398799513727,2.17239347172845
"clade1","Bird",209,0.259448188055784,1.36607596441913
"clade1","Bird",21,0.267635129384813,1.25373860273179
"clade1","Bird",210,1.15313937785981,2.622452602823
"clade1","Bird",211,0.227266689129917,1.28131220093994
"clade1","Bird",212,0.349211569052218,1.80185199201058
"clade1","Bird",213,0.205094104386226,1.14324726447923
"clade1","Bird",214,0.411364532713798,1.88995276893462
"clade1","Bird",215,0.305448330944194,1.56541312649702
"clade1","Bird",216,0.478971753002903,2.09253216861845
"clade1","Bird",217,0.164890084214917,0.953189845596981
"clade1","Bird",218,0.270123472163141,1.44843038476083
"clade1","Bird",219,0.85063117000768,2.76448330999431
"clade1","Bird",22,0.305141928352358,1.52037882831103
"clade1","Bird",220,0.213875318730362,1.18609462136449
"clade1","Bird",221,0.195073815847967,1.10419645457816
"clade1","Bird",222,0.965072407090095,2.74801565388497
"clade1","Bird",223,0.131861574422312,0.727815382925414
"clade1","Bird",224,0.159912489462259,0.953841929466065
"clade1","Bird",225,0.314673223786216,1.5752818199236
"clade1","Bird",226,1.05311436052671,2.6598713269481
"clade1","Bird",227,0.510732941383729,2.09875728330416
"clade1","Bird",228,0.709537386005779,2.37659307271089
"clade1","Bird",229,0.963223199771403,2.68526952398976
"clade1","Bird",23,0.249952521948337,1.36731571697918
"clade1","Bird",230,0.362456088884158,1.71333444384077
"clade1","Bird",231,0.556359188924035,2.21302054455089
"clade1","Bird",232,0.819168198876298,2.58769706630986
"clade1","Bird",233,0.254738939967533,1.38359294960189
"clade1","Bird",234,0.358074311133586,1.74532159030362
"clade1","Bird",235,0.436046022248461,1.99982552252122
"clade1","Bird",236,0.410238354341704,1.91999559374705
"clade1","Bird",237,0.580541238991412,2.29825935687869
"clade1","Bird",238,0.850413988316139,1.96065160421891
"clade1","Bird",239,0.34071131819142,1.78728175492629
"clade1","Bird",24,0.289785324028752,1.58416716814949
"clade1","Bird",240,0.218274241275308,0.861723485326688
"clade1","Bird",241,0.260953736163149,1.4392545146483
"clade1","Bird",242,0.268711825991622,1.49425384284974
"clade1","Bird",243,0.385205598941818,1.88429426013887
"clade1","Bird",244,0.417461777381736,1.93025131840833
"clade1","Bird",245,0.76115121846505,1.55040089471879
"clade1","Bird",246,0.190395756052822,1.09527751979331
"clade1","Bird",247,0.221070752435687,1.23421117205358
"clade1","Bird",248,0.358270675703144,1.78686536819861
"clade1","Bird",249,0.204691225348004,1.15883628012852
"clade1","Bird",25,0.221683137374404,1.2545087714536
"clade1","Bird",250,0.244129359236974,1.32597218682142
"clade1","Bird",251,0.594584428567608,2.29134504792876
"clade1","Bird",252,0.233151741394139,1.2846921803961
"clade1","Bird",253,0.813149472905302,2.67007764465329
"clade1","Bird",254,0.357436161878741,1.77402215595337
"clade1","Bird",255,0.212066799464286,1.19027690665085
"clade1","Bird",256,0.230350254128245,1.27871256856924
"clade1","Bird",257,0.217806048653332,1.19510909945622
"clade1","Bird",258,0.317499764206865,1.65562138796747
"clade1","Bird",259,0.437293439258027,2.06640885023581
"clade1","Bird",26,0.267277467434827,1.42470323374135
"clade1","Bird",260,0.176679202789304,1.02371431086293
"clade1","Bird",261,0.532312947432558,1.30720837159321
"clade1","Bird",262,0.246124048289335,1.34111026119662
"clade1","Bird",263,0.273998646935582,1.45081799125391
"clade1","Bird",264,0.326323319340833,1.61311552209543
"clade1","Bird",265,0.273158280438576,1.42498451317663
"clade1","Bird",266,0.241428271042248,1.29143320572543
"clade1","Bird",267,0.275475517538997,1.43057288243176
"clade1","Bird",268,0.266481779138078,1.41813507400229
"clade1","Bird",269,0.273388520310343,1.42722885420475
"clade1","Bird",27,0.199842352716856,1.1374160080947
"clade1","Bird",270,0.214048937944711,1.12887487056155
"clade1","Bird",271,1.18941254193122,1.80923545193006
"clade1","Bird",272,0.285446169104657,1.48229351491049
"clade1","Bird",273,0.261000308360421,1.33632391782803
"clade1","Bird",274,0.708556436619186,1.53823044797919
"clade1","Bird",275,0.265767563571112,1.37583660214601
"clade1","Bird",276,0.359563658583347,1.72377369852673
"clade1","Bird",277,0.817518601150378,2.73966390001851
"clade1","Bird",279,0.259056574399226,1.36483218801068
"clade1","Bird",28,0.326115251879158,1.65502247212143
"clade1","Bird",280,0.330695017470316,1.65680872297872
"clade1","Bird",281,0.40739842252756,1.97984694940829
"clade1","Bird",282,0.600644456902773,2.29811679303398
"clade1","Bird",283,0.321196336072966,1.61996906393183
"clade1","Bird",284,0.192375762744348,1.06901686404326
"clade1","Bird",285,0.300135175513209,1.52259009672269
"clade1","Bird",286,0.244262144883465,1.3059877097836
"clade1","Bird",287,0.253307938536846,1.37784267914079
"clade1","Bird",288,0.148813915729458,0.891399338225378
"clade1","Bird",289,0.286206147526143,1.5206661130184
"clade1","Bird",29,0.326899950423204,1.65626605450627
"clade1","Bird",290,0.569347495889771,1.50691542391353
"clade1","Bird",291,0.299978308044308,1.54657191617615
"clade1","Bird",292,0.303735418820317,1.55773543051418
"clade1","Bird",293,0.559611248833884,1.64318744282444
"clade1","Bird",294,0.305581812369548,1.5840176043642
"clade1","Bird",295,0.326162828694479,1.64028658934996
"clade1","Bird",296,0.979918018661228,2.75481356703559
"clade1","Bird",297,0.304571292343938,1.57366428958228
"clade1","Bird",298,0.290994169334962,1.50931410095378
"clade1","Bird",299,0.229605765961893,1.24885176767164
"clade1","Bird",3,0.30973028646605,1.67765397772579
"clade1","Bird",30,0.166893559324906,0.962769922558107
"clade1","Bird",300,0.291296982078568,1.49469921218406
"clade1","Bird",301,0.248090158583762,1.3214915776394
"clade1","Bird",302,0.279041757135667,1.43818514033172
"clade1","Bird",303,0.255047305095723,1.33313903200648
"clade1","Bird",304,1.68364015932536,3.07145864562513
"clade1","Bird",305,0.264044233421706,1.37147011251163
"clade1","Bird",306,1.11743857967519,2.97415263488407
"clade1","Bird",307,0.635436534322254,1.40556134009953
"clade1","Bird",308,1.20458236657817,2.92723275069668
"clade1","Bird",309,0.238770459230191,1.28207122120036
"clade1","Bird",31,0.650337432515874,2.44635364867366
"clade1","Bird",310,0.957245769425811,2.76774450604949
"clade1","Bird",311,0.23222146838264,1.09527657075833
"clade1","Bird",312,1.05043543691718,2.72705870439753
"clade1","Bird",313,0.794775983610043,2.51562897613238
"clade1","Bird",314,0.852180157111417,2.66478020448369
"clade1","Bird",315,0.235545626643061,1.29866934558483
"clade1","Bird",316,0.231439072251203,1.24644641661446
"clade1","Bird",317,0.364489300640404,1.78673752052144
"clade1","Bird",318,0.238799764041575,1.33437805559566
"clade1","Bird",319,0.390872465150112,1.83380864938098
"clade1","Bird",32,0.225902839303019,1.25672665074212
"clade1","Bird",320,0.316845989990174,1.60554769373105
"clade1","Bird",321,0.259573743125281,1.39373976611002
"clade1","Bird",322,0.253699386114283,1.414282127472
"clade1","Bird",323,0.331291881162082,1.67905215576859
"clade1","Bird",324,0.251388083741195,1.42526370247613
"clade1","Bird",325,0.891781774811225,1.55641131344792
"clade1","Bird",326,0.301939743045592,1.55912505320194
"clade1","Bird",327,0.327934603109309,1.74409785826277
"clade1","Bird",328,0.662788129299368,1.75733303439445
"clade1","Bird",329,0.251652616591071,1.37504650407834
"clade1","Bird",33,0.304482496066482,1.58212765349747
"clade1","Bird",330,0.628953843819653,1.69103840268945
"clade1","Bird",331,0.289147894496194,1.52456917512578
"clade1","Bird",332,0.992199988383115,1.84340275082578
"clade1","Bird",333,0.26456317542145,1.4094108966617
"clade1","Bird",334,0.356377253206959,1.75379423982229
"clade1","Bird",335,0.210832380705356,1.19638448628431
"clade1","Bird",336,0.272014555875602,1.45820566595123
"clade1","Bird",337,0.29045016733485,1.55364473904387
"clade1","Bird",338,0.62097953436173,2.62955445085481
"clade1","Bird",339,0.332815479379062,1.70517992406104
"clade1","Bird",34,0.372510906312726,1.65003439859311
"clade1","Bird",340,0.309153089351951,1.63799613597296
"clade1","Bird",341,0.50887250332565,1.56815751310253
"clade1","Bird",342,0.322766293856323,1.67287548728434
"clade1","Bird",343,0.325220937045892,1.6408186842341
"clade1","Bird",344,0.462117075792777,2.04335655531181
"clade1","Bird",345,0.405199858819968,1.84669308648187
"clade1","Bird",346,0.272530674598067,1.47762856512126
"clade1","Bird",347,0.37164181845879,1.69574160678597
"clade1","Bird",348,0.352277792304565,1.72798531810732
"clade1","Bird",349,0.888425576357239,1.84211787854179
"clade1","Bird",35,1.05875617111207,2.9350026356773
"clade1","Bird",350,0.42314055222051,1.94046106407254
"clade1","Bird",351,0.250387626045473,1.33826382214523
"clade1","Bird",352,0.39428880413707,1.86157622357015
"clade1","Bird",353,0.241815650028838,1.3193269485996
"clade1","Bird",354,0.324742659701196,1.65287634477057
"clade1","Bird",355,0.248677643565868,1.31569984383784
"clade1","Bird",356,0.228903513042437,1.21875017661041
"clade1","Bird",357,0.250390617848772,1.35774454134541
"clade1","Bird",358,0.36067245455778,1.75111726681666
"clade1","Bird",359,0.426003566225459,1.94923565275789
"clade1","Bird",36,0.723728154277969,1.75638841715519
"clade1","Bird",360,0.241872417522268,1.34463375579207
"clade1","Bird",361,0.260841788306331,1.2822487758714
"clade1","Bird",362,0.218910973109607,1.15918952276895
"clade1","Bird",363,1.0021263933153,2.63065240436838
"clade1","Bird",364,1.51984695262583,2.68708400823798
"clade1","Bird",365,0.976594444491214,2.76430648490638
"clade1","Bird",366,0.682883613258624,1.76943018370357
"clade1","Bird",367,0.386468743808119,1.81211178161473
"clade1","Bird",368,0.474866872223514,2.07637206856632
"clade1","Bird",369,0.683354601252977,1.60753733229784
"clade1","Bird",37,0.422776851519371,1.92645375427447
"clade1","Bird",370,0.308319209291499,1.55545221928525
"clade1","Bird",371,0.323652635979784,1.72642656771688
"clade1","Bird",372,0.152655675038127,0.885380787547325
"clade1","Bird",373,0.662907940590272,2.70686419042483
"clade1","Bird",374,0.192351980042083,1.0773024039268
"clade1","Bird",375,0.617102085635843,1.458178953672
"clade1","Bird",376,0.198181113691371,1.1248749402334
"clade1","Bird",377,0.277990885217023,1.51556506178683
"clade1","Bird",378,0.215574115759305,1.18658946999711
"clade1","Bird",379,0.219244226326123,1.21151273165288
"clade1","Bird",38,0.284595443980098,1.38105245766562
"clade1","Bird",380,0.279032905000516,1.4982150943046
"clade1","Bird",381,0.390594950969696,1.8488778897811
"clade1","Bird",382,0.212629578290244,1.18756282632629
"clade1","Bird",383,0.270019093748585,1.4494311327535
"clade1","Bird",384,0.278336951399086,1.48148097840854
"clade1","Bird",385,0.259147430538108,1.3866611914163
"clade1","Bird",386,0.179850190969364,0.984266687578941
"clade1","Bird",387,0.214644155425843,1.20277598332749
"clade1","Bird",388,0.292606460747857,1.48612250467794
"clade1","Bird",389,0.416308656892871,1.90533964882131
"clade1","Bird",39,0.195331063762241,1.10718623482681
"clade1","Bird",390,1.18046898682583,2.55989335903196
"clade1","Bird",391,1.07733458609718,2.77989855663726
"clade1","Bird",392,0.25573647790269,1.38581369458265
"clade1","Bird",393,0.354175820821324,1.73432762868067
"clade1","Bird",394,0.347733450635498,1.72123516975039
"clade1","Bird",395,0.280714164132823,1.4750250414487
"clade1","Bird",396,0.239827690178974,1.27675772649775
"clade1","Bird",397,0.221144606273002,1.18719091746475
"clade1","Bird",398,0.285386501697398,1.18809179901643
"clade1","Bird",399,0.25608362071879,1.18877468229187
"clade1","Bird",4,0.265734244818834,1.49729380130299
"clade1","Bird",40,0.18169966038988,1.01175274989362
"clade1","Bird",400,1.01041179172071,2.71805874767752
"clade1","Bird",401,0.230886819761647,1.24441383277121
"clade1","Bird",402,0.258139886126906,1.34388830942586
"clade1","Bird",403,0.647683418390687,1.38050074295217
"clade1","Bird",404,0.695616778709565,1.35055370411598
"clade1","Bird",405,0.21559273222845,1.18277249273889
"clade1","Bird",406,0.274811920464347,1.45696449856879
"clade1","Bird",407,0.19377153625151,1.09239514040069
"clade1","Bird",408,0.178492318432707,1.00719053213861
"clade1","Bird",409,0.724388555944216,1.34738699187701
"clade1","Bird",41,0.782752304377824,1.49267655203455
"clade1","Bird",410,0.282493485550362,1.52370160520969
"clade1","Bird",411,0.214663457406663,1.09430915479926
"clade1","Bird",412,0.160191958210032,0.934482339431339
"clade1","Bird",413,0.195082213859916,1.1260593062156
"clade1","Bird",414,0.169676109736679,0.971067648842422
"clade1","Bird",415,0.216368406079213,1.20922547641643
"clade1","Bird",416,0.177826741525336,0.839432867285501
"clade1","Bird",417,0.177451524228146,0.998414490838375
"clade1","Bird",418,0.181445269511274,1.01388458724967
"clade1","Bird",419,0.279498954444475,1.29955810634484
"clade1","Bird",42,0.224745633250984,1.20833595830973
"clade1","Bird",420,0.308195881728813,1.61631732871826
"clade1","Bird",421,0.196378744262903,1.10906250034502
"clade1","Bird",422,0.200892978414247,1.12115858175329
"clade1","Bird",423,0.423470859407541,1.94266744456204
"clade1","Bird",424,0.430849636806683,1.98540417185784
"clade1","Bird",425,0.242493246518453,1.3134612561147
"clade1","Bird",426,0.169749945994879,1.00149440348811
"clade1","Bird",427,0.184495156542246,1.05309101238018
"clade1","Bird",428,0.176740248075435,1.03038064191126
"clade1","Bird",429,0.250673025135346,1.36587261454382
"clade1","Bird",43,0.203495460927241,1.12054182654183
"clade1","Bird",430,0.199240088018824,1.12080308867521
"clade1","Bird",431,0.515235288751352,1.34075531029077
"clade1","Bird",432,0.226912605422041,1.26737066979413
"clade1","Bird",433,0.16843240601238,0.967731131461689
"clade1","Bird",434,0.249075607568292,1.1612413529872
"clade1","Bird",435,0.206851571704708,1.01370511435919
"clade1","Bird",436,1.17532635840814,3.06245095937828
"clade1","Bird",437,0.160532197552687,0.929289604344347
"clade1","Bird",438,0.922288105520884,1.6070234156099
"clade1","Bird",439,0.306509374776805,1.57197739756283
"clade1","Bird",44,0.593797287861611,1.34163940810919
"clade1","Bird",440,0.178642199093956,1.01621705657063
"clade1","Bird",441,0.274941444596281,1.4398874510289
"clade1","Bird",442,0.297348801712402,1.44557794128002
"clade1","Bird",443,0.269894751729336,1.40977208550424
"clade1","Bird",444,0.532572725309836,2.23659386315136
"clade1","Bird",445,0.330528005509858,1.70876388674292
"clade1","Bird",446,0.229730692622754,1.25993844480248
"clade1","Bird",447,0.172673625647096,0.958552030947379
"clade1","Bird",448,0.326880156891123,1.66071304633714
"clade1","Bird",449,0.24924250866391,1.34603967468843
"clade1","Bird",45,0.248571968586196,1.33774026756941
"clade1","Bird",450,0.185678796968063,1.06345324632326
"clade1","Bird",451,0.269405114457184,1.45091188228136
"clade1","Bird",452,0.988248938071196,2.85497292170101
"clade1","Bird",453,0.201934004959506,1.14970207958334
"clade1","Bird",454,0.20367293914734,1.16483408266561
"clade1","Bird",455,0.249993752474036,1.38792787730313
"clade1","Bird",456,0.205724748126724,1.15193729020226
"clade1","Bird",457,0.287803086650995,1.5333341533582
"clade1","Bird",458,0.191831750681875,1.08521827888945
"clade1","Bird",459,0.241269054309678,1.35652845010883
"clade1","Bird",46,0.502756064022815,1.4802004254773
"clade1","Bird",460,0.274169976766556,1.35413107003951
"clade1","Bird",461,0.196421281538053,1.09010751720394
"clade1","Bird",462,0.265292773667693,1.45459618406317
"clade1","Bird",463,0.255468412861647,1.38370313653933
"clade1","Bird",464,0.32437556796619,1.69141328066181
"clade1","Bird",465,0.723803348001051,1.71379747044471
"clade1","Bird",466,0.251210850013588,1.41857840868747
"clade1","Bird",467,0.355162814573826,1.74608517508226
"clade1","Bird",468,0.332799950665688,1.74166736985439
"clade1","Bird",469,0.270030891595814,1.46399798717321
"clade1","Bird",47,0.485982328667473,2.07447364480989
"clade1","Bird",470,0.286424568638563,1.51481038336338
"clade1","Bird",471,0.329861130205969,1.63555664451659
"clade1","Bird",472,0.225621583219917,1.23645464430199
"clade1","Bird",473,0.221673375691781,1.23638378739123
"clade1","Bird",474,0.653173317319872,1.59328481944972
"clade1","Bird",475,0.299373466771831,1.5293872370796
"clade1","Bird",476,0.238667787289858,1.32612008194649
"clade1","Bird",477,0.284566385210001,1.48371396952274
"clade1","Bird",478,0.296362930297598,1.52762928048927
"clade1","Bird",479,0.229632533910661,1.2601250037848
"clade1","Bird",48,0.6726262041476,2.59516626064534
"clade1","Bird",480,0.206099129488178,1.14886868334076
"clade1","Bird",481,0.292317619178352,1.56980542193155
"clade1","Bird",482,0.221686178466065,1.23034610490499
"clade1","Bird",483,0.288916647820554,1.54696065202263
"clade1","Bird",484,0.835167025516618,2.80690905597854
"clade1","Bird",485,0.283625122684907,1.4733619688941
"clade1","Bird",486,0.17914448765134,1.01931366354681
"clade1","Bird",487,0.309061549467741,1.49362792143865
"clade1","Bird",488,1.16888410136118,2.75977237789073
"clade1","Bird",489,0.133466813764729,0.805218110880601
"clade1","Bird",49,0.452753990696921,1.43136087348039
"clade1","Bird",490,0.264931908409546,1.42734639426552
"clade1","Bird",491,0.246179906617974,1.33442753757605
"clade1","Bird",492,0.147949014981883,0.840030224888606
"clade1","Bird",493,0.790002736982785,1.37577305329185
"clade1","Bird",494,0.106349425684568,0.631195100574913
"clade1","Bird",495,0.163560240058922,0.949699026245177
"clade1","Bird",496,1.19992565660849,3.24414836962557
"clade1","Bird",497,1.97540371577231,3.1480315486974
"clade1","Bird",498,0.230453828584468,1.2883481612261
"clade1","Bird",499,0.11752824590657,0.688232872959052
"clade1","Bird",5,0.294971009633304,1.63209292269609
"clade1","Bird",50,0.228893636258074,1.25819746350825
"clade1","Bird",500,0.171626899172958,0.990052515488242
"clade1","Bird",501,0.144687161996382,0.863348084313034
"clade1","Bird",51,0.684315381283583,2.45767654900986
"clade1","Bird",52,0.606527152325141,1.61865788392299
"clade1","Bird",53,0.324519609889367,1.66763991858851
"clade1","Bird",54,0.265527507560019,1.42308731013768
"clade1","Bird",55,0.486832748013192,2.02908975782334
"clade1","Bird",56,0.364197160828999,1.77293249592014
"clade1","Bird",57,0.296716864308291,1.59724768769956
"clade1","Bird",58,0.317478460068497,1.53639312135871
"clade1","Bird",59,0.28313693287405,1.52025952990767
"clade1","Bird",6,0.33730756513865,1.70243493406379
"clade1","Bird",60,0.203547263437836,1.13834448682472
"clade1","Bird",61,0.436788047692822,2.01243577445076
"clade1","Bird",62,0.861356919266421,2.10481875391639
"clade1","Bird",63,0.302649698683149,1.57015661456926
"clade1","Bird",64,0.716856828937157,1.88094475748072
"clade1","Bird",65,0.267370545940561,1.32297482769865
"clade1","Bird",66,0.754613691327022,1.65595448915939
"clade1","Bird",67,0.400047821580232,1.88909722260542
"clade1","Bird",68,0.836550789836172,2.83898478372665
"clade1","Bird",69,0.300414115000031,1.53898926815121
"clade1","Bird",7,0.668112854079278,1.91797148858992
"clade1","Bird",70,0.253928444644694,1.37792938012992
"clade1","Bird",71,0.774605165240578,2.69218583425658
"clade1","Bird",72,0.204342136693302,1.14765535358103
"clade1","Bird",73,0.807616582684748,2.56785560456386
"clade1","Bird",74,0.244150150716823,1.31728148403959
"clade1","Bird",75,0.221515221662042,1.23962118577172
"clade1","Bird",76,0.40115077876818,1.91640252677716
"clade1","Bird",77,0.970983420306837,2.85015738287557
"clade1","Bird",78,0.185765077109925,1.05440567601232
"clade1","Bird",79,0.38315322575286,1.81308698204484
"clade1","Bird",8,0.345271131080405,1.72081440759958
"clade1","Bird",80,0.278644049178676,1.4705098570111
"clade1","Bird",81,0.445484292347201,1.98744078991584
"clade1","Bird",82,0.244850859658208,1.32542871066014
"clade1","Bird",83,0.694438724718074,1.86060960103226
"clade1","Bird",84,0.325241603363886,1.55830717979243
"clade1","Bird",85,0.313116608101514,1.61456987048078
"clade1","Bird",86,0.370681409781611,1.75246980701999
"clade1","Bird",87,0.340997021712038,1.60744387278792
"clade1","Bird",88,0.773564014811743,2.67729514597091
"clade1","Bird",89,0.767877389330359,2.67377710147584
"clade1","Bird",9,0.185252815562628,1.05788167369294
"clade1","Bird",90,1.02863497351349,2.96396204942101
"clade1","Bird",91,0.236471422514062,1.28369421237396
"clade1","Bird",92,0.252748509210422,1.36723881312417
"clade1","Bird",93,0.923991305043335,2.84964912281323
"clade1","Bird",94,0.280299874446012,1.48211745423891
"clade1","Bird",95,0.297443418651223,1.53917840935025
"clade1","Bird",96,0.656303932023763,1.52232167510872
"clade1","Bird",97,0.934577202787303,2.94191794176705
"clade1","Bird",98,0.245300709947823,1.33504688185081
"clade1","Bird",99,0.219259532422257,1.20657089317072
"clade1","Human",1,0.352533960186559,1.83510097720258
"clade1","Human",10,0.280583718387977,1.53057469420342
"clade1","Human",100,0.228253804600485,1.24394754938827
"clade1","Human",101,0.221734432992925,1.22050644740824
"clade1","Human",102,0.224190548134162,1.23155328117691
"clade1","Human",103,0.254406447407883,1.3212288479766
"clade1","Human",104,0.233855954592095,1.27731774749108
"clade1","Human",105,0.236286941889525,1.29503864668625
"clade1","Human",106,0.302486473198489,1.56342774535715
"clade1","Human",107,0.255546090780532,1.35404466140598
"clade1","Human",108,0.261606089375915,1.42030090210107
"clade1","Human",109,0.271993353182237,1.4258918880884
"clade1","Human",11,0.227633051532018,1.25868772892829
"clade1","Human",110,0.274988840705993,1.45972143109963
"clade1","Human",111,0.182495479537403,1.06127915589481
"clade1","Human",112,0.376737082019267,1.80012708314981
"clade1","Human",113,0.361338504664741,1.78591369997506
"clade1","Human",114,0.33915378159927,1.69520462703784
"clade1","Human",115,0.2942958753489,1.5773648211865
"clade1","Human",116,0.17057355988951,0.934525850607549
"clade1","Human",117,0.385288172790665,1.84079339841703
"clade1","Human",118,0.461658917531978,2.04290918221093
"clade1","Human",119,0.281482287510845,1.51283950820698
"clade1","Human",12,0.79841467568315,1.70133122854447
"clade1","Human",120,0.680532895357381,2.31216277709405
"clade1","Human",121,0.211813542378979,1.19754369590584
"clade1","Human",122,0.582440448738257,1.97307688083374
"clade1","Human",123,0.731170514203033,2.10341860294904
"clade1","Human",124,0.577566636958653,2.22080480457121
"clade1","Human",125,0.380901382871184,1.82836065543633
"clade1","Human",126,0.424024821215314,1.72171775922347
"clade1","Human",127,0.163848586252081,0.977000345750518
"clade1","Human",128,0.46138282293112,2.02833974992407
"clade1","Human",129,0.380446273424573,1.56180147051161
"clade1","Human",13,0.268657080805426,1.48476781434421
"clade1","Human",130,0.282156584048272,1.48660394549351
"clade1","Human",131,1.12532505905368,2.17138118167628
"clade1","Human",132,1.04817875327016,2.84067334745718
"clade1","Human",133,0.270888788216006,1.3822274040506
"clade1","Human",134,0.226761680459337,1.21325367600123
"clade1","Human",135,0.457918586376801,2.04233045592161
"clade1","Human",136,0.580834417651986,2.25050892139515
"clade1","Human",137,0.276207914765969,1.38804356822898
"clade1","Human",138,0.534999551197084,2.21325702855372
"clade1","Human",139,0.338515050449208,1.72572772801316
"clade1","Human",14,0.22775082372309,1.36748685106287
"clade1","Human",140,1.19601549866064,2.92840579497943
"clade1","Human",141,0.300534798114124,1.57385255973924
"clade1","Human",142,0.279722748843479,1.4622094550945
"clade1","Human",143,0.274545579820518,1.47923084345834
"clade1","Human",144,0.292335356032634,1.51589244703922
"clade1","Human",145,0.254970908628899,1.40488125500431
"clade1","Human",146,0.700768477902884,2.58132247156629
"clade1","Human",147,0.289213882948286,1.55304934080924
"clade1","Human",148,0.282796658707515,1.34854646965042
"clade1","Human",149,1.05161296282503,2.65991618687536
"clade1","Human",15,0.645126925066235,1.98551982205689
"clade1","Human",150,0.451600699261538,1.96624607666229
"clade1","Human",151,0.86662166121173,1.78271480583669
"clade1","Human",152,0.27959026517723,1.4537678306356
"clade1","Human",153,0.278298614643568,1.37097914501864
"clade1","Human",154,0.280848572976296,1.46712386616035
"clade1","Human",155,0.307114428650548,1.57644984081523
"clade1","Human",156,0.236041540312711,1.16827696264134
"clade1","Human",157,0.653331516767927,1.6953070902347
"clade1","Human",158,0.332552607125908,1.63238336361408
"clade1","Human",159,0.429784799286039,1.83083826035707
"clade1","Human",16,0.472555279653956,2.05587591820535
"clade1","Human",160,0.5920233863144,2.04468715534129
"clade1","Human",161,0.563414519537092,2.14304601599259
"clade1","Human",162,0.722294438469157,2.52566409415574
"clade1","Human",163,0.362005515864741,1.73220062630486
"clade1","Human",164,0.321903700711105,1.64820422861793
"clade1","Human",165,0.583934341583568,1.77271585533115
"clade1","Human",166,0.641599271504943,2.05720548882934
"clade1","Human",167,0.569948694985324,2.22150144839572
"clade1","Human",168,1.06848021326632,2.70362736000703
"clade1","Human",169,0.244843316529067,1.22551486718964
"clade1","Human",17,0.258782702360291,1.42275272551644
"clade1","Human",170,0.199368837831488,0.893851678390287
"clade1","Human",171,0.364559269937956,1.73955560802161
"clade1","Human",172,1.21866140462637,2.84861192887066
"clade1","Human",173,0.215803857432289,1.24994813608992
"clade1","Human",174,0.251040133603886,1.35989820043382
"clade1","Human",175,0.418606455960689,1.89943730503824
"clade1","Human",176,1.05375209662994,2.45446081492571
"clade1","Human",177,0.403101605187569,1.73940232318705
"clade1","Human",178,0.288944423188123,1.257579178301
"clade1","Human",179,0.514040005801493,2.02252819365651
"clade1","Human",18,0.279274467150578,1.52815833755177
"clade1","Human",180,0.196046684599105,1.10446340285638
"clade1","Human",181,0.357458265251084,1.73292768775547
"clade1","Human",182,0.933840689251765,2.8189629858365
"clade1","Human",183,0.262811307491768,1.32676088378695
"clade1","Human",184,0.187237074032657,1.08776477733762
"clade1","Human",185,0.454812073071882,2.00395878774633
"clade1","Human",186,0.294501474897816,1.34128740767116
"clade1","Human",187,0.299603029427517,1.31178221260222
"clade1","Human",188,0.700730507512253,1.55207012317973
"clade1","Human",189,0.399548988113761,1.83678639072864
"clade1","Human",19,0.294574990073456,1.54915010034609
"clade1","Human",190,0.216029312641896,1.20319368536229
"clade1","Human",191,0.526376156837406,2.16615530427129
"clade1","Human",192,0.213223268430743,1.18337037202316
"clade1","Human",193,0.291036651522071,1.50307579928862
"clade1","Human",194,0.263404991184874,1.3686355916263
"clade1","Human",195,0.239130123867605,1.29915746695224
"clade1","Human",196,0.85493451016893,2.65277226525528
"clade1","Human",197,0.905098106923257,2.86582183115916
"clade1","Human",198,0.444829904242024,2.01472898965693
"clade1","Human",199,0.999412500910558,2.71867201019461
"clade1","Human",2,0.306077270217216,1.54995754336114
"clade1","Human",20,0.2131008406359,1.18493364227842
"clade1","Human",200,0.492257478135691,2.08481870628579
"clade1","Human",201,0.540389962995255,1.63249971187953
"clade1","Human",202,0.285043246583223,1.46974794554118
"clade1","Human",203,0.342379492752516,1.72005271876197
"clade1","Human",204,0.2937543776339,1.48174947768833
"clade1","Human",205,0.453447889855755,1.97843804247348
"clade1","Human",206,0.279092505120288,1.43604582957548
"clade1","Human",207,0.439421829503962,1.99759114139916
"clade1","Human",208,0.631607212893505,2.10394761341604
"clade1","Human",209,0.403928018385408,1.86419263925749
"clade1","Human",21,0.361561500974607,1.36529379738924
"clade1","Human",210,0.877308576844905,2.56491490320819
"clade1","Human",211,0.278685926337188,1.49146068849187
"clade1","Human",212,0.423211563486666,2.02176062029845
"clade1","Human",213,0.316485744873948,1.64958356331257
"clade1","Human",214,0.374638396656899,1.75500743586662
"clade1","Human",215,0.35953895791214,1.71016104828267
"clade1","Human",216,0.487932625985118,2.06294940728661
"clade1","Human",217,0.155361413055113,0.929474644460549
"clade1","Human",218,0.279406055302477,1.48825760770764
"clade1","Human",219,0.620392670380721,2.37018901315099
"clade1","Human",22,0.367604935230688,1.75104289233635
"clade1","Human",220,0.174908268125723,0.979055308336094
"clade1","Human",221,0.209862821976295,1.19600941757865
"clade1","Human",222,0.868138216127814,2.63266247114703
"clade1","Human",223,0.183067144443601,1.02103455492059
"clade1","Human",224,0.188468567927969,1.08607540365926
"clade1","Human",225,0.335319800341792,1.64514747375361
"clade1","Human",226,0.872993731983619,2.55792797033638
"clade1","Human",227,0.508983155528344,2.15586709021167
"clade1","Human",228,0.806909375630049,2.43357711399759
"clade1","Human",229,0.986937217817574,2.61682679744507
"clade1","Human",23,0.319924053195049,1.58592458136347
"clade1","Human",230,0.465267382986978,2.01147347688997
"clade1","Human",231,0.595800842981664,2.25663926200158
"clade1","Human",232,0.745449392501481,2.31048358092603
"clade1","Human",233,0.339278151870607,1.7971049391301
"clade1","Human",234,0.356440454806541,1.70762603945223
"clade1","Human",235,0.503434321931531,2.10263620912678
"clade1","Human",236,0.549601891490923,2.24774046728378
"clade1","Human",237,0.579414212656782,2.23493359481084
"clade1","Human",238,0.572802398564352,1.63668119571961
"clade1","Human",239,0.311721359596626,1.6461817952189
"clade1","Human",24,0.278099859784901,1.49277493532927
"clade1","Human",240,0.319662134578518,1.36310046690743
"clade1","Human",241,0.359476012089425,1.91973035929579
"clade1","Human",242,0.339785863032429,1.80027859561455
"clade1","Human",243,0.390103212594574,1.84659495248837
"clade1","Human",244,0.422938918698693,1.9029831994878
"clade1","Human",245,1.06597901374033,1.80715171157899
"clade1","Human",246,0.214086036532071,1.19427482418695
"clade1","Human",247,0.271921749174646,1.45937159322594
"clade1","Human",248,0.405276804867395,1.86061013539156
"clade1","Human",249,0.245339259088812,1.33350401043291
"clade1","Human",25,0.231929750554192,1.28395741168962
"clade1","Human",250,0.296679063110842,1.54159257847152
"clade1","Human",251,0.547508733342927,2.18639980653631
"clade1","Human",252,0.28900019154564,1.54121727511478
"clade1","Human",253,0.874349980337207,2.69545641833366
"clade1","Human",254,0.406660644422804,1.90563667322417
"clade1","Human",255,0.293913673729001,1.52963754737811
"clade1","Human",256,0.256134241956921,1.38824813541951
"clade1","Human",257,0.365658786414742,1.77324973997174
"clade1","Human",258,0.320981148987193,1.61817706643613
"clade1","Human",259,0.418549868062355,1.96772290987066
"clade1","Human",26,0.314105281149894,1.59217388549984
"clade1","Human",260,0.188662195172799,1.08628649366034
"clade1","Human",261,0.274996186455194,1.22574694599418
"clade1","Human",262,0.275966530387524,1.49142036213843
"clade1","Human",263,0.314312336904662,1.60964816473507
"clade1","Human",264,0.368798903651413,1.75125523806229
"clade1","Human",265,0.277207001669796,1.45573486800909
"clade1","Human",266,0.275412499483534,1.44622287923041
"clade1","Human",267,0.342263260505687,1.68469787006671
"clade1","Human",268,0.251442758919482,1.34161004098337
"clade1","Human",269,0.265358802162565,1.39253790714162
"clade1","Human",27,0.281378665551847,1.48647504949407
"clade1","Human",270,0.278389249533142,1.40187222914708
"clade1","Human",271,0.914445127644477,1.79791299358747
"clade1","Human",272,0.329299685735448,1.63388199046161
"clade1","Human",273,0.380305339966346,1.72097316468184
"clade1","Human",274,0.765183231007575,1.88105929505922
"clade1","Human",275,0.315851752697055,1.46600618274911
"clade1","Human",276,0.385560950490721,1.77989229327869
"clade1","Human",277,0.757047387992101,2.57108163704072
"clade1","Human",279,0.292900059648055,1.45228336646676
"clade1","Human",28,0.426511853481164,1.92035490702003
"clade1","Human",280,0.397886868212298,1.73948470268756
"clade1","Human",281,0.427748766180398,1.99360693246282
"clade1","Human",282,0.668947619240867,2.40222578699897
"clade1","Human",283,0.356871742142555,1.77105702018196
"clade1","Human",284,0.204400770679115,1.13428402098139
"clade1","Human",285,0.356150903821897,1.73127048501253
"clade1","Human",286,0.275741853589706,1.44459891445187
"clade1","Human",287,0.304800341253546,1.59733884547036
"clade1","Human",288,0.206169313387052,1.16449169054675
"clade1","Human",289,0.419143698659712,1.94775045646014
"clade1","Human",29,0.395973723231314,1.84292688762362
"clade1","Human",290,0.849482944970334,2.16216494185559
"clade1","Human",291,0.287577078271709,1.52502591941868
"clade1","Human",292,0.320172717240283,1.6146959191606
"clade1","Human",293,0.531119044316679,1.7233200022052
"clade1","Human",294,0.34680495245742,1.75205526997071
"clade1","Human",295,0.335477009208155,1.6861890309918
"clade1","Human",296,1.00205919314608,2.74869331722224
"clade1","Human",297,0.324959474507271,1.64378771461873
"clade1","Human",298,0.284679845015811,1.49158085797259
"clade1","Human",299,0.23554801236612,1.27294674202045
"clade1","Human",3,0.309852577714041,1.69634103695232
"clade1","Human",30,0.184182154913587,1.03340346612841
"clade1","Human",300,0.294039078731852,1.49604364755604
"clade1","Human",301,0.256911320938754,1.3457737084133
"clade1","Human",302,0.291435050413308,1.49704880799489
"clade1","Human",303,0.259641760857706,1.31922190361837
"clade1","Human",304,1.56946021154464,3.016182215435
"clade1","Human",305,0.253476562297744,1.33239791895601
"clade1","Human",306,1.16297004295279,2.98492973954397
"clade1","Human",307,0.696636629352374,1.64233069702871
"clade1","Human",308,1.41180711291911,2.90551764677883
"clade1","Human",309,0.270060617236505,1.41142905316157
"clade1","Human",31,0.838453048961129,2.73769638664023
"clade1","Human",310,1.17809510902571,2.70639764506438
"clade1","Human",311,0.424651224515541,1.77673797439954
"clade1","Human",312,0.791240828397415,2.60115938636796
"clade1","Human",313,0.412717299924015,1.81993903479178
"clade1","Human",314,0.797639045705278,2.56931765507828
"clade1","Human",315,0.409574983034246,1.9622937644503
"clade1","Human",316,0.27537136614546,1.39709245250542
"clade1","Human",317,0.39572371922232,1.87582538200739
"clade1","Human",318,0.24626864867815,1.35721693550607
"clade1","Human",319,0.441549056062377,1.94299851533951
"clade1","Human",32,0.23209350242757,1.29185553405103
"clade1","Human",320,0.382990489424661,1.79999618168298
"clade1","Human",321,0.257706302386975,1.40033691803866
"clade1","Human",322,0.25251680017177,1.39679392670164
"clade1","Human",323,0.377375988764335,1.82903211139725
"clade1","Human",324,0.280899251153363,1.53411141807598
"clade1","Human",325,0.922320525116538,1.83379219764019
"clade1","Human",326,0.354203845268465,1.71067433143329
"clade1","Human",327,0.393151160269649,1.96931659074548
"clade1","Human",328,0.703563421322016,1.89853822666326
"clade1","Human",329,0.242318480061988,1.34457829839844
"clade1","Human",33,0.380212895854792,1.83793769840254
"clade1","Human",330,0.627975604107206,1.70653589244077
"clade1","Human",331,0.290682668506063,1.53193126548369
"clade1","Human",332,0.853656825273921,1.96729996587089
"clade1","Human",333,0.266309365164154,1.42804895467029
"clade1","Human",334,0.508778726895565,2.0953695690658
"clade1","Human",335,0.211130710632002,1.19711768244009
"clade1","Human",336,0.265433015317584,1.4364875832404
"clade1","Human",337,0.317964541382124,1.65320765665026
"clade1","Human",338,0.791049838040351,2.83746882194411
"clade1","Human",339,0.437297107308706,1.99735310910735
"clade1","Human",34,0.405461341923972,1.79280750503959
"clade1","Human",340,0.348408391393148,1.7577334017691
"clade1","Human",341,0.657505295348752,1.99664026486666
"clade1","Human",342,0.370784901932244,1.81305938119073
"clade1","Human",343,0.478585247255934,2.05872877168973
"clade1","Human",344,0.526171744351306,2.17244440695849
"clade1","Human",345,0.410971560377765,1.79409699495475
"clade1","Human",346,0.383271880546943,1.8290370051972
"clade1","Human",347,0.464029919393143,1.96961542442332
"clade1","Human",348,0.476677273983927,2.05496851741061
"clade1","Human",349,0.866786984949402,2.1528420916873
"clade1","Human",35,1.03454372577097,2.89292571937928
"clade1","Human",350,0.524627109342618,2.17977442703522
"clade1","Human",351,0.304201663066376,1.58891207925331
"clade1","Human",352,0.553703557299394,2.27783944248012
"clade1","Human",353,0.239152417067971,1.311303775434
"clade1","Human",354,0.369135186930477,1.75261333031057
"clade1","Human",355,0.305213580009637,1.5403169686318
"clade1","Human",356,0.274243644086812,1.42879982873487
"clade1","Human",357,0.264032630908197,1.43422808383481
"clade1","Human",358,0.418987589783495,1.89563989582798
"clade1","Human",359,0.560606207537971,2.26414779522396
"clade1","Human",36,0.749559535978733,1.81005283099849
"clade1","Human",360,0.252639866709063,1.3817804264866
"clade1","Human",361,0.21678826400023,1.17564290688181
"clade1","Human",362,0.293054705749362,1.41214589301166
"clade1","Human",363,0.741088619941927,2.42128322056904
"clade1","Human",364,1.00066068599028,2.57546979543872
"clade1","Human",365,0.981653430948004,2.70636966920139
"clade1","Human",366,0.731676283532887,2.07193036435389
"clade1","Human",367,0.506363753267796,2.13030379900152
"clade1","Human",368,0.611495323990308,2.32008063277187
"clade1","Human",369,0.717828599469369,2.03835809979822
"clade1","Human",37,0.530106559383464,2.13539208342908
"clade1","Human",370,0.508836694885808,2.11103069666763
"clade1","Human",371,0.401801830888671,1.95127888867802
"clade1","Human",372,0.166308634623949,0.949676215264502
"clade1","Human",373,0.72980956371005,2.73507735463339
"clade1","Human",374,0.1895389667333,1.05477363445114
"clade1","Human",375,0.676105222481432,1.68723551255267
"clade1","Human",376,0.195956724541337,1.10284960136425
"clade1","Human",377,0.238217327529315,1.30303384788554
"clade1","Human",378,0.202258271350457,1.11951101947212
"clade1","Human",379,0.227978599977936,1.24166475365154
"clade1","Human",38,0.297633195636736,1.4043508925745
"clade1","Human",380,0.196315702050703,1.12308266909957
"clade1","Human",381,0.398184460026436,1.84808809201358
"clade1","Human",382,0.254173738913197,1.39009981850711
"clade1","Human",383,0.31241593250516,1.56671657431607
"clade1","Human",384,0.350945822495499,1.78969500935972
"clade1","Human",385,0.277440264558594,1.44616934208155
"clade1","Human",386,0.186037078256345,1.05328960840119
"clade1","Human",387,0.204704030401542,1.15711611434314
"clade1","Human",388,0.391869505496122,1.80345875455305
"clade1","Human",389,0.576757259876319,2.24796986185704
"clade1","Human",39,0.194278745015473,1.09651953769085
"clade1","Human",390,0.933023515583367,2.57079004714756
"clade1","Human",391,1.28154087651353,2.82898414337996
"clade1","Human",392,0.377640797216038,1.78817595287993
"clade1","Human",393,0.449761651965928,1.98886885924193
"clade1","Human",394,0.467133683570662,2.017532860056
"clade1","Human",395,0.423660506268796,1.94063962460176
"clade1","Human",396,0.248192444696193,1.31444866674704
"clade1","Human",397,0.219835106588292,1.17842890772824
"clade1","Human",398,0.336657735595109,1.43912861288779
"clade1","Human",399,0.288923964822501,1.39993362508348
"clade1","Human",4,0.281915350993447,1.55518107262686
"clade1","Human",40,0.165821051522744,0.9156299692514
"clade1","Human",400,0.932632637105828,2.52070301056158
"clade1","Human",401,0.201768967633574,1.11934912695111
"clade1","Human",402,0.265807328109579,1.37892524177422
"clade1","Human",403,0.57440068308913,1.4184947075048
"clade1","Human",404,0.689641645203497,1.33965740556003
"clade1","Human",405,0.206211441016324,1.14446430105323
"clade1","Human",406,0.293450645788951,1.51063314557475
"clade1","Human",407,0.177858560984267,1.01128822159462
"clade1","Human",408,0.194182292717891,1.09815839918348
"clade1","Human",409,0.587057886203987,1.22822567853241
"clade1","Human",41,0.862730414567669,1.82256575363034
"clade1","Human",410,0.295333013270553,1.57613012402103
"clade1","Human",411,0.198679952514393,1.01831635854565
"clade1","Human",412,0.174239315262789,1.00391172786626
"clade1","Human",413,0.222335353061543,1.24550904818786
"clade1","Human",414,0.140429584635956,0.824990644984852
"clade1","Human",415,0.214479424905443,1.21004119953687
"clade1","Human",416,0.220452600635963,1.13648572030017
"clade1","Human",417,0.166014461156832,0.942778778810309
"clade1","Human",418,0.18576348713256,1.03569343588029
"clade1","Human",419,0.328510602809254,1.5077223763306
"clade1","Human",42,0.218283075262883,1.17318494600282
"clade1","Human",420,0.27357716760291,1.46193738823241
"clade1","Human",421,0.162060336754833,0.935751243989919
"clade1","Human",422,0.164703913300514,0.960257642493301
"clade1","Human",423,0.457019184601406,2.01451065125569
"clade1","Human",424,0.350059341996556,1.70450395410872
"clade1","Human",425,0.198104127679588,1.11821855979711
"clade1","Human",426,0.159661762762294,0.934406364820837
"clade1","Human",427,0.192440231743714,1.10173554865337
"clade1","Human",428,0.18423547822295,1.06884941572426
"clade1","Human",429,0.237122220846746,1.29497860693892
"clade1","Human",43,0.239674973426956,1.29795197537419
"clade1","Human",430,0.173132328768206,0.995642962412197
"clade1","Human",431,0.56636164839171,1.43218296418667
"clade1","Human",432,0.228474352777791,1.24679006654079
"clade1","Human",433,0.145840899460428,0.837357821232626
"clade1","Human",434,0.243588640774918,1.14483869784714
"clade1","Human",435,0.240931933277714,1.1280237174951
"clade1","Human",436,1.28680934276397,3.05578462747433
"clade1","Human",437,0.153946419756749,0.87509056155608
"clade1","Human",438,0.767327366298281,1.53287962511633
"clade1","Human",439,0.249910960999585,1.31607850057867
"clade1","Human",44,0.656031191010699,1.77761057302236
"clade1","Human",440,0.234633243755935,1.23164515510159
"clade1","Human",441,0.239481020178973,1.31264895487355
"clade1","Human",442,0.265691978368379,1.33030876484818
"clade1","Human",443,0.221215525298925,1.20449990741267
"clade1","Human",444,0.559392061939179,2.25851313599883
"clade1","Human",445,0.243683613679199,1.3356554317379
"clade1","Human",446,0.197379018171083,1.09016287065573
"clade1","Human",447,0.188879573835335,1.07422003064305
"clade1","Human",448,0.330519318021421,1.66234650793318
"clade1","Human",449,0.20545894590892,1.14157696648823
"clade1","Human",45,0.358633672910877,1.73280966791811
"clade1","Human",450,0.218249992849381,1.21551205887047
"clade1","Human",451,0.242209245040841,1.29391070158593
"clade1","Human",452,1.00199561041093,2.83110471658209
"clade1","Human",453,0.175265052800468,1.00402804239154
"clade1","Human",454,0.234825202936561,1.28930524426591
"clade1","Human",455,0.234581207414026,1.26406902824568
"clade1","Human",456,0.212150675590668,1.16916643675342
"clade1","Human",457,0.236075731562784,1.28645875459406
"clade1","Human",458,0.190827823162337,1.07046455627982
"clade1","Human",459,0.21865199721581,1.22649928923686
"clade1","Human",46,0.656397601403953,2.03022852153545
"clade1","Human",460,0.266356965380118,1.36631977944553
"clade1","Human",461,0.185479678059677,1.03393763251779
"clade1","Human",462,0.269096864783324,1.43132035372933
"clade1","Human",463,0.375089459409848,1.84189421090733
"clade1","Human",464,0.29617284472705,1.53924366105251
"clade1","Human",465,0.688224617002089,1.80821413920013
"clade1","Human",466,0.237157742429744,1.34331856378857
"clade1","Human",467,0.337161025242484,1.59926055230363
"clade1","Human",468,0.288829472937777,1.56121352470856
"clade1","Human",469,0.368400751626418,1.8551329706656
"clade1","Human",47,0.478250511484621,2.06347841810644
"clade1","Human",470,0.329585344684404,1.69035618477429
"clade1","Human",471,0.336605534621245,1.67863542104558
"clade1","Human",472,0.233725609254318,1.22192982008164
"clade1","Human",473,0.194892016290293,1.11481659399297
"clade1","Human",474,0.641753690556565,1.46585507828351
"clade1","Human",475,0.287415375023255,1.47059058861141
"clade1","Human",476,0.247428287827505,1.33358032629045
"clade1","Human",477,0.322523488472781,1.62420350449329
"clade1","Human",478,0.327563640574513,1.62672675418736
"clade1","Human",479,0.238801415439674,1.24662477683411
"clade1","Human",48,0.763427415368027,2.56739348687464
"clade1","Human",480,0.261694084556017,1.38377150551577
"clade1","Human",481,0.292196146842237,1.55832227232658
"clade1","Human",482,0.260933274481753,1.42738721712641
"clade1","Human",483,0.323319979254828,1.65250028808155
"clade1","Human",484,0.796619194842612,2.70488334238881
"clade1","Human",485,0.288611300727209,1.44264140297519
"clade1","Human",486,0.205535736078884,1.16098545486294
"clade1","Human",487,0.409035137566835,1.86998807608372
"clade1","Human",488,1.04909647223137,2.66757984212476
"clade1","Human",489,0.138562738946784,0.836705132703955
"clade1","Human",49,0.565203188504793,2.10092525904734
"clade1","Human",490,0.322519887082579,1.65245302754369
"clade1","Human",491,0.262845968232206,1.42198939316515
"clade1","Human",492,0.166300665339229,0.949261457542614
"clade1","Human",493,0.513347877161558,1.43137919255995
"clade1","Human",494,0.14610504433567,0.853532523232036
"clade1","Human",495,0.138747737984743,0.816525851389452
"clade1","Human",496,1.09008739109297,3.17325411223359
"clade1","Human",497,1.2556462017257,2.99187014339844
"clade1","Human",498,0.247464232746468,1.33440634375973
"clade1","Human",499,0.109711157403318,0.663767693342373
"clade1","Human",5,0.32147930661263,1.71905289068649
"clade1","Human",50,0.313320328367513,1.60504420450481
"clade1","Human",500,0.213140682226816,1.17084300565068
"clade1","Human",501,0.121283109937766,0.72662165514999
"clade1","Human",51,0.839829968776394,2.49396868705034
"clade1","Human",52,0.783220169119837,1.80135364566825
"clade1","Human",53,0.365160700355524,1.79198916489234
"clade1","Human",54,0.255478026432086,1.38371043771316
"clade1","Human",55,0.381862106151509,1.70097393603372
"clade1","Human",56,0.349935925750757,1.70407161486222
"clade1","Human",57,0.260989035014658,1.40597276038466
"clade1","Human",58,0.374097993227925,1.7682475377415
"clade1","Human",59,0.332833606525462,1.64983907578623
"clade1","Human",6,0.327729874445548,1.6566991833874
"clade1","Human",60,0.210947292740043,1.17492265282907
"clade1","Human",61,0.450413022603396,1.99003101186802
"clade1","Human",62,0.54545246380798,1.7440687626888
"clade1","Human",63,0.329665515885069,1.66053003211693
"clade1","Human",64,0.723637530841967,2.10076704497833
"clade1","Human",65,0.283258227538791,1.3048575301516
"clade1","Human",66,0.969634769043951,1.83298085729467
"clade1","Human",67,0.352859562212375,1.72111921104981
"clade1","Human",68,0.944041415850655,2.88344210298238
"clade1","Human",69,0.42413479146835,1.91491904284198
"clade1","Human",7,0.620989733889553,1.9304991522971
"clade1","Human",70,0.337495016934147,1.70080493580815
"clade1","Human",71,0.837297329247661,2.63160571854224
"clade1","Human",72,0.231639393156724,1.24472793926368
"clade1","Human",73,0.924847960814172,2.58375887039884
"clade1","Human",74,0.243817514827555,1.32240677502199
"clade1","Human",75,0.212188204109132,1.17886415034877
"clade1","Human",76,0.360905753769051,1.76129543832572
"clade1","Human",77,0.962975169986527,2.81320509698596
"clade1","Human",78,0.202358753233953,1.11566861555588
"clade1","Human",79,0.451269826521986,1.97505517977498
"clade1","Human",8,0.413604165836195,1.87682197236091
"clade1","Human",80,0.359108945585494,1.71097462960187
"clade1","Human",81,0.445258136066468,1.98942383527812
"clade1","Human",82,0.294704469685332,1.52100077735312
"clade1","Human",83,0.612499613226112,1.78715770867466
"clade1","Human",84,0.450050816943683,1.91443616252337
"clade1","Human",85,0.375810686063726,1.78999161340043
"clade1","Human",86,0.532081620048891,2.17515068596799
"clade1","Human",87,0.301153589744084,1.44963754443514
"clade1","Human",88,0.785326595731142,2.6358897332404
"clade1","Human",89,0.834439726585139,2.59621827696015
"clade1","Human",9,0.180798337323835,1.05151760982677
"clade1","Human",90,0.643368106403854,2.56657410469058
"clade1","Human",91,0.29251427302127,1.50076406633311
"clade1","Human",92,0.257272869833631,1.36234475419824
"clade1","Human",93,1.03041273890288,2.8225552102343
"clade1","Human",94,0.408021405507192,1.99254309560209
"clade1","Human",95,0.303332213164636,1.5327162476748
"clade1","Human",96,1.11771393701474,1.88537362455997
"clade1","Human",97,1.2806979858124,3.04181161941701
"clade1","Human",98,0.243381110449778,1.30988120420602
"clade1","Human",99,0.212505368863997,1.16758626444413
"clade1","Mosquito",1,0.432743803955,2.02231236471145
"clade1","Mosquito",10,0.339317033547797,1.71676957362447
"clade1","Mosquito",100,0.273733933574688,1.42026179877483
"clade1","Mosquito",101,0.285104402225364,1.45863215124942
"clade1","Mosquito",102,0.300650186710612,1.51476066155302
"clade1","Mosquito",103,0.327905181776901,1.55705883124238
"clade1","Mosquito",104,0.298274207925937,1.50362854709428
"clade1","Mosquito",105,0.304389897323807,1.52510064723806
"clade1","Mosquito",106,0.386563925823405,1.81828560708458
"clade1","Mosquito",107,0.325544300207004,1.60770856189364
"clade1","Mosquito",108,0.321810986419581,1.61471846506473
"clade1","Mosquito",109,0.351552338895784,1.67708932785116
"clade1","Mosquito",11,0.333714415778963,1.67767258790861
"clade1","Mosquito",110,0.338592392644762,1.66476539260943
"clade1","Mosquito",111,0.247723597902153,1.3131687358419
"clade1","Mosquito",112,0.458219581135256,1.98259381401861
"clade1","Mosquito",113,0.482099111599135,2.10123146931545
"clade1","Mosquito",114,0.351495527060975,1.69316029053951
"clade1","Mosquito",115,0.368464932000551,1.80207734602513
"clade1","Mosquito",116,0.23321003857949,1.18910870259729
"clade1","Mosquito",117,0.445351004105322,1.97877442872605
"clade1","Mosquito",118,0.528610464696764,2.14444323070298
"clade1","Mosquito",119,0.345960971953709,1.71489689617231
"clade1","Mosquito",12,0.627821815982875,1.73469275330662
"clade1","Mosquito",120,0.724151262078682,2.27873835197783
"clade1","Mosquito",121,0.279061479926869,1.44627332760203
"clade1","Mosquito",122,0.684024683556369,2.08691295947459
"clade1","Mosquito",123,0.70530222654115,2.14138605368677
"clade1","Mosquito",124,0.648921884907015,2.32854780109807
"clade1","Mosquito",125,0.41604109738613,1.90241857440012
"clade1","Mosquito",126,0.423523720849205,1.72946705021693
"clade1","Mosquito",127,0.247860610720032,1.29735778809638
"clade1","Mosquito",128,0.563521991897107,2.23606146934874
"clade1","Mosquito",129,0.446896653781798,1.88062394260387
"clade1","Mosquito",13,0.337763067335084,1.68916446854564
"clade1","Mosquito",130,0.352790199466676,1.69500055807369
"clade1","Mosquito",131,0.700008879911133,2.04344303970786
"clade1","Mosquito",132,1.09402206575154,2.76894923386804
"clade1","Mosquito",133,0.393145041649905,1.79515232016075
"clade1","Mosquito",134,0.367098146695536,1.6514840563851
"clade1","Mosquito",135,0.434840391574427,1.92654201949106
"clade1","Mosquito",136,0.641445593650588,2.33000018387047
"clade1","Mosquito",137,0.318648215352681,1.49761043679655
"clade1","Mosquito",138,0.430923515838117,1.92889573963458
"clade1","Mosquito",139,0.348649971241715,1.69351931329025
"clade1","Mosquito",14,0.292151369841968,1.56929251931908
"clade1","Mosquito",140,1.1076914171717,2.80512781158914
"clade1","Mosquito",141,0.273025395110269,1.43927287295007
"clade1","Mosquito",142,0.579103765877917,2.24351990722456
"clade1","Mosquito",143,0.319013124924023,1.5870211527523
"clade1","Mosquito",144,0.340943671556846,1.66837342897053
"clade1","Mosquito",145,0.36198880038934,1.79077932894261
"clade1","Mosquito",146,0.756721245185158,2.49527696657824
"clade1","Mosquito",147,0.357392553205917,1.73481018023213
"clade1","Mosquito",148,0.331276255540737,1.5409175415707
"clade1","Mosquito",149,1.20603864733231,2.76354718849613
"clade1","Mosquito",15,0.667900908141555,2.05797457238526
"clade1","Mosquito",150,0.398129799058291,1.82094621875198
"clade1","Mosquito",151,0.832586832832757,2.07967261428748
"clade1","Mosquito",152,0.463344505944034,1.98795387646976
"clade1","Mosquito",153,0.531777107665487,2.14235835016717
"clade1","Mosquito",154,0.624325939407691,2.3352331150358
"clade1","Mosquito",155,0.589324903685308,2.24109653768734
"clade1","Mosquito",156,0.610113540317315,2.24008182521029
"clade1","Mosquito",157,0.732731881645672,2.04566143833827
"clade1","Mosquito",158,0.533966738893782,2.14312231827447
"clade1","Mosquito",159,0.516148294586065,2.0418531394966
"clade1","Mosquito",16,0.504612685866949,2.09622090630669
"clade1","Mosquito",160,0.624616096634929,2.22913168820453
"clade1","Mosquito",161,0.618532280800154,2.19155415866785
"clade1","Mosquito",162,0.875586256016203,2.57030570696987
"clade1","Mosquito",163,0.600199416864898,2.25910443938081
"clade1","Mosquito",164,0.497902681157321,2.09018933023188
"clade1","Mosquito",165,0.704083846794973,1.94694339967961
"clade1","Mosquito",166,0.877987906619109,2.34617659456231
"clade1","Mosquito",167,0.528735709062622,2.11810877142309
"clade1","Mosquito",168,0.992661871546211,2.6225227907903
"clade1","Mosquito",169,0.326713620400655,1.34098849750192
"clade1","Mosquito",17,0.30873211550338,1.57873611354226
"clade1","Mosquito",170,0.312634730466494,1.47867880281689
"clade1","Mosquito",171,0.497649865383865,2.0375408182263
"clade1","Mosquito",172,0.988643923593266,2.69036870654026
"clade1","Mosquito",173,0.316024122760958,1.55996719494148
"clade1","Mosquito",174,0.316837388223302,1.58772351192095
"clade1","Mosquito",175,0.525392770554766,2.15192415355924
"clade1","Mosquito",176,0.984102355410129,2.44889658602583
"clade1","Mosquito",177,0.375529181711676,1.67249190234191
"clade1","Mosquito",178,0.300771293147478,1.44051841633314
"clade1","Mosquito",179,0.546395975336828,2.07419901371631
"clade1","Mosquito",18,0.36584435516883,1.78691203816836
"clade1","Mosquito",180,0.259419890580467,1.34011365006825
"clade1","Mosquito",181,0.402302246310038,1.84189716582602
"clade1","Mosquito",182,0.875217134408217,2.68439160271831
"clade1","Mosquito",183,0.296524131879199,1.44516729800591
"clade1","Mosquito",184,0.225397578130011,1.24582684321852
"clade1","Mosquito",185,0.398220532075352,1.81459051316867
"clade1","Mosquito",186,0.306673544570555,1.3873165582041
"clade1","Mosquito",187,0.361841281607329,1.54634042402453
"clade1","Mosquito",188,0.565421964209338,1.45885273722204
"clade1","Mosquito",189,0.417627369376751,1.88960600920081
"clade1","Mosquito",19,0.365013802524779,1.75798113192628
"clade1","Mosquito",190,0.263137945553895,1.37780712967232
"clade1","Mosquito",191,0.517118084014704,2.11444778252658
"clade1","Mosquito",192,0.296753571179249,1.51948766658097
"clade1","Mosquito",193,0.441666816789316,1.89390612014293
"clade1","Mosquito",194,0.337702202228868,1.63425536815987
"clade1","Mosquito",195,0.323505919532718,1.58628969780471
"clade1","Mosquito",196,0.939067680376153,2.52250884968988
"clade1","Mosquito",197,0.839157317772523,2.68836984715881
"clade1","Mosquito",198,0.549315452233114,2.16760842109185
"clade1","Mosquito",199,0.83154974636351,2.5703144099712
"clade1","Mosquito",2,0.457950464578541,1.94205774524973
"clade1","Mosquito",20,0.276376540739095,1.42133013941946
"clade1","Mosquito",200,0.566888452798104,2.19840500154251
"clade1","Mosquito",201,0.746753113618983,2.08277544737122
"clade1","Mosquito",202,0.464035769144229,2.01154194841592
"clade1","Mosquito",203,0.401508761087226,1.84752181627774
"clade1","Mosquito",204,0.373224293340104,1.72076177770308
"clade1","Mosquito",205,0.483123137172668,2.0371334633421
"clade1","Mosquito",206,0.346581477521518,1.64755614900589
"clade1","Mosquito",207,0.429259470680679,1.92141802713383
"clade1","Mosquito",208,0.763098557505649,2.2536827998887
"clade1","Mosquito",209,0.40232297300262,1.82747924253346
"clade1","Mosquito",21,0.373386609412092,1.60642328756351
"clade1","Mosquito",210,0.821006243725174,2.49933342162291
"clade1","Mosquito",211,0.408432586544013,1.90470875339364
"clade1","Mosquito",212,0.452264623310702,2.00978264498634
"clade1","Mosquito",213,0.341313114658056,1.6864285392666
"clade1","Mosquito",214,0.58182231439688,2.221175437984
"clade1","Mosquito",215,0.503253307837178,2.07147189398695
"clade1","Mosquito",216,0.558902614442218,2.21294439762182
"clade1","Mosquito",217,0.23892573535861,1.2770952564414
"clade1","Mosquito",218,0.398717004556861,1.8783023682367
"clade1","Mosquito",219,0.667584783359033,2.43730365124248
"clade1","Mosquito",22,0.37299252166084,1.73857717011697
"clade1","Mosquito",220,0.237419251186594,1.25119545739743
"clade1","Mosquito",221,0.27507387518688,1.43984242750613
"clade1","Mosquito",222,0.801087624254226,2.55520845025785
"clade1","Mosquito",223,0.250716534909288,1.2171695604495
"clade1","Mosquito",224,0.231207538832116,1.25072910568831
"clade1","Mosquito",225,0.450645564658475,1.95950877406192
"clade1","Mosquito",226,0.905680449459825,2.5195268823385
"clade1","Mosquito",227,0.549921511619612,2.14558539765216
"clade1","Mosquito",228,0.808819631332752,2.43134452318178
"clade1","Mosquito",229,0.940092311544433,2.58659013056442
"clade1","Mosquito",23,0.344572528873292,1.64248188440847
"clade1","Mosquito",230,0.528875747600021,2.11011427280875
"clade1","Mosquito",231,0.595559575477545,2.23537169723705
"clade1","Mosquito",232,0.723376253972957,2.14865320933005
"clade1","Mosquito",233,0.345875393492176,1.70752232454394
"clade1","Mosquito",234,0.496615063533081,2.0655869467274
"clade1","Mosquito",235,0.512354787589556,2.12748205619199
"clade1","Mosquito",236,0.566205210498507,2.23524607973926
"clade1","Mosquito",237,0.602675587582159,2.27248089591285
"clade1","Mosquito",238,0.660769531570487,1.79038148454984
"clade1","Mosquito",239,0.339585092899667,1.69510411115952
"clade1","Mosquito",24,0.376959307244731,1.78851507655596
"clade1","Mosquito",240,0.356206279411684,1.46036488190044
"clade1","Mosquito",241,0.398848710259297,1.87442201752546
"clade1","Mosquito",242,0.384796342239436,1.86321539933318
"clade1","Mosquito",243,0.613897784260912,2.30561806452062
"clade1","Mosquito",244,0.51199653760954,2.09459389950708
"clade1","Mosquito",245,0.787386303560484,1.89798845398207
"clade1","Mosquito",246,0.251411765252575,1.3413198446937
"clade1","Mosquito",247,0.315920014052057,1.58537576712193
"clade1","Mosquito",248,0.493187922160186,2.08879344548242
"clade1","Mosquito",249,0.281347983725263,1.46210770453726
"clade1","Mosquito",25,0.288970579173403,1.49834514623749
"clade1","Mosquito",250,0.387867727192698,1.81548208637457
"clade1","Mosquito",251,0.706984803905238,2.42060892299127
"clade1","Mosquito",252,0.380981324933747,1.81002127341755
"clade1","Mosquito",253,0.973985414153373,2.6801136365276
"clade1","Mosquito",254,0.459397192967597,2.00706965440732
"clade1","Mosquito",255,0.414001936154152,1.90471057595926
"clade1","Mosquito",256,0.329852910974227,1.6592096345742
"clade1","Mosquito",257,0.454076878855655,2.00173970431889
"clade1","Mosquito",258,0.516992130058388,2.12755920928336
"clade1","Mosquito",259,0.494516834006713,2.09609104678048
"clade1","Mosquito",26,0.447223038016918,1.94257328082682
"clade1","Mosquito",260,0.237854657204953,1.28500861837596
"clade1","Mosquito",261,0.505854085074483,1.93871097123002
"clade1","Mosquito",262,0.34359129124117,1.61358785149061
"clade1","Mosquito",263,0.412973544234606,1.86957506090505
"clade1","Mosquito",264,0.467535409083102,2.01929954246335
"clade1","Mosquito",265,0.364024432149594,1.72627718019775
"clade1","Mosquito",266,0.344385479230526,1.67077951670644
"clade1","Mosquito",267,0.425326484013765,1.89686529578252
"clade1","Mosquito",268,0.320148518787122,1.59451124930756
"clade1","Mosquito",269,0.352709119349946,1.69337768361099
"clade1","Mosquito",27,0.430406484220472,1.9034789041655
"clade1","Mosquito",270,0.357767302649773,1.63786900764021
"clade1","Mosquito",271,1.11393075097904,2.09713698504348
"clade1","Mosquito",272,0.383732135905958,1.80255724501414
"clade1","Mosquito",273,0.378592826987906,1.69659932621555
"clade1","Mosquito",274,0.746360537302182,2.00001517760475
"clade1","Mosquito",275,0.414825939895437,1.74017565669229
"clade1","Mosquito",276,0.392166749752372,1.75929832129961
"clade1","Mosquito",277,0.866237607738629,2.66211070775876
"clade1","Mosquito",279,0.327111316439608,1.55509157308001
"clade1","Mosquito",28,0.421043310633518,1.89221276741845
"clade1","Mosquito",280,0.46653450140569,1.89980371506501
"clade1","Mosquito",281,0.449405114317041,2.01404963090442
"clade1","Mosquito",282,0.680641813471291,2.38221525319747
"clade1","Mosquito",283,0.438721630028147,1.95864881804267
"clade1","Mosquito",284,0.290059725258777,1.46432261780087
"clade1","Mosquito",285,0.429129308846013,1.91309959748236
"clade1","Mosquito",286,0.307893556400887,1.54550762676352
"clade1","Mosquito",287,0.392310634802323,1.83648797041146
"clade1","Mosquito",288,0.274191094033701,1.41244836092671
"clade1","Mosquito",289,0.434718197590496,1.96926785765382
"clade1","Mosquito",29,0.457898462770843,1.99206472966376
"clade1","Mosquito",290,0.618116090466783,1.81327057725618
"clade1","Mosquito",291,0.361962402833017,1.7412683594028
"clade1","Mosquito",292,0.390099101308959,1.83104505544831
"clade1","Mosquito",293,0.593915908018208,1.7398503040525
"clade1","Mosquito",294,0.421441385817712,1.92408578251859
"clade1","Mosquito",295,0.396517055333476,1.85241312090574
"clade1","Mosquito",296,0.999260511929824,2.73292505054803
"clade1","Mosquito",297,0.395211140069307,1.85011351660283
"clade1","Mosquito",298,0.342822045461812,1.67232811738832
"clade1","Mosquito",299,0.306576111123882,1.53204979730448
"clade1","Mosquito",3,0.355233691621192,1.80184674325288
"clade1","Mosquito",30,0.231994070423985,1.23636264202627
"clade1","Mosquito",300,0.373346005431268,1.75608740153103
"clade1","Mosquito",301,0.320125834676264,1.57753476498861
"clade1","Mosquito",302,0.350568678111275,1.67750338671748
"clade1","Mosquito",303,0.343118378271683,1.60894059190644
"clade1","Mosquito",304,1.11620532882453,2.87292722733246
"clade1","Mosquito",305,0.331677492863409,1.59873687752675
"clade1","Mosquito",306,1.10926989958093,2.85018496335829
"clade1","Mosquito",307,0.63922956783032,1.75202545830351
"clade1","Mosquito",308,1.20397113562489,2.80883463493055
"clade1","Mosquito",309,0.335591089111747,1.62777214837349
"clade1","Mosquito",31,0.745707726811298,2.49332758028913
"clade1","Mosquito",310,1.06984206528651,2.5673623857173
"clade1","Mosquito",311,0.42604145778306,1.76533517701513
"clade1","Mosquito",312,0.906339434256192,2.63446384712454
"clade1","Mosquito",313,0.74198416978162,2.40391022769789
"clade1","Mosquito",314,0.947556003321756,2.6700516201655
"clade1","Mosquito",315,0.388672449104729,1.82606909525669
"clade1","Mosquito",316,0.326732548230199,1.52975729959164
"clade1","Mosquito",317,0.419234762057833,1.91746367389605
"clade1","Mosquito",318,0.299671094705576,1.53481096629162
"clade1","Mosquito",319,0.50454493665125,2.07471131448655
"clade1","Mosquito",32,0.276767937331614,1.43966443903836
"clade1","Mosquito",320,0.481147936156878,2.04137430606836
"clade1","Mosquito",321,0.353933267448934,1.71621090709125
"clade1","Mosquito",322,0.310813395674736,1.57215646946563
"clade1","Mosquito",323,0.392958847887085,1.86401134483052
"clade1","Mosquito",324,0.333085981180648,1.67348829486721
"clade1","Mosquito",325,0.738632974013562,1.84480251611525
"clade1","Mosquito",326,0.488385007649085,1.99707470259708
"clade1","Mosquito",327,0.405105184570312,1.92754235651459
"clade1","Mosquito",328,0.728789772734484,2.10176790384268
"clade1","Mosquito",329,0.312163527507205,1.57327119750814
"clade1","Mosquito",33,0.374363351646456,1.77465965816928
"clade1","Mosquito",330,0.648393427248862,1.86623220229427
"clade1","Mosquito",331,0.339742835071456,1.66348301508716
"clade1","Mosquito",332,0.822217765601766,2.00058124837276
"clade1","Mosquito",333,0.328898810567194,1.62933673367957
"clade1","Mosquito",334,0.57016438088394,2.21013422146926
"clade1","Mosquito",335,0.269040673578087,1.4196871264688
"clade1","Mosquito",336,0.329724961036678,1.62967435157202
"clade1","Mosquito",337,0.398507098847812,1.87128358283118
"clade1","Mosquito",338,0.716903048953561,2.63677071668641
"clade1","Mosquito",339,0.462358764804927,2.00614818788057
"clade1","Mosquito",34,0.429686471812838,1.82510906334692
"clade1","Mosquito",340,0.391224441153594,1.84199338871492
"clade1","Mosquito",341,0.630588199392862,1.92191444207802
"clade1","Mosquito",342,0.414253597822812,1.89797835132143
"clade1","Mosquito",343,0.486130612288027,2.05326163005349
"clade1","Mosquito",344,0.587363856297921,2.24695382743015
"clade1","Mosquito",345,0.455453989650607,1.83495613702154
"clade1","Mosquito",346,0.436805249014808,1.92175419564612
"clade1","Mosquito",347,0.500139672477198,2.02480444457689
"clade1","Mosquito",348,0.513465073244863,2.10352739703332
"clade1","Mosquito",349,0.871130595892524,2.1621879168481
"clade1","Mosquito",35,1.04233690904641,2.79013245180683
"clade1","Mosquito",350,0.525946909662278,2.1324740736064
"clade1","Mosquito",351,0.374147422558912,1.75764736156686
"clade1","Mosquito",352,0.459460639354172,2.00615782053358
"clade1","Mosquito",353,0.293834564756732,1.50409632151135
"clade1","Mosquito",354,0.43436068322707,1.91037894866858
"clade1","Mosquito",355,0.362940692795906,1.72170454442859
"clade1","Mosquito",356,0.352766809159264,1.67327815323961
"clade1","Mosquito",357,0.328210291981086,1.63528542104305
"clade1","Mosquito",358,0.448497482136316,1.96235116018022
"clade1","Mosquito",359,0.562313115393624,2.23672249827165
"clade1","Mosquito",36,0.752568963688779,1.82513609333984
"clade1","Mosquito",360,0.277278497797064,1.44209438336131
"clade1","Mosquito",361,0.304554023417475,1.55596674162811
"clade1","Mosquito",362,0.32696113827186,1.56724609024661
"clade1","Mosquito",363,0.75639382964728,2.47183681020852
"clade1","Mosquito",364,0.80530608459526,2.44038958207714
"clade1","Mosquito",365,0.999797195430255,2.71396717548427
"clade1","Mosquito",366,0.795508237206137,1.99377965728439
"clade1","Mosquito",367,0.507171947614131,2.09776732081186
"clade1","Mosquito",368,0.603992286188293,2.29215158730444
"clade1","Mosquito",369,0.709526057430706,1.99229358129775
"clade1","Mosquito",37,0.467667641119713,1.99892883771252
"clade1","Mosquito",370,0.709734950386004,2.43496125595535
"clade1","Mosquito",371,0.432079537795596,1.99616844958264
"clade1","Mosquito",372,0.306900619187335,1.55904247749432
"clade1","Mosquito",373,0.781350093090481,2.70054858362819
"clade1","Mosquito",374,0.255715191728066,1.33092151022849
"clade1","Mosquito",375,0.559946610474131,1.61189960198898
"clade1","Mosquito",376,0.270568389910643,1.39609764219611
"clade1","Mosquito",377,0.311262912296192,1.57588016095734
"clade1","Mosquito",378,0.3063057596185,1.53565943251433
"clade1","Mosquito",379,0.351418214273851,1.69827847900396
"clade1","Mosquito",38,0.377000951540654,1.66103549643913
"clade1","Mosquito",380,0.252263162576372,1.33562379159123
"clade1","Mosquito",381,0.494053263550695,2.0693244994199
"clade1","Mosquito",382,0.282013396217648,1.46198055356359
"clade1","Mosquito",383,0.370601069886018,1.70421379998612
"clade1","Mosquito",384,0.347262795024409,1.70741640775696
"clade1","Mosquito",385,0.343692635284366,1.66545903307866
"clade1","Mosquito",386,0.263086087091446,1.38125478986038
"clade1","Mosquito",387,0.253833104790408,1.340687161347
"clade1","Mosquito",388,0.475095690321163,2.01821887414939
"clade1","Mosquito",389,0.544563436681933,2.15866741011968
"clade1","Mosquito",39,0.236186377897248,1.26308808889138
"clade1","Mosquito",390,1.02050130295852,2.61098606779559
"clade1","Mosquito",391,1.27068008583329,2.79478168379757
"clade1","Mosquito",392,0.425925184982393,1.89111231719307
"clade1","Mosquito",393,0.455069461066557,1.97516120535908
"clade1","Mosquito",394,0.51487983491812,2.09893916864605
"clade1","Mosquito",395,0.454136018822038,1.9807142737538
"clade1","Mosquito",396,0.356519881638602,1.69930144072329
"clade1","Mosquito",397,0.308475471031382,1.52037435449377
"clade1","Mosquito",398,0.370827758924933,1.57607314612466
"clade1","Mosquito",399,0.337175164087476,1.50368801372225
"clade1","Mosquito",4,0.337814535976423,1.72693811187157
"clade1","Mosquito",40,0.233305209090437,1.21574416262082
"clade1","Mosquito",400,0.811039478121713,2.39634281413488
"clade1","Mosquito",401,0.273823527763684,1.40571315112644
"clade1","Mosquito",402,0.323966448683525,1.58783540927669
"clade1","Mosquito",403,0.638491540178593,1.67682677189452
"clade1","Mosquito",404,0.678772833175359,1.56491053227309
"clade1","Mosquito",405,0.281107690627173,1.43798424259357
"clade1","Mosquito",406,0.35129667753526,1.68287804957041
"clade1","Mosquito",407,0.236771212780694,1.26470790574245
"clade1","Mosquito",408,0.276093915187706,1.42330853859901
"clade1","Mosquito",409,0.600490381513909,1.39537262604387
"clade1","Mosquito",41,0.655754645186825,1.60608342829721
"clade1","Mosquito",410,0.351029025275762,1.70658295593589
"clade1","Mosquito",411,0.262397791077721,1.22181052516665
"clade1","Mosquito",412,0.240297617198965,1.27400469999121
"clade1","Mosquito",413,0.306858413666066,1.56275976429983
"clade1","Mosquito",414,0.190914457708785,1.06742120461516
"clade1","Mosquito",415,0.28030890333399,1.45115397470844
"clade1","Mosquito",416,0.313078273681783,1.49283072563453
"clade1","Mosquito",417,0.234645321518593,1.24952536742296
"clade1","Mosquito",418,0.258237089023023,1.34267902270613
"clade1","Mosquito",419,0.35517820479796,1.51150803336336
"clade1","Mosquito",42,0.28273834238345,1.43955703160017
"clade1","Mosquito",420,0.380513238359845,1.77696779090852
"clade1","Mosquito",421,0.243840633186022,1.28617723217039
"clade1","Mosquito",422,0.250472530117833,1.31405750441809
"clade1","Mosquito",423,0.523914987854458,2.13747359902567
"clade1","Mosquito",424,0.45997068042309,1.99913049532683
"clade1","Mosquito",425,0.275860230125832,1.42872743648848
"clade1","Mosquito",426,0.21286600395582,1.1704355069323
"clade1","Mosquito",427,0.23555541624436,1.25882509710596
"clade1","Mosquito",428,0.272679386159333,1.41502719029181
"clade1","Mosquito",429,0.358759968222887,1.72145171340687
"clade1","Mosquito",43,0.2495685567757,1.32636440681273
"clade1","Mosquito",430,0.253584282333221,1.34254172220925
"clade1","Mosquito",431,0.63758486521163,1.70143190449504
"clade1","Mosquito",432,0.346660982925948,1.66879350971828
"clade1","Mosquito",433,0.223200867539305,1.20349353427823
"clade1","Mosquito",434,0.288042845891295,1.47094381545482
"clade1","Mosquito",435,0.328508234121272,1.47228923058302
"clade1","Mosquito",436,1.2559662121098,2.93523498421245
"clade1","Mosquito",437,0.208789919450428,1.13216210881081
"clade1","Mosquito",438,0.665411665766622,1.57432720128204
"clade1","Mosquito",439,0.405286625529392,1.84201331628709
"clade1","Mosquito",44,0.73662514032652,1.8814323713614
"clade1","Mosquito",440,0.395494400334794,1.78274251202625
"clade1","Mosquito",441,0.295606811227594,1.51759441213197
"clade1","Mosquito",442,0.317634804411539,1.48915451805704
"clade1","Mosquito",443,0.305205215929532,1.51094942363187
"clade1","Mosquito",444,0.58502251415318,2.25800837827715
"clade1","Mosquito",445,0.292856493198994,1.50280980767524
"clade1","Mosquito",446,0.234601072702635,1.24482130723249
"clade1","Mosquito",447,0.328849184983966,1.57676394651263
"clade1","Mosquito",448,0.426031706894682,1.92149156663924
"clade1","Mosquito",449,0.261509484935427,1.36751335240619
"clade1","Mosquito",45,0.380848921122296,1.78788017243063
"clade1","Mosquito",450,0.279382586157859,1.44570747077263
"clade1","Mosquito",451,0.304973799983723,1.51508148293789
"clade1","Mosquito",452,1.01297579506281,2.77718033752683
"clade1","Mosquito",453,0.247149779006039,1.31895712525574
"clade1","Mosquito",454,0.281400580492848,1.45729204454477
"clade1","Mosquito",455,0.389431905759055,1.79304139997715
"clade1","Mosquito",456,0.318064135297644,1.56977106594769
"clade1","Mosquito",457,0.296804315975899,1.50009820346621
"clade1","Mosquito",458,0.250332730651232,1.31666820985661
"clade1","Mosquito",459,0.27155946543228,1.40312405549016
"clade1","Mosquito",46,0.608666103429711,1.88330804186701
"clade1","Mosquito",460,0.346502515306525,1.62629513489282
"clade1","Mosquito",461,0.280938650891024,1.46411500296168
"clade1","Mosquito",462,0.363246773433611,1.73346885685272
"clade1","Mosquito",463,0.411965853950287,1.88843576622033
"clade1","Mosquito",464,0.387571280385341,1.85231106247121
"clade1","Mosquito",465,0.779847979052487,1.89816024303748
"clade1","Mosquito",466,0.308701760174344,1.58330076853684
"clade1","Mosquito",467,0.403140804733505,1.79793136583755
"clade1","Mosquito",468,0.400627424128355,1.90786040555519
"clade1","Mosquito",469,0.411952535785809,1.92442712808843
"clade1","Mosquito",47,0.476585934413181,2.0306099188783
"clade1","Mosquito",470,0.374031388309228,1.81441087679024
"clade1","Mosquito",471,0.383540157311535,1.7830445655287
"clade1","Mosquito",472,0.339792516699678,1.57576288393328
"clade1","Mosquito",473,0.235315680108551,1.28742514998921
"clade1","Mosquito",474,0.660755060661466,1.71401427283786
"clade1","Mosquito",475,0.384299892673022,1.76788209717522
"clade1","Mosquito",476,0.311889263282417,1.55780849738275
"clade1","Mosquito",477,0.398237482252398,1.83452835907372
"clade1","Mosquito",478,0.379698381114274,1.77444910286936
"clade1","Mosquito",479,0.176499910464618,0.97714439374777
"clade1","Mosquito",48,0.758406282945831,2.50067683449673
"clade1","Mosquito",480,0.349630742265498,1.70142150104142
"clade1","Mosquito",481,0.383117815913724,1.80205898926879
"clade1","Mosquito",482,0.40363315693208,1.87026485131218
"clade1","Mosquito",483,0.388410987076871,1.81983862608531
"clade1","Mosquito",484,0.828800709807964,2.63785655698248
"clade1","Mosquito",485,0.403336442780832,1.87175616341378
"clade1","Mosquito",486,0.312641780350302,1.5742629431672
"clade1","Mosquito",487,0.422536844407915,1.85837181333331
"clade1","Mosquito",488,0.897011011877973,2.59529406170285
"clade1","Mosquito",489,0.207111994353973,1.15138284657308
"clade1","Mosquito",49,0.485619896176478,1.94038639371064
"clade1","Mosquito",490,0.352793764593623,1.71655957319718
"clade1","Mosquito",491,0.312486486848288,1.51325486576753
"clade1","Mosquito",492,0.271587967935315,1.39938565047913
"clade1","Mosquito",493,0.512360639031051,1.6191955473815
"clade1","Mosquito",494,0.219533252793527,1.19850953988061
"clade1","Mosquito",495,0.230746519042359,1.24795327474019
"clade1","Mosquito",496,1.02669683216155,3.00633535026144
"clade1","Mosquito",497,1.02949499542497,2.82658221495886
"clade1","Mosquito",498,0.321420177155946,1.58900135347593
"clade1","Mosquito",499,0.140114761324186,0.806492913678522
"clade1","Mosquito",5,0.366549888623005,1.82590065269737
"clade1","Mosquito",50,0.351698878722624,1.7058694987805
"clade1","Mosquito",500,0.318214160749783,1.56940437811585
"clade1","Mosquito",501,0.171836964955019,0.997982819600844
"clade1","Mosquito",51,0.838180327901286,2.48735139551178
"clade1","Mosquito",52,0.710521701982757,1.77683604758786
"clade1","Mosquito",53,0.407603928409876,1.89272183440879
"clade1","Mosquito",54,0.381389214938959,1.76969819529629
"clade1","Mosquito",55,0.413511186268505,1.79423379359293
"clade1","Mosquito",56,0.493434712122112,2.06517613509283
"clade1","Mosquito",57,0.312318597391736,1.60176431503777
"clade1","Mosquito",58,0.409131439770371,1.84078735198578
"clade1","Mosquito",59,0.376623422481548,1.77282737903894
"clade1","Mosquito",6,0.466092001078602,2.01724853732736
"clade1","Mosquito",60,0.2717893559826,1.40459019648137
"clade1","Mosquito",61,0.507547439103016,2.11486536514893
"clade1","Mosquito",62,0.656960610514404,1.9472108095256
"clade1","Mosquito",63,0.384585978141548,1.79730266138799
"clade1","Mosquito",64,0.755029287356187,2.10566264918751
"clade1","Mosquito",65,0.341844013198226,1.54617432631444
"clade1","Mosquito",66,0.836470211572838,1.99835130185936
"clade1","Mosquito",67,0.38783218877681,1.79907184158051
"clade1","Mosquito",68,0.811577947853625,2.62648051856112
"clade1","Mosquito",69,0.485377481028904,2.03845097848717
"clade1","Mosquito",7,0.724136442393247,2.09155291664726
"clade1","Mosquito",70,0.427265352736958,1.94742522825377
"clade1","Mosquito",71,0.8424392670515,2.58448536531522
"clade1","Mosquito",72,0.33225289271587,1.63945123999416
"clade1","Mosquito",73,0.89383834227272,2.5006100974118
"clade1","Mosquito",74,0.309190497848124,1.53621141607566
"clade1","Mosquito",75,0.276144583929355,1.42873075557755
"clade1","Mosquito",76,0.445259785620833,1.94542884169636
"clade1","Mosquito",77,0.967657587314655,2.75112574562099
"clade1","Mosquito",78,0.261878269605355,1.3513492200486
"clade1","Mosquito",79,0.505277145625055,2.07194380312308
"clade1","Mosquito",8,0.458848685341684,1.98951241238842
"clade1","Mosquito",80,0.385109635137088,1.76708948135556
"clade1","Mosquito",81,0.526346896629433,2.12355522024303
"clade1","Mosquito",82,0.348129756124446,1.66586698360679
"clade1","Mosquito",83,0.537964041641754,1.73925857895122
"clade1","Mosquito",84,0.613200749958863,2.258161698564
"clade1","Mosquito",85,0.419021120872098,1.87560939943307
"clade1","Mosquito",86,0.535170467535917,2.13952510555111
"clade1","Mosquito",87,0.363607860152021,1.67724004350114
"clade1","Mosquito",88,0.728561002069905,2.31926229671399
"clade1","Mosquito",89,0.7644729621513,2.45777808582774
"clade1","Mosquito",9,0.239426282558935,1.27910783407611
"clade1","Mosquito",90,0.863800453192464,2.72227283081508
"clade1","Mosquito",91,0.376956317365893,1.75557859312383
"clade1","Mosquito",92,0.325685161763608,1.59758513133358
"clade1","Mosquito",93,0.947598822433579,2.7428388477478
"clade1","Mosquito",94,0.378401903419205,1.76162010465893
"clade1","Mosquito",95,0.396668997446775,1.80963106891998
"clade1","Mosquito",96,0.588260000992665,1.8305947040719
"clade1","Mosquito",97,1.00307511917017,2.84403840683221
"clade1","Mosquito",98,0.301696964248431,1.52271397721669
"clade1","Mosquito",99,0.283982272489329,1.44117062482047
"clade2","Bird",1,0.312318971431922,1.71083461318889
"clade2","Bird",10,0.289683093533225,1.5520985706746
"clade2","Bird",100,0.202228531982842,1.11427991687935
"clade2","Bird",101,0.193472574983266,1.11436981587824
"clade2","Bird",102,0.241147891790361,1.31269368486639
"clade2","Bird",103,0.273083658379434,1.43177831832107
"clade2","Bird",104,0.247456204475905,1.33446671838485
"clade2","Bird",105,0.250643848888172,1.34965472695439
"clade2","Bird",106,0.276237347905434,1.45310899764344
"clade2","Bird",107,0.258189557420305,1.36976377539371
"clade2","Bird",108,0.237334486901896,1.2976772472546
"clade2","Bird",109,0.234796347626537,1.18565979184133
"clade2","Bird",11,0.256348098458626,1.29314413846446
"clade2","Bird",110,0.186044371941507,1.04668769695493
"clade2","Bird",111,0.190775843087929,1.110289363637
"clade2","Bird",112,0.325284390944017,1.61873236151402
"clade2","Bird",113,0.275284032881194,1.48283913444071
"clade2","Bird",114,0.963580859640048,2.9959653099942
"clade2","Bird",115,0.281589427871527,1.53123138114786
"clade2","Bird",116,0.197447723073881,1.12087708831351
"clade2","Bird",117,0.2954149675965,1.49858714049684
"clade2","Bird",118,0.327675569811585,1.6648467146417
"clade2","Bird",119,0.230975750470565,1.29976991432885
"clade2","Bird",12,0.940422782549101,2.91415741371718
"clade2","Bird",120,0.89590860051065,2.65993868038384
"clade2","Bird",121,0.223409172030584,1.25219925987782
"clade2","Bird",122,0.822061559626605,2.09152321498527
"clade2","Bird",123,0.567924875296443,2.22579174371822
"clade2","Bird",124,0.385229785574353,1.84690650533156
"clade2","Bird",125,0.281597142245075,1.45658904525951
"clade2","Bird",126,1.12089992657816,2.78048786415286
"clade2","Bird",127,0.174032102221905,1.04388182427759
"clade2","Bird",128,0.340235357686158,1.67698917543631
"clade2","Bird",129,0.803412823972031,2.14049907282073
"clade2","Bird",13,0.270722412163056,1.50006892016798
"clade2","Bird",130,0.891749175853122,2.87957237290163
"clade2","Bird",131,1.24416834721071,2.98755971719136
"clade2","Bird",132,0.369067519926834,1.46993509815862
"clade2","Bird",133,0.23743495827729,1.29652193245386
"clade2","Bird",134,0.238212757963599,1.31139056430793
"clade2","Bird",135,0.916463999181935,2.02547650745588
"clade2","Bird",136,0.994784379318089,2.75341573933043
"clade2","Bird",137,0.740418356056103,2.75866849409937
"clade2","Bird",138,0.787437924882016,2.7915903861662
"clade2","Bird",139,0.235623753516315,1.13369763505933
"clade2","Bird",14,0.244327389873664,1.42806655780796
"clade2","Bird",140,0.292040946738135,1.54306028750244
"clade2","Bird",141,0.74294199946384,2.74316561916914
"clade2","Bird",142,0.247817115133069,1.35510909316877
"clade2","Bird",143,0.439785026322034,1.51101175019135
"clade2","Bird",144,0.295780883764438,1.54246041353668
"clade2","Bird",145,0.283691192595099,1.53422516430917
"clade2","Bird",146,0.853310518786193,2.79256821209696
"clade2","Bird",147,0.271266737758331,1.47566239828563
"clade2","Bird",148,1.77332473140762,3.10048079511157
"clade2","Bird",149,0.467769752297978,1.32717886325474
"clade2","Bird",15,0.473862889608641,2.06987935403773
"clade2","Bird",150,0.719468486188785,2.61467329347887
"clade2","Bird",151,0.622868598406889,1.59635013020235
"clade2","Bird",152,0.882149124122705,1.7283623463682
"clade2","Bird",153,1.30719452903796,2.93825115131741
"clade2","Bird",154,0.221639444552483,1.18870380541679
"clade2","Bird",155,0.260706237506543,1.40480400717566
"clade2","Bird",156,0.370805415599884,1.72354571100549
"clade2","Bird",157,0.621777960667928,2.33892176596476
"clade2","Bird",158,0.272131815169728,1.37176343515542
"clade2","Bird",159,0.85843151231099,2.68053428021904
"clade2","Bird",16,1.88093381874131,3.01857468882341
"clade2","Bird",160,1.08832809699589,2.81987412682867
"clade2","Bird",161,1.61022134277732,2.90940157581696
"clade2","Bird",162,1.61029292186787,2.94843186003161
"clade2","Bird",163,0.482632648307461,1.51225402317343
"clade2","Bird",164,0.291661010727599,1.52733849025125
"clade2","Bird",165,0.895621241523007,2.80248310817406
"clade2","Bird",166,0.435874036785255,1.86026902411292
"clade2","Bird",167,0.411670829516105,1.90134351236668
"clade2","Bird",168,0.867684473974499,2.64745562945404
"clade2","Bird",169,0.186879852843562,0.999462876645635
"clade2","Bird",17,0.207903754105441,1.19588402414735
"clade2","Bird",170,0.230298072020541,1.29622337395535
"clade2","Bird",171,0.292984120360477,1.56564956961643
"clade2","Bird",172,1.78406194998233,2.98391829354027
"clade2","Bird",173,0.532240758753861,1.41268726991268
"clade2","Bird",174,0.235179566414577,1.30550585376764
"clade2","Bird",175,1.23172383392325,3.0112529608748
"clade2","Bird",176,0.342907264629882,1.69135284308147
"clade2","Bird",177,0.250267185815708,1.33730201827382
"clade2","Bird",178,1.57120317163772,2.92344500134639
"clade2","Bird",179,0.87869467026357,2.76294411416835
"clade2","Bird",18,0.993417481959063,2.98960688607292
"clade2","Bird",180,0.436996417702224,1.09666957504417
"clade2","Bird",181,0.912572348112759,2.8399660851555
"clade2","Bird",182,0.438218820028381,1.48195239687745
"clade2","Bird",183,0.26101093509619,1.43678743276293
"clade2","Bird",184,0.18485912031945,1.08630136655646
"clade2","Bird",185,1.35478906874414,2.94714830991365
"clade2","Bird",186,0.210439188453953,1.04483294520619
"clade2","Bird",187,0.227871879608742,1.18727108665506
"clade2","Bird",188,0.934830114505514,2.97086075776117
"clade2","Bird",189,1.01721923745037,2.89549477835165
"clade2","Bird",19,1.69162811130836,3.11649990387741
"clade2","Bird",190,0.199869620384074,1.12259227948619
"clade2","Bird",191,0.533620907059253,2.22328375324139
"clade2","Bird",192,0.183595946100684,1.06582069993884
"clade2","Bird",193,0.325064987808923,1.6529475731637
"clade2","Bird",194,0.174355122086706,1.00576450597735
"clade2","Bird",195,0.166703970440519,0.979781936651544
"clade2","Bird",196,0.569241531296264,2.42527120703715
"clade2","Bird",197,0.319523702562857,1.63382106047209
"clade2","Bird",198,0.851746307281378,2.79140540913436
"clade2","Bird",199,1.04677448241577,2.68558006663234
"clade2","Bird",2,0.46792882482104,1.62543602328044
"clade2","Bird",20,0.198186388344777,1.12272157803309
"clade2","Bird",200,1.26195867164335,2.90590439966497
"clade2","Bird",201,1.08652311192104,2.9334673726698
"clade2","Bird",202,0.31559888020553,1.60130160706861
"clade2","Bird",203,0.30932140678452,1.61668698096713
"clade2","Bird",204,1.09858670132104,2.9829692244611
"clade2","Bird",205,0.429468471446859,1.96439257389462
"clade2","Bird",206,0.838300568720701,2.85029988822182
"clade2","Bird",207,0.908374125298856,2.88249758912762
"clade2","Bird",208,0.476568280193876,2.0050285911745
"clade2","Bird",209,0.320942420400576,1.63992124802327
"clade2","Bird",21,0.820124461996417,1.81524383447981
"clade2","Bird",210,1.45255521037716,2.93066177252098
"clade2","Bird",211,0.608951921443572,2.60483085649126
"clade2","Bird",212,0.344590574386859,1.78640727509892
"clade2","Bird",213,0.205094104386226,1.14324726447923
"clade2","Bird",214,0.813422033355821,2.67343591466811
"clade2","Bird",215,0.305448330944194,1.56541312649702
"clade2","Bird",216,0.955763408791602,2.78736224203099
"clade2","Bird",217,0.164890084214917,0.953189845596981
"clade2","Bird",218,0.270123472163141,1.44843038476083
"clade2","Bird",219,0.927712523576966,2.69580159536497
"clade2","Bird",22,0.330984313533152,1.64415909608657
"clade2","Bird",220,0.213875318730362,1.18609462136449
"clade2","Bird",221,0.195073815847967,1.10419645457816
"clade2","Bird",222,0.444565294436489,1.97919368896856
"clade2","Bird",223,0.155617695037495,0.900154164549478
"clade2","Bird",224,0.159912489462259,0.953841929466065
"clade2","Bird",225,0.314673223786216,1.5752818199236
"clade2","Bird",226,1.14598632593382,2.81548254534405
"clade2","Bird",227,0.911513624242203,2.7233530907255
"clade2","Bird",228,0.991270873023204,2.72264796019135
"clade2","Bird",229,1.10200011817974,2.82225554096655
"clade2","Bird",23,1.02805740958324,2.87845908892801
"clade2","Bird",230,0.86301761391908,2.7183655198912
"clade2","Bird",231,0.951758763021274,2.70206799584039
"clade2","Bird",232,0.678746162790024,2.48701727641514
"clade2","Bird",233,0.254738939967533,1.38359294960189
"clade2","Bird",234,1.55135939187951,3.02131126382594
"clade2","Bird",235,0.436046022248461,1.99982552252122
"clade2","Bird",236,0.495924681030323,1.82967643142704
"clade2","Bird",237,0.580541238991412,2.29825935687869
"clade2","Bird",238,0.696804821672406,1.96264127733561
"clade2","Bird",239,0.310281070302618,1.6385483710243
"clade2","Bird",24,0.289785324028752,1.58416716814949
"clade2","Bird",240,0.662901487315713,2.51681192041434
"clade2","Bird",241,0.260953736163149,1.4392545146483
"clade2","Bird",242,0.268711825991622,1.49425384284974
"clade2","Bird",243,0.385205598941818,1.88429426013887
"clade2","Bird",244,0.44620962113277,1.99551954578151
"clade2","Bird",245,1.0906464406891,2.98225200334157
"clade2","Bird",246,0.190395756052822,1.09527751979331
"clade2","Bird",247,0.221070752435687,1.23421117205358
"clade2","Bird",248,0.358270675703144,1.78686536819861
"clade2","Bird",249,0.204691225348004,1.15883628012852
"clade2","Bird",25,0.279485768268251,1.11256279047321
"clade2","Bird",250,0.244129359236974,1.32597218682142
"clade2","Bird",251,0.594584428567608,2.29134504792876
"clade2","Bird",252,0.233151741394139,1.2846921803961
"clade2","Bird",253,0.813149472905302,2.67007764465329
"clade2","Bird",254,0.324786879909225,1.60502996919733
"clade2","Bird",255,0.205827862910916,1.16292674940214
"clade2","Bird",256,0.996940856045387,3.00989946502124
"clade2","Bird",257,0.217806048653332,1.19510909945622
"clade2","Bird",258,0.317499764206865,1.65562138796747
"clade2","Bird",259,0.437293439258027,2.06640885023581
"clade2","Bird",26,0.250208578460769,1.36304273585067
"clade2","Bird",260,0.176679202789304,1.02371431086293
"clade2","Bird",261,0.282841563375696,1.4845732385002
"clade2","Bird",262,0.250506950703668,1.3594478027052
"clade2","Bird",263,0.293867558210436,1.52974484252951
"clade2","Bird",264,1.32967316727193,2.93785346604251
"clade2","Bird",265,0.273158280438576,1.42498451317663
"clade2","Bird",266,0.241428271042248,1.29143320572543
"clade2","Bird",267,0.275475517538997,1.43057288243176
"clade2","Bird",268,0.266481779138078,1.41813507400229
"clade2","Bird",269,0.273388520310343,1.42722885420475
"clade2","Bird",27,0.179341799978679,1.03662301010445
"clade2","Bird",270,0.272892250827307,1.41977566188931
"clade2","Bird",271,0.317255122455641,1.6315509751348
"clade2","Bird",272,0.285446169104657,1.48229351491049
"clade2","Bird",273,0.697593676316472,2.61259276798339
"clade2","Bird",274,1.02444119340609,2.96152027944749
"clade2","Bird",275,0.507376345570098,1.54589152779643
"clade2","Bird",276,0.431251214696118,1.74633277757843
"clade2","Bird",277,0.502219934776967,1.55808345162132
"clade2","Bird",278,1.40377457965409,3.03150193772659
"clade2","Bird",279,0.829229236779248,2.75608727335512
"clade2","Bird",28,1.04242695514733,2.93075206257726
"clade2","Bird",280,1.0850468158612,2.9266276724318
"clade2","Bird",281,0.673063789803827,2.60139873569811
"clade2","Bird",282,0.600644456902773,2.29811679303398
"clade2","Bird",283,0.321196336072966,1.61996906393183
"clade2","Bird",284,0.192375762744348,1.06901686404326
"clade2","Bird",285,0.265099668090373,1.27989556146127
"clade2","Bird",286,0.244262144883465,1.3059877097836
"clade2","Bird",287,0.253307938536846,1.37784267914079
"clade2","Bird",288,0.148813915729458,0.891399338225378
"clade2","Bird",289,0.286206147526143,1.5206661130184
"clade2","Bird",29,0.285486925282141,1.44173952700021
"clade2","Bird",290,0.291930479159435,1.58035676840905
"clade2","Bird",291,0.299978308044308,1.54657191617615
"clade2","Bird",292,0.22036919396376,1.14309784303776
"clade2","Bird",293,1.11486923823484,2.94569495468902
"clade2","Bird",294,1.3519408594507,3.05352435538181
"clade2","Bird",295,0.326162828694479,1.64028658934996
"clade2","Bird",296,1.06976469351538,2.86334523861541
"clade2","Bird",297,0.304571292343938,1.57366428958228
"clade2","Bird",298,0.290994169334962,1.50931410095378
"clade2","Bird",299,0.229605765961893,1.24885176767164
"clade2","Bird",3,0.30973028646605,1.67765397772579
"clade2","Bird",30,0.166893559324906,0.962769922558107
"clade2","Bird",300,1.44177917619381,3.04711563152628
"clade2","Bird",301,0.248090158583762,1.3214915776394
"clade2","Bird",302,0.279041757135667,1.43818514033172
"clade2","Bird",303,1.4895495919749,3.0700372438443
"clade2","Bird",304,1.68364015932536,3.07145864562513
"clade2","Bird",305,0.264044233421706,1.37147011251163
"clade2","Bird",306,0.305781449616623,1.57368953423379
"clade2","Bird",307,1.03583386260247,2.94120509755265
"clade2","Bird",308,0.808426578191372,2.70382638106644
"clade2","Bird",309,0.238770459230191,1.28207122120036
"clade2","Bird",31,0.338092633791698,1.6953065746001
"clade2","Bird",310,0.925088419713338,2.78890831149326
"clade2","Bird",311,0.702620040694657,2.67957374407638
"clade2","Bird",312,1.03584685635685,2.81221724610244
"clade2","Bird",313,0.844038966347994,2.74053668856476
"clade2","Bird",314,0.852180157111417,2.66478020448369
"clade2","Bird",315,0.235545626643061,1.29866934558483
"clade2","Bird",316,0.814714017166913,2.80745128423508
"clade2","Bird",317,0.364489300640404,1.78673752052144
"clade2","Bird",318,0.238799764041575,1.33437805559566
"clade2","Bird",319,0.390872465150112,1.83380864938098
"clade2","Bird",32,0.225902839303019,1.25672665074212
"clade2","Bird",320,0.316845989990174,1.60554769373105
"clade2","Bird",321,0.259573743125281,1.39373976611002
"clade2","Bird",322,0.253699386114283,1.414282127472
"clade2","Bird",323,0.328118586567038,1.6843374438994
"clade2","Bird",324,0.251388083741195,1.42526370247613
"clade2","Bird",325,0.773110363724551,2.8143483018325
"clade2","Bird",326,0.329219298986789,1.70130628837016
"clade2","Bird",327,0.327934603109309,1.74409785826277
"clade2","Bird",328,1.06809639533562,2.90299491894201
"clade2","Bird",329,0.251652616591071,1.37504650407834
"clade2","Bird",33,0.304482496066482,1.58212765349747
"clade2","Bird",330,0.614803362858167,2.39474202834302
"clade2","Bird",331,0.289147894496194,1.52456917512578
"clade2","Bird",332,0.701331968634842,2.11101827663275
"clade2","Bird",333,0.26456317542145,1.4094108966617
"clade2","Bird",334,0.356377253206959,1.75379423982229
"clade2","Bird",335,0.210832380705356,1.19638448628431
"clade2","Bird",336,0.272014555875602,1.45820566595123
"clade2","Bird",337,0.685250959272594,2.66868523739908
"clade2","Bird",338,0.1716487795111,0.952042300246309
"clade2","Bird",339,0.332815479379062,1.70517992406104
"clade2","Bird",34,0.947176151424909,2.81317366932357
"clade2","Bird",340,0.309153089351951,1.63799613597296
"clade2","Bird",341,0.363037546986721,1.74235600386386
"clade2","Bird",342,1.62905952935054,3.12731265091734
"clade2","Bird",343,0.622814434949446,2.46392111386907
"clade2","Bird",344,0.440025787140873,1.99092959905856
"clade2","Bird",345,1.41192968944022,2.96051070076476
"clade2","Bird",346,0.271092715981801,1.46373172743267
"clade2","Bird",347,0.382252291785962,1.76478011534312
"clade2","Bird",348,0.352277792304565,1.72798531810732
"clade2","Bird",349,0.60161014754787,1.7132132060344
"clade2","Bird",35,1.05875617111207,2.9350026356773
"clade2","Bird",350,0.38154942680987,1.82778953463395
"clade2","Bird",351,0.250387626045473,1.33826382214523
"clade2","Bird",352,0.386856357269743,1.85847318961254
"clade2","Bird",353,0.241815650028838,1.3193269485996
"clade2","Bird",354,0.324742659701196,1.65287634477057
"clade2","Bird",355,0.288893313566222,1.49238341988174
"clade2","Bird",356,0.84771949795941,2.85665813467352
"clade2","Bird",357,0.250390617848772,1.35774454134541
"clade2","Bird",358,0.439853416353663,1.96839027689326
"clade2","Bird",359,0.426003566225459,1.94923565275789
"clade2","Bird",36,0.464515165038696,2.01941304624049
"clade2","Bird",360,0.241872417522268,1.34463375579207
"clade2","Bird",361,1.13151279470076,3.03351584431876
"clade2","Bird",362,0.250629108113864,1.42995867286952
"clade2","Bird",363,0.389100014018991,1.83354298035916
"clade2","Bird",364,1.90729049571083,2.86614213737184
"clade2","Bird",365,0.924049876311595,2.63717466054113
"clade2","Bird",366,1.07462913652031,2.81905615584092
"clade2","Bird",367,0.521501142371291,2.05800109451249
"clade2","Bird",368,0.992501875816538,2.80532347811644
"clade2","Bird",369,0.352715000385973,1.44537325087675
"clade2","Bird",37,0.385294907090082,1.72233070005881
"clade2","Bird",370,0.308319209291499,1.55545221928525
"clade2","Bird",371,0.438891909249851,1.6012225985677
"clade2","Bird",372,0.885150079398119,3.04787784100736
"clade2","Bird",373,0.538240877377111,1.16103929148315
"clade2","Bird",374,0.169062356141322,0.947432428139408
"clade2","Bird",375,0.301542902231481,1.00007132023489
"clade2","Bird",376,0.198181113691371,1.1248749402334
"clade2","Bird",377,0.277990885217023,1.51556506178683
"clade2","Bird",378,0.215574115759305,1.18658946999711
"clade2","Bird",379,0.219244226326123,1.21151273165288
"clade2","Bird",38,0.356409517787139,1.25125320093634
"clade2","Bird",380,0.279032905000516,1.4982150943046
"clade2","Bird",381,0.390594950969696,1.8488778897811
"clade2","Bird",382,0.212629578290244,1.18756282632629
"clade2","Bird",383,0.957861824230633,2.88973325052208
"clade2","Bird",384,0.278336951399086,1.48148097840854
"clade2","Bird",385,1.17149389829196,3.03752843773775
"clade2","Bird",386,0.199068710506404,1.08280760758381
"clade2","Bird",387,0.214644155425843,1.20277598332749
"clade2","Bird",388,0.80846966564809,2.63400055962615
"clade2","Bird",389,0.416308656892871,1.90533964882131
"clade2","Bird",39,0.169613746300865,0.950158579475024
"clade2","Bird",390,0.555896758431238,1.80330053991705
"clade2","Bird",391,0.76730524032719,2.47195461366003
"clade2","Bird",392,0.25573647790269,1.38581369458265
"clade2","Bird",393,0.354175820821324,1.73432762868067
"clade2","Bird",394,1.27799261778529,2.96217312055055
"clade2","Bird",395,0.891083876344875,2.86431146369106
"clade2","Bird",396,1.01758952680215,2.9655659016116
"clade2","Bird",397,0.221144606273002,1.18719091746475
"clade2","Bird",398,0.325504421242054,1.653115681652
"clade2","Bird",399,0.326237856826783,1.20135369122907
"clade2","Bird",4,0.265734244818834,1.49729380130299
"clade2","Bird",40,0.205943523612161,1.16688429219717
"clade2","Bird",400,0.34008527421553,1.7015728083448
"clade2","Bird",401,0.230886819761647,1.24441383277121
"clade2","Bird",402,0.258139886126906,1.34388830942586
"clade2","Bird",403,0.524141840198214,1.3256565181573
"clade2","Bird",404,0.230222950056271,1.25822784721633
"clade2","Bird",405,0.21559273222845,1.18277249273889
"clade2","Bird",406,0.274811920464347,1.45696449856879
"clade2","Bird",407,0.19377153625151,1.09239514040069
"clade2","Bird",408,0.150770282194551,0.812836081535987
"clade2","Bird",409,0.315308457604339,1.36049827850297
"clade2","Bird",41,0.241955322927487,1.33306129964974
"clade2","Bird",410,0.729381907846225,2.73852484034628
"clade2","Bird",411,0.245985414928708,1.35905074745145
"clade2","Bird",412,0.358006263081182,1.07411979509565
"clade2","Bird",413,0.169024427029462,0.79107343044837
"clade2","Bird",414,0.169676109736679,0.971067648842422
"clade2","Bird",415,0.216368406079213,1.20922547641643
"clade2","Bird",416,0.211635941304269,1.20788443183904
"clade2","Bird",417,0.177451524228146,0.998414490838375
"clade2","Bird",418,1.33903993842422,3.17289409146417
"clade2","Bird",419,0.738486227252535,2.69819894984646
"clade2","Bird",42,0.224745633250984,1.20833595830973
"clade2","Bird",420,0.282104146127809,1.50087410399499
"clade2","Bird",421,0.196378744262903,1.10906250034502
"clade2","Bird",422,0.200892978414247,1.12115858175329
"clade2","Bird",423,0.423470859407541,1.94266744456204
"clade2","Bird",424,0.381562855785337,1.73843792005827
"clade2","Bird",425,0.242493246518453,1.3134612561147
"clade2","Bird",426,0.169749945994879,1.00149440348811
"clade2","Bird",427,0.184495156542246,1.05309101238018
"clade2","Bird",428,0.197642603884507,1.14654489217825
"clade2","Bird",429,0.250673025135346,1.36587261454382
"clade2","Bird",43,0.242203686535073,1.31841801352614
"clade2","Bird",430,0.199240088018824,1.12080308867521
"clade2","Bird",431,0.261998765456282,1.43253850430152
"clade2","Bird",432,0.202113975619527,1.13484080126157
"clade2","Bird",433,0.16843240601238,0.967731131461689
"clade2","Bird",434,0.468519304822712,1.20367795687603
"clade2","Bird",435,0.277504817296341,1.03067488656605
"clade2","Bird",436,0.258035439124413,1.40429508792246
"clade2","Bird",437,0.160532197552687,0.929289604344347
"clade2","Bird",438,0.843841970008838,2.83577750849854
"clade2","Bird",439,0.306509374776805,1.57197739756283
"clade2","Bird",44,0.254022908722099,1.38061127708015
"clade2","Bird",440,0.216647909887786,1.21924394141398
"clade2","Bird",441,0.937129392795459,2.87887909554476
"clade2","Bird",442,0.804495510373701,2.75804817079304
"clade2","Bird",443,0.269894751729336,1.40977208550424
"clade2","Bird",444,0.532572725309836,2.23659386315136
"clade2","Bird",445,0.330528005509858,1.70876388674292
"clade2","Bird",446,0.202413731977463,1.09862117680664
"clade2","Bird",447,0.19718801912976,1.12188261762769
"clade2","Bird",448,0.782931029431935,2.75380581339772
"clade2","Bird",449,0.24924250866391,1.34603967468843
"clade2","Bird",45,0.248571968586196,1.33774026756941
"clade2","Bird",450,0.185678796968063,1.06345324632326
"clade2","Bird",451,0.989905995962146,1.55774005192315
"clade2","Bird",452,0.426825504299819,1.98527007729196
"clade2","Bird",453,0.201934004959506,1.14970207958334
"clade2","Bird",454,0.20367293914734,1.16483408266561
"clade2","Bird",455,0.249993752474036,1.38792787730313
"clade2","Bird",456,0.205724748126724,1.15193729020226
"clade2","Bird",457,0.287803086650995,1.5333341533582
"clade2","Bird",458,0.191831750681875,1.08521827888945
"clade2","Bird",459,0.215562324790662,1.21980727987921
"clade2","Bird",46,0.339035802600239,1.68092970430382
"clade2","Bird",460,0.329365846905155,1.67771086783787
"clade2","Bird",461,0.210329772762431,1.15207005303083
"clade2","Bird",462,0.265292773667693,1.45459618406317
"clade2","Bird",463,0.255468412861647,1.38370313653933
"clade2","Bird",464,0.343016657972353,1.38159878097719
"clade2","Bird",465,0.34137502633616,1.7046358494081
"clade2","Bird",466,0.226736467092886,1.29857361377638
"clade2","Bird",467,0.310095494717124,1.38119746523845
"clade2","Bird",468,0.332799950665688,1.74166736985439
"clade2","Bird",469,0.270030891595814,1.46399798717321
"clade2","Bird",47,0.470720252324427,2.00337382268374
"clade2","Bird",470,0.286424568638563,1.51481038336338
"clade2","Bird",471,0.329861130205969,1.63555664451659
"clade2","Bird",472,0.247417916956043,1.34534357460678
"clade2","Bird",473,0.221673375691781,1.23638378739123
"clade2","Bird",474,0.957503517861473,2.87650857280963
"clade2","Bird",475,0.299373466771831,1.5293872370796
"clade2","Bird",476,0.238667787289858,1.32612008194649
"clade2","Bird",477,0.284566385210001,1.48371396952274
"clade2","Bird",478,0.281520163937485,1.48096933675847
"clade2","Bird",479,0.286839262312588,1.52507956214245
"clade2","Bird",48,0.258578065360356,1.29390069560597
"clade2","Bird",480,0.194067330913383,1.10112881365599
"clade2","Bird",481,0.292317619178352,1.56980542193155
"clade2","Bird",482,1.00881688216049,3.01891708096641
"clade2","Bird",483,0.731188478761708,1.50438158746296
"clade2","Bird",484,0.336355725992642,1.71663745935147
"clade2","Bird",485,0.361308580432002,1.87492730049426
"clade2","Bird",486,0.17914448765134,1.01931366354681
"clade2","Bird",487,0.260809528335593,1.31233796602534
"clade2","Bird",488,0.316182324626083,1.62633102040447
"clade2","Bird",489,0.110328851611286,0.652196950632059
"clade2","Bird",49,0.468611728877699,2.09889340800557
"clade2","Bird",490,0.402534975288593,1.4041246484263
"clade2","Bird",491,0.618056043056445,1.47127231600355
"clade2","Bird",492,0.147949014981883,0.840030224888606
"clade2","Bird",493,0.851135398513423,1.47907335754619
"clade2","Bird",494,0.106349425684568,0.631195100574913
"clade2","Bird",495,0.163560240058922,0.949699026245177
"clade2","Bird",496,1.19992565660849,3.24414836962557
"clade2","Bird",497,0.709045863421604,1.54588319893479
"clade2","Bird",498,0.230453828584468,1.2883481612261
"clade2","Bird",499,0.140735324637255,0.859410692730732
"clade2","Bird",5,0.295681243256476,1.62193366290687
"clade2","Bird",50,0.228893636258074,1.25819746350825
"clade2","Bird",500,0.588737035383407,1.08278220667307
"clade2","Bird",501,0.144687161996382,0.863348084313034
"clade2","Bird",51,1.03630955118089,2.86145756973732
"clade2","Bird",52,0.840142713474065,2.71725110725086
"clade2","Bird",53,0.324519609889367,1.66763991858851
"clade2","Bird",54,0.265527507560019,1.42308731013768
"clade2","Bird",55,0.871527511527831,2.69150076473456
"clade2","Bird",56,0.364197160828999,1.77293249592014
"clade2","Bird",57,0.296716864308291,1.59724768769956
"clade2","Bird",58,0.386670677000715,1.80597259934876
"clade2","Bird",59,0.28313693287405,1.52025952990767
"clade2","Bird",6,0.33730756513865,1.70243493406379
"clade2","Bird",60,0.203547263437836,1.13834448682472
"clade2","Bird",61,0.436788047692822,2.01243577445076
"clade2","Bird",62,1.23216020296356,2.95263258334869
"clade2","Bird",63,0.973494203135184,2.91238090604573
"clade2","Bird",64,1.46500336065591,2.93700618460149
"clade2","Bird",65,0.286793362095538,1.32026976354559
"clade2","Bird",66,0.400053547076724,1.53000071065327
"clade2","Bird",67,0.400047821580232,1.88909722260542
"clade2","Bird",68,1.63912179743041,3.1347072264664
"clade2","Bird",69,0.500269937817398,1.49394738386847
"clade2","Bird",7,0.536762858396541,2.13464258894398
"clade2","Bird",70,0.253928444644694,1.37792938012992
"clade2","Bird",71,0.923436601320583,2.56143468274708
"clade2","Bird",72,0.699844188887804,1.4933433324087
"clade2","Bird",73,1.02411935929346,2.88669412722415
"clade2","Bird",74,0.244150150716823,1.31728148403959
"clade2","Bird",75,0.200635490596785,1.14213122258501
"clade2","Bird",76,0.371910967206994,1.78130189708984
"clade2","Bird",77,0.315817969854332,1.54460750986535
"clade2","Bird",78,0.185765077109925,1.05440567601232
"clade2","Bird",79,0.38315322575286,1.81308698204484
"clade2","Bird",8,0.306506810679285,1.49831019961074
"clade2","Bird",80,0.334147397674744,1.68836474078698
"clade2","Bird",81,0.445484292347201,1.98744078991584
"clade2","Bird",82,0.244850859658208,1.32542871066014
"clade2","Bird",83,0.778552429623283,2.6571785094382
"clade2","Bird",84,0.376828199677171,1.79584510637668
"clade2","Bird",85,1.67713142893711,3.09143569435809
"clade2","Bird",86,0.897736424940842,2.53452479957651
"clade2","Bird",87,0.72488203065102,1.82020820620072
"clade2","Bird",88,0.871376885792471,2.78866609062942
"clade2","Bird",89,1.50703661281287,3.06628794421824
"clade2","Bird",9,0.155633253085307,0.835887534173346
"clade2","Bird",90,1.02863497351349,2.96396204942101
"clade2","Bird",91,0.39417502901982,1.37009471748988
"clade2","Bird",92,0.252748509210422,1.36723881312417
"clade2","Bird",93,0.887770856334087,2.80850234489304
"clade2","Bird",94,0.848663772632402,2.78399622597311
"clade2","Bird",95,0.54773964445253,1.40243740314928
"clade2","Bird",96,0.71711328473075,2.5205876311642
"clade2","Bird",97,0.278905761606361,1.20314799775123
"clade2","Bird",98,0.237435044530385,1.3060979300345
"clade2","Bird",99,0.219259532422257,1.20657089317072
"clade2","Human",1,0.33119476916883,1.76669727733798
"clade2","Human",10,0.261819096004463,1.46907616979912
"clade2","Human",100,0.201926668797113,1.09443154576911
"clade2","Human",101,0.19484844316209,1.10531197009537
"clade2","Human",102,0.224190548134162,1.23155328117691
"clade2","Human",103,0.278095576698543,1.43987848304489
"clade2","Human",104,0.233855954592095,1.27731774749108
"clade2","Human",105,0.236286941889525,1.29503864668625
"clade2","Human",106,0.302486473198489,1.56342774535715
"clade2","Human",107,0.267691221275224,1.40146224896976
"clade2","Human",108,0.261606089375915,1.42030090210107
"clade2","Human",109,0.24038735436476,1.22509740494642
"clade2","Human",11,0.201986766314207,1.11696866128703
"clade2","Human",110,0.274988840705993,1.45972143109963
"clade2","Human",111,0.182495479537403,1.06127915589481
"clade2","Human",112,0.376737082019267,1.80012708314981
"clade2","Human",113,0.361338504664741,1.78591369997506
"clade2","Human",114,0.917883173606734,2.85338488145895
"clade2","Human",115,0.2942958753489,1.5773648211865
"clade2","Human",116,0.195078776697403,1.0987467491512
"clade2","Human",117,0.350077166906203,1.65009061870131
"clade2","Human",118,0.510951096659713,2.1481091578918
"clade2","Human",119,0.281482287510845,1.51283950820698
"clade2","Human",12,0.774397875630115,2.75267961758248
"clade2","Human",120,0.966663199053934,2.71506772833168
"clade2","Human",121,0.211813542378979,1.19754369590584
"clade2","Human",122,0.730039503730242,2.05773135010204
"clade2","Human",123,0.676628647272001,2.38019292737495
"clade2","Human",124,0.632852740198957,2.30921188478879
"clade2","Human",125,0.351250521246946,1.70452149260043
"clade2","Human",126,1.08123687146055,2.74065853656209
"clade2","Human",127,0.184146015936637,1.09121511386507
"clade2","Human",128,0.515956759668004,2.13924471060669
"clade2","Human",129,0.826123512182162,2.08412436475727
"clade2","Human",13,0.268657080805426,1.48476781434421
"clade2","Human",130,0.777070642586346,2.73701539965735
"clade2","Human",131,1.3208576365531,2.96730921074402
"clade2","Human",132,0.422663179778641,1.89475812569136
"clade2","Human",133,0.272454746768081,1.40963067806826
"clade2","Human",134,0.251994096402824,1.36143971118196
"clade2","Human",135,0.989480250166827,2.23866279664771
"clade2","Human",136,0.805232198672788,2.43944405050065
"clade2","Human",137,0.803112496802764,2.77190068920714
"clade2","Human",138,0.590590579308796,2.31458093273094
"clade2","Human",139,0.353478455990934,1.58342732490022
"clade2","Human",14,0.22775082372309,1.36748685106287
"clade2","Human",140,0.394803690247727,1.85908537254329
"clade2","Human",141,0.735441263287523,2.63572866102052
"clade2","Human",142,0.279722748843479,1.4622094550945
"clade2","Human",143,0.503142625481627,1.55695985483644
"clade2","Human",144,0.292335356032634,1.51589244703922
"clade2","Human",145,0.254970908628899,1.40488125500431
"clade2","Human",146,1.07852701495492,2.9088511479054
"clade2","Human",147,0.289213882948286,1.55304934080924
"clade2","Human",148,1.50194454828862,2.96340879201553
"clade2","Human",149,0.631938004238896,1.70301176276048
"clade2","Human",15,0.472213138492628,2.08154384864647
"clade2","Human",150,0.792392202679152,2.33964144086791
"clade2","Human",151,0.669536406786673,1.8635373795923
"clade2","Human",152,0.718395125795063,1.56767552823828
"clade2","Human",153,1.18740618313558,2.85674336541329
"clade2","Human",154,0.21532077352289,1.18750477887494
"clade2","Human",155,0.307114428650548,1.57644984081523
"clade2","Human",156,0.300063961986608,1.32037026307262
"clade2","Human",157,0.577977589657317,2.12123953613734
"clade2","Human",158,0.287282381121826,1.452969408857
"clade2","Human",159,0.967147489828692,2.7458158373645
"clade2","Human",16,1.9492845617813,2.9763212089546
"clade2","Human",160,1.18145475277139,2.84193458245782
"clade2","Human",161,1.37337429934455,2.88538629050317
"clade2","Human",162,1.64169633833069,2.87692791797744
"clade2","Human",163,0.479869833404487,1.58020218629129
"clade2","Human",164,0.321903700711105,1.64820422861793
"clade2","Human",165,0.778545344246892,2.62249745124697
"clade2","Human",166,0.511468586840914,2.03167094635064
"clade2","Human",167,0.569948694985324,2.22150144839572
"clade2","Human",168,1.00658260559245,2.72549044604886
"clade2","Human",169,0.209548060990625,1.20604074103857
"clade2","Human",17,0.23107919084397,1.27017793755638
"clade2","Human",170,0.286497225147503,1.5654474281142
"clade2","Human",171,0.393315574660383,1.87404089830246
"clade2","Human",172,1.61829350900574,2.91816916957701
"clade2","Human",173,0.465094490596213,1.34814134160719
"clade2","Human",174,0.251040133603886,1.35989820043382
"clade2","Human",175,1.60798521340745,2.95305896052373
"clade2","Human",176,0.408941385475442,1.94392424622421
"clade2","Human",177,0.438028270697556,1.96996492417077
"clade2","Human",178,1.48537358468598,2.61580188100617
"clade2","Human",179,0.889915854894,2.67689047644585
"clade2","Human",18,1.03913201597883,3.02121531065571
"clade2","Human",180,0.237256670899725,1.12381988384643
"clade2","Human",181,0.707367755131043,2.60908083614915
"clade2","Human",182,0.461550048874753,1.63321893076988
"clade2","Human",183,0.29293605342581,1.53281895403321
"clade2","Human",184,0.187237074032657,1.08776477733762
"clade2","Human",185,0.797157570078644,2.57003638508787
"clade2","Human",186,0.2529313823768,1.22113949238327
"clade2","Human",187,0.34986311813105,1.55198081223466
"clade2","Human",188,1.12070358591613,2.97786345043733
"clade2","Human",189,1.05080099511477,2.73917065791417
"clade2","Human",19,1.5081683939952,3.0503514173235
"clade2","Human",190,0.216029312641896,1.20319368536229
"clade2","Human",191,0.526376156837406,2.16615530427129
"clade2","Human",192,0.213223268430743,1.18337037202316
"clade2","Human",193,0.315058021396575,1.61264434251321
"clade2","Human",194,0.266748280237309,1.41202868215892
"clade2","Human",195,0.21613187918022,1.18894669506616
"clade2","Human",196,0.739567726929663,2.63477010004579
"clade2","Human",197,0.265702246873294,1.38948446591779
"clade2","Human",198,1.36216601913664,2.9621997023582
"clade2","Human",199,0.959629371485262,2.64272623426064
"clade2","Human",2,0.527313786505335,1.71080528111956
"clade2","Human",20,0.2131008406359,1.18493364227842
"clade2","Human",200,1.05898293389787,2.79100121832653
"clade2","Human",201,0.789185695723125,2.68227598824106
"clade2","Human",202,0.265454403201814,1.39740227113946
"clade2","Human",203,0.376861052571528,1.81686039483842
"clade2","Human",204,0.649710884198945,2.54796030295066
"clade2","Human",205,0.525536553114082,2.14292908002926
"clade2","Human",206,0.843169157617973,2.78004716833608
"clade2","Human",207,1.05682365853798,2.86460547319373
"clade2","Human",208,0.456823660238854,1.94552934040211
"clade2","Human",209,0.461099570824818,2.02120165972715
"clade2","Human",21,0.59170251821347,1.78757112888894
"clade2","Human",210,1.09480984993496,2.82681476421977
"clade2","Human",211,0.618313513342038,2.5547378960391
"clade2","Human",212,0.428915780719769,2.01825741328149
"clade2","Human",213,0.316485744873948,1.64958356331257
"clade2","Human",214,0.954147849163624,2.78404336138692
"clade2","Human",215,0.35953895791214,1.71016104828267
"clade2","Human",216,0.985484318266304,2.75218793215249
"clade2","Human",217,0.155361413055113,0.929474644460549
"clade2","Human",218,0.279406055302477,1.48825760770764
"clade2","Human",219,0.771894051318216,2.56265092116231
"clade2","Human",22,0.38626220507503,1.80434220667986
"clade2","Human",220,0.174908268125723,0.979055308336094
"clade2","Human",221,0.209862821976295,1.19600941757865
"clade2","Human",222,0.536949320052921,2.19702803501722
"clade2","Human",223,0.207681768922231,1.1807969078652
"clade2","Human",224,0.188468567927969,1.08607540365926
"clade2","Human",225,0.335319800341792,1.64514747375361
"clade2","Human",226,0.951668582408219,2.70446019759984
"clade2","Human",227,0.918037475664194,2.71273366382663
"clade2","Human",228,0.901630878655012,2.65365912511838
"clade2","Human",229,1.14378912945522,2.79901736008364
"clade2","Human",23,0.783818203111527,2.53391605900041
"clade2","Human",230,1.28404386830372,2.86027036813064
"clade2","Human",231,1.06357492045493,2.73437378772696
"clade2","Human",232,0.716753009707388,2.49071370086488
"clade2","Human",233,0.339278151870607,1.7971049391301
"clade2","Human",234,0.921889890692165,2.7843530595679
"clade2","Human",235,0.503434321931531,2.10263620912678
"clade2","Human",236,0.480725076463615,2.02966945691706
"clade2","Human",237,0.579414212656782,2.23493359481084
"clade2","Human",238,0.905475565208208,2.20299740227989
"clade2","Human",239,0.278957167120296,1.45059298204402
"clade2","Human",24,0.278099859784901,1.49277493532927
"clade2","Human",240,0.760859441859957,2.61655020198774
"clade2","Human",241,0.359476012089425,1.91973035929579
"clade2","Human",242,0.339785863032429,1.80027859561455
"clade2","Human",243,0.390103212594574,1.84659495248837
"clade2","Human",244,0.46560693361346,2.02304588664679
"clade2","Human",245,1.45653685173114,3.00271737854482
"clade2","Human",246,0.214086036532071,1.19427482418695
"clade2","Human",247,0.271921749174646,1.45937159322594
"clade2","Human",248,0.405276804867395,1.86061013539156
"clade2","Human",249,0.245339259088812,1.33350401043291
"clade2","Human",25,0.386599932481779,1.16192453885372
"clade2","Human",250,0.296679063110842,1.54159257847152
"clade2","Human",251,0.547508733342927,2.18639980653631
"clade2","Human",252,0.28900019154564,1.54121727511478
"clade2","Human",253,0.874349980337207,2.69545641833366
"clade2","Human",254,0.37640983888001,1.78532615772215
"clade2","Human",255,0.282535581928237,1.4950321995739
"clade2","Human",256,0.769589481432569,2.78731860321251
"clade2","Human",257,0.365658786414742,1.77324973997174
"clade2","Human",258,0.320981148987193,1.61817706643613
"clade2","Human",259,0.418549868062355,1.96772290987066
"clade2","Human",26,0.292108999563568,1.5111301812112
"clade2","Human",260,0.188662195172799,1.08628649366034
"clade2","Human",261,0.413636425605876,1.96182417071794
"clade2","Human",262,0.286589661672368,1.5238599949551
"clade2","Human",263,0.331868430428872,1.66607788015454
"clade2","Human",264,1.59706639252019,2.99581315488181
"clade2","Human",265,0.277207001669796,1.45573486800909
"clade2","Human",266,0.275412499483534,1.44622287923041
"clade2","Human",267,0.342263260505687,1.68469787006671
"clade2","Human",268,0.251442758919482,1.34161004098337
"clade2","Human",269,0.265358802162565,1.39253790714162
"clade2","Human",27,0.24891599003171,1.27738344170475
"clade2","Human",270,0.346533297298017,1.71414807482287
"clade2","Human",271,0.343661119779682,1.69114063863997
"clade2","Human",272,0.329299685735448,1.63388199046161
"clade2","Human",273,0.733264668821216,2.59861916064744
"clade2","Human",274,1.06853309585959,2.91420342165217
"clade2","Human",275,0.451230401549926,1.74117416106672
"clade2","Human",276,0.452086167064451,1.79920817879965
"clade2","Human",277,0.480351157853948,1.71573605593042
"clade2","Human",278,1.05043081751029,2.88059118529293
"clade2","Human",279,0.763248503667538,2.66520585502091
"clade2","Human",28,1.0179211808405,2.80789123621035
"clade2","Human",280,0.858826963418289,2.72834255661461
"clade2","Human",281,0.605252170314134,2.43304151970695
"clade2","Human",282,0.668947619240867,2.40222578699897
"clade2","Human",283,0.356871742142555,1.77105702018196
"clade2","Human",284,0.204400770679115,1.13428402098139
"clade2","Human",285,0.31494934959331,1.39678872941552
"clade2","Human",286,0.275741853589706,1.44459891445187
"clade2","Human",287,0.304800341253546,1.59733884547036
"clade2","Human",288,0.206169313387052,1.16449169054675
"clade2","Human",289,0.419143698659712,1.94775045646014
"clade2","Human",29,0.301379862113347,1.52481715649983
"clade2","Human",290,0.465598376223032,2.14773541500137
"clade2","Human",291,0.287577078271709,1.52502591941868
"clade2","Human",292,0.349629914626406,1.48703517490123
"clade2","Human",293,0.70385266992868,2.6116099177635
"clade2","Human",294,1.10182085896504,2.96850937801217
"clade2","Human",295,0.335477009208155,1.6861890309918
"clade2","Human",296,1.13009896423081,2.85645642547885
"clade2","Human",297,0.324959474507271,1.64378771461873
"clade2","Human",298,0.284679845015811,1.49158085797259
"clade2","Human",299,0.23554801236612,1.27294674202045
"clade2","Human",3,0.309852577714041,1.69634103695232
"clade2","Human",30,0.184182154913587,1.03340346612841
"clade2","Human",300,1.25046661811494,2.99579993064164
"clade2","Human",301,0.256911320938754,1.3457737084133
"clade2","Human",302,0.291435050413308,1.49704880799489
"clade2","Human",303,1.36102818571504,3.05211069398753
"clade2","Human",304,1.56946021154464,3.016182215435
"clade2","Human",305,0.253476562297744,1.33239791895601
"clade2","Human",306,0.348954658781331,1.75351097083425
"clade2","Human",307,1.0064575625564,2.88527370618034
"clade2","Human",308,0.925197506657384,2.71644030450962
"clade2","Human",309,0.270060617236505,1.41142905316157
"clade2","Human",31,0.353290659509482,1.71020915989543
"clade2","Human",310,1.02558333367664,2.74356817741535
"clade2","Human",311,0.747304919828899,2.60900868339192
"clade2","Human",312,0.701794972230961,2.5046495802745
"clade2","Human",313,0.447019999334646,2.01033203491327
"clade2","Human",314,0.797639045705278,2.56931765507828
"clade2","Human",315,0.409574983034246,1.9622937644503
"clade2","Human",316,0.735655779072623,2.67562738236209
"clade2","Human",317,0.39572371922232,1.87582538200739
"clade2","Human",318,0.24626864867815,1.35721693550607
"clade2","Human",319,0.441549056062377,1.94299851533951
"clade2","Human",32,0.23209350242757,1.29185553405103
"clade2","Human",320,0.382990489424661,1.79999618168298
"clade2","Human",321,0.257706302386975,1.40033691803866
"clade2","Human",322,0.25251680017177,1.39679392670164
"clade2","Human",323,0.368513927614968,1.83034090091974
"clade2","Human",324,0.280899251153363,1.53411141807598
"clade2","Human",325,0.85262765482355,2.80573618814805
"clade2","Human",326,0.379722356860337,1.81446604117067
"clade2","Human",327,0.393151160269649,1.96931659074548
"clade2","Human",328,1.07664767789997,2.88525715732725
"clade2","Human",329,0.242318480061988,1.34457829839844
"clade2","Human",33,0.380212895854792,1.83793769840254
"clade2","Human",330,0.66615626656862,2.47654807918537
"clade2","Human",331,0.290682668506063,1.53193126548369
"clade2","Human",332,0.649464829524667,2.27294041398924
"clade2","Human",333,0.266309365164154,1.42804895467029
"clade2","Human",334,0.508778726895565,2.0953695690658
"clade2","Human",335,0.211130710632002,1.19711768244009
"clade2","Human",336,0.265433015317584,1.4364875832404
"clade2","Human",337,0.636857049624472,2.56416086265156
"clade2","Human",338,0.235967211140916,1.13101724214068
"clade2","Human",339,0.437297107308706,1.99735310910735
"clade2","Human",34,1.06639661857834,2.83434160398893
"clade2","Human",340,0.348408391393148,1.7577334017691
"clade2","Human",341,0.58249933451321,2.27186341843651
"clade2","Human",342,0.949171805475064,2.81600322311076
"clade2","Human",343,0.682186246631094,2.43254168711592
"clade2","Human",344,0.494346460115902,2.07701899410069
"clade2","Human",345,1.06744674935943,2.75794864751142
"clade2","Human",346,0.374129334866142,1.8074540550108
"clade2","Human",347,0.456618437448843,1.97714524526182
"clade2","Human",348,0.476677273983927,2.05496851741061
"clade2","Human",349,0.609973786870098,1.89509737688171
"clade2","Human",35,1.03454372577097,2.89292571937928
"clade2","Human",350,0.461289941683958,1.95463390971328
"clade2","Human",351,0.304201663066376,1.58891207925331
"clade2","Human",352,0.655878685143467,2.29151460277312
"clade2","Human",353,0.239152417067971,1.311303775434
"clade2","Human",354,0.369135186930477,1.75261333031057
"clade2","Human",355,0.346111752969047,1.69096646515333
"clade2","Human",356,0.690968871800768,2.63335116707311
"clade2","Human",357,0.264032630908197,1.43422808383481
"clade2","Human",358,0.520969329235118,2.14175848909809
"clade2","Human",359,0.560606207537971,2.26414779522396
"clade2","Human",36,0.619452620016022,2.30028010758182
"clade2","Human",360,0.252639866709063,1.3817804264866
"clade2","Human",361,0.586925984249067,2.47100511461847
"clade2","Human",362,0.327443880023443,1.68674221374015
"clade2","Human",363,0.539826315269045,2.16632246344207
"clade2","Human",364,1.21200333735468,2.72862747165985
"clade2","Human",365,0.930816552827969,2.59683630310576
"clade2","Human",366,1.08396740321798,2.75313623633136
"clade2","Human",367,0.645839865314641,2.41022764513389
"clade2","Human",368,1.44175188698101,2.88340445861539
"clade2","Human",369,0.557905636235778,2.05181564902028
"clade2","Human",37,0.494295802072632,2.00579259600995
"clade2","Human",370,0.508836694885808,2.11103069666763
"clade2","Human",371,0.484477576182691,1.8181127420139
"clade2","Human",372,0.776868975312512,2.92073007017981
"clade2","Human",373,0.603726889540945,1.39815588849051
"clade2","Human",374,0.164227372071889,0.900202252224297
"clade2","Human",375,0.26848112426496,1.1839518411622
"clade2","Human",376,0.195956724541337,1.10284960136425
"clade2","Human",377,0.238217327529315,1.30303384788554
"clade2","Human",378,0.202258271350457,1.11951101947212
"clade2","Human",379,0.227978599977936,1.24166475365154
"clade2","Human",38,0.379238208126231,1.30070280973051
"clade2","Human",380,0.196315702050703,1.12308266909957
"clade2","Human",381,0.398184460026436,1.84808809201358
"clade2","Human",382,0.254173738913197,1.39009981850711
"clade2","Human",383,0.857195008897798,2.75388047064011
"clade2","Human",384,0.350945822495499,1.78969500935972
"clade2","Human",385,0.997172682500332,2.92414513477119
"clade2","Human",386,0.193475491551122,1.08391887973311
"clade2","Human",387,0.204704030401542,1.15711611434314
"clade2","Human",388,0.72218396243928,2.51141974751476
"clade2","Human",389,0.576757259876319,2.24796986185704
"clade2","Human",39,0.170887772063281,0.966313040712499
"clade2","Human",390,0.7540418626639,1.98110474189693
"clade2","Human",391,0.718002575298335,2.17798699940282
"clade2","Human",392,0.377640797216038,1.78817595287993
"clade2","Human",393,0.449761651965928,1.98886885924193
"clade2","Human",394,0.87652634146878,2.68332033945591
"clade2","Human",395,0.91201145360742,2.76947418540347
"clade2","Human",396,0.877948635656151,2.86240736635984
"clade2","Human",397,0.219835106588292,1.17842890772824
"clade2","Human",398,0.376084657259169,1.81448191939132
"clade2","Human",399,0.417773804388879,1.43912381323665
"clade2","Human",4,0.281915350993447,1.55518107262686
"clade2","Human",40,0.189762029373063,1.07392164975391
"clade2","Human",400,0.368940479959211,1.77907033150591
"clade2","Human",401,0.201768967633574,1.11934912695111
"clade2","Human",402,0.265807328109579,1.37892524177422
"clade2","Human",403,0.466735584914694,1.36881179721373
"clade2","Human",404,0.226151617966837,1.24747779141879
"clade2","Human",405,0.206211441016324,1.14446430105323
"clade2","Human",406,0.293450645788951,1.51063314557475
"clade2","Human",407,0.177858560984267,1.01128822159462
"clade2","Human",408,0.169448691197146,0.952747929629412
"clade2","Human",409,0.397526221598562,1.42836376705077
"clade2","Human",41,0.331158765553097,1.70544560308087
"clade2","Human",410,1.04893286008321,2.99475935829768
"clade2","Human",411,0.228055093965175,1.25191043572455
"clade2","Human",412,0.400194049093565,1.22753149522483
"clade2","Human",413,0.209455116758318,0.975019247003736
"clade2","Human",414,0.140429584635956,0.824990644984852
"clade2","Human",415,0.214479424905443,1.21004119953687
"clade2","Human",416,0.251108150235335,1.38173494236535
"clade2","Human",417,0.166014461156832,0.942778778810309
"clade2","Human",418,1.18147260946696,3.12415006902855
"clade2","Human",419,0.795109430520094,2.70269287884022
"clade2","Human",42,0.218283075262883,1.17318494600282
"clade2","Human",420,0.247254464853225,1.33145055903675
"clade2","Human",421,0.162060336754833,0.935751243989919
"clade2","Human",422,0.164703913300514,0.960257642493301
"clade2","Human",423,0.457019184601406,2.01451065125569
"clade2","Human",424,0.292243462561934,1.38812849077654
"clade2","Human",425,0.198104127679588,1.11821855979711
"clade2","Human",426,0.159661762762294,0.934406364820837
"clade2","Human",427,0.192440231743714,1.10173554865337
"clade2","Human",428,0.205036245161997,1.18138017263373
"clade2","Human",429,0.237122220846746,1.29497860693892
"clade2","Human",43,0.35251643665094,1.78225733437863
"clade2","Human",430,0.173132328768206,0.995642962412197
"clade2","Human",431,0.277559086868219,1.48101262200343
"clade2","Human",432,0.203731168564275,1.11547996819242
"clade2","Human",433,0.145840899460428,0.837357821232626
"clade2","Human",434,0.439763574974598,1.17931818397858
"clade2","Human",435,0.284842627388579,1.12656184731523
"clade2","Human",436,0.2776924201898,1.46678688441162
"clade2","Human",437,0.153946419756749,0.87509056155608
"clade2","Human",438,0.775199159316358,2.79816361807619
"clade2","Human",439,0.249910960999585,1.31607850057867
"clade2","Human",44,0.369108322853496,1.86555533763278
"clade2","Human",440,0.278276722893635,1.45198140838272
"clade2","Human",441,1.11016587161788,3.03070003308492
"clade2","Human",442,0.847350464674512,2.8003395024077
"clade2","Human",443,0.221215525298925,1.20449990741267
"clade2","Human",444,0.559392061939179,2.25851313599883
"clade2","Human",445,0.243683613679199,1.3356554317379
"clade2","Human",446,0.177114849828375,0.990613211440873
"clade2","Human",447,0.208878844172065,1.17730968480834
"clade2","Human",448,0.830441833332684,2.77858521538218
"clade2","Human",449,0.20545894590892,1.14157696648823
"clade2","Human",45,0.358633672910877,1.73280966791811
"clade2","Human",450,0.218249992849381,1.21551205887047
"clade2","Human",451,0.700856175697265,1.38062483679926
"clade2","Human",452,0.474621104445357,2.09594017635357
"clade2","Human",453,0.175265052800468,1.00402804239154
"clade2","Human",454,0.234825202936561,1.28930524426591
"clade2","Human",455,0.234581207414026,1.26406902824568
"clade2","Human",456,0.212150675590668,1.16916643675342
"clade2","Human",457,0.236075731562784,1.28645875459406
"clade2","Human",458,0.190827823162337,1.07046455627982
"clade2","Human",459,0.193626599200072,1.08810889933663
"clade2","Human",46,0.520906234867617,2.17217686462173
"clade2","Human",460,0.314627338053034,1.61166459600288
"clade2","Human",461,0.211312399756205,1.14816670883393
"clade2","Human",462,0.269096864783324,1.43132035372933
"clade2","Human",463,0.375089459409848,1.84189421090733
"clade2","Human",464,0.394623334463711,1.3528870559843
"clade2","Human",465,0.371573080749727,1.8595170064639
"clade2","Human",466,0.217529385104749,1.25952477343836
"clade2","Human",467,0.309270455979424,1.50570712243648
"clade2","Human",468,0.288829472937777,1.56121352470856
"clade2","Human",469,0.368400751626418,1.8551329706656
"clade2","Human",47,0.481495806033971,1.99587562986307
"clade2","Human",470,0.329585344684404,1.69035618477429
"clade2","Human",471,0.336605534621245,1.67863542104558
"clade2","Human",472,0.259352023919817,1.37229235387918
"clade2","Human",473,0.194892016290293,1.11481659399297
"clade2","Human",474,1.16825177440734,2.9946255608365
"clade2","Human",475,0.287415375023255,1.47059058861141
"clade2","Human",476,0.247428287827505,1.33358032629045
"clade2","Human",477,0.322523488472781,1.62420350449329
"clade2","Human",478,0.304125219056126,1.53905114223715
"clade2","Human",479,0.303694140778782,1.56741215284092
"clade2","Human",48,0.362601590903998,1.61342120771822
"clade2","Human",480,0.239217118611133,1.28510257492978
"clade2","Human",481,0.292196146842237,1.55832227232658
"clade2","Human",482,1.04376824136615,3.01541248213005
"clade2","Human",483,0.661077501720806,1.56128645861505
"clade2","Human",484,0.335005066700109,1.66051666409867
"clade2","Human",485,0.3633626070184,1.80716941620783
"clade2","Human",486,0.205535736078884,1.16098545486294
"clade2","Human",487,0.330785451278557,1.64199276481135
"clade2","Human",488,0.421406399949963,1.92876441971787
"clade2","Human",489,0.117046124253701,0.704903414504422
"clade2","Human",49,0.565910111763939,2.17132148888593
"clade2","Human",490,0.44419156119769,1.62219255183528
"clade2","Human",491,0.609611004442822,1.46781398250261
"clade2","Human",492,0.166300665339229,0.949261457542614
"clade2","Human",493,0.575485358149523,1.43099900205614
"clade2","Human",494,0.14610504433567,0.853532523232036
"clade2","Human",495,0.138747737984743,0.816525851389452
"clade2","Human",496,1.09008739109297,3.17325411223359
"clade2","Human",497,0.431545213792268,1.44484780737546
"clade2","Human",498,0.247464232746468,1.33440634375973
"clade2","Human",499,0.130494811668677,0.804245186029783
"clade2","Human",5,0.292439316660816,1.57818101642602
"clade2","Human",50,0.313320328367513,1.60504420450481
"clade2","Human",500,0.558213598412285,1.21646994927018
"clade2","Human",501,0.121283109937766,0.72662165514999
"clade2","Human",51,1.06881559561243,2.75464019284049
"clade2","Human",52,0.796529372596339,2.61860674484037
"clade2","Human",53,0.365160700355524,1.79198916489234
"clade2","Human",54,0.255478026432086,1.38371043771316
"clade2","Human",55,0.778042643767225,2.58453335106483
"clade2","Human",56,0.349935925750757,1.70407161486222
"clade2","Human",57,0.260989035014658,1.40597276038466
"clade2","Human",58,0.464042758660544,2.00699570575746
"clade2","Human",59,0.332833606525462,1.64983907578623
"clade2","Human",6,0.327729874445548,1.6566991833874
"clade2","Human",60,0.210947292740043,1.17492265282907
"clade2","Human",61,0.450413022603396,1.99003101186802
"clade2","Human",62,1.22882864160557,2.89173053334019
"clade2","Human",63,0.943869713986702,2.86296530251907
"clade2","Human",64,1.14288113381014,2.7933138600764
"clade2","Human",65,0.245483854810008,1.26434167351778
"clade2","Human",66,0.514877500601986,1.7176492252385
"clade2","Human",67,0.352859562212375,1.72111921104981
"clade2","Human",68,1.1888458635098,3.01121809574033
"clade2","Human",69,0.554415224147477,1.83528235210572
"clade2","Human",7,0.577837547234045,2.20741453808337
"clade2","Human",70,0.337495016934147,1.70080493580815
"clade2","Human",71,0.748938198706051,2.37939022925929
"clade2","Human",72,0.580144622948975,1.46113855432493
"clade2","Human",73,1.14852156406994,2.82855804160789
"clade2","Human",74,0.243817514827555,1.32240677502199
"clade2","Human",75,0.19788768415633,1.12158832409977
"clade2","Human",76,0.336492451732118,1.58557496204215
"clade2","Human",77,0.373913783111261,1.76743766407735
"clade2","Human",78,0.202358753233953,1.11566861555588
"clade2","Human",79,0.451269826521986,1.97505517977498
"clade2","Human",8,0.384753797203649,1.66649864306045
"clade2","Human",80,0.426661283036777,1.95211663089302
"clade2","Human",81,0.445258136066468,1.98942383527812
"clade2","Human",82,0.294704469685332,1.52100077735312
"clade2","Human",83,0.711836282133124,2.48123401777276
"clade2","Human",84,0.506644787293159,2.11733194658271
"clade2","Human",85,1.41899222696955,2.98012771617667
"clade2","Human",86,0.832803765718073,2.47714894150074
"clade2","Human",87,0.721602667548939,1.79194260098318
"clade2","Human",88,0.846789436131532,2.7521769599161
"clade2","Human",89,0.988862310261557,2.82236943041231
"clade2","Human",9,0.147326576536529,0.745146859782902
"clade2","Human",90,0.643368106403854,2.56657410469058
"clade2","Human",91,0.402172375986725,1.51530933350597
"clade2","Human",92,0.257272869833631,1.36234475419824
"clade2","Human",93,0.975427960874621,2.69157817211796
"clade2","Human",94,1.04957589396184,2.89656759435748
"clade2","Human",95,0.569801018283884,1.42617307108709
"clade2","Human",96,1.53464136011983,3.04539622942543
"clade2","Human",97,0.414482412733279,1.40593343996871
"clade2","Human",98,0.230361956633131,1.26327080425856
"clade2","Human",99,0.212505368863997,1.16758626444413
"clade2","Mosquito",1,0.400233438958093,1.88894667475233
"clade2","Mosquito",10,0.317881456738004,1.65148570154251
"clade2","Mosquito",100,0.245238081445487,1.26472775063485
"clade2","Mosquito",101,0.254071235438801,1.3446718843879
"clade2","Mosquito",102,0.300650186710612,1.51476066155302
"clade2","Mosquito",103,0.356301149957615,1.70239299102134
"clade2","Mosquito",104,0.298274207925937,1.50362854709428
"clade2","Mosquito",105,0.304389897323807,1.52510064723806
"clade2","Mosquito",106,0.386563925823405,1.81828560708458
"clade2","Mosquito",107,0.355041641972315,1.69668105423221
"clade2","Mosquito",108,0.321810986419581,1.61471846506473
"clade2","Mosquito",109,0.318146900388055,1.49440018690079
"clade2","Mosquito",11,0.29821516150601,1.44995096959153
"clade2","Mosquito",110,0.338592392644762,1.66476539260943
"clade2","Mosquito",111,0.247723597902153,1.3131687358419
"clade2","Mosquito",112,0.458219581135256,1.98259381401861
"clade2","Mosquito",113,0.482099111599135,2.10123146931545
"clade2","Mosquito",114,0.735010924759931,2.62796087441123
"clade2","Mosquito",115,0.368464932000551,1.80207734602513
"clade2","Mosquito",116,0.260262404845302,1.36026799902689
"clade2","Mosquito",117,0.409653485196619,1.81320179883559
"clade2","Mosquito",118,0.58123685704583,2.23926137943332
"clade2","Mosquito",119,0.345960971953709,1.71489689617231
"clade2","Mosquito",12,0.685018943527402,2.55705297559342
"clade2","Mosquito",120,0.777114030042975,2.50782577845456
"clade2","Mosquito",121,0.279061479926869,1.44627332760203
"clade2","Mosquito",122,0.813892367827524,2.10006037758919
"clade2","Mosquito",123,0.762222221367752,2.506201035603
"clade2","Mosquito",124,0.705963266328982,2.40362805747308
"clade2","Mosquito",125,0.386055219302109,1.78791244191057
"clade2","Mosquito",126,0.863353932274026,2.58652676585634
"clade2","Mosquito",127,0.272412470821179,1.42817794360985
"clade2","Mosquito",128,0.620764450471688,2.32254420235558
"clade2","Mosquito",129,0.935758502819877,2.24791733569646
"clade2","Mosquito",13,0.337763067335084,1.68916446854564
"clade2","Mosquito",130,0.81664904697954,2.6828667049904
"clade2","Mosquito",131,0.835473466003761,2.60445730839221
"clade2","Mosquito",132,0.515800360920717,1.98453491244048
"clade2","Mosquito",133,0.384896769379363,1.73009559966234
"clade2","Mosquito",134,0.398999554607147,1.82798970688531
"clade2","Mosquito",135,0.890874079189694,2.1217378373056
"clade2","Mosquito",136,0.718840066008446,2.43376400731444
"clade2","Mosquito",137,0.818975801735162,2.70376159448176
"clade2","Mosquito",138,0.478399931333596,2.03828304450838
"clade2","Mosquito",139,0.322914453917939,1.48276004649076
"clade2","Mosquito",14,0.292151369841968,1.56929251931908
"clade2","Mosquito",140,0.451327333539464,1.95136102579823
"clade2","Mosquito",141,0.736240149927375,2.62870880064284
"clade2","Mosquito",142,0.579103765877917,2.24351990722456
"clade2","Mosquito",143,0.454647558746416,1.63242924855297
"clade2","Mosquito",144,0.340943671556846,1.66837342897053
"clade2","Mosquito",145,0.36198880038934,1.79077932894261
"clade2","Mosquito",146,1.06723229854868,2.77352552116749
"clade2","Mosquito",147,0.357392553205917,1.73481018023213
"clade2","Mosquito",148,1.03394148903403,2.77724394322651
"clade2","Mosquito",149,0.686954483897531,1.75230131505126
"clade2","Mosquito",15,0.536503425590577,2.16812976924181
"clade2","Mosquito",150,0.770810647294585,2.41939497105421
"clade2","Mosquito",151,0.847399544465382,2.17508013608547
"clade2","Mosquito",152,0.861886273788042,2.02619752962397
"clade2","Mosquito",153,1.13696121202651,2.77939781483732
"clade2","Mosquito",154,0.450197506024098,1.78364112108262
"clade2","Mosquito",155,0.589324903685308,2.24109653768734
"clade2","Mosquito",156,0.55000992418521,2.14096798097912
"clade2","Mosquito",157,0.695557395421159,2.37661740199743
"clade2","Mosquito",158,0.472263817263801,1.95220708629868
"clade2","Mosquito",159,0.925401706870135,2.65388523412615
"clade2","Mosquito",16,1.45389978487274,2.89323098240661
"clade2","Mosquito",160,1.18532015656482,2.77809980030609
"clade2","Mosquito",161,1.21049585474577,2.79228927212307
"clade2","Mosquito",162,1.62109904669153,2.76409823016305
"clade2","Mosquito",163,0.642449866433429,2.12957493190629
"clade2","Mosquito",164,0.497902681157321,2.09018933023188
"clade2","Mosquito",165,0.923655358324648,2.6526643941377
"clade2","Mosquito",166,0.656540519996433,2.31472631961433
"clade2","Mosquito",167,0.528735709062622,2.11810877142309
"clade2","Mosquito",168,0.937233865893461,2.66700569659878
"clade2","Mosquito",169,0.250879704785723,1.30456623333603
"clade2","Mosquito",17,0.279783396880779,1.43346933334858
"clade2","Mosquito",170,0.388096710924375,1.82465302727516
"clade2","Mosquito",171,0.527159507722538,2.13406353543915
"clade2","Mosquito",172,1.25887404010844,2.80052180811437
"clade2","Mosquito",173,0.451982821182822,1.6058777428516
"clade2","Mosquito",174,0.316837388223302,1.58772351192095
"clade2","Mosquito",175,1.24127962782678,2.84777190759319
"clade2","Mosquito",176,0.436577366263273,1.96402904005434
"clade2","Mosquito",177,0.398709538450626,1.78254607067686
"clade2","Mosquito",178,0.875206220964561,2.41704137878454
"clade2","Mosquito",179,0.943880088405763,2.67406028986348
"clade2","Mosquito",18,1.00206829558671,2.85794039507224
"clade2","Mosquito",180,0.319664703149371,1.36204369772451
"clade2","Mosquito",181,0.770346908515398,2.62976528524256
"clade2","Mosquito",182,0.442886598024501,1.61031648614312
"clade2","Mosquito",183,0.326170720919697,1.62366336656186
"clade2","Mosquito",184,0.225397578130011,1.24582684321852
"clade2","Mosquito",185,0.767554042185447,2.5079494548659
"clade2","Mosquito",186,0.27714391094119,1.39421777596706
"clade2","Mosquito",187,0.416203683827457,1.80644538795369
"clade2","Mosquito",188,0.929950966968098,2.82418404330555
"clade2","Mosquito",189,0.902916074321601,2.60187874438566
"clade2","Mosquito",19,1.10835547142471,2.87533247729166
"clade2","Mosquito",190,0.263137945553895,1.37780712967232
"clade2","Mosquito",191,0.517118084014704,2.11444778252658
"clade2","Mosquito",192,0.296753571179249,1.51948766658097
"clade2","Mosquito",193,0.469357570436799,1.99095098667433
"clade2","Mosquito",194,0.387921089568418,1.79092255385647
"clade2","Mosquito",195,0.298515172996565,1.48550129200171
"clade2","Mosquito",196,0.667444535880908,2.43804259864062
"clade2","Mosquito",197,0.375065924559868,1.75146313271288
"clade2","Mosquito",198,1.00951090521041,2.72131750517266
"clade2","Mosquito",199,0.820047611888475,2.55428237188552
"clade2","Mosquito",2,0.485939768520682,1.92345689037853
"clade2","Mosquito",20,0.276376540739095,1.42133013941946
"clade2","Mosquito",200,1.00723206927865,2.7130505905865
"clade2","Mosquito",201,1.01016799736206,2.75766091175822
"clade2","Mosquito",202,0.43366231651948,1.90923504515993
"clade2","Mosquito",203,0.46226872996064,2.02273530276612
"clade2","Mosquito",204,0.58154467250344,2.3797218735073
"clade2","Mosquito",205,0.561321560930523,2.2079494339472
"clade2","Mosquito",206,0.911998823295074,2.75292986209088
"clade2","Mosquito",207,1.02274980089946,2.80279675134124
"clade2","Mosquito",208,0.541583346362401,2.0927841831623
"clade2","Mosquito",209,0.467248813109196,2.02419392155494
"clade2","Mosquito",21,0.840846235789397,2.01140418303889
"clade2","Mosquito",210,1.0171274296724,2.73830935079732
"clade2","Mosquito",211,0.616146503234313,2.4276993822043
"clade2","Mosquito",212,0.455773368235532,2.00534408805116
"clade2","Mosquito",213,0.341313114658056,1.6864285392666
"clade2","Mosquito",214,0.92084235730057,2.64946614424408
"clade2","Mosquito",215,0.503253307837178,2.07147189398695
"clade2","Mosquito",216,0.92004687207555,2.68839506121554
"clade2","Mosquito",217,0.23892573535861,1.2770952564414
"clade2","Mosquito",218,0.398717004556861,1.8783023682367
"clade2","Mosquito",219,0.787592125900801,2.53642254854453
"clade2","Mosquito",22,0.396504879987248,1.8204231478447
"clade2","Mosquito",220,0.237419251186594,1.25119545739743
"clade2","Mosquito",221,0.27507387518688,1.43984242750613
"clade2","Mosquito",222,0.520269797991395,2.11938210655286
"clade2","Mosquito",223,0.28248829601014,1.46445966765446
"clade2","Mosquito",224,0.231207538832116,1.25072910568831
"clade2","Mosquito",225,0.450645564658475,1.95950877406192
"clade2","Mosquito",226,0.991552412089489,2.69965131874576
"clade2","Mosquito",227,0.961128664797415,2.68607034140375
"clade2","Mosquito",228,0.94131838597135,2.65941361734489
"clade2","Mosquito",229,1.08532329589508,2.75334717640612
"clade2","Mosquito",23,0.769961099423619,2.52853511842126
"clade2","Mosquito",230,1.2468537909536,2.80824312847143
"clade2","Mosquito",231,1.01955067040307,2.70411290938646
"clade2","Mosquito",232,0.868288624375043,2.61586213965298
"clade2","Mosquito",233,0.345875393492176,1.70752232454394
"clade2","Mosquito",234,0.963062661604404,2.71805672971121
"clade2","Mosquito",235,0.512354787589556,2.12748205619199
"clade2","Mosquito",236,0.539312176748182,2.08333289067302
"clade2","Mosquito",237,0.602675587582159,2.27248089591285
"clade2","Mosquito",238,0.768660792164895,2.07933567237062
"clade2","Mosquito",239,0.304026410317556,1.47029411733166
"clade2","Mosquito",24,0.376959307244731,1.78851507655596
"clade2","Mosquito",240,0.729853034891698,2.50876899116938
"clade2","Mosquito",241,0.398848710259297,1.87442201752546
"clade2","Mosquito",242,0.384796342239436,1.86321539933318
"clade2","Mosquito",243,0.613897784260912,2.30561806452062
"clade2","Mosquito",244,0.559075498474198,2.20616808338757
"clade2","Mosquito",245,1.08682664058969,2.82016682289657
"clade2","Mosquito",246,0.251411765252575,1.3413198446937
"clade2","Mosquito",247,0.315920014052057,1.58537576712193
"clade2","Mosquito",248,0.493187922160186,2.08879344548242
"clade2","Mosquito",249,0.281347983725263,1.46210770453726
"clade2","Mosquito",25,0.304380486220678,1.28826989890113
"clade2","Mosquito",250,0.387867727192698,1.81548208637457
"clade2","Mosquito",251,0.706984803905238,2.42060892299127
"clade2","Mosquito",252,0.380981324933747,1.81002127341755
"clade2","Mosquito",253,0.973985414153373,2.6801136365276
"clade2","Mosquito",254,0.42147463339735,1.81765774943152
"clade2","Mosquito",255,0.400724396546181,1.87610941233602
"clade2","Mosquito",256,0.750796456746569,2.68299807879836
"clade2","Mosquito",257,0.454076878855655,2.00173970431889
"clade2","Mosquito",258,0.516992130058388,2.12755920928336
"clade2","Mosquito",259,0.494516834006713,2.09609104678048
"clade2","Mosquito",26,0.416390098779156,1.83093857318516
"clade2","Mosquito",260,0.237854657204953,1.28500861837596
"clade2","Mosquito",261,0.572716106299017,2.28855591257219
"clade2","Mosquito",262,0.373434719115977,1.77134553053607
"clade2","Mosquito",263,0.437656144602275,1.95029103439115
"clade2","Mosquito",264,1.49031819494066,2.90644826939525
"clade2","Mosquito",265,0.364024432149594,1.72627718019775
"clade2","Mosquito",266,0.344385479230526,1.67077951670644
"clade2","Mosquito",267,0.425326484013765,1.89686529578252
"clade2","Mosquito",268,0.320148518787122,1.59451124930756
"clade2","Mosquito",269,0.352709119349946,1.69337768361099
"clade2","Mosquito",27,0.397110554933261,1.76048574591256
"clade2","Mosquito",270,0.431964532455387,1.92959491881626
"clade2","Mosquito",271,0.462604491374782,2.00690743790098
"clade2","Mosquito",272,0.383732135905958,1.80255724501414
"clade2","Mosquito",273,0.813345974656833,2.6001500923382
"clade2","Mosquito",274,1.02198486517834,2.78285123686498
"clade2","Mosquito",275,0.498753718911361,1.94336618232592
"clade2","Mosquito",276,0.428771073319996,1.76871397829927
"clade2","Mosquito",277,0.56638834030459,1.87869714369484
"clade2","Mosquito",278,1.14377109463653,2.8402881265699
"clade2","Mosquito",279,0.823569851080347,2.66773970421683
"clade2","Mosquito",28,1.06053717541517,2.81919072909134
"clade2","Mosquito",280,0.968784199322503,2.75079071520039
"clade2","Mosquito",281,0.702862031274375,2.54526247670832
"clade2","Mosquito",282,0.680641813471291,2.38221525319747
"clade2","Mosquito",283,0.438721630028147,1.95864881804267
"clade2","Mosquito",284,0.290059725258777,1.46432261780087
"clade2","Mosquito",285,0.390051851215651,1.68585201866637
"clade2","Mosquito",286,0.307893556400887,1.54550762676352
"clade2","Mosquito",287,0.392310634802323,1.83648797041146
"clade2","Mosquito",288,0.274191094033701,1.41244836092671
"clade2","Mosquito",289,0.434718197590496,1.96926785765382
"clade2","Mosquito",29,0.373344293575911,1.7553277334985
"clade2","Mosquito",290,0.409068387651652,1.92601509723948
"clade2","Mosquito",291,0.361962402833017,1.7412683594028
"clade2","Mosquito",292,0.33273157055728,1.57883797359068
"clade2","Mosquito",293,0.810893017439053,2.68577960258366
"clade2","Mosquito",294,0.95474991494668,2.79011687748618
"clade2","Mosquito",295,0.396517055333476,1.85241312090574
"clade2","Mosquito",296,1.13427087244589,2.84622815648865
"clade2","Mosquito",297,0.395211140069307,1.85011351660283
"clade2","Mosquito",298,0.342822045461812,1.67232811738832
"clade2","Mosquito",299,0.306576111123882,1.53204979730448
"clade2","Mosquito",3,0.355233691621192,1.80184674325288
"clade2","Mosquito",30,0.231994070423985,1.23636264202627
"clade2","Mosquito",300,1.25103259640191,2.91964430462089
"clade2","Mosquito",301,0.320125834676264,1.57753476498861
"clade2","Mosquito",302,0.350568678111275,1.67750338671748
"clade2","Mosquito",303,1.62126493338716,2.98267832623538
"clade2","Mosquito",304,1.11620532882453,2.87292722733246
"clade2","Mosquito",305,0.331677492863409,1.59873687752675
"clade2","Mosquito",306,0.431677454324512,1.93554360208479
"clade2","Mosquito",307,0.94595504541991,2.7709016388707
"clade2","Mosquito",308,0.867363059854663,2.6435293164794
"clade2","Mosquito",309,0.335591089111747,1.62777214837349
"clade2","Mosquito",31,0.399862987164046,1.83237680096392
"clade2","Mosquito",310,0.980590615374487,2.67568829807404
"clade2","Mosquito",311,0.81498837564704,2.62229439863034
"clade2","Mosquito",312,0.791798001073312,2.53613510751771
"clade2","Mosquito",313,0.785508641774238,2.56348564763024
"clade2","Mosquito",314,0.947556003321756,2.6700516201655
"clade2","Mosquito",315,0.388672449104729,1.82606909525669
"clade2","Mosquito",316,0.807605999581293,2.69148908433431
"clade2","Mosquito",317,0.419234762057833,1.91746367389605
"clade2","Mosquito",318,0.299671094705576,1.53481096629162
"clade2","Mosquito",319,0.50454493665125,2.07471131448655
"clade2","Mosquito",32,0.276767937331614,1.43966443903836
"clade2","Mosquito",320,0.481147936156878,2.04137430606836
"clade2","Mosquito",321,0.353933267448934,1.71621090709125
"clade2","Mosquito",322,0.310813395674736,1.57215646946563
"clade2","Mosquito",323,0.403272337746538,1.88615981560352
"clade2","Mosquito",324,0.333085981180648,1.67348829486721
"clade2","Mosquito",325,0.89233040142775,2.77077780996319
"clade2","Mosquito",326,0.520286019394217,2.11979922986077
"clade2","Mosquito",327,0.405105184570312,1.92754235651459
"clade2","Mosquito",328,1.20158962808801,2.84569469120927
"clade2","Mosquito",329,0.312163527507205,1.57327119750814
"clade2","Mosquito",33,0.374363351646456,1.77465965816928
"clade2","Mosquito",330,0.653852152376198,2.40179851895914
"clade2","Mosquito",331,0.339742835071456,1.66348301508716
"clade2","Mosquito",332,0.617862602816681,2.15968874104411
"clade2","Mosquito",333,0.328898810567194,1.62933673367957
"clade2","Mosquito",334,0.57016438088394,2.21013422146926
"clade2","Mosquito",335,0.269040673578087,1.4196871264688
"clade2","Mosquito",336,0.329724961036678,1.62967435157202
"clade2","Mosquito",337,0.71815900485818,2.58790213486191
"clade2","Mosquito",338,0.254967716895181,1.2963961161199
"clade2","Mosquito",339,0.462358764804927,2.00614818788057
"clade2","Mosquito",34,0.996265005311777,2.7811109260558
"clade2","Mosquito",340,0.391224441153594,1.84199338871492
"clade2","Mosquito",341,0.572022211036144,2.20767638634378
"clade2","Mosquito",342,0.883681657791156,2.70224721941797
"clade2","Mosquito",343,0.708093344544975,2.48256698286668
"clade2","Mosquito",344,0.554311237982858,2.15932228193161
"clade2","Mosquito",345,0.866296892622123,2.6277479163564
"clade2","Mosquito",346,0.418775552458264,1.88149571982849
"clade2","Mosquito",347,0.463964998551145,1.98412471555011
"clade2","Mosquito",348,0.513465073244863,2.10352739703332
"clade2","Mosquito",349,0.623740662231032,1.9617766876495
"clade2","Mosquito",35,1.04233690904641,2.79013245180683
"clade2","Mosquito",350,0.463492260596983,1.94647321178914
"clade2","Mosquito",351,0.374147422558912,1.75764736156686
"clade2","Mosquito",352,0.459412195411944,2.00566296366456
"clade2","Mosquito",353,0.293834564756732,1.50409632151135
"clade2","Mosquito",354,0.43436068322707,1.91037894866858
"clade2","Mosquito",355,0.448741886310288,1.95733405312789
"clade2","Mosquito",356,0.78124065716002,2.64416962693502
"clade2","Mosquito",357,0.328210291981086,1.63528542104305
"clade2","Mosquito",358,0.545513368772604,2.17358605461422
"clade2","Mosquito",359,0.562313115393624,2.23672249827165
"clade2","Mosquito",36,0.591518063994343,2.2332677604377
"clade2","Mosquito",360,0.277278497797064,1.44209438336131
"clade2","Mosquito",361,0.794821153681445,2.67366616308425
"clade2","Mosquito",362,0.358672404457396,1.76299014077327
"clade2","Mosquito",363,0.567282617075599,2.22322787684286
"clade2","Mosquito",364,0.971663948153444,2.60543249762959
"clade2","Mosquito",365,0.946913266966169,2.59218336242672
"clade2","Mosquito",366,1.17825433220045,2.74672000128363
"clade2","Mosquito",367,0.676805198194212,2.41523212152345
"clade2","Mosquito",368,1.06102361767605,2.76070434905331
"clade2","Mosquito",369,0.546112857712457,2.00628231812569
"clade2","Mosquito",37,0.430496334063049,1.82484200558647
"clade2","Mosquito",370,0.709734950386004,2.43496125595535
"clade2","Mosquito",371,0.484244854837558,1.84019065589357
"clade2","Mosquito",372,0.688763847156054,2.62540550229367
"clade2","Mosquito",373,0.656164725040978,1.59441576806937
"clade2","Mosquito",374,0.228093573032038,1.17796938185264
"clade2","Mosquito",375,0.307339806650827,1.2588679316721
"clade2","Mosquito",376,0.270568389910643,1.39609764219611
"clade2","Mosquito",377,0.311262912296192,1.57588016095734
"clade2","Mosquito",378,0.3063057596185,1.53565943251433
"clade2","Mosquito",379,0.351418214273851,1.69827847900396
"clade2","Mosquito",38,0.426157726787495,1.55360033560917
"clade2","Mosquito",380,0.252263162576372,1.33562379159123
"clade2","Mosquito",381,0.494053263550695,2.0693244994199
"clade2","Mosquito",382,0.282013396217648,1.46198055356359
"clade2","Mosquito",383,0.866560604993683,2.67676759515846
"clade2","Mosquito",384,0.347262795024409,1.70741640775696
"clade2","Mosquito",385,0.895574545644844,2.77363254544331
"clade2","Mosquito",386,0.275776893234821,1.42261267717549
"clade2","Mosquito",387,0.253833104790408,1.340687161347
"clade2","Mosquito",388,0.754320717972884,2.50430930499623
"clade2","Mosquito",389,0.544563436681933,2.15866741011968
"clade2","Mosquito",39,0.209859319439008,1.11708894539711
"clade2","Mosquito",390,0.695373248527541,1.98450684736652
"clade2","Mosquito",391,0.729386089921548,2.28678323166299
"clade2","Mosquito",392,0.425925184982393,1.89111231719307
"clade2","Mosquito",393,0.455069461066557,1.97516120535908
"clade2","Mosquito",394,0.972926744483743,2.71846465686225
"clade2","Mosquito",395,0.954731038984343,2.74540719541072
"clade2","Mosquito",396,0.902303113787355,2.76103461218806
"clade2","Mosquito",397,0.308475471031382,1.52037435449377
"clade2","Mosquito",398,0.408150189930941,1.85769895648882
"clade2","Mosquito",399,0.405672202886457,1.51277197717247
"clade2","Mosquito",4,0.337814535976423,1.72693811187157
"clade2","Mosquito",40,0.25909923200079,1.36858256371813
"clade2","Mosquito",400,0.430235478322025,1.92357437432492
"clade2","Mosquito",401,0.273823527763684,1.40571315112644
"clade2","Mosquito",402,0.323966448683525,1.58783540927669
"clade2","Mosquito",403,0.533414647975439,1.63793874060003
"clade2","Mosquito",404,0.305861467629811,1.54965279474531
"clade2","Mosquito",405,0.281107690627173,1.43798424259357
"clade2","Mosquito",406,0.35129667753526,1.68287804957041
"clade2","Mosquito",407,0.236771212780694,1.26470790574245
"clade2","Mosquito",408,0.244783197683436,1.2296120477901
"clade2","Mosquito",409,0.410542792240453,1.59473833734572
"clade2","Mosquito",41,0.336496514371075,1.66015146772172
"clade2","Mosquito",410,0.921674707260859,2.80471420330118
"clade2","Mosquito",411,0.296716942740884,1.52094156406499
"clade2","Mosquito",412,0.342313015048915,1.37921101315274
"clade2","Mosquito",413,0.274883149438102,1.30877467999168
"clade2","Mosquito",414,0.190914457708785,1.06742120461516
"clade2","Mosquito",415,0.28030890333399,1.45115397470844
"clade2","Mosquito",416,0.346110324773482,1.72220051886067
"clade2","Mosquito",417,0.234645321518593,1.24952536742296
"clade2","Mosquito",418,1.32722308274173,3.04110087336725
"clade2","Mosquito",419,0.707136087786956,2.55133857931969
"clade2","Mosquito",42,0.28273834238345,1.43955703160017
"clade2","Mosquito",420,0.351411841295594,1.6583628125148
"clade2","Mosquito",421,0.243840633186022,1.28617723217039
"clade2","Mosquito",422,0.250472530117833,1.31405750441809
"clade2","Mosquito",423,0.523914987854458,2.13747359902567
"clade2","Mosquito",424,0.401777544543336,1.74900697568861
"clade2","Mosquito",425,0.275860230125832,1.42872743648848
"clade2","Mosquito",426,0.21286600395582,1.1704355069323
"clade2","Mosquito",427,0.23555541624436,1.25882509710596
"clade2","Mosquito",428,0.296003576110855,1.52370108293456
"clade2","Mosquito",429,0.358759968222887,1.72145171340687
"clade2","Mosquito",43,0.351469426213286,1.73481279095812
"clade2","Mosquito",430,0.253584282333221,1.34254172220925
"clade2","Mosquito",431,0.364454257630394,1.75172444548606
"clade2","Mosquito",432,0.318883636373929,1.55084428081692
"clade2","Mosquito",433,0.223200867539305,1.20349353427823
"clade2","Mosquito",434,0.479902254422359,1.51868114869404
"clade2","Mosquito",435,0.369389987616814,1.46958759784134
"clade2","Mosquito",436,0.348268211076205,1.67251264293622
"clade2","Mosquito",437,0.208789919450428,1.13216210881081
"clade2","Mosquito",438,0.687905941426472,2.60973967975682
"clade2","Mosquito",439,0.405286625529392,1.84201331628709
"clade2","Mosquito",44,0.419062682683652,1.92596299754479
"clade2","Mosquito",440,0.440682473501516,1.92835836991719
"clade2","Mosquito",441,1.07220582778416,2.90297981002492
"clade2","Mosquito",442,0.814239904234392,2.70779015730282
"clade2","Mosquito",443,0.305205215929532,1.51094942363187
"clade2","Mosquito",444,0.58502251415318,2.25800837827715
"clade2","Mosquito",445,0.292856493198994,1.50280980767524
"clade2","Mosquito",446,0.212701780934502,1.14280612464881
"clade2","Mosquito",447,0.35822257723514,1.73489025877967
"clade2","Mosquito",448,0.731780228571083,2.54737949659184
"clade2","Mosquito",449,0.261509484935427,1.36751335240619
"clade2","Mosquito",45,0.380848921122296,1.78788017243063
"clade2","Mosquito",450,0.279382586157859,1.44570747077263
"clade2","Mosquito",451,0.513858431055775,1.4919759106629
"clade2","Mosquito",452,0.506988355044155,2.12145298793931
"clade2","Mosquito",453,0.247149779006039,1.31895712525574
"clade2","Mosquito",454,0.281400580492848,1.45729204454477
"clade2","Mosquito",455,0.389431905759055,1.79304139997715
"clade2","Mosquito",456,0.318064135297644,1.56977106594769
"clade2","Mosquito",457,0.296804315975899,1.50009820346621
"clade2","Mosquito",458,0.250332730651232,1.31666820985661
"clade2","Mosquito",459,0.242521898723111,1.23957936820342
"clade2","Mosquito",46,0.489833913844374,2.05708304290859
"clade2","Mosquito",460,0.396726767035035,1.83637844318318
"clade2","Mosquito",461,0.307637347604776,1.55346721560237
"clade2","Mosquito",462,0.363246773433611,1.73346885685272
"clade2","Mosquito",463,0.411965853950287,1.88843576622033
"clade2","Mosquito",464,0.410477884758845,1.60326810961621
"clade2","Mosquito",465,0.408608888067051,1.89894918631799
"clade2","Mosquito",466,0.28284516043726,1.47022200828836
"clade2","Mosquito",467,0.360619900356739,1.56185545185546
"clade2","Mosquito",468,0.400627424128355,1.90786040555519
"clade2","Mosquito",469,0.411952535785809,1.92442712808843
"clade2","Mosquito",47,0.494355704745973,2.00176156090727
"clade2","Mosquito",470,0.374031388309228,1.81441087679024
"clade2","Mosquito",471,0.383540157311535,1.7830445655287
"clade2","Mosquito",472,0.36942650965569,1.73237591232985
"clade2","Mosquito",473,0.235315680108551,1.28742514998921
"clade2","Mosquito",474,1.09907276759967,2.86939862272039
"clade2","Mosquito",475,0.384299892673022,1.76788209717522
"clade2","Mosquito",476,0.311889263282417,1.55780849738275
"clade2","Mosquito",477,0.398237482252398,1.83452835907372
"clade2","Mosquito",478,0.350507262694422,1.65468991714849
"clade2","Mosquito",479,0.230691075447057,1.26202920729344
"clade2","Mosquito",48,0.407850860886802,1.75805413421248
"clade2","Mosquito",480,0.323328315413366,1.59770029179688
"clade2","Mosquito",481,0.383117815913724,1.80205898926879
"clade2","Mosquito",482,1.07543607599001,2.8624531593392
"clade2","Mosquito",483,0.539615779719999,1.70725116187801
"clade2","Mosquito",484,0.421062202525323,1.90391404895362
"clade2","Mosquito",485,0.450960529055415,1.99108516925106
"clade2","Mosquito",486,0.312641780350302,1.5742629431672
"clade2","Mosquito",487,0.364432578996271,1.65467995385877
"clade2","Mosquito",488,0.467314514781947,2.00894944760477
"clade2","Mosquito",489,0.182778999260073,1.01601588689566
"clade2","Mosquito",49,0.485856734747369,1.98831261326404
"clade2","Mosquito",490,0.464923660055351,1.68245399621401
"clade2","Mosquito",491,0.692282750592055,1.69541696291673
"clade2","Mosquito",492,0.271587967935315,1.39938565047913
"clade2","Mosquito",493,0.552073414255539,1.56094487666816
"clade2","Mosquito",494,0.219533252793527,1.19850953988061
"clade2","Mosquito",495,0.230746519042359,1.24795327474019
"clade2","Mosquito",496,1.02669683216155,3.00633535026144
"clade2","Mosquito",497,0.383185548861914,1.55874198039219
"clade2","Mosquito",498,0.321420177155946,1.58900135347593
"clade2","Mosquito",499,0.163270938809275,0.965726869435125
"clade2","Mosquito",5,0.337861431892318,1.70627276815287
"clade2","Mosquito",50,0.351698878722624,1.7058694987805
"clade2","Mosquito",500,0.511886435836264,1.50521698066922
"clade2","Mosquito",501,0.171836964955019,0.997982819600844
"clade2","Mosquito",51,1.08221681315102,2.73514815322129
"clade2","Mosquito",52,0.620678000036903,2.32215748840579
"clade2","Mosquito",53,0.407603928409876,1.89272183440879
"clade2","Mosquito",54,0.381389214938959,1.76969819529629
"clade2","Mosquito",55,0.809912754474938,2.61831135625603
"clade2","Mosquito",56,0.493434712122112,2.06517613509283
"clade2","Mosquito",57,0.312318597391736,1.60176431503777
"clade2","Mosquito",58,0.503327172432349,2.070819872653
"clade2","Mosquito",59,0.376623422481548,1.77282737903894
"clade2","Mosquito",6,0.466092001078602,2.01724853732736
"clade2","Mosquito",60,0.2717893559826,1.40459019648137
"clade2","Mosquito",61,0.507547439103016,2.11486536514893
"clade2","Mosquito",62,1.01668208622419,2.73563998066105
"clade2","Mosquito",63,1.10996633378783,2.87177862120415
"clade2","Mosquito",64,1.36252006287956,2.82735818530726
"clade2","Mosquito",65,0.325189630727256,1.52566509355203
"clade2","Mosquito",66,0.51254765454585,1.9148009252623
"clade2","Mosquito",67,0.38783218877681,1.79907184158051
"clade2","Mosquito",68,1.13698426169282,2.8345701983678
"clade2","Mosquito",69,0.58962550412576,1.95287710190329
"clade2","Mosquito",7,0.602078300428041,2.18694039713816
"clade2","Mosquito",70,0.427265352736958,1.94742522825377
"clade2","Mosquito",71,0.883533430137619,2.38427373907529
"clade2","Mosquito",72,0.696844168915436,1.79868191263723
"clade2","Mosquito",73,1.12179866726156,2.78356549960659
"clade2","Mosquito",74,0.309190497848124,1.53621141607566
"clade2","Mosquito",75,0.251536342507227,1.31615077371521
"clade2","Mosquito",76,0.436124844461762,1.86853098259964
"clade2","Mosquito",77,0.440639774118353,1.92397619310409
"clade2","Mosquito",78,0.261878269605355,1.3513492200486
"clade2","Mosquito",79,0.505277145625055,2.07194380312308
"clade2","Mosquito",8,0.424012822329307,1.78045568758986
"clade2","Mosquito",80,0.445747815900435,1.95048417103072
"clade2","Mosquito",81,0.526346896629433,2.12355522024303
"clade2","Mosquito",82,0.348129756124446,1.66586698360679
"clade2","Mosquito",83,0.768789613954684,2.49651902763201
"clade2","Mosquito",84,0.670193655485713,2.38476686546771
"clade2","Mosquito",85,1.15271709264353,2.84780184202279
"clade2","Mosquito",86,0.794246126152953,2.51861414339969
"clade2","Mosquito",87,0.875596176512349,1.96009626097943
"clade2","Mosquito",88,0.844266468148615,2.66317363082993
"clade2","Mosquito",89,1.17253893260263,2.73151514039786
"clade2","Mosquito",9,0.206692370714003,1.03682411212515
"clade2","Mosquito",90,0.863800453192464,2.72227283081508
"clade2","Mosquito",91,0.484514577023881,1.76388721110697
"clade2","Mosquito",92,0.325685161763608,1.59758513133358
"clade2","Mosquito",93,0.902543739266641,2.66579797731034
"clade2","Mosquito",94,0.955855455649824,2.71786530965865
"clade2","Mosquito",95,0.58700755778043,1.64898366622294
"clade2","Mosquito",96,0.798776271552435,2.60929221658234
"clade2","Mosquito",97,0.347925226954591,1.51647136423974
"clade2","Mosquito",98,0.282327820726921,1.45514747310401
"clade2","Mosquito",99,0.283982272489329,1.44117062482047
"clade3","Bird",1,0.818527873674432,2.83380907120742
"clade3","Bird",10,0.297806407427811,1.58838090193776
"clade3","Bird",100,0.228132612147431,1.25878948161184
"clade3","Bird",101,0.21338761003676,1.20105455125611
"clade3","Bird",102,0.241147891790361,1.31269368486639
"clade3","Bird",103,0.273083658379434,1.43177831832107
"clade3","Bird",104,0.247456204475905,1.33446671838485
"clade3","Bird",105,0.250643848888172,1.34965472695439
"clade3","Bird",106,0.276237347905434,1.45310899764344
"clade3","Bird",107,0.258189557420305,1.36976377539371
"clade3","Bird",108,0.237334486901896,1.2976772472546
"clade3","Bird",109,0.268165176100444,1.41952735243067
"clade3","Bird",11,0.292637379401856,1.56738978488136
"clade3","Bird",110,0.186044371941507,1.04668769695493
"clade3","Bird",111,0.190775843087929,1.110289363637
"clade3","Bird",112,0.325284390944017,1.61873236151402
"clade3","Bird",113,0.239966417453772,0.954236346673098
"clade3","Bird",114,0.931506787614483,2.96607223355214
"clade3","Bird",115,0.281589427871527,1.53123138114786
"clade3","Bird",116,0.197447723073881,1.12087708831351
"clade3","Bird",117,0.353846321143779,1.33490379151787
"clade3","Bird",118,0.327675569811585,1.6648467146417
"clade3","Bird",119,0.230975750470565,1.29976991432885
"clade3","Bird",12,0.987110469785534,2.99198415910695
"clade3","Bird",120,0.717610218110972,2.4850478103888
"clade3","Bird",121,0.223409172030584,1.25219925987782
"clade3","Bird",122,0.895265518726491,2.71591259178615
"clade3","Bird",123,0.858843613759164,2.59732903384525
"clade3","Bird",124,0.385229785574353,1.84690650533156
"clade3","Bird",125,0.29292738519161,1.41508727201583
"clade3","Bird",126,0.794155878443026,2.56859781658248
"clade3","Bird",127,0.174032102221905,1.04388182427759
"clade3","Bird",128,0.745791374635389,2.49416628917916
"clade3","Bird",129,0.312759307245245,1.53518747751551
"clade3","Bird",13,0.270722412163056,1.50006892016798
"clade3","Bird",130,0.314122787142182,1.64734236167892
"clade3","Bird",131,1.24416834721071,2.98755971719136
"clade3","Bird",132,0.556451502249335,1.93027700358422
"clade3","Bird",133,0.246905461763566,1.32999851077703
"clade3","Bird",134,0.238212757963599,1.31139056430793
"clade3","Bird",135,0.986060384603444,2.85414152984404
"clade3","Bird",136,0.726365576650747,2.61883041628457
"clade3","Bird",137,0.255229512805251,1.38970066472525
"clade3","Bird",138,0.873463149181717,2.78192013906755
"clade3","Bird",139,0.39104998278664,1.20963527892393
"clade3","Bird",14,0.244327389873664,1.42806655780796
"clade3","Bird",140,0.292040946738135,1.54306028750244
"clade3","Bird",141,0.377343343992594,1.272680988611
"clade3","Bird",142,1.19277917879167,3.07409173878534
"clade3","Bird",143,0.32340680104128,1.65831337480693
"clade3","Bird",144,0.295780883764438,1.54246041353668
"clade3","Bird",145,0.283691192595099,1.53422516430917
"clade3","Bird",146,0.323075795881453,1.63242528357312
"clade3","Bird",147,0.271266737758331,1.47566239828563
"clade3","Bird",148,0.824233512401,2.79899286779626
"clade3","Bird",149,0.233636254927521,1.27564505433346
"clade3","Bird",15,0.523364966560909,2.22676669225844
"clade3","Bird",150,0.729148810050186,1.83857213746731
"clade3","Bird",151,0.668744736969649,2.59360039546124
"clade3","Bird",152,0.28042112333821,1.47335943662842
"clade3","Bird",153,0.345401379575491,1.65522258343749
"clade3","Bird",154,0.337239330773509,1.71540048959622
"clade3","Bird",155,0.260706237506543,1.40480400717566
"clade3","Bird",156,0.790359312719276,2.62100441527448
"clade3","Bird",157,0.390633855310911,1.76353435285661
"clade3","Bird",158,0.326946430923181,1.64087496364037
"clade3","Bird",159,1.12525524636548,2.841916155069
"clade3","Bird",16,0.449143504088434,2.03295163402319
"clade3","Bird",160,0.384430344609892,1.78128746694188
"clade3","Bird",161,0.785970044766406,2.22427553237924
"clade3","Bird",162,1.67870217414511,3.00203060571131
"clade3","Bird",163,0.715450494070221,2.65219677805938
"clade3","Bird",164,0.291661010727599,1.52733849025125
"clade3","Bird",165,0.895621241523007,2.80248310817406
"clade3","Bird",166,0.50014222370838,1.86596914022435
"clade3","Bird",167,0.411670829516105,1.90134351236668
"clade3","Bird",168,0.497255816094432,2.10408810949379
"clade3","Bird",169,0.282646410992245,1.52050666932625
"clade3","Bird",17,0.234422313585444,1.34497495127365
"clade3","Bird",170,0.230298072020541,1.29622337395535
"clade3","Bird",171,0.292984120360477,1.56564956961643
"clade3","Bird",172,0.494577929701283,1.82878076224499
"clade3","Bird",173,0.308045785625614,1.01724004343556
"clade3","Bird",174,0.235179566414577,1.30550585376764
"clade3","Bird",175,0.439716635423799,1.30755827183783
"clade3","Bird",176,0.482521875296947,1.54998096629873
"clade3","Bird",177,0.274225589992269,1.4446620302226
"clade3","Bird",178,1.72207233971291,3.14541531529351
"clade3","Bird",179,1.01053839842428,2.86025721776782
"clade3","Bird",18,0.924369669372601,2.94181553757255
"clade3","Bird",180,0.184193577340466,1.05351681598417
"clade3","Bird",181,0.290670864331406,1.50607519169272
"clade3","Bird",182,0.326870218855748,1.5730452859363
"clade3","Bird",183,0.26101093509619,1.43678743276293
"clade3","Bird",184,0.18485912031945,1.08630136655646
"clade3","Bird",185,0.544424640515436,1.57758378475941
"clade3","Bird",186,0.338375565609835,1.14111419676858
"clade3","Bird",187,0.25947958952663,1.39577045975343
"clade3","Bird",188,0.370791593782203,1.12893425796164
"clade3","Bird",189,0.362525352395559,1.58704584790859
"clade3","Bird",19,0.273217500732795,1.4786464000269
"clade3","Bird",190,0.199869620384074,1.12259227948619
"clade3","Bird",191,0.533620907059253,2.22328375324139
"clade3","Bird",192,0.183595946100684,1.06582069993884
"clade3","Bird",193,0.325064987808923,1.6529475731637
"clade3","Bird",194,0.621319653364612,1.10953135655425
"clade3","Bird",195,0.883305667076293,3.00278844822066
"clade3","Bird",196,0.56699999007143,1.68582576463544
"clade3","Bird",197,0.319523702562857,1.63382106047209
"clade3","Bird",198,0.525101673562055,1.56651886228344
"clade3","Bird",199,0.630283462502484,2.38182016329405
"clade3","Bird",2,0.317711906243607,1.67779201867855
"clade3","Bird",20,0.198186388344777,1.12272157803309
"clade3","Bird",200,0.7149930793847,2.49358614307042
"clade3","Bird",201,0.386864404746531,1.67195048118202
"clade3","Bird",202,0.327107202537339,1.63299942681105
"clade3","Bird",203,0.30932140678452,1.61668698096713
"clade3","Bird",204,0.330134327187341,1.71919836839739
"clade3","Bird",205,0.544395217074801,1.83065115028792
"clade3","Bird",206,0.745387512550895,2.70438937173011
"clade3","Bird",207,0.48818138426163,1.41368726913915
"clade3","Bird",208,0.949913566198937,2.61239636737589
"clade3","Bird",209,0.265130181859416,1.36677368943908
"clade3","Bird",21,0.330052923212132,1.6721277671996
"clade3","Bird",210,0.798741470156861,2.58862888589198
"clade3","Bird",211,0.608951921443572,2.60483085649126
"clade3","Bird",212,0.349211569052218,1.80185199201058
"clade3","Bird",213,0.205094104386226,1.14324726447923
"clade3","Bird",214,0.813422033355821,2.67343591466811
"clade3","Bird",215,0.430477036538096,1.55256055865962
"clade3","Bird",216,0.584395956122526,1.96838645784718
"clade3","Bird",217,0.164890084214917,0.953189845596981
"clade3","Bird",218,0.270123472163141,1.44843038476083
"clade3","Bird",219,0.982865316358705,2.84883382543484
"clade3","Bird",22,0.330984313533152,1.64415909608657
"clade3","Bird",220,0.213875318730362,1.18609462136449
"clade3","Bird",221,0.195073815847967,1.10419645457816
"clade3","Bird",222,1.2071540476444,2.88912732625664
"clade3","Bird",223,0.155617695037495,0.900154164549478
"clade3","Bird",224,0.159912489462259,0.953841929466065
"clade3","Bird",225,0.314673223786216,1.5752818199236
"clade3","Bird",226,0.720716930971484,2.06088797660265
"clade3","Bird",227,0.593701462642722,2.14887648918857
"clade3","Bird",228,0.75025762266954,2.51416737730307
"clade3","Bird",229,0.850895583693596,2.6734917629303
"clade3","Bird",23,1.06460723124767,2.98277896461716
"clade3","Bird",230,0.515200929425868,1.78034498504672
"clade3","Bird",231,1.2717193890168,2.72287682052193
"clade3","Bird",232,0.490119739777327,1.93975135211773
"clade3","Bird",233,0.254738939967533,1.38359294960189
"clade3","Bird",234,1.08511337659643,2.90940477815336
"clade3","Bird",235,0.436046022248461,1.99982552252122
"clade3","Bird",236,0.410238354341704,1.91999559374705
"clade3","Bird",237,0.580541238991412,2.29825935687869
"clade3","Bird",238,0.454078478679465,1.80166494478504
"clade3","Bird",239,0.34071131819142,1.78728175492629
"clade3","Bird",24,0.289785324028752,1.58416716814949
"clade3","Bird",240,0.588724191821527,2.50462961924698
"clade3","Bird",241,0.260953736163149,1.4392545146483
"clade3","Bird",242,0.268711825991622,1.49425384284974
"clade3","Bird",243,0.385205598941818,1.88429426013887
"clade3","Bird",244,0.44620962113277,1.99551954578151
"clade3","Bird",245,0.607388804031351,1.47871864865549
"clade3","Bird",246,0.190395756052822,1.09527751979331
"clade3","Bird",247,0.221070752435687,1.23421117205358
"clade3","Bird",248,0.358270675703144,1.78686536819861
"clade3","Bird",249,0.527318422568339,1.17604840794331
"clade3","Bird",25,0.221683137374404,1.2545087714536
"clade3","Bird",250,0.244129359236974,1.32597218682142
"clade3","Bird",251,0.555800131768786,2.06726559260159
"clade3","Bird",252,0.233151741394139,1.2846921803961
"clade3","Bird",253,0.813149472905302,2.67007764465329
"clade3","Bird",254,0.357436161878741,1.77402215595337
"clade3","Bird",255,0.212066799464286,1.19027690665085
"clade3","Bird",256,0.52897375466683,1.27554689098185
"clade3","Bird",257,0.765772371942508,2.81313480941823
"clade3","Bird",258,0.317499764206865,1.65562138796747
"clade3","Bird",259,0.437293439258027,2.06640885023581
"clade3","Bird",26,0.267277467434827,1.42470323374135
"clade3","Bird",260,0.176679202789304,1.02371431086293
"clade3","Bird",261,0.282841563375696,1.4845732385002
"clade3","Bird",262,0.250506950703668,1.3594478027052
"clade3","Bird",263,0.293867558210436,1.52974484252951
"clade3","Bird",264,0.932212578282818,2.77424659314803
"clade3","Bird",265,0.273158280438576,1.42498451317663
"clade3","Bird",266,0.241428271042248,1.29143320572543
"clade3","Bird",267,0.294666212039424,1.30009941118977
"clade3","Bird",268,0.266481779138078,1.41813507400229
"clade3","Bird",269,0.273388520310343,1.42722885420475
"clade3","Bird",27,0.199842352716856,1.1374160080947
"clade3","Bird",270,0.272892250827307,1.41977566188931
"clade3","Bird",271,0.317255122455641,1.6315509751348
"clade3","Bird",272,0.285446169104657,1.48229351491049
"clade3","Bird",273,0.540574549228116,1.51741412475758
"clade3","Bird",274,0.894789816807815,2.87687756441488
"clade3","Bird",275,0.460238206063584,1.53577422271832
"clade3","Bird",276,0.458528734644687,1.75633889278886
"clade3","Bird",277,0.6532066063461,2.43795138823345
"clade3","Bird",278,0.319077804364251,1.61327528794367
"clade3","Bird",279,0.829229236779248,2.75608727335512
"clade3","Bird",28,0.352448918895708,1.55304557180322
"clade3","Bird",280,0.758031397122502,2.67922009637912
"clade3","Bird",281,0.40739842252756,1.97984694940829
"clade3","Bird",282,0.487451877760516,2.08515016082423
"clade3","Bird",283,0.321196336072966,1.61996906393183
"clade3","Bird",284,0.192375762744348,1.06901686404326
"clade3","Bird",285,0.300135175513209,1.52259009672269
"clade3","Bird",286,0.244262144883465,1.3059877097836
"clade3","Bird",287,0.253307938536846,1.37784267914079
"clade3","Bird",288,0.148813915729458,0.891399338225378
"clade3","Bird",289,0.286206147526143,1.5206661130184
"clade3","Bird",29,0.471076302601964,1.51374469960076
"clade3","Bird",290,0.784051274853061,2.75721420778549
"clade3","Bird",291,0.299978308044308,1.54657191617615
"clade3","Bird",292,0.665151081696811,2.5793770502212
"clade3","Bird",293,0.478371375354028,1.60591678767283
"clade3","Bird",294,0.214642259122239,1.17176107077279
"clade3","Bird",295,0.326162828694479,1.64028658934996
"clade3","Bird",296,1.06976469351538,2.86334523861541
"clade3","Bird",297,1.36799408519297,3.05095055643111
"clade3","Bird",298,0.290994169334962,1.50931410095378
"clade3","Bird",299,0.229605765961893,1.24885176767164
"clade3","Bird",3,0.30973028646605,1.67765397772579
"clade3","Bird",30,0.166893559324906,0.962769922558107
"clade3","Bird",300,0.374901277939888,1.44977069061874
"clade3","Bird",301,0.248090158583762,1.3214915776394
"clade3","Bird",302,0.279041757135667,1.43818514033172
"clade3","Bird",303,0.529336600525876,1.36667927678184
"clade3","Bird",304,1.68364015932536,3.07145864562513
"clade3","Bird",305,0.264044233421706,1.37147011251163
"clade3","Bird",306,0.989459339540874,2.91108703980175
"clade3","Bird",307,0.859405403743904,2.75293852115652
"clade3","Bird",308,0.898012715359049,2.71176014767059
"clade3","Bird",309,0.238770459230191,1.28207122120036
"clade3","Bird",31,0.338092633791698,1.6953065746001
"clade3","Bird",310,0.799381684688118,2.68240614605926
"clade3","Bird",311,0.199393787792067,1.05750694552837
"clade3","Bird",312,1.27482162656692,2.89656614152764
"clade3","Bird",313,0.565259407067872,2.35975542418485
"clade3","Bird",314,0.384100399465498,1.78411796323224
"clade3","Bird",315,0.235545626643061,1.29866934558483
"clade3","Bird",316,0.646648966822164,2.57514440834536
"clade3","Bird",317,0.364489300640404,1.78673752052144
"clade3","Bird",318,0.238799764041575,1.33437805559566
"clade3","Bird",319,0.390872465150112,1.83380864938098
"clade3","Bird",32,0.225902839303019,1.25672665074212
"clade3","Bird",320,0.316845989990174,1.60554769373105
"clade3","Bird",321,0.259573743125281,1.39373976611002
"clade3","Bird",322,0.253699386114283,1.414282127472
"clade3","Bird",323,0.43795448647442,1.49576826485315
"clade3","Bird",324,0.251388083741195,1.42526370247613
"clade3","Bird",325,1.0426197305493,2.81054108125907
"clade3","Bird",326,0.329219298986789,1.70130628837016
"clade3","Bird",327,0.394924110151447,1.48624090848466
"clade3","Bird",328,1.03113482990897,1.88885159519043
"clade3","Bird",329,0.251652616591071,1.37504650407834
"clade3","Bird",33,0.218908093038622,1.19052542055202
"clade3","Bird",330,0.374856576791254,1.79035349309613
"clade3","Bird",331,0.289147894496194,1.52456917512578
"clade3","Bird",332,0.595067994656688,2.03052305572203
"clade3","Bird",333,0.26456317542145,1.4094108966617
"clade3","Bird",334,0.356377253206959,1.75379423982229
"clade3","Bird",335,0.210832380705356,1.19638448628431
"clade3","Bird",336,0.272014555875602,1.45820566595123
"clade3","Bird",337,0.341213794553837,1.23173136061077
"clade3","Bird",338,0.62097953436173,2.62955445085481
"clade3","Bird",339,0.332815479379062,1.70517992406104
"clade3","Bird",34,0.437737500288828,2.003880572072
"clade3","Bird",340,0.309153089351951,1.63799613597296
"clade3","Bird",341,0.3754559744105,1.63283159814244
"clade3","Bird",342,1.62905952935054,3.12731265091734
"clade3","Bird",343,0.58319566703133,2.45703902577141
"clade3","Bird",344,1.00834186819185,2.08933956767236
"clade3","Bird",345,1.54327046882964,2.96248981100425
"clade3","Bird",346,0.272530674598067,1.47762856512126
"clade3","Bird",347,1.20350699059783,2.80893671920524
"clade3","Bird",348,0.352277792304565,1.72798531810732
"clade3","Bird",349,0.421908559623495,1.69624209614033
"clade3","Bird",35,1.05875617111207,2.9350026356773
"clade3","Bird",350,0.42314055222051,1.94046106407254
"clade3","Bird",351,0.250387626045473,1.33826382214523
"clade3","Bird",352,0.480358000752428,1.88770404565111
"clade3","Bird",353,0.241815650028838,1.3193269485996
"clade3","Bird",354,0.324742659701196,1.65287634477057
"clade3","Bird",355,0.288893313566222,1.49238341988174
"clade3","Bird",356,0.254267027950051,1.367738136333
"clade3","Bird",357,0.250390617848772,1.35774454134541
"clade3","Bird",358,0.439853416353663,1.96839027689326
"clade3","Bird",359,0.426003566225459,1.94923565275789
"clade3","Bird",36,0.464515165038696,2.01941304624049
"clade3","Bird",360,0.241872417522268,1.34463375579207
"clade3","Bird",361,0.314831380854416,1.28470696630743
"clade3","Bird",362,0.172563921444031,1.00393962301328
"clade3","Bird",363,0.809935759080857,2.69071574779959
"clade3","Bird",364,1.16896325723955,2.82888886224038
"clade3","Bird",365,0.976594444491214,2.76430648490638
"clade3","Bird",366,0.792357153483723,2.49133520683394
"clade3","Bird",367,0.677712717608886,2.47039333142458
"clade3","Bird",368,0.568572109836432,1.89928201475915
"clade3","Bird",369,1.20489816010281,2.95356691243427
"clade3","Bird",37,0.422776851519371,1.92645375427447
"clade3","Bird",370,0.308319209291499,1.55545221928525
"clade3","Bird",371,0.917517420884419,2.9362962246068
"clade3","Bird",372,0.152655675038127,0.885380787547325
"clade3","Bird",373,0.302380383978935,0.922029992522132
"clade3","Bird",374,0.192351980042083,1.0773024039268
"clade3","Bird",375,0.268331993510308,1.46961272288434
"clade3","Bird",376,0.198181113691371,1.1248749402334
"clade3","Bird",377,0.277990885217023,1.51556506178683
"clade3","Bird",378,0.215574115759305,1.18658946999711
"clade3","Bird",379,0.219244226326123,1.21151273165288
"clade3","Bird",38,0.316822494986205,1.61368025598903
"clade3","Bird",380,0.279032905000516,1.4982150943046
"clade3","Bird",381,0.492172314719393,1.69608246426397
"clade3","Bird",382,0.212629578290244,1.18756282632629
"clade3","Bird",383,0.957861824230633,2.88973325052208
"clade3","Bird",384,0.278336951399086,1.48148097840854
"clade3","Bird",385,1.17149389829196,3.03752843773775
"clade3","Bird",386,0.264005414999378,0.999162779113394
"clade3","Bird",387,0.214644155425843,1.20277598332749
"clade3","Bird",388,0.800998097207858,2.7453279432943
"clade3","Bird",389,0.476883375959203,1.85841279913416
"clade3","Bird",39,0.195331063762241,1.10718623482681
"clade3","Bird",390,0.663844568583932,2.20760929307914
"clade3","Bird",391,0.900213057049707,2.57648568439372
"clade3","Bird",392,0.25573647790269,1.38581369458265
"clade3","Bird",393,0.287364114710509,1.45651919196962
"clade3","Bird",394,0.838679409187642,2.59929542986526
"clade3","Bird",395,0.475190404868015,1.37641914031488
"clade3","Bird",396,0.545898680521581,1.27965763018405
"clade3","Bird",397,0.221144606273002,1.18719091746475
"clade3","Bird",398,0.325504421242054,1.653115681652
"clade3","Bird",399,0.218045574810141,1.14903004723536
"clade3","Bird",4,0.265734244818834,1.49729380130299
"clade3","Bird",40,0.205943523612161,1.16688429219717
"clade3","Bird",400,0.503898103154754,1.60110967486412
"clade3","Bird",401,0.230886819761647,1.24441383277121
"clade3","Bird",402,0.258139886126906,1.34388830942586
"clade3","Bird",403,0.524400887300379,1.29862996015104
"clade3","Bird",404,0.230222950056271,1.25822784721633
"clade3","Bird",405,0.21559273222845,1.18277249273889
"clade3","Bird",406,0.912825808924137,2.89765623114313
"clade3","Bird",407,0.19377153625151,1.09239514040069
"clade3","Bird",408,0.197159236991401,0.831518731595426
"clade3","Bird",409,1.19015081449954,3.01612764931634
"clade3","Bird",41,0.963376003432636,2.9779908209807
"clade3","Bird",410,0.20451784929831,1.13686250399717
"clade3","Bird",411,0.245985414928708,1.35905074745145
"clade3","Bird",412,0.612648510789683,1.08342087512185
"clade3","Bird",413,0.195082213859916,1.1260593062156
"clade3","Bird",414,0.169676109736679,0.971067648842422
"clade3","Bird",415,0.216368406079213,1.20922547641643
"clade3","Bird",416,0.211635941304269,1.20788443183904
"clade3","Bird",417,0.177451524228146,0.998414490838375
"clade3","Bird",418,1.14893277444452,3.12390888237689
"clade3","Bird",419,0.308425116743963,1.59486465074777
"clade3","Bird",42,0.224745633250984,1.20833595830973
"clade3","Bird",420,0.90706455291757,2.88726312278622
"clade3","Bird",421,0.196378744262903,1.10906250034502
"clade3","Bird",422,0.200892978414247,1.12115858175329
"clade3","Bird",423,0.406160179248953,1.8116479067076
"clade3","Bird",424,0.351440681910136,1.73369009298362
"clade3","Bird",425,0.242493246518453,1.3134612561147
"clade3","Bird",426,0.169749945994879,1.00149440348811
"clade3","Bird",427,0.184495156542246,1.05309101238018
"clade3","Bird",428,0.197642603884507,1.14654489217825
"clade3","Bird",429,0.250673025135346,1.36587261454382
"clade3","Bird",43,0.457415302679809,1.23336730654393
"clade3","Bird",430,0.199240088018824,1.12080308867521
"clade3","Bird",431,0.261998765456282,1.43253850430152
"clade3","Bird",432,0.226912605422041,1.26737066979413
"clade3","Bird",433,0.16843240601238,0.967731131461689
"clade3","Bird",434,0.774040410780396,1.29699644157147
"clade3","Bird",435,0.240319897648263,1.34144627066469
"clade3","Bird",436,1.03316094689576,3.01185647778971
"clade3","Bird",437,0.160532197552687,0.929289604344347
"clade3","Bird",438,0.860466097279225,2.83732368886987
"clade3","Bird",439,0.306509374776805,1.57197739756283
"clade3","Bird",44,0.192122269144989,1.02449930006185
"clade3","Bird",440,0.216647909887786,1.21924394141398
"clade3","Bird",441,0.750913962584706,2.7172571534155
"clade3","Bird",442,0.436021293440635,1.50287431803364
"clade3","Bird",443,0.269894751729336,1.40977208550424
"clade3","Bird",444,0.830386001310229,2.70851125659753
"clade3","Bird",445,0.376276248591924,1.32726478727938
"clade3","Bird",446,0.229730692622754,1.25993844480248
"clade3","Bird",447,0.19718801912976,1.12188261762769
"clade3","Bird",448,0.35486390603997,1.56121296463
"clade3","Bird",449,0.24924250866391,1.34603967468843
"clade3","Bird",45,0.581647512143684,1.36011581211684
"clade3","Bird",450,0.185678796968063,1.06345324632326
"clade3","Bird",451,0.269405114457184,1.45091188228136
"clade3","Bird",452,0.481051039111743,1.78915207742863
"clade3","Bird",453,0.201934004959506,1.14970207958334
"clade3","Bird",454,0.20367293914734,1.16483408266561
"clade3","Bird",455,0.249993752474036,1.38792787730313
"clade3","Bird",456,0.205724748126724,1.15193729020226
"clade3","Bird",457,0.287803086650995,1.5333341533582
"clade3","Bird",458,0.191831750681875,1.08521827888945
"clade3","Bird",459,0.241269054309678,1.35652845010883
"clade3","Bird",46,0.315325755010225,1.25022626307427
"clade3","Bird",460,0.727335076554256,2.67415845090193
"clade3","Bird",461,0.336986176477059,1.13627316637152
"clade3","Bird",462,0.265292773667693,1.45459618406317
"clade3","Bird",463,0.920391439872931,2.9371929850862
"clade3","Bird",464,0.242487559209924,1.33613706161495
"clade3","Bird",465,0.651046581369372,2.52447381707112
"clade3","Bird",466,0.251210850013588,1.41857840868747
"clade3","Bird",467,0.382439400043711,1.86728308491995
"clade3","Bird",468,0.332799950665688,1.74166736985439
"clade3","Bird",469,0.270030891595814,1.46399798717321
"clade3","Bird",47,0.795290939929976,2.5264237230389
"clade3","Bird",470,0.286424568638563,1.51481038336338
"clade3","Bird",471,0.329861130205969,1.63555664451659
"clade3","Bird",472,0.937939557560716,2.94313485745008
"clade3","Bird",473,0.221673375691781,1.23638378739123
"clade3","Bird",474,0.464970641345101,1.48340593331901
"clade3","Bird",475,0.429524243025484,1.35483578555874
"clade3","Bird",476,0.277192770524588,1.21420768103237
"clade3","Bird",477,0.284566385210001,1.48371396952274
"clade3","Bird",478,0.497422821426964,1.44067616540999
"clade3","Bird",479,0.286839262312588,1.52507956214245
"clade3","Bird",48,0.292691083718802,1.52449327522362
"clade3","Bird",480,0.727833986843326,1.27265797804781
"clade3","Bird",481,0.381450045219454,1.32454373937556
"clade3","Bird",482,1.00881688216049,3.01891708096641
"clade3","Bird",483,0.309986879187722,1.4348188883521
"clade3","Bird",484,0.352343093027395,1.60329295239756
"clade3","Bird",485,0.605779566529767,2.4523496399174
"clade3","Bird",486,0.17914448765134,1.01931366354681
"clade3","Bird",487,0.556775290940915,1.62689871908275
"clade3","Bird",488,0.409235889151508,1.59229097387766
"clade3","Bird",489,0.133466813764729,0.805218110880601
"clade3","Bird",49,0.505017911631705,2.24539807567897
"clade3","Bird",490,0.264931908409546,1.42734639426552
"clade3","Bird",491,0.337069212569178,1.16770225719414
"clade3","Bird",492,0.147949014981883,0.840030224888606
"clade3","Bird",493,0.219386794604343,1.23782684145872
"clade3","Bird",494,0.106349425684568,0.631195100574913
"clade3","Bird",495,0.163560240058922,0.949699026245177
"clade3","Bird",496,1.19992565660849,3.24414836962557
"clade3","Bird",497,0.466092758075069,1.42377303052691
"clade3","Bird",498,0.230453828584468,1.2883481612261
"clade3","Bird",499,0.140735324637255,0.859410692730732
"clade3","Bird",5,0.294971009633304,1.63209292269609
"clade3","Bird",50,0.228893636258074,1.25819746350825
"clade3","Bird",500,0.171626899172958,0.990052515488242
"clade3","Bird",501,0.144687161996382,0.863348084313034
"clade3","Bird",51,1.30444590057814,2.95648016447846
"clade3","Bird",52,0.546166816965431,1.78057038226026
"clade3","Bird",53,0.328814665690924,1.53152755307291
"clade3","Bird",54,0.265527507560019,1.42308731013768
"clade3","Bird",55,0.902293093602207,2.79577289993191
"clade3","Bird",56,0.364197160828999,1.77293249592014
"clade3","Bird",57,0.159330967760672,0.925758184241127
"clade3","Bird",58,0.335657920115078,1.59292337480398
"clade3","Bird",59,0.28313693287405,1.52025952990767
"clade3","Bird",6,0.941137463418623,2.85456392611423
"clade3","Bird",60,0.203547263437836,1.13834448682472
"clade3","Bird",61,0.436788047692822,2.01243577445076
"clade3","Bird",62,0.73205360864077,2.00913872657352
"clade3","Bird",63,0.302649698683149,1.57015661456926
"clade3","Bird",64,0.472885615161564,2.05396882688342
"clade3","Bird",65,0.297806793413554,1.53194560096244
"clade3","Bird",66,1.16855602681517,2.90833956923515
"clade3","Bird",67,0.427751842344352,1.80888149981699
"clade3","Bird",68,1.21927178234984,2.97068447280097
"clade3","Bird",69,0.270497481770808,1.32024344318959
"clade3","Bird",7,0.251766055681007,1.21889877994513
"clade3","Bird",70,0.294555176663069,1.27420343005995
"clade3","Bird",71,0.734626625263363,2.5606027125438
"clade3","Bird",72,0.265656632370579,1.41524097662032
"clade3","Bird",73,0.939763583243108,2.84190870612922
"clade3","Bird",74,0.244150150716823,1.31728148403959
"clade3","Bird",75,0.221515221662042,1.23962118577172
"clade3","Bird",76,0.404427601406138,1.92655340211149
"clade3","Bird",77,0.328657090938922,1.53654404753577
"clade3","Bird",78,0.185765077109925,1.05440567601232
"clade3","Bird",79,0.339551531110638,1.61441321261366
"clade3","Bird",8,0.394469151560964,1.86058797333518
"clade3","Bird",80,0.334147397674744,1.68836474078698
"clade3","Bird",81,0.445484292347201,1.98744078991584
"clade3","Bird",82,0.244850859658208,1.32542871066014
"clade3","Bird",83,0.955426961579495,2.78102354746536
"clade3","Bird",84,0.376828199677171,1.79584510637668
"clade3","Bird",85,0.914303875317867,2.80503056136232
"clade3","Bird",86,0.822696796366777,2.70778989930103
"clade3","Bird",87,0.414603851163269,1.90918931978937
"clade3","Bird",88,0.898583923492148,2.82534371417125
"clade3","Bird",89,0.727467677722113,2.70930509482556
"clade3","Bird",9,0.185252815562628,1.05788167369294
"clade3","Bird",90,1.02863497351349,2.96396204942101
"clade3","Bird",91,0.294796472856193,1.1276669530563
"clade3","Bird",92,0.252748509210422,1.36723881312417
"clade3","Bird",93,0.923991305043335,2.84964912281323
"clade3","Bird",94,0.851332526177373,2.70465889663635
"clade3","Bird",95,0.868908217131961,2.84410141836319
"clade3","Bird",96,0.571333563754239,2.37816065095159
"clade3","Bird",97,0.517382649847289,1.39620070769785
"clade3","Bird",98,0.245300709947823,1.33504688185081
"clade3","Bird",99,0.219259532422257,1.20657089317072
"clade3","Human",1,0.835324205275723,2.8470551746876
"clade3","Human",10,0.280583718387977,1.53057469420342
"clade3","Human",100,0.228253804600485,1.24394754938827
"clade3","Human",101,0.221734432992925,1.22050644740824
"clade3","Human",102,0.224190548134162,1.23155328117691
"clade3","Human",103,0.278095576698543,1.43987848304489
"clade3","Human",104,0.233855954592095,1.27731774749108
"clade3","Human",105,0.236286941889525,1.29503864668625
"clade3","Human",106,0.302486473198489,1.56342774535715
"clade3","Human",107,0.267691221275224,1.40146224896976
"clade3","Human",108,0.261606089375915,1.42030090210107
"clade3","Human",109,0.271993353182237,1.4258918880884
"clade3","Human",11,0.227633051532018,1.25868772892829
"clade3","Human",110,0.274988840705993,1.45972143109963
"clade3","Human",111,0.182495479537403,1.06127915589481
"clade3","Human",112,0.376737082019267,1.80012708314981
"clade3","Human",113,0.363065229237149,1.45471588731825
"clade3","Human",114,0.778401473910612,2.62446011734772
"clade3","Human",115,0.2942958753489,1.5773648211865
"clade3","Human",116,0.195078776697403,1.0987467491512
"clade3","Human",117,0.491092459929535,1.67689639924698
"clade3","Human",118,0.510951096659713,2.1481091578918
"clade3","Human",119,0.281482287510845,1.51283950820698
"clade3","Human",12,0.816660109354847,2.8442227226316
"clade3","Human",120,0.700352898987553,2.51604699300717
"clade3","Human",121,0.211813542378979,1.19754369590584
"clade3","Human",122,0.749164752378371,2.53262710727336
"clade3","Human",123,0.964057995272587,2.62749218551941
"clade3","Human",124,0.632852740198957,2.30921188478879
"clade3","Human",125,0.324329216837069,1.59826826868274
"clade3","Human",126,0.802135678420524,2.55055749286148
"clade3","Human",127,0.184146015936637,1.09121511386507
"clade3","Human",128,0.724061981814473,2.53974133047129
"clade3","Human",129,0.42449526374104,1.73171646479057
"clade3","Human",13,0.268657080805426,1.48476781434421
"clade3","Human",130,0.296463766815778,1.53228257089827
"clade3","Human",131,1.3208576365531,2.96730921074402
"clade3","Human",132,0.525046465115477,1.91177263620755
"clade3","Human",133,0.294963360873479,1.4991705180692
"clade3","Human",134,0.251994096402824,1.36143971118196
"clade3","Human",135,1.05151246378069,2.82689334337053
"clade3","Human",136,0.657574662406353,2.43118216877979
"clade3","Human",137,0.306259474232229,1.58471284601939
"clade3","Human",138,0.613795178095292,2.26643378288036
"clade3","Human",139,0.537459950984385,1.64708646253855
"clade3","Human",14,0.22775082372309,1.36748685106287
"clade3","Human",140,0.394803690247727,1.85908537254329
"clade3","Human",141,0.41274628429173,1.61780420912465
"clade3","Human",142,1.11192713382631,2.98510737703594
"clade3","Human",143,0.316574380555318,1.62808114183094
"clade3","Human",144,0.292335356032634,1.51589244703922
"clade3","Human",145,0.254970908628899,1.40488125500431
"clade3","Human",146,0.332315675705432,1.64243253236125
"clade3","Human",147,0.289213882948286,1.55304934080924
"clade3","Human",148,0.737218950518445,2.60789298144763
"clade3","Human",149,0.394248319832706,1.78954934960109
"clade3","Human",15,0.722822702288429,2.50074893685389
"clade3","Human",150,0.47065599866435,1.9577648779474
"clade3","Human",151,0.713510447492977,2.49274609032188
"clade3","Human",152,0.27959026517723,1.4537678306356
"clade3","Human",153,0.276306970968332,1.33680023768133
"clade3","Human",154,0.280848572976296,1.46712386616035
"clade3","Human",155,0.307114428650548,1.57644984081523
"clade3","Human",156,0.716396201783839,2.66623956770759
"clade3","Human",157,0.35212253528754,1.61839340065058
"clade3","Human",158,0.332552607125908,1.63238336361408
"clade3","Human",159,1.16525194423674,2.84057614082556
"clade3","Human",16,0.472555279653956,2.05587591820535
"clade3","Human",160,0.521023660395623,2.00666081853008
"clade3","Human",161,0.867194306802469,2.34933868247117
"clade3","Human",162,1.71254339778332,2.93549935538022
"clade3","Human",163,0.754373477478563,2.6492438551631
"clade3","Human",164,0.321903700711105,1.64820422861793
"clade3","Human",165,0.778545344246892,2.62249745124697
"clade3","Human",166,0.553664237642722,2.0292360979329
"clade3","Human",167,0.569948694985324,2.22150144839572
"clade3","Human",168,0.604539824733998,2.22382544346783
"clade3","Human",169,0.401565965197108,1.9811873694096
"clade3","Human",17,0.258782702360291,1.42275272551644
"clade3","Human",170,0.286497225147503,1.5654474281142
"clade3","Human",171,0.393315574660383,1.87404089830246
"clade3","Human",172,0.740973618492408,2.20869205494509
"clade3","Human",173,0.315352457396831,1.09633789087723
"clade3","Human",174,0.251040133603886,1.35989820043382
"clade3","Human",175,0.443984310344855,1.70931660926087
"clade3","Human",176,0.467061403561266,1.72904720973453
"clade3","Human",177,0.467254109578191,2.06235330455024
"clade3","Human",178,1.6295966404758,3.06934557163834
"clade3","Human",179,0.899354554296465,2.58135208993794
"clade3","Human",18,0.831965044871185,2.87318241283033
"clade3","Human",180,0.258421722715927,1.38774342856977
"clade3","Human",181,0.357458265251084,1.73292768775547
"clade3","Human",182,0.369521553965391,1.74417985439365
"clade3","Human",183,0.29293605342581,1.53281895403321
"clade3","Human",184,0.187237074032657,1.08776477733762
"clade3","Human",185,0.412454981800523,1.84584014087283
"clade3","Human",186,0.344717479315345,1.27136801987324
"clade3","Human",187,0.390936020149765,1.85031907511246
"clade3","Human",188,0.417856390057259,1.5465288976643
"clade3","Human",189,0.444122970907704,1.84728234955935
"clade3","Human",19,0.294574990073456,1.54915010034609
"clade3","Human",190,0.216029312641896,1.20319368536229
"clade3","Human",191,0.526376156837406,2.16615530427129
"clade3","Human",192,0.213223268430743,1.18337037202316
"clade3","Human",193,0.315058021396575,1.61264434251321
"clade3","Human",194,0.374829799669851,1.18231562234838
"clade3","Human",195,0.769002371079532,2.79065565227313
"clade3","Human",196,0.531695442145331,1.65348803846237
"clade3","Human",197,0.265702246873294,1.38948446591779
"clade3","Human",198,0.535304774019067,1.86094782487214
"clade3","Human",199,0.826761842522,2.58193950698684
"clade3","Human",2,0.336219322248759,1.73124525802427
"clade3","Human",20,0.2131008406359,1.18493364227842
"clade3","Human",200,0.849338592932142,2.51628332548602
"clade3","Human",201,0.304105621467733,1.5314696013594
"clade3","Human",202,0.285043246583223,1.46974794554118
"clade3","Human",203,0.376861052571528,1.81686039483842
"clade3","Human",204,0.341174053404785,1.69952678298328
"clade3","Human",205,0.607873294377971,2.01485953598957
"clade3","Human",206,0.747027824192095,2.6337252838827
"clade3","Human",207,0.638586148120464,1.93962283196091
"clade3","Human",208,0.82331251473934,2.5013370809462
"clade3","Human",209,0.4196962653016,1.86764790225803
"clade3","Human",21,0.441754741145549,2.0371853549394
"clade3","Human",210,0.714044641138956,2.5437186879235
"clade3","Human",211,0.618313513342038,2.5547378960391
"clade3","Human",212,0.423211563486666,2.02176062029845
"clade3","Human",213,0.316485744873948,1.64958356331257
"clade3","Human",214,0.954147849163624,2.78404336138692
"clade3","Human",215,0.357315872847846,1.57744670828732
"clade3","Human",216,0.607196853433066,1.95450567402484
"clade3","Human",217,0.155361413055113,0.929474644460549
"clade3","Human",218,0.279406055302477,1.48825760770764
"clade3","Human",219,0.814880155562822,2.66007645579331
"clade3","Human",22,0.38626220507503,1.80434220667986
"clade3","Human",220,0.174908268125723,0.979055308336094
"clade3","Human",221,0.209862821976295,1.19600941757865
"clade3","Human",222,1.31189410559481,2.88981411489405
"clade3","Human",223,0.207681768922231,1.1807969078652
"clade3","Human",224,0.188468567927969,1.08607540365926
"clade3","Human",225,0.335319800341792,1.64514747375361
"clade3","Human",226,0.605967711230834,2.04781802114765
"clade3","Human",227,0.588972086260414,2.08852370072501
"clade3","Human",228,0.854078301396999,2.61421806163087
"clade3","Human",229,0.802309628822496,2.59604393842294
"clade3","Human",23,0.879437619732337,2.768025099328
"clade3","Human",230,0.503457820685472,1.88903604709397
"clade3","Human",231,0.793224467137885,2.44020713855076
"clade3","Human",232,0.543308248425587,2.10978032235164
"clade3","Human",233,0.339278151870607,1.7971049391301
"clade3","Human",234,0.900306531248912,2.76815818495753
"clade3","Human",235,0.503434321931531,2.10263620912678
"clade3","Human",236,0.549601891490923,2.24774046728378
"clade3","Human",237,0.579414212656782,2.23493359481084
"clade3","Human",238,0.612491939645123,2.0578872173334
"clade3","Human",239,0.311721359596626,1.6461817952189
"clade3","Human",24,0.278099859784901,1.49277493532927
"clade3","Human",240,0.696502135142064,2.60881661116903
"clade3","Human",241,0.359476012089425,1.91973035929579
"clade3","Human",242,0.339785863032429,1.80027859561455
"clade3","Human",243,0.390103212594574,1.84659495248837
"clade3","Human",244,0.46560693361346,2.02304588664679
"clade3","Human",245,0.87150818879546,1.74621178058596
"clade3","Human",246,0.214086036532071,1.19427482418695
"clade3","Human",247,0.271921749174646,1.45937159322594
"clade3","Human",248,0.405276804867395,1.86061013539156
"clade3","Human",249,0.542252131080762,1.3290990226522
"clade3","Human",25,0.231929750554192,1.28395741168962
"clade3","Human",250,0.296679063110842,1.54159257847152
"clade3","Human",251,0.596237306981088,2.03536447241427
"clade3","Human",252,0.28900019154564,1.54121727511478
"clade3","Human",253,0.874349980337207,2.69545641833366
"clade3","Human",254,0.406660644422804,1.90563667322417
"clade3","Human",255,0.293913673729001,1.52963754737811
"clade3","Human",256,0.386000834201177,1.18907355732519
"clade3","Human",257,0.571706265995187,2.33656573982156
"clade3","Human",258,0.320981148987193,1.61817706643613
"clade3","Human",259,0.418549868062355,1.96772290987066
"clade3","Human",26,0.314105281149894,1.59217388549984
"clade3","Human",260,0.188662195172799,1.08628649366034
"clade3","Human",261,0.413636425605876,1.96182417071794
"clade3","Human",262,0.286589661672368,1.5238599949551
"clade3","Human",263,0.331868430428872,1.66607788015454
"clade3","Human",264,0.904017364268559,2.77209307501829
"clade3","Human",265,0.277207001669796,1.45573486800909
"clade3","Human",266,0.275412499483534,1.44622287923041
"clade3","Human",267,0.335293996249589,1.53672534099212
"clade3","Human",268,0.251442758919482,1.34161004098337
"clade3","Human",269,0.265358802162565,1.39253790714162
"clade3","Human",27,0.281378665551847,1.48647504949407
"clade3","Human",270,0.346533297298017,1.71414807482287
"clade3","Human",271,0.343661119779682,1.69114063863997
"clade3","Human",272,0.329299685735448,1.63388199046161
"clade3","Human",273,0.580948868035648,1.72709821588736
"clade3","Human",274,1.06926339609665,2.91454492829825
"clade3","Human",275,0.421100995793591,1.73395130970744
"clade3","Human",276,0.478814501955675,1.80834820312342
"clade3","Human",277,0.845128514548564,2.65632438086108
"clade3","Human",278,0.378119675308343,1.80931417717091
"clade3","Human",279,0.763248503667538,2.66520585502091
"clade3","Human",28,0.411211395194767,1.79352764686257
"clade3","Human",280,0.760239710865458,2.6277126083601
"clade3","Human",281,0.427748766180398,1.99360693246282
"clade3","Human",282,0.68417764423025,2.35997177364793
"clade3","Human",283,0.356871742142555,1.77105702018196
"clade3","Human",284,0.204400770679115,1.13428402098139
"clade3","Human",285,0.356150903821897,1.73127048501253
"clade3","Human",286,0.275741853589706,1.44459891445187
"clade3","Human",287,0.304800341253546,1.59733884547036
"clade3","Human",288,0.206169313387052,1.16449169054675
"clade3","Human",289,0.419143698659712,1.94775045646014
"clade3","Human",29,0.424924930793449,1.57260915762169
"clade3","Human",290,0.677100140021734,2.60655995681633
"clade3","Human",291,0.287577078271709,1.52502591941868
"clade3","Human",292,0.974929277947745,2.87846955360822
"clade3","Human",293,0.458811889921145,1.69122734224336
"clade3","Human",294,0.245096043955436,1.34579986820945
"clade3","Human",295,0.335477009208155,1.6861890309918
"clade3","Human",296,1.13009896423081,2.85645642547885
"clade3","Human",297,1.26441724373808,3.00657477395955
"clade3","Human",298,0.284679845015811,1.49158085797259
"clade3","Human",299,0.23554801236612,1.27294674202045
"clade3","Human",3,0.309852577714041,1.69634103695232
"clade3","Human",30,0.184182154913587,1.03340346612841
"clade3","Human",300,0.359049210899303,1.4331912200684
"clade3","Human",301,0.256911320938754,1.3457737084133
"clade3","Human",302,0.291435050413308,1.49704880799489
"clade3","Human",303,0.537570722893196,1.42733222496622
"clade3","Human",304,1.56946021154464,3.016182215435
"clade3","Human",305,0.253476562297744,1.33239791895601
"clade3","Human",306,1.0200503613011,2.92199494007383
"clade3","Human",307,0.758225040817779,2.67707308184183
"clade3","Human",308,1.0562416436844,2.7245407037766
"clade3","Human",309,0.270060617236505,1.41142905316157
"clade3","Human",31,0.353290659509482,1.71020915989543
"clade3","Human",310,0.645064108861909,2.44835531659939
"clade3","Human",311,0.345971685546074,1.72578718009974
"clade3","Human",312,0.906406317218467,2.69673606193192
"clade3","Human",313,0.340799543777827,1.53709884464031
"clade3","Human",314,0.445863615877915,1.96810041123684
"clade3","Human",315,0.409574983034246,1.9622937644503
"clade3","Human",316,0.571513229758857,2.38709065070465
"clade3","Human",317,0.39572371922232,1.87582538200739
"clade3","Human",318,0.24626864867815,1.35721693550607
"clade3","Human",319,0.441549056062377,1.94299851533951
"clade3","Human",32,0.23209350242757,1.29185553405103
"clade3","Human",320,0.382990489424661,1.79999618168298
"clade3","Human",321,0.257706302386975,1.40033691803866
"clade3","Human",322,0.25251680017177,1.39679392670164
"clade3","Human",323,0.448387762190783,1.62168301654612
"clade3","Human",324,0.280899251153363,1.53411141807598
"clade3","Human",325,0.854565281940987,2.72898523234566
"clade3","Human",326,0.379722356860337,1.81446604117067
"clade3","Human",327,0.33109852705989,1.5019420162968
"clade3","Human",328,1.10348203064395,2.02840819969015
"clade3","Human",329,0.242318480061988,1.34457829839844
"clade3","Human",33,0.279990557735391,1.47582160712635
"clade3","Human",330,0.409155481189657,1.88214999824947
"clade3","Human",331,0.290682668506063,1.53193126548369
"clade3","Human",332,0.47958063898925,2.04475031021938
"clade3","Human",333,0.266309365164154,1.42804895467029
"clade3","Human",334,0.508778726895565,2.0953695690658
"clade3","Human",335,0.211130710632002,1.19711768244009
"clade3","Human",336,0.265433015317584,1.4364875832404
"clade3","Human",337,0.318122646137513,1.24500995630232
"clade3","Human",338,0.791049838040351,2.83746882194411
"clade3","Human",339,0.437297107308706,1.99735310910735
"clade3","Human",34,0.465426400042964,2.03988627977485
"clade3","Human",340,0.348408391393148,1.7577334017691
"clade3","Human",341,0.529638622654682,2.1509921087486
"clade3","Human",342,0.949171805475064,2.81600322311076
"clade3","Human",343,0.630093895755168,2.42479672939131
"clade3","Human",344,0.809903426898647,2.16806943024695
"clade3","Human",345,1.2644007043697,2.76683190810871
"clade3","Human",346,0.383271880546943,1.8290370051972
"clade3","Human",347,0.651822642257379,2.43081351450938
"clade3","Human",348,0.476677273983927,2.05496851741061
"clade3","Human",349,0.512733366538776,2.06938861449107
"clade3","Human",35,1.03454372577097,2.89292571937928
"clade3","Human",350,0.524627109342618,2.17977442703522
"clade3","Human",351,0.304201663066376,1.58891207925331
"clade3","Human",352,0.891225425311494,2.32544374430243
"clade3","Human",353,0.239152417067971,1.311303775434
"clade3","Human",354,0.369135186930477,1.75261333031057
"clade3","Human",355,0.346111752969047,1.69096646515333
"clade3","Human",356,0.298795903588536,1.5496874976002
"clade3","Human",357,0.264032630908197,1.43422808383481
"clade3","Human",358,0.520969329235118,2.14175848909809
"clade3","Human",359,0.560606207537971,2.26414779522396
"clade3","Human",36,0.619452620016022,2.30028010758182
"clade3","Human",360,0.252639866709063,1.3817804264866
"clade3","Human",361,0.397562549876362,1.66080846726282
"clade3","Human",362,0.274946515910837,1.42820623383024
"clade3","Human",363,0.988037930687056,2.72899659865484
"clade3","Human",364,0.958256134492386,2.70324814979766
"clade3","Human",365,0.981653430948004,2.70636966920139
"clade3","Human",366,0.786254382442725,2.49255147578717
"clade3","Human",367,0.603110740992856,2.31733347251092
"clade3","Human",368,0.475470629923501,1.98335677183825
"clade3","Human",369,0.790783864676689,2.56520201944811
"clade3","Human",37,0.530106559383464,2.13539208342908
"clade3","Human",370,0.508836694885808,2.11103069666763
"clade3","Human",371,0.939223167301491,2.87273877372807
"clade3","Human",372,0.166308634623949,0.949676215264502
"clade3","Human",373,0.363147692956292,1.19078203260023
"clade3","Human",374,0.1895389667333,1.05477363445114
"clade3","Human",375,0.34588097057242,1.75557440610578
"clade3","Human",376,0.195956724541337,1.10284960136425
"clade3","Human",377,0.238217327529315,1.30303384788554
"clade3","Human",378,0.202258271350457,1.11951101947212
"clade3","Human",379,0.227978599977936,1.24166475365154
"clade3","Human",38,0.329353077277235,1.61822942075404
"clade3","Human",380,0.196315702050703,1.12308266909957
"clade3","Human",381,0.576950221667398,1.77636087710087
"clade3","Human",382,0.254173738913197,1.39009981850711
"clade3","Human",383,0.857195008897798,2.75388047064011
"clade3","Human",384,0.350945822495499,1.78969500935972
"clade3","Human",385,0.997172682500332,2.92414513477119
"clade3","Human",386,0.25034367434676,0.986767013525369
"clade3","Human",387,0.204704030401542,1.15711611434314
"clade3","Human",388,0.896982330478214,2.73657099458224
"clade3","Human",389,0.627463800995716,2.21403526263875
"clade3","Human",39,0.194278745015473,1.09651953769085
"clade3","Human",390,0.751270950168956,2.51875948529084
"clade3","Human",391,0.8267822153081,2.56660271491097
"clade3","Human",392,0.377640797216038,1.78817595287993
"clade3","Human",393,0.384299687734087,1.78318608099493
"clade3","Human",394,0.907720589751315,2.62865210980621
"clade3","Human",395,0.536790903755036,1.80261327718256
"clade3","Human",396,0.455593004596656,1.22171072039762
"clade3","Human",397,0.219835106588292,1.17842890772824
"clade3","Human",398,0.376084657259169,1.81448191939132
"clade3","Human",399,0.281138718934252,1.38540374945729
"clade3","Human",4,0.281915350993447,1.55518107262686
"clade3","Human",40,0.189762029373063,1.07392164975391
"clade3","Human",400,0.382851055486323,1.48289137212927
"clade3","Human",401,0.201768967633574,1.11934912695111
"clade3","Human",402,0.265807328109579,1.37892524177422
"clade3","Human",403,0.370321935921547,1.2210821515344
"clade3","Human",404,0.226151617966837,1.24747779141879
"clade3","Human",405,0.206211441016324,1.14446430105323
"clade3","Human",406,0.802228403393225,2.61261368108793
"clade3","Human",407,0.177858560984267,1.01128822159462
"clade3","Human",408,0.238748978827479,0.981042569838394
"clade3","Human",409,1.06876390103461,2.90857842196507
"clade3","Human",41,1.04232907668517,2.95952472226934
"clade3","Human",410,0.218340381977502,1.20765225464285
"clade3","Human",411,0.228055093965175,1.25191043572455
"clade3","Human",412,0.389736845968996,1.04783693197341
"clade3","Human",413,0.222335353061543,1.24550904818786
"clade3","Human",414,0.140429584635956,0.824990644984852
"clade3","Human",415,0.214479424905443,1.21004119953687
"clade3","Human",416,0.251108150235335,1.38173494236535
"clade3","Human",417,0.166014461156832,0.942778778810309
"clade3","Human",418,1.06762998960245,3.08652366240062
"clade3","Human",419,0.362325158718464,1.761011955514
"clade3","Human",42,0.218283075262883,1.17318494600282
"clade3","Human",420,0.879974932083409,2.87803042965177
"clade3","Human",421,0.162060336754833,0.935751243989919
"clade3","Human",422,0.164703913300514,0.960257642493301
"clade3","Human",423,0.501494467446237,1.96115492899558
"clade3","Human",424,0.286186194635784,1.43182142888952
"clade3","Human",425,0.198104127679588,1.11821855979711
"clade3","Human",426,0.159661762762294,0.934406364820837
"clade3","Human",427,0.192440231743714,1.10173554865337
"clade3","Human",428,0.205036245161997,1.18138017263373
"clade3","Human",429,0.237122220846746,1.29497860693892
"clade3","Human",43,0.320617260741834,1.33743723329017
"clade3","Human",430,0.173132328768206,0.995642962412197
"clade3","Human",431,0.277559086868219,1.48101262200343
"clade3","Human",432,0.228474352777791,1.24679006654079
"clade3","Human",433,0.145840899460428,0.837357821232626
"clade3","Human",434,0.741641630538166,1.27249713017594
"clade3","Human",435,0.276040132661127,1.4700396436189
"clade3","Human",436,1.02729621579382,2.94642363991987
"clade3","Human",437,0.153946419756749,0.87509056155608
"clade3","Human",438,0.777972577382883,2.79844231381696
"clade3","Human",439,0.249910960999585,1.31607850057867
"clade3","Human",44,0.288332143639847,1.55837752762598
"clade3","Human",440,0.278276722893635,1.45198140838272
"clade3","Human",441,0.886375582259048,2.89032995672171
"clade3","Human",442,0.454256240093579,1.4203957759906
"clade3","Human",443,0.221215525298925,1.20449990741267
"clade3","Human",444,0.771235885762947,2.61291211972615
"clade3","Human",445,0.414631547768458,1.17088864685287
"clade3","Human",446,0.197379018171083,1.09016287065573
"clade3","Human",447,0.208878844172065,1.17730968480834
"clade3","Human",448,0.423364321306282,1.62958277487404
"clade3","Human",449,0.20545894590892,1.14157696648823
"clade3","Human",45,0.45628102507905,1.5440029755142
"clade3","Human",450,0.218249992849381,1.21551205887047
"clade3","Human",451,0.242209245040841,1.29391070158593
"clade3","Human",452,0.516664649778944,1.90848894167345
"clade3","Human",453,0.175265052800468,1.00402804239154
"clade3","Human",454,0.234825202936561,1.28930524426591
"clade3","Human",455,0.234581207414026,1.26406902824568
"clade3","Human",456,0.212150675590668,1.16916643675342
"clade3","Human",457,0.236075731562784,1.28645875459406
"clade3","Human",458,0.190827823162337,1.07046455627982
"clade3","Human",459,0.21865199721581,1.22649928923686
"clade3","Human",46,0.449005098321925,1.85415415709759
"clade3","Human",460,0.816479029687378,2.77447444235966
"clade3","Human",461,0.278347651110082,1.0703807960283
"clade3","Human",462,0.269096864783324,1.43132035372933
"clade3","Human",463,0.869022950112122,2.80780265736792
"clade3","Human",464,0.25751492749147,1.29503867844598
"clade3","Human",465,0.578855431455025,2.38023184252262
"clade3","Human",466,0.237157742429744,1.34331856378857
"clade3","Human",467,0.368888111309335,1.78938488498783
"clade3","Human",468,0.288829472937777,1.56121352470856
"clade3","Human",469,0.368400751626418,1.8551329706656
"clade3","Human",47,0.745617255108647,2.54606341014245
"clade3","Human",470,0.329585344684404,1.69035618477429
"clade3","Human",471,0.336605534621245,1.67863542104558
"clade3","Human",472,0.850003939724147,2.836136589278
"clade3","Human",473,0.194892016290293,1.11481659399297
"clade3","Human",474,0.447930114289866,1.34294250210421
"clade3","Human",475,0.487669408982361,1.380392005155
"clade3","Human",476,0.308179016523159,1.25597152548143
"clade3","Human",477,0.322523488472781,1.62420350449329
"clade3","Human",478,0.572131026400576,1.5859721667192
"clade3","Human",479,0.303694140778782,1.56741215284092
"clade3","Human",48,0.403126673226453,1.88888540923057
"clade3","Human",480,0.602379374162956,1.41018207574884
"clade3","Human",481,0.372730402606402,1.29729483531177
"clade3","Human",482,1.04376824136615,3.01541248213005
"clade3","Human",483,0.318729468329391,1.51268692764122
"clade3","Human",484,0.348992791769932,1.54375589854787
"clade3","Human",485,0.610205634471015,2.41150915297868
"clade3","Human",486,0.205535736078884,1.16098545486294
"clade3","Human",487,0.651525421693766,2.01318956858649
"clade3","Human",488,0.437226724777745,1.84072899922214
"clade3","Human",489,0.138562738946784,0.836705132703955
"clade3","Human",49,0.606244000113081,2.31896680216035
"clade3","Human",490,0.322519887082579,1.65245302754369
"clade3","Human",491,0.33455866278925,1.17494780430326
"clade3","Human",492,0.166300665339229,0.949261457542614
"clade3","Human",493,0.27936729549673,1.50484196704735
"clade3","Human",494,0.14610504433567,0.853532523232036
"clade3","Human",495,0.138747737984743,0.816525851389452
"clade3","Human",496,1.09008739109297,3.17325411223359
"clade3","Human",497,0.486367409642954,1.46876627656921
"clade3","Human",498,0.247464232746468,1.33440634375973
"clade3","Human",499,0.130494811668677,0.804245186029783
"clade3","Human",5,0.32147930661263,1.71905289068649
"clade3","Human",50,0.313320328367513,1.60504420450481
"clade3","Human",500,0.213140682226816,1.17084300565068
"clade3","Human",501,0.121283109937766,0.72662165514999
"clade3","Human",51,1.02124293255471,2.73072753347563
"clade3","Human",52,0.639373754513414,1.97460776757887
"clade3","Human",53,0.347209474698209,1.63479339695841
"clade3","Human",54,0.255478026432086,1.38371043771316
"clade3","Human",55,0.863348296331932,2.67841368302613
"clade3","Human",56,0.349935925750757,1.70407161486222
"clade3","Human",57,0.189862605403422,1.02171998572771
"clade3","Human",58,0.477717854401303,1.92735677643243
"clade3","Human",59,0.332833606525462,1.64983907578623
"clade3","Human",6,0.887899634487185,2.75105010458669
"clade3","Human",60,0.210947292740043,1.17492265282907
"clade3","Human",61,0.450413022603396,1.99003101186802
"clade3","Human",62,0.439115513355938,1.69991166502222
"clade3","Human",63,0.329665515885069,1.66053003211693
"clade3","Human",64,0.602118493621682,2.28647529374314
"clade3","Human",65,0.319121945489805,1.62688442393334
"clade3","Human",66,1.45086154686916,2.99221086800836
"clade3","Human",67,0.377646711599641,1.62502295521501
"clade3","Human",68,0.921536450632368,2.85363620771215
"clade3","Human",69,0.340233520723747,1.64595829439206
"clade3","Human",7,0.311680457704527,1.44248146804045
"clade3","Human",70,0.270090723651424,1.40693072417266
"clade3","Human",71,0.614785905813782,2.34607814904048
"clade3","Human",72,0.320249106627946,1.63058296562338
"clade3","Human",73,0.906308499559061,2.68753478480744
"clade3","Human",74,0.243817514827555,1.32240677502199
"clade3","Human",75,0.212188204109132,1.17886415034877
"clade3","Human",76,0.371914761187109,1.78743463691214
"clade3","Human",77,0.608532941137849,1.89743613824299
"clade3","Human",78,0.202358753233953,1.11566861555588
"clade3","Human",79,0.441902026691211,1.86522511806049
"clade3","Human",8,0.484158186978716,2.05633102509243
"clade3","Human",80,0.426661283036777,1.95211663089302
"clade3","Human",81,0.445258136066468,1.98942383527812
"clade3","Human",82,0.294704469685332,1.52100077735312
"clade3","Human",83,0.761596201763662,2.58161835984057
"clade3","Human",84,0.506644787293159,2.11733194658271
"clade3","Human",85,0.854671793486135,2.72887209679634
"clade3","Human",86,1.14497488785749,2.82241847235603
"clade3","Human",87,0.375178285149965,1.79363550239095
"clade3","Human",88,0.831464503045253,2.74934216314996
"clade3","Human",89,0.803817289861406,2.66027842131287
"clade3","Human",9,0.180798337323835,1.05151760982677
"clade3","Human",90,0.643368106403854,2.56657410469058
"clade3","Human",91,0.318845063021263,1.30378795620858
"clade3","Human",92,0.257272869833631,1.36234475419824
"clade3","Human",93,1.03041273890288,2.8225552102343
"clade3","Human",94,0.88274335226344,2.78380669055468
"clade3","Human",95,0.867295040901033,2.80675351973623
"clade3","Human",96,1.36831690549719,2.57592680028683
"clade3","Human",97,0.452970286845646,1.43818565410218
"clade3","Human",98,0.243381110449778,1.30988120420602
"clade3","Human",99,0.212505368863997,1.16758626444413
"clade3","Mosquito",1,0.721170240967746,2.64102788347201
"clade3","Mosquito",10,0.339317033547797,1.71676957362447
"clade3","Mosquito",100,0.273733933574688,1.42026179877483
"clade3","Mosquito",101,0.285104402225364,1.45863215124942
"clade3","Mosquito",102,0.300650186710612,1.51476066155302
"clade3","Mosquito",103,0.356301149957615,1.70239299102134
"clade3","Mosquito",104,0.298274207925937,1.50362854709428
"clade3","Mosquito",105,0.304389897323807,1.52510064723806
"clade3","Mosquito",106,0.386563925823405,1.81828560708458
"clade3","Mosquito",107,0.355041641972315,1.69668105423221
"clade3","Mosquito",108,0.321810986419581,1.61471846506473
"clade3","Mosquito",109,0.351552338895784,1.67708932785116
"clade3","Mosquito",11,0.333714415778963,1.67767258790861
"clade3","Mosquito",110,0.338592392644762,1.66476539260943
"clade3","Mosquito",111,0.247723597902153,1.3131687358419
"clade3","Mosquito",112,0.458219581135256,1.98259381401861
"clade3","Mosquito",113,0.419394956462413,1.75919709859873
"clade3","Mosquito",114,0.708407134623114,2.56308642098076
"clade3","Mosquito",115,0.368464932000551,1.80207734602513
"clade3","Mosquito",116,0.260262404845302,1.36026799902689
"clade3","Mosquito",117,0.484371123062444,1.76020801363849
"clade3","Mosquito",118,0.58123685704583,2.23926137943332
"clade3","Mosquito",119,0.345960971953709,1.71489689617231
"clade3","Mosquito",12,0.719795267530541,2.6246785617936
"clade3","Mosquito",120,0.702873687144213,2.45007760971854
"clade3","Mosquito",121,0.279061479926869,1.44627332760203
"clade3","Mosquito",122,0.852797664421159,2.59934878424366
"clade3","Mosquito",123,0.75000576542583,2.47448131189835
"clade3","Mosquito",124,0.705963266328982,2.40362805747308
"clade3","Mosquito",125,0.361266413851962,1.69926785507377
"clade3","Mosquito",126,0.839464728302435,2.56464247492554
"clade3","Mosquito",127,0.272412470821179,1.42817794360985
"clade3","Mosquito",128,0.596144166583143,2.28238907114397
"clade3","Mosquito",129,0.456832069059028,1.87686420701075
"clade3","Mosquito",13,0.337763067335084,1.68916446854564
"clade3","Mosquito",130,0.373250450765576,1.76081523998645
"clade3","Mosquito",131,0.835473466003761,2.60445730839221
"clade3","Mosquito",132,0.651377747359474,2.13786882617481
"clade3","Mosquito",133,0.419677550348277,1.89632310497336
"clade3","Mosquito",134,0.398999554607147,1.82798970688531
"clade3","Mosquito",135,0.880818360710623,2.68245556857178
"clade3","Mosquito",136,0.669703809701671,2.41985986938868
"clade3","Mosquito",137,0.349763709382544,1.68795215277584
"clade3","Mosquito",138,0.428681611820663,1.87867388890225
"clade3","Mosquito",139,0.477050072143357,1.54072098310214
"clade3","Mosquito",14,0.292151369841968,1.56929251931908
"clade3","Mosquito",140,0.451327333539464,1.95136102579823
"clade3","Mosquito",141,0.401237218912579,1.49275530513925
"clade3","Mosquito",142,0.966993661888463,2.70871901204848
"clade3","Mosquito",143,0.379079447358872,1.80697704123801
"clade3","Mosquito",144,0.340943671556846,1.66837342897053
"clade3","Mosquito",145,0.36198880038934,1.79077932894261
"clade3","Mosquito",146,0.482139651924796,2.02519992994005
"clade3","Mosquito",147,0.357392553205917,1.73481018023213
"clade3","Mosquito",148,0.73954794621544,2.54268220958763
"clade3","Mosquito",149,0.424461477937018,1.82989384688692
"clade3","Mosquito",15,0.736650123322367,2.50913476881589
"clade3","Mosquito",150,0.516831624131811,1.93467622006428
"clade3","Mosquito",151,0.727398487756617,2.39824115079511
"clade3","Mosquito",152,0.463344505944034,1.98795387646976
"clade3","Mosquito",153,0.542092434988769,2.15591192193289
"clade3","Mosquito",154,0.624325939407691,2.3352331150358
"clade3","Mosquito",155,0.589324903685308,2.24109653768734
"clade3","Mosquito",156,1.05323758281299,2.72026150631693
"clade3","Mosquito",157,0.494829675372399,2.03739430356553
"clade3","Mosquito",158,0.533966738893782,2.14312231827447
"clade3","Mosquito",159,1.23068812525646,2.79766124029102
"clade3","Mosquito",16,0.504612685866949,2.09622090630669
"clade3","Mosquito",160,0.507453294592663,2.02885866242932
"clade3","Mosquito",161,0.783905985347426,2.33716612917816
"clade3","Mosquito",162,1.70100635882778,2.88696987327419
"clade3","Mosquito",163,0.794348532557166,2.54862724881129
"clade3","Mosquito",164,0.497902681157321,2.09018933023188
"clade3","Mosquito",165,0.923655358324648,2.6526643941377
"clade3","Mosquito",166,0.774064763323051,2.32693231342093
"clade3","Mosquito",167,0.528735709062622,2.11810877142309
"clade3","Mosquito",168,0.597882550005598,2.24279383075667
"clade3","Mosquito",169,0.372488357280407,1.79461728047876
"clade3","Mosquito",17,0.30873211550338,1.57873611354226
"clade3","Mosquito",170,0.388096710924375,1.82465302727516
"clade3","Mosquito",171,0.527159507722538,2.13406353543915
"clade3","Mosquito",172,0.662974730872414,2.20459082008796
"clade3","Mosquito",173,0.309552382841856,1.31298246180551
"clade3","Mosquito",174,0.316837388223302,1.58772351192095
"clade3","Mosquito",175,0.489952364658685,1.92625803006682
"clade3","Mosquito",176,0.519377649819916,1.7973975623714
"clade3","Mosquito",177,0.431664274534361,1.92117353864564
"clade3","Mosquito",178,0.982788490120618,2.77674165364233
"clade3","Mosquito",179,0.848624639462305,2.49557566372453
"clade3","Mosquito",18,0.722438721393902,2.62878122820297
"clade3","Mosquito",180,0.301173866906647,1.51508178482422
"clade3","Mosquito",181,0.402302246310038,1.84189716582602
"clade3","Mosquito",182,0.378392915244927,1.74546932748649
"clade3","Mosquito",183,0.326170720919697,1.62366336656186
"clade3","Mosquito",184,0.225397578130011,1.24582684321852
"clade3","Mosquito",185,0.37478538749162,1.66296947546458
"clade3","Mosquito",186,0.46805403926351,1.4910842808569
"clade3","Mosquito",187,0.451585143168798,1.96491440724868
"clade3","Mosquito",188,0.459773736913416,1.56697720273265
"clade3","Mosquito",189,0.433688514825841,1.8937254301757
"clade3","Mosquito",19,0.365013802524779,1.75798113192628
"clade3","Mosquito",190,0.263137945553895,1.37780712967232
"clade3","Mosquito",191,0.517118084014704,2.11444778252658
"clade3","Mosquito",192,0.296753571179249,1.51948766658097
"clade3","Mosquito",193,0.469357570436799,1.99095098667433
"clade3","Mosquito",194,0.514773982990994,1.65334072370245
"clade3","Mosquito",195,0.909210747234476,2.79040116503102
"clade3","Mosquito",196,0.641232935344088,1.97710304602989
"clade3","Mosquito",197,0.375065924559868,1.75146313271288
"clade3","Mosquito",198,0.636261464779444,2.05224073192805
"clade3","Mosquito",199,0.700442781723041,2.38789892336271
"clade3","Mosquito",2,0.490420761049062,2.08345377662956
"clade3","Mosquito",20,0.276376540739095,1.42133013941946
"clade3","Mosquito",200,0.678303835479992,2.37325519948079
"clade3","Mosquito",201,0.476357419722639,2.0144453153231
"clade3","Mosquito",202,0.464035769144229,2.01154194841592
"clade3","Mosquito",203,0.46226872996064,2.02273530276612
"clade3","Mosquito",204,0.427425653972749,1.95113607762908
"clade3","Mosquito",205,0.613109499696771,2.06594655395887
"clade3","Mosquito",206,0.762529714615587,2.59519062857475
"clade3","Mosquito",207,0.612482790087025,1.84970780063288
"clade3","Mosquito",208,0.941017973656766,2.61144517155808
"clade3","Mosquito",209,0.399997882028757,1.82530673411916
"clade3","Mosquito",21,0.440034888109665,1.96863408669143
"clade3","Mosquito",210,0.707629178019148,2.48371206881232
"clade3","Mosquito",211,0.616146503234313,2.4276993822043
"clade3","Mosquito",212,0.452264623310702,2.00978264498634
"clade3","Mosquito",213,0.341313114658056,1.6864285392666
"clade3","Mosquito",214,0.92084235730057,2.64946614424408
"clade3","Mosquito",215,0.414484507623885,1.84845143597588
"clade3","Mosquito",216,0.58722855212493,2.04637269540649
"clade3","Mosquito",217,0.23892573535861,1.2770952564414
"clade3","Mosquito",218,0.398717004556861,1.8783023682367
"clade3","Mosquito",219,0.830489272012485,2.62874396132203
"clade3","Mosquito",22,0.396504879987248,1.8204231478447
"clade3","Mosquito",220,0.237419251186594,1.25119545739743
"clade3","Mosquito",221,0.27507387518688,1.43984242750613
"clade3","Mosquito",222,1.22245170373856,2.82833152836781
"clade3","Mosquito",223,0.28248829601014,1.46445966765446
"clade3","Mosquito",224,0.231207538832116,1.25072910568831
"clade3","Mosquito",225,0.450645564658475,1.95950877406192
"clade3","Mosquito",226,0.649407780411854,2.13552247270436
"clade3","Mosquito",227,0.6452406433548,2.19959969277613
"clade3","Mosquito",228,0.854685893250955,2.59163626088916
"clade3","Mosquito",229,0.801948431697364,2.5703531393212
"clade3","Mosquito",23,0.961524647437202,2.79660862440712
"clade3","Mosquito",230,0.555392737351941,2.03251587239623
"clade3","Mosquito",231,0.726824619997362,2.44614707467796
"clade3","Mosquito",232,0.608882509712269,2.16962626525069
"clade3","Mosquito",233,0.345875393492176,1.70752232454394
"clade3","Mosquito",234,0.959858904777735,2.71598994100984
"clade3","Mosquito",235,0.512354787589556,2.12748205619199
"clade3","Mosquito",236,0.566205210498507,2.23524607973926
"clade3","Mosquito",237,0.602675587582159,2.27248089591285
"clade3","Mosquito",238,0.524559533218962,1.94765123151195
"clade3","Mosquito",239,0.339585092899667,1.69510411115952
"clade3","Mosquito",24,0.376959307244731,1.78851507655596
"clade3","Mosquito",240,0.663535222119758,2.49999210756276
"clade3","Mosquito",241,0.398848710259297,1.87442201752546
"clade3","Mosquito",242,0.384796342239436,1.86321539933318
"clade3","Mosquito",243,0.613897784260912,2.30561806452062
"clade3","Mosquito",244,0.559075498474198,2.20616808338757
"clade3","Mosquito",245,0.65366047925668,1.8526188688818
"clade3","Mosquito",246,0.251411765252575,1.3413198446937
"clade3","Mosquito",247,0.315920014052057,1.58537576712193
"clade3","Mosquito",248,0.493187922160186,2.08879344548242
"clade3","Mosquito",249,0.533930700809721,1.42253344443263
"clade3","Mosquito",25,0.288970579173403,1.49834514623749
"clade3","Mosquito",250,0.387867727192698,1.81548208637457
"clade3","Mosquito",251,0.606906351214556,2.19589467979784
"clade3","Mosquito",252,0.380981324933747,1.81002127341755
"clade3","Mosquito",253,0.973985414153373,2.6801136365276
"clade3","Mosquito",254,0.459397192967597,2.00706965440732
"clade3","Mosquito",255,0.414001936154152,1.90471057595926
"clade3","Mosquito",256,0.398045040749613,1.40497788427004
"clade3","Mosquito",257,0.582414196338332,2.36064257119433
"clade3","Mosquito",258,0.516992130058388,2.12755920928336
"clade3","Mosquito",259,0.494516834006713,2.09609104678048
"clade3","Mosquito",26,0.447223038016918,1.94257328082682
"clade3","Mosquito",260,0.237854657204953,1.28500861837596
"clade3","Mosquito",261,0.572716106299017,2.28855591257219
"clade3","Mosquito",262,0.373434719115977,1.77134553053607
"clade3","Mosquito",263,0.437656144602275,1.95029103439115
"clade3","Mosquito",264,0.923308316226633,2.70919131361654
"clade3","Mosquito",265,0.364024432149594,1.72627718019775
"clade3","Mosquito",266,0.344385479230526,1.67077951670644
"clade3","Mosquito",267,0.382756335660013,1.72374618509901
"clade3","Mosquito",268,0.320148518787122,1.59451124930756
"clade3","Mosquito",269,0.352709119349946,1.69337768361099
"clade3","Mosquito",27,0.430406484220472,1.9034789041655
"clade3","Mosquito",270,0.431964532455387,1.92959491881626
"clade3","Mosquito",271,0.462604491374782,2.00690743790098
"clade3","Mosquito",272,0.383732135905958,1.80255724501414
"clade3","Mosquito",273,0.552105731337399,1.80068028019581
"clade3","Mosquito",274,1.04303309068363,2.79382846208349
"clade3","Mosquito",275,0.476241515433041,1.93870268398189
"clade3","Mosquito",276,0.452316334487167,1.77698130423451
"clade3","Mosquito",277,0.847285351115771,2.62523820045778
"clade3","Mosquito",278,0.47416732783373,2.03792132755141
"clade3","Mosquito",279,0.823569851080347,2.66773970421683
"clade3","Mosquito",28,0.421771031487892,1.78572373108953
"clade3","Mosquito",280,0.799787638061502,2.61193646305522
"clade3","Mosquito",281,0.449405114317041,2.01404963090442
"clade3","Mosquito",282,0.586490947193784,2.24376325590867
"clade3","Mosquito",283,0.438721630028147,1.95864881804267
"clade3","Mosquito",284,0.290059725258777,1.46432261780087
"clade3","Mosquito",285,0.429129308846013,1.91309959748236
"clade3","Mosquito",286,0.307893556400887,1.54550762676352
"clade3","Mosquito",287,0.392310634802323,1.83648797041146
"clade3","Mosquito",288,0.274191094033701,1.41244836092671
"clade3","Mosquito",289,0.434718197590496,1.96926785765382
"clade3","Mosquito",29,0.50860233616622,1.79708386040646
"clade3","Mosquito",290,0.621471232590994,2.47770726403553
"clade3","Mosquito",291,0.361962402833017,1.7412683594028
"clade3","Mosquito",292,0.819111368858134,2.69381430290063
"clade3","Mosquito",293,0.513313938129294,1.70677104672184
"clade3","Mosquito",294,0.308103782328047,1.55924935331426
"clade3","Mosquito",295,0.396517055333476,1.85241312090574
"clade3","Mosquito",296,1.13427087244589,2.84622815648865
"clade3","Mosquito",297,1.6111019915823,2.99386922725163
"clade3","Mosquito",298,0.342822045461812,1.67232811738832
"clade3","Mosquito",299,0.306576111123882,1.53204979730448
"clade3","Mosquito",3,0.355233691621192,1.80184674325288
"clade3","Mosquito",30,0.231994070423985,1.23636264202627
"clade3","Mosquito",300,0.39671202785387,1.66398539863988
"clade3","Mosquito",301,0.320125834676264,1.57753476498861
"clade3","Mosquito",302,0.350568678111275,1.67750338671748
"clade3","Mosquito",303,0.507615574075961,1.62160470479203
"clade3","Mosquito",304,1.11620532882453,2.87292722733246
"clade3","Mosquito",305,0.331677492863409,1.59873687752675
"clade3","Mosquito",306,1.08922606406678,2.84162590319828
"clade3","Mosquito",307,0.753548783973586,2.5967646616972
"clade3","Mosquito",308,0.92965649540641,2.64822496363851
"clade3","Mosquito",309,0.335591089111747,1.62777214837349
"clade3","Mosquito",31,0.399862987164046,1.83237680096392
"clade3","Mosquito",310,0.745063615536437,2.50957259954323
"clade3","Mosquito",311,0.367935677536201,1.72948208560787
"clade3","Mosquito",312,1.03841835349609,2.71832921811075
"clade3","Mosquito",313,0.548534459121281,2.2274394407511
"clade3","Mosquito",314,0.507527231498003,2.08919461863309
"clade3","Mosquito",315,0.388672449104729,1.82606909525669
"clade3","Mosquito",316,0.57164240853227,2.35791052931191
"clade3","Mosquito",317,0.419234762057833,1.91746367389605
"clade3","Mosquito",318,0.299671094705576,1.53481096629162
"clade3","Mosquito",319,0.50454493665125,2.07471131448655
"clade3","Mosquito",32,0.276767937331614,1.43966443903836
"clade3","Mosquito",320,0.481147936156878,2.04137430606836
"clade3","Mosquito",321,0.353933267448934,1.71621090709125
"clade3","Mosquito",322,0.310813395674736,1.57215646946563
"clade3","Mosquito",323,0.459699615194564,1.66510943917804
"clade3","Mosquito",324,0.333085981180648,1.67348829486721
"clade3","Mosquito",325,0.795922385192959,2.64072224666845
"clade3","Mosquito",326,0.520286019394217,2.11979922986077
"clade3","Mosquito",327,0.425687446845791,1.65026164550649
"clade3","Mosquito",328,0.987805763794841,2.18866321799914
"clade3","Mosquito",329,0.312163527507205,1.57327119750814
"clade3","Mosquito",33,0.310223572543851,1.52041635267474
"clade3","Mosquito",330,0.46077505208421,1.99524887331476
"clade3","Mosquito",331,0.339742835071456,1.66348301508716
"clade3","Mosquito",332,0.425777719045735,1.84488704968747
"clade3","Mosquito",333,0.328898810567194,1.62933673367957
"clade3","Mosquito",334,0.57016438088394,2.21013422146926
"clade3","Mosquito",335,0.269040673578087,1.4196871264688
"clade3","Mosquito",336,0.329724961036678,1.62967435157202
"clade3","Mosquito",337,0.399171468781882,1.55160354186368
"clade3","Mosquito",338,0.716903048953561,2.63677071668641
"clade3","Mosquito",339,0.462358764804927,2.00614818788057
"clade3","Mosquito",34,0.493941452677014,2.10135838559175
"clade3","Mosquito",340,0.391224441153594,1.84199338871492
"clade3","Mosquito",341,0.486476922459734,2.03205741515453
"clade3","Mosquito",342,0.883681657791156,2.70224721941797
"clade3","Mosquito",343,0.68662045489363,2.47977330545939
"clade3","Mosquito",344,0.63408544237725,2.11080154635925
"clade3","Mosquito",345,0.988137690249939,2.63710957962211
"clade3","Mosquito",346,0.436805249014808,1.92175419564612
"clade3","Mosquito",347,0.708303438998447,2.4701353140828
"clade3","Mosquito",348,0.513465073244863,2.10352739703332
"clade3","Mosquito",349,0.529879568053847,2.08571646128827
"clade3","Mosquito",35,1.04233690904641,2.79013245180683
"clade3","Mosquito",350,0.525946909662278,2.1324740736064
"clade3","Mosquito",351,0.374147422558912,1.75764736156686
"clade3","Mosquito",352,0.562469607385934,2.03150000937317
"clade3","Mosquito",353,0.293834564756732,1.50409632151135
"clade3","Mosquito",354,0.43436068322707,1.91037894866858
"clade3","Mosquito",355,0.448741886310288,1.95733405312789
"clade3","Mosquito",356,0.378384456573438,1.77844775447348
"clade3","Mosquito",357,0.328210291981086,1.63528542104305
"clade3","Mosquito",358,0.545513368772604,2.17358605461422
"clade3","Mosquito",359,0.562313115393624,2.23672249827165
"clade3","Mosquito",36,0.591518063994343,2.2332677604377
"clade3","Mosquito",360,0.277278497797064,1.44209438336131
"clade3","Mosquito",361,0.422749015708138,1.76031932241814
"clade3","Mosquito",362,0.29742443021919,1.504520667851
"clade3","Mosquito",363,1.10359649081782,2.78395942942872
"clade3","Mosquito",364,0.838969995031919,2.58269741857312
"clade3","Mosquito",365,0.999797195430255,2.71396717548427
"clade3","Mosquito",366,0.735511460719019,2.38068885302864
"clade3","Mosquito",367,0.660141263889233,2.39969794505961
"clade3","Mosquito",368,0.511632526338273,2.01999949006194
"clade3","Mosquito",369,1.05100977667384,2.75476466793929
"clade3","Mosquito",37,0.467667641119713,1.99892883771252
"clade3","Mosquito",370,0.709734950386004,2.43496125595535
"clade3","Mosquito",371,0.916616131904848,2.80158173085345
"clade3","Mosquito",372,0.306900619187335,1.55904247749432
"clade3","Mosquito",373,0.418576548854997,1.42318511000483
"clade3","Mosquito",374,0.255715191728066,1.33092151022849
"clade3","Mosquito",375,0.402616676015601,1.89042527172401
"clade3","Mosquito",376,0.270568389910643,1.39609764219611
"clade3","Mosquito",377,0.311262912296192,1.57588016095734
"clade3","Mosquito",378,0.3063057596185,1.53565943251433
"clade3","Mosquito",379,0.351418214273851,1.69827847900396
"clade3","Mosquito",38,0.410610341338939,1.86033750879672
"clade3","Mosquito",380,0.252263162576372,1.33562379159123
"clade3","Mosquito",381,0.576360968583169,1.93847427950248
"clade3","Mosquito",382,0.282013396217648,1.46198055356359
"clade3","Mosquito",383,0.866560604993683,2.67676759515846
"clade3","Mosquito",384,0.347262795024409,1.70741640775696
"clade3","Mosquito",385,0.895574545644844,2.77363254544331
"clade3","Mosquito",386,0.259762540231274,1.22172685279141
"clade3","Mosquito",387,0.253833104790408,1.340687161347
"clade3","Mosquito",388,0.879148524793765,2.66890614368309
"clade3","Mosquito",389,0.556206808718995,2.09445997788705
"clade3","Mosquito",39,0.236186377897248,1.26308808889138
"clade3","Mosquito",390,0.678101533856739,2.41702330500229
"clade3","Mosquito",391,0.873162896307379,2.58012375749438
"clade3","Mosquito",392,0.425925184982393,1.89111231719307
"clade3","Mosquito",393,0.393896117118914,1.78169076619382
"clade3","Mosquito",394,0.967960084586759,2.65291529935516
"clade3","Mosquito",395,0.575429131524065,1.8626568803014
"clade3","Mosquito",396,0.507938468998262,1.57709745150743
"clade3","Mosquito",397,0.308475471031382,1.52037435449377
"clade3","Mosquito",398,0.408150189930941,1.85769895648882
"clade3","Mosquito",399,0.298282968023961,1.47191107355898
"clade3","Mosquito",4,0.337814535976423,1.72693811187157
"clade3","Mosquito",40,0.25909923200079,1.36858256371813
"clade3","Mosquito",400,0.423845572472552,1.6364971505121
"clade3","Mosquito",401,0.273823527763684,1.40571315112644
"clade3","Mosquito",402,0.323966448683525,1.58783540927669
"clade3","Mosquito",403,0.386373128843038,1.42782354666457
"clade3","Mosquito",404,0.305861467629811,1.54965279474531
"clade3","Mosquito",405,0.281107690627173,1.43798424259357
"clade3","Mosquito",406,0.827882495836954,2.64694587632582
"clade3","Mosquito",407,0.236771212780694,1.26470790574245
"clade3","Mosquito",408,0.263658929440081,1.23083772726459
"clade3","Mosquito",409,1.14404978247375,2.89222265634825
"clade3","Mosquito",41,0.811762916393349,2.72334149494317
"clade3","Mosquito",410,0.275562956906103,1.39965431942852
"clade3","Mosquito",411,0.296716942740884,1.52094156406499
"clade3","Mosquito",412,0.440358888291142,1.30329897223115
"clade3","Mosquito",413,0.306858413666066,1.56275976429983
"clade3","Mosquito",414,0.190914457708785,1.06742120461516
"clade3","Mosquito",415,0.28030890333399,1.45115397470844
"clade3","Mosquito",416,0.346110324773482,1.72220051886067
"clade3","Mosquito",417,0.234645321518593,1.24952536742296
"clade3","Mosquito",418,1.08647203202873,2.95964183408207
"clade3","Mosquito",419,0.396822236172506,1.84383123158786
"clade3","Mosquito",42,0.28273834238345,1.43955703160017
"clade3","Mosquito",420,0.947435772448566,2.77974191912178
"clade3","Mosquito",421,0.243840633186022,1.28617723217039
"clade3","Mosquito",422,0.250472530117833,1.31405750441809
"clade3","Mosquito",423,0.519226384921406,2.05392174848763
"clade3","Mosquito",424,0.380166427521655,1.76751768510762
"clade3","Mosquito",425,0.275860230125832,1.42872743648848
"clade3","Mosquito",426,0.21286600395582,1.1704355069323
"clade3","Mosquito",427,0.23555541624436,1.25882509710596
"clade3","Mosquito",428,0.296003576110855,1.52370108293456
"clade3","Mosquito",429,0.358759968222887,1.72145171340687
"clade3","Mosquito",43,0.356038896258842,1.37537510184804
"clade3","Mosquito",430,0.253584282333221,1.34254172220925
"clade3","Mosquito",431,0.364454257630394,1.75172444548606
"clade3","Mosquito",432,0.346660982925948,1.66879350971828
"clade3","Mosquito",433,0.223200867539305,1.20349353427823
"clade3","Mosquito",434,0.63213576391738,1.54320334362168
"clade3","Mosquito",435,0.36380217042921,1.73970168353506
"clade3","Mosquito",436,1.01812704623652,2.83708111928533
"clade3","Mosquito",437,0.208789919450428,1.13216210881081
"clade3","Mosquito",438,0.686381229539538,2.60954847772043
"clade3","Mosquito",439,0.405286625529392,1.84201331628709
"clade3","Mosquito",44,0.349229214000598,1.68988666554154
"clade3","Mosquito",440,0.440682473501516,1.92835836991719
"clade3","Mosquito",441,0.867985671933153,2.79736181222313
"clade3","Mosquito",442,0.452393492015496,1.55998530129969
"clade3","Mosquito",443,0.305205215929532,1.51094942363187
"clade3","Mosquito",444,0.852058258694366,2.64082949975768
"clade3","Mosquito",445,0.368988172091276,1.22907317959798
"clade3","Mosquito",446,0.234601072702635,1.24482130723249
"clade3","Mosquito",447,0.35822257723514,1.73489025877967
"clade3","Mosquito",448,0.357792603309431,1.6941209530311
"clade3","Mosquito",449,0.261509484935427,1.36751335240619
"clade3","Mosquito",45,0.521459943415969,1.66278952978244
"clade3","Mosquito",450,0.279382586157859,1.44570747077263
"clade3","Mosquito",451,0.304973799983723,1.51508148293789
"clade3","Mosquito",452,0.480344631435456,1.87173075830513
"clade3","Mosquito",453,0.247149779006039,1.31895712525574
"clade3","Mosquito",454,0.281400580492848,1.45729204454477
"clade3","Mosquito",455,0.389431905759055,1.79304139997715
"clade3","Mosquito",456,0.318064135297644,1.56977106594769
"clade3","Mosquito",457,0.296804315975899,1.50009820346621
"clade3","Mosquito",458,0.250332730651232,1.31666820985661
"clade3","Mosquito",459,0.27155946543228,1.40312405549016
"clade3","Mosquito",46,0.418324133497514,1.7026655142195
"clade3","Mosquito",460,0.869270272835472,2.72172286769359
"clade3","Mosquito",461,0.370342723872535,1.49073503869518
"clade3","Mosquito",462,0.363246773433611,1.73346885685272
"clade3","Mosquito",463,0.687319183003117,2.48812338438941
"clade3","Mosquito",464,0.307993758578051,1.56524319814942
"clade3","Mosquito",465,0.674787984177977,2.46969779140515
"clade3","Mosquito",466,0.308701760174344,1.58330076853684
"clade3","Mosquito",467,0.436910568579894,1.98486728068886
"clade3","Mosquito",468,0.400627424128355,1.90786040555519
"clade3","Mosquito",469,0.411952535785809,1.92442712808843
"clade3","Mosquito",47,0.752208590764267,2.54948096744752
"clade3","Mosquito",470,0.374031388309228,1.81441087679024
"clade3","Mosquito",471,0.383540157311535,1.7830445655287
"clade3","Mosquito",472,0.967650847724804,2.78978966269747
"clade3","Mosquito",473,0.235315680108551,1.28742514998921
"clade3","Mosquito",474,0.485017462273122,1.62380883580456
"clade3","Mosquito",475,0.501884970276558,1.61796227469094
"clade3","Mosquito",476,0.354534319387271,1.4731461228298
"clade3","Mosquito",477,0.398237482252398,1.83452835907372
"clade3","Mosquito",478,0.54101937463544,1.67051364559613
"clade3","Mosquito",479,0.230691075447057,1.26202920729344
"clade3","Mosquito",48,0.445824320266717,1.95612122974628
"clade3","Mosquito",480,0.624008042813485,1.68416376857414
"clade3","Mosquito",481,0.447331274736991,1.57932654347908
"clade3","Mosquito",482,1.07543607599001,2.8624531593392
"clade3","Mosquito",483,0.381544166259973,1.73760800728831
"clade3","Mosquito",484,0.387759729092264,1.74563800984914
"clade3","Mosquito",485,0.790283881900005,2.6398186217706
"clade3","Mosquito",486,0.312641780350302,1.5742629431672
"clade3","Mosquito",487,0.587456333567224,1.89732058109965
"clade3","Mosquito",488,0.413691412560817,1.83686777638532
"clade3","Mosquito",489,0.207111994353973,1.15138284657308
"clade3","Mosquito",49,0.522083918467109,2.12553277528959
"clade3","Mosquito",490,0.352793764593623,1.71655957319718
"clade3","Mosquito",491,0.410418485978337,1.45019198068469
"clade3","Mosquito",492,0.271587967935315,1.39938565047913
"clade3","Mosquito",493,0.357605231399167,1.75624709831971
"clade3","Mosquito",494,0.219533252793527,1.19850953988061
"clade3","Mosquito",495,0.230746519042359,1.24795327474019
"clade3","Mosquito",496,1.02669683216155,3.00633535026144
"clade3","Mosquito",497,0.559357627658928,1.71607823053361
"clade3","Mosquito",498,0.321420177155946,1.58900135347593
"clade3","Mosquito",499,0.163270938809275,0.965726869435125
"clade3","Mosquito",5,0.366549888623005,1.82590065269737
"clade3","Mosquito",50,0.351698878722624,1.7058694987805
"clade3","Mosquito",500,0.318214160749783,1.56940437811585
"clade3","Mosquito",501,0.171836964955019,0.997982819600844
"clade3","Mosquito",51,1.17827907356754,2.7726518718721
"clade3","Mosquito",52,0.611973970394176,2.07320229549576
"clade3","Mosquito",53,0.393200804987593,1.75989856622742
"clade3","Mosquito",54,0.381389214938959,1.76969819529629
"clade3","Mosquito",55,0.877831847624044,2.64742394371137
"clade3","Mosquito",56,0.493434712122112,2.06517613509283
"clade3","Mosquito",57,0.203322978757966,1.11722351255461
"clade3","Mosquito",58,0.506835473015803,1.99039009479684
"clade3","Mosquito",59,0.376623422481548,1.77282737903894
"clade3","Mosquito",6,0.777500260522356,2.60449218486291
"clade3","Mosquito",60,0.2717893559826,1.40459019648137
"clade3","Mosquito",61,0.507547439103016,2.11486536514893
"clade3","Mosquito",62,0.454547710567192,1.85591921291532
"clade3","Mosquito",63,0.384585978141548,1.79730266138799
"clade3","Mosquito",64,0.609463939835652,2.27399344147674
"clade3","Mosquito",65,0.375703644482441,1.77256776382686
"clade3","Mosquito",66,1.23671669537278,2.84331161159189
"clade3","Mosquito",67,0.414930620899746,1.71518582983428
"clade3","Mosquito",68,0.917495384088085,2.71638134156726
"clade3","Mosquito",69,0.432913800738233,1.87745356836397
"clade3","Mosquito",7,0.355139465248793,1.59707469795075
"clade3","Mosquito",70,0.340703806945313,1.67361226640223
"clade3","Mosquito",71,0.729780254639497,2.42430461074159
"clade3","Mosquito",72,0.400747568889962,1.84507564381313
"clade3","Mosquito",73,0.905472214829334,2.66347597272398
"clade3","Mosquito",74,0.309190497848124,1.53621141607566
"clade3","Mosquito",75,0.276144583929355,1.42873075557755
"clade3","Mosquito",76,0.474389442764748,2.0546007081653
"clade3","Mosquito",77,0.370020732039283,1.74901988024111
"clade3","Mosquito",78,0.261878269605355,1.3513492200486
"clade3","Mosquito",79,0.464384401568361,1.93818367797093
"clade3","Mosquito",8,0.524411228553266,2.13069444789577
"clade3","Mosquito",80,0.445747815900435,1.95048417103072
"clade3","Mosquito",81,0.526346896629433,2.12355522024303
"clade3","Mosquito",82,0.348129756124446,1.66586698360679
"clade3","Mosquito",83,0.846846494582864,2.60256127366863
"clade3","Mosquito",84,0.670193655485713,2.38476686546771
"clade3","Mosquito",85,0.757831126390946,2.59344366919351
"clade3","Mosquito",86,0.906545217666054,2.65882789778383
"clade3","Mosquito",87,0.431396733091225,1.91673197517033
"clade3","Mosquito",88,0.770539358082523,2.57818972867024
"clade3","Mosquito",89,0.797253755291373,2.59525019322363
"clade3","Mosquito",9,0.239426282558935,1.27910783407611
"clade3","Mosquito",90,0.863800453192464,2.72227283081508
"clade3","Mosquito",91,0.40239505663941,1.60037353600772
"clade3","Mosquito",92,0.325685161763608,1.59758513133358
"clade3","Mosquito",93,0.947598822433579,2.7428388477478
"clade3","Mosquito",94,0.843342227116602,2.62455635789396
"clade3","Mosquito",95,0.817723518088899,2.65648062629675
"clade3","Mosquito",96,0.881850012278658,2.56853722180389
"clade3","Mosquito",97,0.508878861237746,1.72969151049946
"clade3","Mosquito",98,0.301696964248431,1.52271397721669
"clade3","Mosquito",99,0.283982272489329,1.44117062482047
"clade4","Bird",1,0.869424706955916,2.81240206107084
"clade4","Bird",10,0.297806407427811,1.58838090193776
"clade4","Bird",100,0.228132612147431,1.25878948161184
"clade4","Bird",101,0.21338761003676,1.20105455125611
"clade4","Bird",102,0.3254303528901,1.31163363448725
"clade4","Bird",103,0.273083658379434,1.43177831832107
"clade4","Bird",104,0.247456204475905,1.33446671838485
"clade4","Bird",105,0.250643848888172,1.34965472695439
"clade4","Bird",106,0.276237347905434,1.45310899764344
"clade4","Bird",107,0.258189557420305,1.36976377539371
"clade4","Bird",108,0.237334486901896,1.2976772472546
"clade4","Bird",109,0.268165176100444,1.41952735243067
"clade4","Bird",11,0.292637379401856,1.56738978488136
"clade4","Bird",110,0.186044371941507,1.04668769695493
"clade4","Bird",111,0.190775843087929,1.110289363637
"clade4","Bird",112,0.325284390944017,1.61873236151402
"clade4","Bird",113,0.424780980043779,1.22229344375983
"clade4","Bird",114,1.1536868958631,3.07657047005026
"clade4","Bird",115,0.281589427871527,1.53123138114786
"clade4","Bird",116,0.197447723073881,1.12087708831351
"clade4","Bird",117,0.327261086612683,1.6720555097653
"clade4","Bird",118,0.265218715134482,1.31123159045518
"clade4","Bird",119,0.230975750470565,1.29976991432885
"clade4","Bird",12,1.00944996776773,3.00489533172438
"clade4","Bird",120,0.929982156887102,2.58768155511278
"clade4","Bird",121,0.223409172030584,1.25219925987782
"clade4","Bird",122,0.797887796048315,2.27599666532999
"clade4","Bird",123,0.443503486814682,1.83791647330541
"clade4","Bird",124,0.334520264347128,1.59568885021831
"clade4","Bird",125,0.31038278797833,1.59925635566167
"clade4","Bird",126,0.737187948179524,2.40571006534464
"clade4","Bird",127,0.174032102221905,1.04388182427759
"clade4","Bird",128,0.511438656279537,1.67267696298735
"clade4","Bird",129,0.871745101067703,2.73812238573884
"clade4","Bird",13,0.270722412163056,1.50006892016798
"clade4","Bird",130,0.314122787142182,1.64734236167892
"clade4","Bird",131,1.00418940093785,2.75237981752244
"clade4","Bird",132,0.418080276626893,1.89051277897635
"clade4","Bird",133,0.246905461763566,1.32999851077703
"clade4","Bird",134,0.238212757963599,1.31139056430793
"clade4","Bird",135,0.986060384603444,2.85414152984404
"clade4","Bird",136,1.05771296345844,2.86469419737295
"clade4","Bird",137,0.255229512805251,1.38970066472525
"clade4","Bird",138,1.13547375389893,3.01005353511383
"clade4","Bird",139,0.723158248280856,1.49025350624638
"clade4","Bird",14,0.244327389873664,1.42806655780796
"clade4","Bird",140,0.710884868271294,2.69051115100648
"clade4","Bird",141,0.685492923966069,2.53688903976976
"clade4","Bird",142,0.744707425508642,2.65158276796346
"clade4","Bird",143,0.32340680104128,1.65831337480693
"clade4","Bird",144,0.295780883764438,1.54246041353668
"clade4","Bird",145,0.550727567938742,1.44687665627362
"clade4","Bird",146,0.853310518786193,2.79256821209696
"clade4","Bird",147,0.732238316999054,1.5590186835334
"clade4","Bird",148,1.38137082536372,3.03479840978662
"clade4","Bird",149,1.15859052166469,3.00478441954287
"clade4","Bird",15,0.424380899664416,1.95057288197522
"clade4","Bird",150,0.527217706031562,1.73114617694291
"clade4","Bird",151,0.93377856612264,2.83113904400244
"clade4","Bird",152,1.06260065691505,1.62920908166731
"clade4","Bird",153,0.845318897834972,1.89436397186136
"clade4","Bird",154,0.337239330773509,1.71540048959622
"clade4","Bird",155,1.47652215205095,3.11626882447343
"clade4","Bird",156,0.790359312719276,2.62100441527448
"clade4","Bird",157,0.435107335217267,1.67716282846802
"clade4","Bird",16,0.464454541604186,1.99630156948224
"clade4","Bird",163,0.895599260857135,2.82049346513393
"clade4","Bird",164,0.811590529648024,2.80734080120874
"clade4","Bird",165,0.497578948768861,2.13090249147407
"clade4","Bird",166,0.59276204074737,1.90175079864834
"clade4","Bird",167,0.805907757133969,2.65931995282179
"clade4","Bird",168,0.497423842743968,2.10422324592005
"clade4","Bird",169,0.163907664731615,0.851926961335721
"clade4","Bird",17,0.234422313585444,1.34497495127365
"clade4","Bird",170,0.230298072020541,1.29622337395535
"clade4","Bird",171,0.593977673821256,2.52966179652315
"clade4","Bird",172,0.650294534110524,2.00574136024447
"clade4","Bird",173,0.233523345170747,1.26838596844038
"clade4","Bird",174,0.235179566414577,1.30550585376764
"clade4","Bird",175,0.224894091269032,1.21415912531734
"clade4","Bird",176,1.47070625290915,3.01807800300795
"clade4","Bird",177,0.274225589992269,1.4446620302226
"clade4","Bird",178,1.21857286879467,2.97070561545759
"clade4","Bird",179,0.930324544958652,1.89994925562955
"clade4","Bird",18,0.924369669372601,2.94181553757255
"clade4","Bird",180,0.184193577340466,1.05351681598417
"clade4","Bird",181,0.290670864331406,1.50607519169272
"clade4","Bird",182,0.935332138365816,2.88273112232537
"clade4","Bird",183,0.286789142033891,1.38667255634175
"clade4","Bird",184,0.18485912031945,1.08630136655646
"clade4","Bird",185,1.06230656693917,1.71086902367606
"clade4","Bird",186,0.442663720763752,1.43639730348526
"clade4","Bird",187,0.185887442222318,1.05546741387801
"clade4","Bird",188,0.602067190395742,2.60692245234489
"clade4","Bird",189,0.311306022509653,1.57180704142271
"clade4","Bird",19,0.273217500732795,1.4786464000269
"clade4","Bird",190,0.199869620384074,1.12259227948619
"clade4","Bird",191,0.533620907059253,2.22328375324139
"clade4","Bird",192,0.183595946100684,1.06582069993884
"clade4","Bird",193,0.325064987808923,1.6529475731637
"clade4","Bird",194,0.662274605649466,1.12930838925691
"clade4","Bird",195,0.187201760432155,1.08444327968457
"clade4","Bird",196,0.996764887641619,2.91481524946865
"clade4","Bird",197,0.319523702562857,1.63382106047209
"clade4","Bird",198,1.75243649148128,3.07043275289961
"clade4","Bird",199,0.656731342261584,2.38647023317014
"clade4","Bird",2,1.60322771290465,3.12790197170233
"clade4","Bird",20,0.198186388344777,1.12272157803309
"clade4","Bird",200,0.874460331643687,2.72213099597588
"clade4","Bird",201,0.594743969964682,1.73976879232557
"clade4","Bird",202,0.327107202537339,1.63299942681105
"clade4","Bird",203,0.538585076012434,2.39201915688755
"clade4","Bird",204,0.723697952776314,1.75550145192875
"clade4","Bird",205,0.296184583338839,1.43469809619949
"clade4","Bird",206,0.493563159166854,1.15321294330832
"clade4","Bird",207,0.649245401213599,1.52104905410713
"clade4","Bird",208,1.0707923026455,2.77111349411777
"clade4","Bird",209,1.17493552966212,2.99360918205107
"clade4","Bird",21,0.330052923212132,1.6721277671996
"clade4","Bird",210,1.45255521037716,2.93066177252098
"clade4","Bird",211,0.608951921443572,2.60483085649126
"clade4","Bird",212,0.349211569052218,1.80185199201058
"clade4","Bird",213,0.205094104386226,1.14324726447923
"clade4","Bird",214,0.729735231804761,2.59707383925676
"clade4","Bird",215,0.305448330944194,1.56541312649702
"clade4","Bird",216,0.559647906536881,1.86349466367765
"clade4","Bird",217,0.164890084214917,0.953189845596981
"clade4","Bird",218,0.270123472163141,1.44843038476083
"clade4","Bird",219,0.982865316358705,2.84883382543484
"clade4","Bird",22,0.330984313533152,1.64415909608657
"clade4","Bird",220,0.213875318730362,1.18609462136449
"clade4","Bird",221,0.388757474975653,0.843742688283437
"clade4","Bird",222,0.444565294436489,1.97919368896856
"clade4","Bird",223,0.155617695037495,0.900154164549478
"clade4","Bird",224,0.159912489462259,0.953841929466065
"clade4","Bird",225,0.314673223786216,1.5752818199236
"clade4","Bird",226,0.86493520077387,2.65589116455186
"clade4","Bird",227,0.911513624242203,2.7233530907255
"clade4","Bird",228,0.798105057907386,2.56830756343139
"clade4","Bird",229,0.854179729713203,2.67373704227202
"clade4","Bird",23,0.755106092098688,1.55836388258734
"clade4","Bird",230,1.31511060937067,2.87930626951799
"clade4","Bird",231,0.951758763021274,2.70206799584039
"clade4","Bird",232,0.586029647065,2.06651891415867
"clade4","Bird",233,0.254738939967533,1.38359294960189
"clade4","Bird",234,0.535477999065196,1.68129753375196
"clade4","Bird",235,0.436046022248461,1.99982552252122
"clade4","Bird",236,0.370046532945087,1.79721000752693
"clade4","Bird",237,0.420508312497946,1.78891534355238
"clade4","Bird",238,0.630704246336652,2.42058472675516
"clade4","Bird",239,0.219607783804389,1.21588449460002
"clade4","Bird",24,0.289785324028752,1.58416716814949
"clade4","Bird",240,0.596422454693909,2.50588167660459
"clade4","Bird",241,0.260953736163149,1.4392545146483
"clade4","Bird",242,0.268711825991622,1.49425384284974
"clade4","Bird",243,0.801460501888598,2.70095124723304
"clade4","Bird",244,0.44620962113277,1.99551954578151
"clade4","Bird",245,0.571609810328376,1.32703305753435
"clade4","Bird",246,0.190395756052822,1.09527751979331
"clade4","Bird",247,0.221070752435687,1.23421117205358
"clade4","Bird",248,0.358270675703144,1.78686536819861
"clade4","Bird",249,0.204691225348004,1.15883628012852
"clade4","Bird",25,0.221683137374404,1.2545087714536
"clade4","Bird",250,0.244129359236974,1.32597218682142
"clade4","Bird",251,1.27804707544434,2.85238830693362
"clade4","Bird",252,0.234973796379206,1.19073104783931
"clade4","Bird",253,0.84588710909528,2.70144983154438
"clade4","Bird",254,0.357436161878741,1.77402215595337
"clade4","Bird",255,0.212066799464286,1.19027690665085
"clade4","Bird",256,0.172619315880627,0.993786041017934
"clade4","Bird",257,0.217806048653332,1.19510909945622
"clade4","Bird",258,0.317499764206865,1.65562138796747
"clade4","Bird",259,0.431205776726778,2.00649906162269
"clade4","Bird",26,0.267277467434827,1.42470323374135
"clade4","Bird",260,0.176679202789304,1.02371431086293
"clade4","Bird",261,0.457963488338802,1.17262143814141
"clade4","Bird",262,0.250506950703668,1.3594478027052
"clade4","Bird",263,0.45819615511326,1.30095555142537
"clade4","Bird",264,0.764889967639379,2.60545158253718
"clade4","Bird",265,0.273158280438576,1.42498451317663
"clade4","Bird",266,0.241428271042248,1.29143320572543
"clade4","Bird",267,0.272518111507708,1.33924676899591
"clade4","Bird",268,0.266481779138078,1.41813507400229
"clade4","Bird",269,0.273388520310343,1.42722885420475
"clade4","Bird",27,1.4491126078265,3.19654355579435
"clade4","Bird",270,0.795296459958465,1.53093397599533
"clade4","Bird",271,0.717663970929133,1.33856525335689
"clade4","Bird",272,0.694294409236695,2.53882600043437
"clade4","Bird",273,0.505553766764913,2.30056768094705
"clade4","Bird",274,0.919534456216722,2.90445619420272
"clade4","Bird",275,1.02145131462699,2.65050479642366
"clade4","Bird",276,0.360135793668468,1.61252565831994
"clade4","Bird",277,0.619572419037859,2.50452887922478
"clade4","Bird",278,0.548991672650087,1.34000920572923
"clade4","Bird",279,0.72565134594504,1.67014146963064
"clade4","Bird",28,0.737667658928999,2.52995191724044
"clade4","Bird",280,0.757851455948765,2.65889274655304
"clade4","Bird",281,0.495387931051036,2.15130548372929
"clade4","Bird",282,0.406080815652679,1.84435094047188
"clade4","Bird",283,0.231706006587798,1.25343273873437
"clade4","Bird",284,0.192375762744348,1.06901686404326
"clade4","Bird",285,0.300135175513209,1.52259009672269
"clade4","Bird",286,0.244262144883465,1.3059877097836
"clade4","Bird",287,0.253307938536846,1.37784267914079
"clade4","Bird",288,0.148813915729458,0.891399338225378
"clade4","Bird",289,0.286206147526143,1.5206661130184
"clade4","Bird",29,0.861819829800608,2.80731563266729
"clade4","Bird",290,0.675139858489544,2.60153615044454
"clade4","Bird",291,0.299978308044308,1.54657191617615
"clade4","Bird",292,0.425865168448407,1.26062448189484
"clade4","Bird",293,0.85786113584118,2.78797347128647
"clade4","Bird",294,0.305581812369548,1.5840176043642
"clade4","Bird",295,0.326162828694479,1.64028658934996
"clade4","Bird",296,1.04678592975389,2.850876035888
"clade4","Bird",297,1.36799408519297,3.05095055643111
"clade4","Bird",298,0.290994169334962,1.50931410095378
"clade4","Bird",299,0.229605765961893,1.24885176767164
"clade4","Bird",3,0.30973028646605,1.67765397772579
"clade4","Bird",30,0.166893559324906,0.962769922558107
"clade4","Bird",300,0.291296982078568,1.49469921218406
"clade4","Bird",301,0.248090158583762,1.3214915776394
"clade4","Bird",302,0.279041757135667,1.43818514033172
"clade4","Bird",303,1.31403903730914,2.89943295232441
"clade4","Bird",304,1.68364015932536,3.07145864562513
"clade4","Bird",305,0.264044233421706,1.37147011251163
"clade4","Bird",306,0.851104705039,2.8040105225867
"clade4","Bird",307,0.682133805410936,1.56061060364217
"clade4","Bird",308,0.616119573802264,1.88161394707536
"clade4","Bird",309,0.238770459230191,1.28207122120036
"clade4","Bird",31,0.338092633791698,1.6953065746001
"clade4","Bird",310,0.911973793869239,2.76571699418664
"clade4","Bird",311,0.186670037425855,1.05089919345961
"clade4","Bird",312,0.843145205337059,2.62920623885054
"clade4","Bird",313,0.844038966347994,2.74053668856476
"clade4","Bird",314,0.40147920953575,1.8575457503381
"clade4","Bird",315,0.185592532524705,1.05303048680947
"clade4","Bird",316,0.403703901420681,1.30632515416001
"clade4","Bird",317,0.364489300640404,1.78673752052144
"clade4","Bird",318,0.238799764041575,1.33437805559566
"clade4","Bird",319,0.390872465150112,1.83380864938098
"clade4","Bird",32,0.225902839303019,1.25672665074212
"clade4","Bird",320,0.316845989990174,1.60554769373105
"clade4","Bird",321,0.259573743125281,1.39373976611002
"clade4","Bird",322,0.253699386114283,1.414282127472
"clade4","Bird",323,0.261790924664826,1.43871166548802
"clade4","Bird",324,0.277043475345553,1.24932308706788
"clade4","Bird",325,0.375042007174324,1.07169677808721
"clade4","Bird",326,0.329219298986789,1.70130628837016
"clade4","Bird",327,0.327934603109309,1.74409785826277
"clade4","Bird",328,1.3909800319009,2.90036402229533
"clade4","Bird",329,0.251652616591071,1.37504650407834
"clade4","Bird",33,0.232097685101906,1.19682614282443
"clade4","Bird",330,0.84598584458016,2.60794756690898
"clade4","Bird",331,0.289147894496194,1.52456917512578
"clade4","Bird",332,0.351862356912684,1.60986512946468
"clade4","Bird",333,0.26456317542145,1.4094108966617
"clade4","Bird",334,0.332074368460564,1.64548541900088
"clade4","Bird",335,0.210832380705356,1.19638448628431
"clade4","Bird",336,0.272014555875602,1.45820566595123
"clade4","Bird",337,0.685250959272594,2.66868523739908
"clade4","Bird",338,0.17507518297764,0.953972673004022
"clade4","Bird",339,0.332815479379062,1.70517992406104
"clade4","Bird",34,0.422853126112632,1.93280515872519
"clade4","Bird",340,0.224830098728972,1.28845970926518
"clade4","Bird",341,0.23217355778463,1.1092905258637
"clade4","Bird",342,1.25794255893895,3.07174471710046
"clade4","Bird",343,0.617863923976983,2.46303216238045
"clade4","Bird",344,0.63763167866935,2.48191292196384
"clade4","Bird",345,0.433002379730363,1.97245949078181
"clade4","Bird",346,0.308787450742154,1.44102228138144
"clade4","Bird",347,0.767955777360042,2.61196997718874
"clade4","Bird",348,0.454943797131396,1.43754148064361
"clade4","Bird",349,1.05149531160482,2.74468026646976
"clade4","Bird",35,1.05875617111207,2.9350026356773
"clade4","Bird",350,1.3276286505442,2.9488193201224
"clade4","Bird",351,0.321240681154597,1.3291751917233
"clade4","Bird",352,0.495274567424516,2.15031404916651
"clade4","Bird",353,0.241815650028838,1.3193269485996
"clade4","Bird",354,0.324742659701196,1.65287634477057
"clade4","Bird",355,0.629038975584121,1.48105958144575
"clade4","Bird",356,0.254267027950051,1.367738136333
"clade4","Bird",357,0.205132749217798,1.1411387958177
"clade4","Bird",358,0.439853416353663,1.96839027689326
"clade4","Bird",359,0.426003566225459,1.94923565275789
"clade4","Bird",36,0.919086295055665,2.61655503042509
"clade4","Bird",360,0.241872417522268,1.34463375579207
"clade4","Bird",361,0.885410128819882,2.82235258302706
"clade4","Bird",362,0.296289330160299,1.40061545526393
"clade4","Bird",363,0.527423243472837,1.64502265647885
"clade4","Bird",364,1.40310252414601,2.83522582098363
"clade4","Bird",365,0.574345732202074,2.05697457941302
"clade4","Bird",366,0.871448064925085,2.49898959314702
"clade4","Bird",369,1.14740899736758,2.77408446818149
"clade4","Bird",37,0.374251336083393,1.78969281478021
"clade4","Bird",370,0.66355147001047,1.54373862378358
"clade4","Bird",371,0.45018556638899,1.41718263380718
"clade4","Bird",372,0.970685404456266,3.10521958397972
"clade4","Bird",373,0.14048758582478,0.825520689918927
"clade4","Bird",374,0.192351980042083,1.0773024039268
"clade4","Bird",375,0.814805069161293,2.85325665725654
"clade4","Bird",376,0.198181113691371,1.1248749402334
"clade4","Bird",377,0.277990885217023,1.51556506178683
"clade4","Bird",378,0.215574115759305,1.18658946999711
"clade4","Bird",379,0.203811764846865,1.07329392498473
"clade4","Bird",38,0.316822494986205,1.61368025598903
"clade4","Bird",380,0.279032905000516,1.4982150943046
"clade4","Bird",381,0.390594950969696,1.8488778897811
"clade4","Bird",382,0.212629578290244,1.18756282632629
"clade4","Bird",383,0.347001283026911,1.47595882607406
"clade4","Bird",384,0.278336951399086,1.48148097840854
"clade4","Bird",385,1.52987801974398,3.11308915367525
"clade4","Bird",386,0.566648022653621,1.09011169916238
"clade4","Bird",387,0.214644155425843,1.20277598332749
"clade4","Bird",388,0.830062869885365,2.78264432882854
"clade4","Bird",389,0.438478040914266,1.87093639776821
"clade4","Bird",39,0.195331063762241,1.10718623482681
"clade4","Bird",390,0.714051720442096,2.43079025214915
"clade4","Bird",391,0.857120804844643,2.17835012230846
"clade4","Bird",392,0.630157063931979,2.59695333909524
"clade4","Bird",393,0.663787944775119,2.54047469377511
"clade4","Bird",394,1.03943096905717,2.88488241964278
"clade4","Bird",395,0.741939503341206,2.69441057324867
"clade4","Bird",396,0.239827690178974,1.27675772649775
"clade4","Bird",397,0.221144606273002,1.18719091746475
"clade4","Bird",398,0.920732702031809,2.8679868020197
"clade4","Bird",399,0.290877094265973,1.50665390041527
"clade4","Bird",4,0.670873082631538,1.55123059913071
"clade4","Bird",40,0.205943523612161,1.16688429219717
"clade4","Bird",400,0.291520595026663,1.52624125836748
"clade4","Bird",401,0.230886819761647,1.24441383277121
"clade4","Bird",402,0.258139886126906,1.34388830942586
"clade4","Bird",403,0.252356972933945,1.3318098560526
"clade4","Bird",404,0.230222950056271,1.25822784721633
"clade4","Bird",405,0.21559273222845,1.18277249273889
"clade4","Bird",406,0.883927350932796,2.86469054268809
"clade4","Bird",407,0.19377153625151,1.09239514040069
"clade4","Bird",408,0.178492318432707,1.00719053213861
"clade4","Bird",409,0.63094478881249,2.58551390628186
"clade4","Bird",41,0.219236678355412,1.18488437640722
"clade4","Bird",410,0.282493485550362,1.52370160520969
"clade4","Bird",411,0.347282558999795,1.36624990947764
"clade4","Bird",412,1.29807882648931,3.12402671601228
"clade4","Bird",413,0.195082213859916,1.1260593062156
"clade4","Bird",414,0.169676109736679,0.971067648842422
"clade4","Bird",415,0.155393794771203,0.895380194687225
"clade4","Bird",416,0.692695835018142,2.61412711547679
"clade4","Bird",417,0.177451524228146,0.998414490838375
"clade4","Bird",418,0.181445269511274,1.01388458724967
"clade4","Bird",419,0.301978865121868,1.50609578029234
"clade4","Bird",42,0.224745633250984,1.20833595830973
"clade4","Bird",420,0.825946545347907,2.83193769897573
"clade4","Bird",421,0.574087073868028,1.17801684194784
"clade4","Bird",422,0.200892978414247,1.12115858175329
"clade4","Bird",423,0.423470859407541,1.94266744456204
"clade4","Bird",424,0.915427958570595,2.68219344007756
"clade4","Bird",425,0.242493246518453,1.3134612561147
"clade4","Bird",426,0.169749945994879,1.00149440348811
"clade4","Bird",427,0.184495156542246,1.05309101238018
"clade4","Bird",428,0.197642603884507,1.14654489217825
"clade4","Bird",429,0.250673025135346,1.36587261454382
"clade4","Bird",43,0.391782052427569,1.05502976675811
"clade4","Bird",430,0.199240088018824,1.12080308867521
"clade4","Bird",431,0.261998765456282,1.43253850430152
"clade4","Bird",432,0.226912605422041,1.26737066979413
"clade4","Bird",433,0.16843240601238,0.967731131461689
"clade4","Bird",434,1.74762604556169,3.22664301797185
"clade4","Bird",435,0.49091109682698,1.07931370182184
"clade4","Bird",436,0.824865393878287,1.54066468306204
"clade4","Bird",437,0.160532197552687,0.929289604344347
"clade4","Bird",438,0.264494682258939,1.30688442300003
"clade4","Bird",439,0.306509374776805,1.57197739756283
"clade4","Bird",44,1.11294302624472,3.04044628867589
"clade4","Bird",440,0.216647909887786,1.21924394141398
"clade4","Bird",441,0.274941444596281,1.4398874510289
"clade4","Bird",442,0.460893441441915,1.36553042883557
"clade4","Bird",443,0.269894751729336,1.40977208550424
"clade4","Bird",444,0.532572725309836,2.23659386315136
"clade4","Bird",445,0.213086512011973,1.1526037613
"clade4","Bird",446,0.229730692622754,1.25993844480248
"clade4","Bird",447,0.19718801912976,1.12188261762769
"clade4","Bird",448,0.493249661089287,1.57987679266033
"clade4","Bird",449,1.76624300359795,2.96615579955756
"clade4","Bird",45,1.06684063503169,3.00319905645784
"clade4","Bird",450,0.185678796968063,1.06345324632326
"clade4","Bird",451,0.241186632641746,1.29986054451474
"clade4","Bird",452,0.849204057560457,2.74634792096431
"clade4","Bird",453,0.162510897174008,0.923603418257887
"clade4","Bird",454,0.20367293914734,1.16483408266561
"clade4","Bird",455,0.249993752474036,1.38792787730313
"clade4","Bird",456,0.205724748126724,1.15193729020226
"clade4","Bird",457,0.287803086650995,1.5333341533582
"clade4","Bird",458,0.251933564019818,1.06517744862179
"clade4","Bird",459,0.241269054309678,1.35652845010883
"clade4","Bird",46,0.837388398645108,2.70135395564569
"clade4","Bird",460,0.375393360350505,1.2579480813394
"clade4","Bird",461,0.210329772762431,1.15207005303083
"clade4","Bird",462,0.226221533008486,1.26874919664403
"clade4","Bird",463,0.846599600312574,2.86034197941802
"clade4","Bird",464,0.334743765317473,1.3776391700598
"clade4","Bird",465,0.44904366936124,1.43331182157228
"clade4","Bird",466,0.251210850013588,1.41857840868747
"clade4","Bird",467,0.334954160837308,1.71569094718781
"clade4","Bird",468,0.332799950665688,1.74166736985439
"clade4","Bird",469,0.88946079757462,2.90587984906875
"clade4","Bird",47,0.655430663977015,1.97747584612745
"clade4","Bird",470,0.453129340487151,1.28809322549111
"clade4","Bird",471,0.329861130205969,1.63555664451659
"clade4","Bird",472,0.937939557560716,2.94313485745008
"clade4","Bird",473,0.221673375691781,1.23638378739123
"clade4","Bird",474,0.32137698577038,1.62905340267239
"clade4","Bird",475,0.235146989196675,1.27092690127842
"clade4","Bird",476,0.238667787289858,1.32612008194649
"clade4","Bird",477,0.284566385210001,1.48371396952274
"clade4","Bird",478,0.253409187185155,1.34633894801746
"clade4","Bird",479,0.530035702458437,1.4092609479499
"clade4","Bird",48,0.968734560415677,2.91767392586306
"clade4","Bird",480,0.25934787624347,1.12325416968303
"clade4","Bird",481,0.292317619178352,1.56980542193155
"clade4","Bird",482,0.221686178466065,1.23034610490499
"clade4","Bird",483,0.612235472819806,1.60734895153311
"clade4","Bird",484,0.270269633342503,1.47796748484239
"clade4","Bird",485,0.361308580432002,1.87492730049426
"clade4","Bird",486,0.17914448765134,1.01931366354681
"clade4","Bird",487,0.301866804352616,1.54263175842392
"clade4","Bird",488,0.316182324626083,1.62633102040447
"clade4","Bird",489,0.133466813764729,0.805218110880601
"clade4","Bird",49,0.781100794273505,1.8692379099741
"clade4","Bird",490,0.285116292014254,1.37054805045722
"clade4","Bird",491,0.213707780793494,1.10249145274376
"clade4","Bird",492,0.147949014981883,0.840030224888606
"clade4","Bird",493,0.647259455171653,1.31459463589774
"clade4","Bird",494,0.106349425684568,0.631195100574913
"clade4","Bird",495,0.163560240058922,0.949699026245177
"clade4","Bird",496,0.821719635241237,1.10077804296405
"clade4","Bird",497,1.58613163333251,2.90018720789125
"clade4","Bird",498,0.926599653474007,2.95102713025787
"clade4","Bird",499,0.140735324637255,0.859410692730732
"clade4","Bird",5,0.294971009633304,1.63209292269609
"clade4","Bird",50,0.198074528444768,1.07939763524285
"clade4","Bird",500,1.08790789172297,3.13958270021256
"clade4","Bird",501,0.144687161996382,0.863348084313034
"clade4","Bird",51,0.932357230032581,2.73430462000993
"clade4","Bird",52,0.751497406792848,2.443080410003
"clade4","Bird",53,0.830683627142962,2.7901251511388
"clade4","Bird",54,0.265527507560019,1.42308731013768
"clade4","Bird",55,0.48616783951946,1.91594671991498
"clade4","Bird",56,0.98379997580462,2.71198654353934
"clade4","Bird",57,0.296716864308291,1.59724768769956
"clade4","Bird",58,0.7855285424374,2.66239363315223
"clade4","Bird",59,0.28313693287405,1.52025952990767
"clade4","Bird",6,1.19739869769559,2.99328926632592
"clade4","Bird",60,0.203547263437836,1.13834448682472
"clade4","Bird",61,0.74581889954684,1.56853612782948
"clade4","Bird",62,1.12636480160083,2.87872270550444
"clade4","Bird",63,0.247070373510681,1.34895035271128
"clade4","Bird",64,1.33332884521249,2.16299243318767
"clade4","Bird",65,0.240710597955789,1.30165092568052
"clade4","Bird",66,0.620137810910973,1.70878431088438
"clade4","Bird",67,0.502687378425713,1.65158374090205
"clade4","Bird",68,0.21542355234687,1.20819237960416
"clade4","Bird",69,0.246701069131432,1.22361805395246
"clade4","Bird",7,1.09400446554966,2.89742794090487
"clade4","Bird",70,1.19371896178726,1.60077593635436
"clade4","Bird",71,0.904576962063785,2.56466448821812
"clade4","Bird",72,0.779520930441983,1.38723564815253
"clade4","Bird",73,1.01751350703553,2.87625922724737
"clade4","Bird",74,0.244150150716823,1.31728148403959
"clade4","Bird",75,0.221515221662042,1.23962118577172
"clade4","Bird",76,0.279961387955871,1.43472032410663
"clade4","Bird",77,0.347341020221209,1.7037672034697
"clade4","Bird",78,0.185765077109925,1.05440567601232
"clade4","Bird",79,0.38315322575286,1.81308698204484
"clade4","Bird",8,0.394469151560964,1.86058797333518
"clade4","Bird",80,0.334147397674744,1.68836474078698
"clade4","Bird",81,0.445484292347201,1.98744078991584
"clade4","Bird",82,0.244850859658208,1.32542871066014
"clade4","Bird",83,0.972521736477736,2.78190559575273
"clade4","Bird",84,0.37307931804634,1.72734419782244
"clade4","Bird",85,0.849659864808325,2.80140976488316
"clade4","Bird",86,0.335984506615075,1.42466728397792
"clade4","Bird",87,0.414603851163269,1.90918931978937
"clade4","Bird",88,0.603996629246014,1.27347923558043
"clade4","Bird",89,0.323158240397203,1.31224094939582
"clade4","Bird",9,0.185252815562628,1.05788167369294
"clade4","Bird",90,0.496517490247617,1.44930939648964
"clade4","Bird",91,0.291129936744321,1.52495456419114
"clade4","Bird",92,0.252748509210422,1.36723881312417
"clade4","Bird",93,0.923991305043335,2.84964912281323
"clade4","Bird",94,0.856560139480815,2.7886480790542
"clade4","Bird",95,0.269111276471231,1.40001584313439
"clade4","Bird",96,0.755017791305384,2.49966392716513
"clade4","Bird",97,1.48142219103651,3.1299906203809
"clade4","Bird",98,0.245300709947823,1.33504688185081
"clade4","Bird",99,0.219259532422257,1.20657089317072
"clade4","Human",1,0.766534151427424,2.7723855281741
"clade4","Human",10,0.280583718387977,1.53057469420342
"clade4","Human",100,0.228253804600485,1.24394754938827
"clade4","Human",101,0.221734432992925,1.22050644740824
"clade4","Human",102,0.32070329569589,1.23698574945047
"clade4","Human",103,0.278095576698543,1.43987848304489
"clade4","Human",104,0.233855954592095,1.27731774749108
"clade4","Human",105,0.236286941889525,1.29503864668625
"clade4","Human",106,0.302486473198489,1.56342774535715
"clade4","Human",107,0.267691221275224,1.40146224896976
"clade4","Human",108,0.261606089375915,1.42030090210107
"clade4","Human",109,0.271993353182237,1.4258918880884
"clade4","Human",11,0.227633051532018,1.25868772892829
"clade4","Human",110,0.274988840705993,1.45972143109963
"clade4","Human",111,0.182495479537403,1.06127915589481
"clade4","Human",112,0.376737082019267,1.80012708314981
"clade4","Human",113,0.398597309015807,1.37418260417301
"clade4","Human",114,0.798459068845364,2.73360976125145
"clade4","Human",115,0.2942958753489,1.5773648211865
"clade4","Human",116,0.195078776697403,1.0987467491512
"clade4","Human",117,0.385288172790665,1.84079339841703
"clade4","Human",118,0.398534073874752,1.83483656930022
"clade4","Human",119,0.281482287510845,1.51283950820698
"clade4","Human",12,0.974928139256676,2.96971009522689
"clade4","Human",120,0.880837346938138,2.61587496756984
"clade4","Human",121,0.211813542378979,1.19754369590584
"clade4","Human",122,0.893323780829281,2.55189476769506
"clade4","Human",123,0.482817685630263,2.07559025431837
"clade4","Human",124,0.504270206867429,2.09285298555512
"clade4","Human",125,0.380901382871184,1.82836065543633
"clade4","Human",126,0.722740409753465,2.39313977801893
"clade4","Human",127,0.184146015936637,1.09121511386507
"clade4","Human",128,0.519672495056,2.03937392223073
"clade4","Human",129,0.895762311879763,2.69989580811699
"clade4","Human",13,0.268657080805426,1.48476781434421
"clade4","Human",130,0.296463766815778,1.53228257089827
"clade4","Human",131,1.08299057756448,2.78626887449926
"clade4","Human",132,0.410951664554729,1.87839573895983
"clade4","Human",133,0.294963360873479,1.4991705180692
"clade4","Human",134,0.251994096402824,1.36143971118196
"clade4","Human",135,1.05151246378069,2.82689334337053
"clade4","Human",136,1.0811349605714,2.77354760303763
"clade4","Human",137,0.306259474232229,1.58471284601939
"clade4","Human",138,1.26494594719907,2.88393957913487
"clade4","Human",139,0.879062884664497,1.80735914475604
"clade4","Human",14,0.22775082372309,1.36748685106287
"clade4","Human",140,0.737515709935739,2.64450468720548
"clade4","Human",141,0.424288634583455,1.94816290881927
"clade4","Human",142,0.755213339342999,2.71768243923181
"clade4","Human",143,0.316574380555318,1.62808114183094
"clade4","Human",144,0.292335356032634,1.51589244703922
"clade4","Human",145,0.697363941052502,1.47584315898336
"clade4","Human",146,1.07852701495492,2.9088511479054
"clade4","Human",147,0.731973170858964,1.6292267699994
"clade4","Human",148,1.07477974732288,2.78424512396051
"clade4","Human",149,0.808028724959245,2.63320384696174
"clade4","Human",15,0.386931298014272,1.86374064886213
"clade4","Human",150,0.593725384225938,2.16435969557121
"clade4","Human",151,0.72161142175232,2.57186083083653
"clade4","Human",152,0.722125739371056,1.50896387826512
"clade4","Human",153,0.679098496047768,1.56062330379267
"clade4","Human",154,0.280848572976296,1.46712386616035
"clade4","Human",155,1.32844874907543,3.03405173819674
"clade4","Human",156,0.716396201783839,2.66623956770759
"clade4","Human",157,0.36538793664816,1.47641544995254
"clade4","Human",16,0.397417553254996,1.87151666658118
"clade4","Human",163,0.871521189657475,2.74763096489263
"clade4","Human",164,0.747737206613653,2.72215723937444
"clade4","Human",165,0.559909767405686,2.24021317168336
"clade4","Human",166,0.641599271504943,2.05720548882934
"clade4","Human",167,0.740807275151019,2.4222182612659
"clade4","Human",168,0.566838969134168,2.21826711629918
"clade4","Human",169,0.242199505486349,1.14064942636213
"clade4","Human",17,0.258782702360291,1.42275272551644
"clade4","Human",170,0.286497225147503,1.5654474281142
"clade4","Human",171,0.784564128429054,2.61836652631296
"clade4","Human",172,0.643791874288004,2.16716992183715
"clade4","Human",173,0.239133611720382,1.28452372648499
"clade4","Human",174,0.251040133603886,1.35989820043382
"clade4","Human",175,0.347287642330296,1.67572162098041
"clade4","Human",176,1.42730452122759,3.01709413171354
"clade4","Human",177,0.467254109578191,2.06235330455024
"clade4","Human",178,1.23439440188307,2.94834418527568
"clade4","Human",179,0.622280260834803,2.01514687683984
"clade4","Human",18,0.831965044871185,2.87318241283033
"clade4","Human",180,0.258421722715927,1.38774342856977
"clade4","Human",181,0.357458265251084,1.73292768775547
"clade4","Human",182,0.933840689251765,2.8189629858365
"clade4","Human",183,0.237708867201752,1.30644506913212
"clade4","Human",184,0.187237074032657,1.08776477733762
"clade4","Human",185,0.719516949206436,1.92410418132362
"clade4","Human",186,0.538847763630128,1.62312835573987
"clade4","Human",187,0.299376069052226,1.54280025683091
"clade4","Human",188,0.683968172691879,2.6201532715938
"clade4","Human",189,0.399548988113761,1.83678639072864
"clade4","Human",19,0.294574990073456,1.54915010034609
"clade4","Human",190,0.216029312641896,1.20319368536229
"clade4","Human",191,0.526376156837406,2.16615530427129
"clade4","Human",192,0.213223268430743,1.18337037202316
"clade4","Human",193,0.315058021396575,1.61264434251321
"clade4","Human",194,0.428022343764284,1.17633299618604
"clade4","Human",195,0.239130123867605,1.29915746695224
"clade4","Human",196,0.937698618322946,2.83668144410963
"clade4","Human",197,0.265702246873294,1.38948446591779
"clade4","Human",198,1.75152533479829,3.00684205541823
"clade4","Human",199,0.880153211058594,2.58792159715787
"clade4","Human",2,1.74441062614049,3.11227480459385
"clade4","Human",20,0.2131008406359,1.18493364227842
"clade4","Human",200,1.00652924059505,2.71080242161643
"clade4","Human",201,0.654983577674842,1.81536472234295
"clade4","Human",202,0.285043246583223,1.46974794554118
"clade4","Human",203,0.656649490064942,2.50782054155338
"clade4","Human",204,0.44102326290031,1.37525358800195
"clade4","Human",205,0.440195157072343,1.9571145734718
"clade4","Human",206,0.519350081036333,1.41947319537027
"clade4","Human",207,0.622241716320423,1.78193879551301
"clade4","Human",208,1.0431022579934,2.67546868171071
"clade4","Human",209,1.15757956404644,2.8656557706337
"clade4","Human",21,0.441754741145549,2.0371853549394
"clade4","Human",210,1.09480984993496,2.82681476421977
"clade4","Human",211,0.618313513342038,2.5547378960391
"clade4","Human",212,0.423211563486666,2.02176062029845
"clade4","Human",213,0.316485744873948,1.64958356331257
"clade4","Human",214,0.841265992052243,2.70413204129622
"clade4","Human",215,0.35953895791214,1.71016104828267
"clade4","Human",216,0.599601648725337,1.88707913772542
"clade4","Human",217,0.155361413055113,0.929474644460549
"clade4","Human",218,0.279406055302477,1.48825760770764
"clade4","Human",219,0.814880155562822,2.66007645579331
"clade4","Human",22,0.38626220507503,1.80434220667986
"clade4","Human",220,0.174908268125723,0.979055308336094
"clade4","Human",221,0.318285724986725,0.801585979009205
"clade4","Human",222,0.536949320052921,2.19702803501722
"clade4","Human",223,0.207681768922231,1.1807969078652
"clade4","Human",224,0.188468567927969,1.08607540365926
"clade4","Human",225,0.335319800341792,1.64514747375361
"clade4","Human",226,0.791455220888419,2.55170030520052
"clade4","Human",227,0.918037475664194,2.71273366382663
"clade4","Human",228,1.05182041536876,2.74699957431128
"clade4","Human",229,0.841743761300738,2.59955850102553
"clade4","Human",23,0.578853773276874,1.68851106699858
"clade4","Human",230,1.13635917184714,2.79854598296684
"clade4","Human",231,1.06357492045493,2.73437378772696
"clade4","Human",232,0.43270516309219,1.95767401284595
"clade4","Human",233,0.339278151870607,1.7971049391301
"clade4","Human",234,0.335007818157902,1.36598034038671
"clade4","Human",235,0.503434321931531,2.10263620912678
"clade4","Human",236,0.447584813407936,2.0217140552468
"clade4","Human",237,0.507189834330816,2.10736055334635
"clade4","Human",238,0.696551756238868,2.53854229030314
"clade4","Human",239,0.241136460308783,1.36927692302527
"clade4","Human",24,0.278099859784901,1.49277493532927
"clade4","Human",240,0.701879309758231,2.60945856057083
"clade4","Human",241,0.359476012089425,1.91973035929579
"clade4","Human",242,0.339785863032429,1.80027859561455
"clade4","Human",243,0.789398616439629,2.59870311796369
"clade4","Human",244,0.46560693361346,2.02304588664679
"clade4","Human",245,0.835590332776315,1.66850259696578
"clade4","Human",246,0.214086036532071,1.19427482418695
"clade4","Human",247,0.271921749174646,1.45937159322594
"clade4","Human",248,0.405276804867395,1.86061013539156
"clade4","Human",249,0.245339259088812,1.33350401043291
"clade4","Human",25,0.231929750554192,1.28395741168962
"clade4","Human",250,0.296679063110842,1.54159257847152
"clade4","Human",251,1.44060919798487,2.87802959749335
"clade4","Human",252,0.222747104178688,1.26539129622823
"clade4","Human",253,0.744786643519362,2.56287816330658
"clade4","Human",254,0.406660644422804,1.90563667322417
"clade4","Human",255,0.293913673729001,1.52963754737811
"clade4","Human",256,0.193750611735838,1.10297637536063
"clade4","Human",257,0.365658786414742,1.77324973997174
"clade4","Human",258,0.320981148987193,1.61817706643613
"clade4","Human",259,0.404814103605568,1.89408711386928
"clade4","Human",26,0.314105281149894,1.59217388549984
"clade4","Human",260,0.188662195172799,1.08628649366034
"clade4","Human",261,0.525642259926465,1.6517545540682
"clade4","Human",262,0.286589661672368,1.5238599949551
"clade4","Human",263,0.489264894822448,1.4513200444888
"clade4","Human",264,1.10563054716938,2.86511386200164
"clade4","Human",265,0.277207001669796,1.45573486800909
"clade4","Human",266,0.275412499483534,1.44622287923041
"clade4","Human",267,0.283671694894235,1.47795826126551
"clade4","Human",268,0.251442758919482,1.34161004098337
"clade4","Human",269,0.265358802162565,1.39253790714162
"clade4","Human",27,1.18084353230549,3.02678690835329
"clade4","Human",270,0.828613638362827,1.78686847332529
"clade4","Human",271,0.603587485537705,1.48074354063419
"clade4","Human",272,0.711974845023998,2.53645615463122
"clade4","Human",273,0.490358040210215,2.11347256108038
"clade4","Human",274,0.961392139856685,2.86239641288095
"clade4","Human",275,0.769980587118738,2.45665053544899
"clade4","Human",276,0.347032554294471,1.58699535112582
"clade4","Human",277,0.585229822160362,2.3424838273035
"clade4","Human",278,0.543404939306111,1.40246652037031
"clade4","Human",279,0.678316018734218,1.73557559263292
"clade4","Human",28,0.712391797450542,2.46671476759568
"clade4","Human",280,0.759365337936032,2.60722880710536
"clade4","Human",281,0.623688095414693,2.21398431104452
"clade4","Human",282,0.532494002569872,2.12244731049448
"clade4","Human",283,0.287886424882582,1.53552904699129
"clade4","Human",284,0.204400770679115,1.13428402098139
"clade4","Human",285,0.356150903821897,1.73127048501253
"clade4","Human",286,0.275741853589706,1.44459891445187
"clade4","Human",287,0.304800341253546,1.59733884547036
"clade4","Human",288,0.206169313387052,1.16449169054675
"clade4","Human",289,0.419143698659712,1.94775045646014
"clade4","Human",29,0.75805588568378,2.6186864418993
"clade4","Human",290,0.955805727604222,2.81407708645081
"clade4","Human",291,0.287577078271709,1.52502591941868
"clade4","Human",292,0.676975185133147,1.61743966170446
"clade4","Human",293,0.808525920127222,2.73702730986226
"clade4","Human",294,0.34680495245742,1.75205526997071
"clade4","Human",295,0.335477009208155,1.6861890309918
"clade4","Human",296,1.11048716678082,2.84668474875561
"clade4","Human",297,1.26441724373808,3.00657477395955
"clade4","Human",298,0.284679845015811,1.49158085797259
"clade4","Human",299,0.23554801236612,1.27294674202045
"clade4","Human",3,0.309852577714041,1.69634103695232
"clade4","Human",30,0.184182154913587,1.03340346612841
"clade4","Human",300,0.294039078731852,1.49604364755604
"clade4","Human",301,0.256911320938754,1.3457737084133
"clade4","Human",302,0.291435050413308,1.49704880799489
"clade4","Human",303,1.19768954612133,2.90042874989171
"clade4","Human",304,1.56946021154464,3.016182215435
"clade4","Human",305,0.253476562297744,1.33239791895601
"clade4","Human",306,0.846763658030929,2.75471709885133
"clade4","Human",307,0.716795387669182,1.765838162181
"clade4","Human",308,0.59591764443805,2.04603126962897
"clade4","Human",309,0.270060617236505,1.41142905316157
"clade4","Human",31,0.353290659509482,1.71020915989543
"clade4","Human",310,0.784653583452447,2.60738392886593
"clade4","Human",311,0.353626538903815,1.72879816115082
"clade4","Human",312,0.668805465978059,2.05488951980228
"clade4","Human",313,0.447019999334646,2.01033203491327
"clade4","Human",314,0.508879872924027,2.12270820184696
"clade4","Human",315,0.336020098687512,1.74535261955818
"clade4","Human",316,0.440010516057195,1.51049360985262
"clade4","Human",317,0.39572371922232,1.87582538200739
"clade4","Human",318,0.24626864867815,1.35721693550607
"clade4","Human",319,0.441549056062377,1.94299851533951
"clade4","Human",32,0.23209350242757,1.29185553405103
"clade4","Human",320,0.382990489424661,1.79999618168298
"clade4","Human",321,0.257706302386975,1.40033691803866
"clade4","Human",322,0.25251680017177,1.39679392670164
"clade4","Human",323,0.263396315363334,1.42181250101955
"clade4","Human",324,0.268288012783003,1.3156929429266
"clade4","Human",325,0.376599694061142,1.253203469045
"clade4","Human",326,0.379722356860337,1.81446604117067
"clade4","Human",327,0.393151160269649,1.96931659074548
"clade4","Human",328,1.4599928750139,2.88753196520288
"clade4","Human",329,0.242318480061988,1.34457829839844
"clade4","Human",33,0.290250562780367,1.47996801886966
"clade4","Human",330,0.874348956710689,2.6629176170997
"clade4","Human",331,0.290682668506063,1.53193126548369
"clade4","Human",332,0.396029422152826,1.79486053797273
"clade4","Human",333,0.266309365164154,1.42804895467029
"clade4","Human",334,0.433422223060652,1.92938288807769
"clade4","Human",335,0.211130710632002,1.19711768244009
"clade4","Human",336,0.265433015317584,1.4364875832404
"clade4","Human",337,0.636857049624472,2.56416086265156
"clade4","Human",338,0.242037411408676,1.13378093465562
"clade4","Human",339,0.437297107308706,1.99735310910735
"clade4","Human",34,0.451961544775387,1.97623555925094
"clade4","Human",340,0.25349826866957,1.38907967994242
"clade4","Human",341,0.383562935376551,1.81228985561437
"clade4","Human",342,0.819141217642353,2.70063636643124
"clade4","Human",343,0.676555358406387,2.4316726784941
"clade4","Human",344,0.875542026649984,2.62643577934356
"clade4","Human",345,0.449939507921788,1.97598172341812
"clade4","Human",346,0.336088116751265,1.678622684563
"clade4","Human",347,0.885905378442956,2.67504370472848
"clade4","Human",348,0.562743651817241,1.83381553974179
"clade4","Human",349,0.799165432807758,2.56994471192765
"clade4","Human",35,1.03454372577097,2.89292571937928
"clade4","Human",350,1.90815349193472,2.96419136418593
"clade4","Human",351,0.359553887424882,1.57133988812115
"clade4","Human",352,0.570871763454593,2.32031852904067
"clade4","Human",353,0.239152417067971,1.311303775434
"clade4","Human",354,0.369135186930477,1.75261333031057
"clade4","Human",355,0.683527403150722,1.67937408055184
"clade4","Human",356,0.298795903588536,1.5496874976002
"clade4","Human",357,0.17799567079883,1.02282910113059
"clade4","Human",358,0.520969329235118,2.14175848909809
"clade4","Human",359,0.560606207537971,2.26414779522396
"clade4","Human",36,0.995597791369392,2.6584821288753
"clade4","Human",360,0.252639866709063,1.3817804264866
"clade4","Human",361,0.974322619289353,2.8754803945189
"clade4","Human",362,0.354758209374926,1.64724013975677
"clade4","Human",363,0.586272607705484,1.93744946648722
"clade4","Human",364,0.986696120977081,2.70485862951147
"clade4","Human",365,0.603298125042331,2.1253286697265
"clade4","Human",366,0.900080809077883,2.52447224613714
"clade4","Human",369,0.891409861948909,2.55925412068575
"clade4","Human",37,0.479058212771331,2.03183784255447
"clade4","Human",370,0.843010453972513,1.9134110858245
"clade4","Human",371,0.465561931618733,1.62989656171694
"clade4","Human",372,1.00028937234015,3.08990218531029
"clade4","Human",373,0.192666855002747,1.10477050743708
"clade4","Human",374,0.1895389667333,1.05477363445114
"clade4","Human",375,0.682789710535943,2.62095539784927
"clade4","Human",376,0.195956724541337,1.10284960136425
"clade4","Human",377,0.238217327529315,1.30303384788554
"clade4","Human",378,0.202258271350457,1.11951101947212
"clade4","Human",379,0.207332042388535,1.09302746757752
"clade4","Human",38,0.329353077277235,1.61822942075404
"clade4","Human",380,0.196315702050703,1.12308266909957
"clade4","Human",381,0.398184460026436,1.84808809201358
"clade4","Human",382,0.254173738913197,1.39009981850711
"clade4","Human",383,0.341710237087016,1.57556691084108
"clade4","Human",384,0.350945822495499,1.78969500935972
"clade4","Human",385,1.56431699197542,3.08227151319526
"clade4","Human",386,0.476969492520953,0.986287729768324
"clade4","Human",387,0.204704030401542,1.15711611434314
"clade4","Human",388,0.799207919252377,2.62716559713056
"clade4","Human",389,0.56665403780653,2.20526037137553
"clade4","Human",39,0.194278745015473,1.09651953769085
"clade4","Human",390,0.51877164434456,2.08787263665575
"clade4","Human",391,0.672489583056237,2.0570511382427
"clade4","Human",392,0.728751911617012,2.60967675981824
"clade4","Human",393,0.796161410145496,2.64792174642202
"clade4","Human",394,0.669555959934085,2.46880627803744
"clade4","Human",395,0.762990535765684,2.61020979932673
"clade4","Human",396,0.248192444696193,1.31444866674704
"clade4","Human",397,0.219835106588292,1.17842890772824
"clade4","Human",398,1.02822384829267,2.88403892196939
"clade4","Human",399,0.320356016145195,1.61393608995173
"clade4","Human",4,0.703015220599269,1.61739351076243
"clade4","Human",40,0.189762029373063,1.07392164975391
"clade4","Human",400,0.303811784103634,1.56604291338958
"clade4","Human",401,0.201768967633574,1.11934912695111
"clade4","Human",402,0.265807328109579,1.37892524177422
"clade4","Human",403,0.277784526440183,1.44617425817722
"clade4","Human",404,0.226151617966837,1.24747779141879
"clade4","Human",405,0.206211441016324,1.14446430105323
"clade4","Human",406,1.36243231092012,3.01371788187827
"clade4","Human",407,0.177858560984267,1.01128822159462
"clade4","Human",408,0.194182292717891,1.09815839918348
"clade4","Human",409,0.605553525370835,2.44887409157391
"clade4","Human",41,0.306390047106407,1.58761913252127
"clade4","Human",410,0.295333013270553,1.57613012402103
"clade4","Human",411,0.294360600788568,1.23885973524483
"clade4","Human",412,1.01195068038706,2.99095297681002
"clade4","Human",413,0.222335353061543,1.24550904818786
"clade4","Human",414,0.140429584635956,0.824990644984852
"clade4","Human",415,0.138903309088193,0.807686921112564
"clade4","Human",416,0.812040572746265,2.76201346340287
"clade4","Human",417,0.166014461156832,0.942778778810309
"clade4","Human",418,0.18576348713256,1.03569343588029
"clade4","Human",419,0.358117694892827,1.68880181773187
"clade4","Human",42,0.218283075262883,1.17318494600282
"clade4","Human",420,0.827915123500802,2.84108341541168
"clade4","Human",421,0.69838145696669,1.07319589805165
"clade4","Human",422,0.164703913300514,0.960257642493301
"clade4","Human",423,0.457019184601406,2.01451065125569
"clade4","Human",424,0.737296809268771,2.57604765639772
"clade4","Human",425,0.198104127679588,1.11821855979711
"clade4","Human",426,0.159661762762294,0.934406364820837
"clade4","Human",427,0.192440231743714,1.10173554865337
"clade4","Human",428,0.205036245161997,1.18138017263373
"clade4","Human",429,0.237122220846746,1.29497860693892
"clade4","Human",43,0.258002083546208,1.02115060787996
"clade4","Human",430,0.173132328768206,0.995642962412197
"clade4","Human",431,0.277559086868219,1.48101262200343
"clade4","Human",432,0.228474352777791,1.24679006654079
"clade4","Human",433,0.145840899460428,0.837357821232626
"clade4","Human",434,1.72316721338934,3.23098483413668
"clade4","Human",435,0.465272496255707,1.09874372979289
"clade4","Human",436,0.917983177576033,1.62058532497979
"clade4","Human",437,0.153946419756749,0.87509056155608
"clade4","Human",438,0.232470676528197,1.24764796848028
"clade4","Human",439,0.249910960999585,1.31607850057867
"clade4","Human",44,1.11479544149647,3.00566982626715
"clade4","Human",440,0.278276722893635,1.45198140838272
"clade4","Human",441,0.239481020178973,1.31264895487355
"clade4","Human",442,0.459381785178585,1.28015438201035
"clade4","Human",443,0.221215525298925,1.20449990741267
"clade4","Human",444,0.559392061939179,2.25851313599883
"clade4","Human",445,0.16314801846729,0.935823307121379
"clade4","Human",446,0.197379018171083,1.09016287065573
"clade4","Human",447,0.208878844172065,1.17730968480834
"clade4","Human",448,0.46669476301776,1.55091407186146
"clade4","Human",449,1.29177600116959,3.02358259421835
"clade4","Human",45,0.823760052272399,2.71804007296383
"clade4","Human",450,0.218249992849381,1.21551205887047
"clade4","Human",451,0.233167257741094,1.1799488514588
"clade4","Human",452,0.869261107335512,2.73659990354788
"clade4","Human",453,0.147104878334476,0.803976610184864
"clade4","Human",454,0.234825202936561,1.28930524426591
"clade4","Human",455,0.234581207414026,1.26406902824568
"clade4","Human",456,0.212150675590668,1.16916643675342
"clade4","Human",457,0.236075731562784,1.28645875459406
"clade4","Human",458,0.307274298953434,1.08575875042627
"clade4","Human",459,0.21865199721581,1.22649928923686
"clade4","Human",46,0.823367947448146,2.67114003304097
"clade4","Human",460,0.498318949140423,1.40269084103173
"clade4","Human",461,0.211312399756205,1.14816670883393
"clade4","Human",462,0.234874520660845,1.26278299777298
"clade4","Human",463,0.885818978025392,2.82462495673922
"clade4","Human",464,0.384355206815568,1.34823248898343
"clade4","Human",465,0.348204179414257,1.34135531105849
"clade4","Human",466,0.237157742429744,1.34331856378857
"clade4","Human",467,0.338682684676038,1.67313727363632
"clade4","Human",468,0.288829472937777,1.56121352470856
"clade4","Human",469,1.02059682183994,2.94761597057745
"clade4","Human",47,0.666698135550754,2.0084542625002
"clade4","Human",470,0.603359488760869,1.62976551018767
"clade4","Human",471,0.336605534621245,1.67863542104558
"clade4","Human",472,0.850003939724147,2.836136589278
"clade4","Human",473,0.194892016290293,1.11481659399297
"clade4","Human",474,0.285600124408722,1.47940446064321
"clade4","Human",475,0.244219874759734,1.28359048397287
"clade4","Human",476,0.247428287827505,1.33358032629045
"clade4","Human",477,0.322523488472781,1.62420350449329
"clade4","Human",478,0.297662145871079,1.49588941811995
"clade4","Human",479,0.485402605427184,1.37286378825456
"clade4","Human",48,0.799909664619272,2.67738713433161
"clade4","Human",480,0.260627960986846,1.2922000246055
"clade4","Human",481,0.292196146842237,1.55832227232658
"clade4","Human",482,0.260933274481753,1.42738721712641
"clade4","Human",483,0.573312587801179,1.7016568375526
"clade4","Human",484,0.286837784164889,1.48371574621695
"clade4","Human",485,0.3633626070184,1.80716941620783
"clade4","Human",486,0.205535736078884,1.16098545486294
"clade4","Human",487,0.402600288702092,1.95195416943367
"clade4","Human",488,0.421406399949963,1.92876441971787
"clade4","Human",489,0.138562738946784,0.836705132703955
"clade4","Human",49,0.601535463956536,2.16440566140606
"clade4","Human",490,0.33441994645004,1.59460032515486
"clade4","Human",491,0.216564073089255,1.11313791833
"clade4","Human",492,0.166300665339229,0.949261457542614
"clade4","Human",493,0.49143721292811,1.30648616862412
"clade4","Human",494,0.14610504433567,0.853532523232036
"clade4","Human",495,0.138747737984743,0.816525851389452
"clade4","Human",496,0.73710634743866,1.13288481833479
"clade4","Human",497,1.04523273149837,2.84655937048102
"clade4","Human",498,0.753070950366353,2.75711450409686
"clade4","Human",499,0.130494811668677,0.804245186029783
"clade4","Human",5,0.32147930661263,1.71905289068649
"clade4","Human",50,0.279299115772356,1.45795251973636
"clade4","Human",500,1.116196633321,3.05093258712142
"clade4","Human",501,0.121283109937766,0.72662165514999
"clade4","Human",51,0.705641418833335,2.43006112298191
"clade4","Human",52,0.80740626503114,2.56994120758067
"clade4","Human",53,0.830909049392394,2.76575025995486
"clade4","Human",54,0.255478026432086,1.38371043771316
"clade4","Human",55,0.588225192044767,1.78126510468702
"clade4","Human",56,0.85030659469697,2.5830535790209
"clade4","Human",57,0.260989035014658,1.40597276038466
"clade4","Human",58,1.02255962908835,2.78668821999908
"clade4","Human",59,0.332833606525462,1.64983907578623
"clade4","Human",6,1.20725258034781,2.99127382427483
"clade4","Human",60,0.210947292740043,1.17492265282907
"clade4","Human",61,0.57203557995526,1.70013043222222
"clade4","Human",62,0.979137189347454,2.78402423427435
"clade4","Human",63,0.267227301631547,1.43145133543526
"clade4","Human",64,0.642562249188084,2.00001327126568
"clade4","Human",65,0.229460927163914,1.25702990473636
"clade4","Human",66,0.799029377264325,1.87250028421862
"clade4","Human",67,0.624216138740507,1.63797233097487
"clade4","Human",68,0.265593850822456,1.30786114837141
"clade4","Human",69,0.325545082562389,1.59331971256162
"clade4","Human",7,0.955679891499704,2.75880887501683
"clade4","Human",70,1.13333015804055,1.85878987725715
"clade4","Human",71,0.489720961551479,2.10873908845384
"clade4","Human",72,0.451131429822261,1.39245291540735
"clade4","Human",73,0.97019796453598,2.70562453413331
"clade4","Human",74,0.243817514827555,1.32240677502199
"clade4","Human",75,0.212188204109132,1.17886415034877
"clade4","Human",76,0.291501851763,1.47209807086813
"clade4","Human",77,0.403366079345466,1.88137798850634
"clade4","Human",78,0.202358753233953,1.11566861555588
"clade4","Human",79,0.451269826521986,1.97505517977498
"clade4","Human",8,0.484158186978716,2.05633102509243
"clade4","Human",80,0.426661283036777,1.95211663089302
"clade4","Human",81,0.445258136066468,1.98942383527812
"clade4","Human",82,0.294704469685332,1.52100077735312
"clade4","Human",83,0.742926365553012,2.57935181545005
"clade4","Human",84,0.427141934404647,1.93852665367111
"clade4","Human",85,0.829729207003757,2.72708873577006
"clade4","Human",86,0.352133033788264,1.68516939419576
"clade4","Human",87,0.375178285149965,1.79363550239095
"clade4","Human",88,0.579525436872915,1.42003357439427
"clade4","Human",89,0.340103649253622,1.66372059423923
"clade4","Human",9,0.180798337323835,1.05151760982677
"clade4","Human",90,0.383166445530023,1.10280635713627
"clade4","Human",91,0.348627433231286,1.7134399229322
"clade4","Human",92,0.257272869833631,1.36234475419824
"clade4","Human",93,1.03041273890288,2.8225552102343
"clade4","Human",94,1.06661364291733,2.90217645061497
"clade4","Human",95,0.284540750334887,1.41819134144412
"clade4","Human",96,1.28594410357614,2.96606325891847
"clade4","Human",97,1.13550535068565,2.99671379531322
"clade4","Human",98,0.243381110449778,1.30988120420602
"clade4","Human",99,0.212505368863997,1.16758626444413
"clade4","Mosquito",1,0.584123687685176,2.45010789226986
"clade4","Mosquito",10,0.339317033547797,1.71676957362447
"clade4","Mosquito",100,0.273733933574688,1.42026179877483
"clade4","Mosquito",101,0.285104402225364,1.45863215124942
"clade4","Mosquito",102,0.281426801196554,1.39836825729875
"clade4","Mosquito",103,0.356301149957615,1.70239299102134
"clade4","Mosquito",104,0.298274207925937,1.50362854709428
"clade4","Mosquito",105,0.304389897323807,1.52510064723806
"clade4","Mosquito",106,0.386563925823405,1.81828560708458
"clade4","Mosquito",107,0.355041641972315,1.69668105423221
"clade4","Mosquito",108,0.321810986419581,1.61471846506473
"clade4","Mosquito",109,0.351552338895784,1.67708932785116
"clade4","Mosquito",11,0.333714415778963,1.67767258790861
"clade4","Mosquito",110,0.338592392644762,1.66476539260943
"clade4","Mosquito",111,0.247723597902153,1.3131687358419
"clade4","Mosquito",112,0.458219581135256,1.98259381401861
"clade4","Mosquito",113,0.460055932977637,1.71292981556203
"clade4","Mosquito",114,0.881058758284727,2.75801786207578
"clade4","Mosquito",115,0.368464932000551,1.80207734602513
"clade4","Mosquito",116,0.260262404845302,1.36026799902689
"clade4","Mosquito",117,0.445351004105322,1.97877442872605
"clade4","Mosquito",118,0.429812777109327,1.92315938335355
"clade4","Mosquito",119,0.345960971953709,1.71489689617231
"clade4","Mosquito",12,0.775042847397174,2.69243551991158
"clade4","Mosquito",120,0.870144833934497,2.55712338589515
"clade4","Mosquito",121,0.279061479926869,1.44627332760203
"clade4","Mosquito",122,0.762432183559402,2.46643764375996
"clade4","Mosquito",123,0.521550688079719,2.14655831949605
"clade4","Mosquito",124,0.543390679432859,2.16748423207821
"clade4","Mosquito",125,0.41604109738613,1.90241857440012
"clade4","Mosquito",126,0.626599818296787,2.32709535591199
"clade4","Mosquito",127,0.272412470821179,1.42817794360985
"clade4","Mosquito",128,0.542052853740564,2.16464266192408
"clade4","Mosquito",129,1.0061434127634,2.7167971710689
"clade4","Mosquito",13,0.337763067335084,1.68916446854564
"clade4","Mosquito",130,0.373250450765576,1.76081523998645
"clade4","Mosquito",131,0.694757954775714,2.4283045318765
"clade4","Mosquito",132,0.530094632891956,2.11303007833397
"clade4","Mosquito",133,0.419677550348277,1.89632310497336
"clade4","Mosquito",134,0.398999554607147,1.82798970688531
"clade4","Mosquito",135,0.880818360710623,2.68245556857178
"clade4","Mosquito",136,1.09751860350531,2.74840705483934
"clade4","Mosquito",137,0.349763709382544,1.68795215277584
"clade4","Mosquito",138,1.12926070657455,2.8122342375444
"clade4","Mosquito",139,0.52571350692811,1.62731695489252
"clade4","Mosquito",14,0.292151369841968,1.56929251931908
"clade4","Mosquito",140,0.653003094654877,2.41840749499668
"clade4","Mosquito",141,0.457224769334167,2.09925014492877
"clade4","Mosquito",142,0.710185940569611,2.42163054300748
"clade4","Mosquito",143,0.379079447358872,1.80697704123801
"clade4","Mosquito",144,0.340943671556846,1.66837342897053
"clade4","Mosquito",145,0.400165700990892,1.38205339802617
"clade4","Mosquito",146,1.06723229854868,2.77352552116749
"clade4","Mosquito",147,0.514090011744586,1.66080433567002
"clade4","Mosquito",148,0.75955700055946,2.56486827379119
"clade4","Mosquito",149,0.845362219368915,2.68325067371631
"clade4","Mosquito",15,0.444338731093937,1.96736788995889
"clade4","Mosquito",150,0.503705259596152,1.95320288513886
"clade4","Mosquito",151,0.699568216901808,2.43784472065263
"clade4","Mosquito",152,0.680830436143288,1.90218323368814
"clade4","Mosquito",153,0.725407611493872,2.15597292622024
"clade4","Mosquito",154,0.624325939407691,2.3352331150358
"clade4","Mosquito",155,1.06877095242211,2.74152893209414
"clade4","Mosquito",156,1.05323758281299,2.72026150631693
"clade4","Mosquito",157,0.50543938234838,1.94179014379296
"clade4","Mosquito",16,0.428347270290758,1.92561905288522
"clade4","Mosquito",163,0.994070351407539,2.69933378349132
"clade4","Mosquito",164,0.756006941818858,2.57456390732099
"clade4","Mosquito",165,0.524275072495484,2.15367148841879
"clade4","Mosquito",166,0.877987906619109,2.34617659456231
"clade4","Mosquito",167,0.694297300634112,2.39283220705776
"clade4","Mosquito",168,0.580289864767898,2.24004130186684
"clade4","Mosquito",169,0.206275491481387,1.10046792253204
"clade4","Mosquito",17,0.30873211550338,1.57873611354226
"clade4","Mosquito",170,0.388096710924375,1.82465302727516
"clade4","Mosquito",171,0.758459346200998,2.52806324185321
"clade4","Mosquito",172,0.72500489816525,2.27071186319707
"clade4","Mosquito",173,0.332386043175849,1.63697668074079
"clade4","Mosquito",174,0.316837388223302,1.58772351192095
"clade4","Mosquito",175,0.435008657914519,1.91105679268348
"clade4","Mosquito",176,1.1819621064972,2.89303196319955
"clade4","Mosquito",177,0.431664274534361,1.92117353864564
"clade4","Mosquito",178,0.756369666957548,2.60897681934172
"clade4","Mosquito",179,0.605135287781592,2.00247498496696
"clade4","Mosquito",18,0.722438721393902,2.62878122820297
"clade4","Mosquito",180,0.301173866906647,1.51508178482422
"clade4","Mosquito",181,0.402302246310038,1.84189716582602
"clade4","Mosquito",182,0.875217134408217,2.68439160271831
"clade4","Mosquito",183,0.273812476056906,1.42854991101065
"clade4","Mosquito",184,0.225397578130011,1.24582684321852
"clade4","Mosquito",185,0.577915507507103,1.67795406093836
"clade4","Mosquito",186,0.533041338359336,1.64709053654733
"clade4","Mosquito",187,0.358808171489464,1.70343426373018
"clade4","Mosquito",188,0.64469978065116,2.53687629944382
"clade4","Mosquito",189,0.417627369376751,1.88960600920081
"clade4","Mosquito",19,0.365013802524779,1.75798113192628
"clade4","Mosquito",190,0.263137945553895,1.37780712967232
"clade4","Mosquito",191,0.517118084014704,2.11444778252658
"clade4","Mosquito",192,0.296753571179249,1.51948766658097
"clade4","Mosquito",193,0.469357570436799,1.99095098667433
"clade4","Mosquito",194,0.509030042578466,1.56790161023634
"clade4","Mosquito",195,0.323505919532718,1.58628969780471
"clade4","Mosquito",196,1.03441407226031,2.76555895499284
"clade4","Mosquito",197,0.375065924559868,1.75146313271288
"clade4","Mosquito",198,1.23775730099018,2.81367357888145
"clade4","Mosquito",199,0.762142889009253,2.39850662789104
"clade4","Mosquito",2,1.14763853891617,2.843197863969
"clade4","Mosquito",20,0.276376540739095,1.42133013941946
"clade4","Mosquito",200,0.774590131045029,2.50388821888431
"clade4","Mosquito",201,0.701382041907004,2.11440905164163
"clade4","Mosquito",202,0.464035769144229,2.01154194841592
"clade4","Mosquito",203,0.639026070719532,2.41856260498379
"clade4","Mosquito",204,0.428769569842606,1.48645006492193
"clade4","Mosquito",205,0.461326409705501,1.9966593749237
"clade4","Mosquito",206,0.53648147762277,1.59441795483031
"clade4","Mosquito",207,0.589395307396909,1.64346958343974
"clade4","Mosquito",208,1.01822836905418,2.65299291757843
"clade4","Mosquito",209,1.14210159265446,2.84536512097775
"clade4","Mosquito",21,0.440034888109665,1.96863408669143
"clade4","Mosquito",210,1.0171274296724,2.73830935079732
"clade4","Mosquito",211,0.616146503234313,2.4276993822043
"clade4","Mosquito",212,0.452264623310702,2.00978264498634
"clade4","Mosquito",213,0.341313114658056,1.6864285392666
"clade4","Mosquito",214,0.792702730028151,2.53729473068211
"clade4","Mosquito",215,0.503253307837178,2.07147189398695
"clade4","Mosquito",216,0.570259497947028,1.96459595875268
"clade4","Mosquito",217,0.23892573535861,1.2770952564414
"clade4","Mosquito",218,0.398717004556861,1.8783023682367
"clade4","Mosquito",219,0.830489272012485,2.62874396132203
"clade4","Mosquito",22,0.396504879987248,1.8204231478447
"clade4","Mosquito",220,0.237419251186594,1.25119545739743
"clade4","Mosquito",221,0.362746475261772,1.06958504930442
"clade4","Mosquito",222,0.520269797991395,2.11938210655286
"clade4","Mosquito",223,0.28248829601014,1.46445966765446
"clade4","Mosquito",224,0.231207538832116,1.25072910568831
"clade4","Mosquito",225,0.450645564658475,1.95950877406192
"clade4","Mosquito",226,0.702453799322103,2.43236661102511
"clade4","Mosquito",227,0.961128664797415,2.68607034140375
"clade4","Mosquito",228,0.887834100456108,2.61966583366623
"clade4","Mosquito",229,0.818140709601602,2.5718349829957
"clade4","Mosquito",23,0.570568536471448,1.72859153024591
"clade4","Mosquito",230,0.970024664595226,2.70219013112509
"clade4","Mosquito",231,1.01955067040307,2.70411290938646
"clade4","Mosquito",232,0.434794831770964,1.91454721587353
"clade4","Mosquito",233,0.345875393492176,1.70752232454394
"clade4","Mosquito",234,0.423133165242495,1.75105893757878
"clade4","Mosquito",235,0.512354787589556,2.12748205619199
"clade4","Mosquito",236,0.480981644926313,2.07105840085833
"clade4","Mosquito",237,0.470441211341303,1.96234433980169
"clade4","Mosquito",238,0.643042169087695,2.39015423571226
"clade4","Mosquito",239,0.248636001071868,1.33995542328495
"clade4","Mosquito",24,0.376959307244731,1.78851507655596
"clade4","Mosquito",240,0.669375789075973,2.50075960354677
"clade4","Mosquito",241,0.398848710259297,1.87442201752546
"clade4","Mosquito",242,0.384796342239436,1.86321539933318
"clade4","Mosquito",243,0.825490422684144,2.50474644671987
"clade4","Mosquito",244,0.559075498474198,2.20616808338757
"clade4","Mosquito",245,0.632560756069032,1.76517773864725
"clade4","Mosquito",246,0.251411765252575,1.3413198446937
"clade4","Mosquito",247,0.315920014052057,1.58537576712193
"clade4","Mosquito",248,0.493187922160186,2.08879344548242
"clade4","Mosquito",249,0.281347983725263,1.46210770453726
"clade4","Mosquito",25,0.288970579173403,1.49834514623749
"clade4","Mosquito",250,0.387867727192698,1.81548208637457
"clade4","Mosquito",251,1.00607409664608,2.63838254277818
"clade4","Mosquito",252,0.314932861382466,1.60136122146443
"clade4","Mosquito",253,1.00713093991361,2.69971883824016
"clade4","Mosquito",254,0.459397192967597,2.00706965440732
"clade4","Mosquito",255,0.414001936154152,1.90471057595926
"clade4","Mosquito",256,0.259879508799031,1.39960651788848
"clade4","Mosquito",257,0.454076878855655,2.00173970431889
"clade4","Mosquito",258,0.516992130058388,2.12755920928336
"clade4","Mosquito",259,0.446957969157262,1.98760954385414
"clade4","Mosquito",26,0.447223038016918,1.94257328082682
"clade4","Mosquito",260,0.237854657204953,1.28500861837596
"clade4","Mosquito",261,0.641829859276256,2.05840610337139
"clade4","Mosquito",262,0.373434719115977,1.77134553053607
"clade4","Mosquito",263,0.570485945044997,1.76486928388425
"clade4","Mosquito",264,0.69913298674721,2.4745150647252
"clade4","Mosquito",265,0.364024432149594,1.72627718019775
"clade4","Mosquito",266,0.344385479230526,1.67077951670644
"clade4","Mosquito",267,0.373454776260928,1.7531055287178
"clade4","Mosquito",268,0.320148518787122,1.59451124930756
"clade4","Mosquito",269,0.352709119349946,1.69337768361099
"clade4","Mosquito",27,0.978861848195339,2.75601625489754
"clade4","Mosquito",270,0.751947463790919,1.91010663667867
"clade4","Mosquito",271,0.697136522990711,1.8306719068177
"clade4","Mosquito",272,0.624174105316989,2.3967326773981
"clade4","Mosquito",273,0.554533613539951,2.1919556222484
"clade4","Mosquito",274,0.917520168510659,2.72577386578052
"clade4","Mosquito",275,0.661928334873934,2.37229534675789
"clade4","Mosquito",276,0.461483519753326,1.83458257257673
"clade4","Mosquito",277,0.626630401132169,2.37986620488446
"clade4","Mosquito",278,0.549583552316314,1.67334941812617
"clade4","Mosquito",279,0.61828067558628,1.78395733864302
"clade4","Mosquito",28,0.758506807753035,2.51509029233528
"clade4","Mosquito",280,0.724747465149824,2.54287790547013
"clade4","Mosquito",281,0.582491498068784,2.22576203615677
"clade4","Mosquito",282,0.509375764629933,2.07163614623297
"clade4","Mosquito",283,0.335667568546397,1.63833764373483
"clade4","Mosquito",284,0.290059725258777,1.46432261780087
"clade4","Mosquito",285,0.429129308846013,1.91309959748236
"clade4","Mosquito",286,0.307893556400887,1.54550762676352
"clade4","Mosquito",287,0.392310634802323,1.83648797041146
"clade4","Mosquito",288,0.274191094033701,1.41244836092671
"clade4","Mosquito",289,0.434718197590496,1.96926785765382
"clade4","Mosquito",29,0.852609623973172,2.66708980875234
"clade4","Mosquito",290,0.693834416712021,2.47074957997093
"clade4","Mosquito",291,0.361962402833017,1.7412683594028
"clade4","Mosquito",292,0.566306134675194,1.67428058480679
"clade4","Mosquito",293,0.890677353313304,2.75765818808939
"clade4","Mosquito",294,0.421441385817712,1.92408578251859
"clade4","Mosquito",295,0.396517055333476,1.85241312090574
"clade4","Mosquito",296,1.11062135824434,2.83582138757084
"clade4","Mosquito",297,1.6111019915823,2.99386922725163
"clade4","Mosquito",298,0.342822045461812,1.67232811738832
"clade4","Mosquito",299,0.306576111123882,1.53204979730448
"clade4","Mosquito",3,0.355233691621192,1.80184674325288
"clade4","Mosquito",30,0.231994070423985,1.23636264202627
"clade4","Mosquito",300,0.373346005431268,1.75608740153103
"clade4","Mosquito",301,0.320125834676264,1.57753476498861
"clade4","Mosquito",302,0.350568678111275,1.67750338671748
"clade4","Mosquito",303,1.26337913088064,2.81632659127113
"clade4","Mosquito",304,1.11620532882453,2.87292722733246
"clade4","Mosquito",305,0.331677492863409,1.59873687752675
"clade4","Mosquito",306,0.894091332536451,2.65193163729074
"clade4","Mosquito",307,0.803365985124959,1.97159007584129
"clade4","Mosquito",308,0.639178107584292,2.09818736832138
"clade4","Mosquito",309,0.335591089111747,1.62777214837349
"clade4","Mosquito",31,0.399862987164046,1.83237680096392
"clade4","Mosquito",310,0.907257727463516,2.64652955640501
"clade4","Mosquito",311,0.366446638128338,1.72912158865165
"clade4","Mosquito",312,0.71204990145799,2.44460279571403
"clade4","Mosquito",313,0.785508641774238,2.56348564763024
"clade4","Mosquito",314,0.548539795401504,2.17803868180585
"clade4","Mosquito",315,0.323512233304208,1.62516678734357
"clade4","Mosquito",316,0.491173102182418,1.68903807977127
"clade4","Mosquito",317,0.419234762057833,1.91746367389605
"clade4","Mosquito",318,0.299671094705576,1.53481096629162
"clade4","Mosquito",319,0.50454493665125,2.07471131448655
"clade4","Mosquito",32,0.276767937331614,1.43966443903836
"clade4","Mosquito",320,0.481147936156878,2.04137430606836
"clade4","Mosquito",321,0.353933267448934,1.71621090709125
"clade4","Mosquito",322,0.310813395674736,1.57215646946563
"clade4","Mosquito",323,0.30737551744286,1.56841809057958
"clade4","Mosquito",324,0.275567726091164,1.37980425152444
"clade4","Mosquito",325,0.359368258855889,1.32958877767762
"clade4","Mosquito",326,0.520286019394217,2.11979922986077
"clade4","Mosquito",327,0.405105184570312,1.92754235651459
"clade4","Mosquito",328,1.30451691346308,2.822925333377
"clade4","Mosquito",329,0.312163527507205,1.57327119750814
"clade4","Mosquito",33,0.327700089392186,1.52663586224157
"clade4","Mosquito",330,0.855537042905305,2.57853093286462
"clade4","Mosquito",331,0.339742835071456,1.66348301508716
"clade4","Mosquito",332,0.406899364166326,1.85575666143955
"clade4","Mosquito",333,0.328898810567194,1.62933673367957
"clade4","Mosquito",334,0.492071433705156,2.06568894227375
"clade4","Mosquito",335,0.269040673578087,1.4196871264688
"clade4","Mosquito",336,0.329724961036678,1.62967435157202
"clade4","Mosquito",337,0.71815900485818,2.58790213486191
"clade4","Mosquito",338,0.258709234791915,1.29803241648983
"clade4","Mosquito",339,0.462358764804927,2.00614818788057
"clade4","Mosquito",34,0.440692784163257,1.98151490670521
"clade4","Mosquito",340,0.303327742333407,1.55237970224831
"clade4","Mosquito",341,0.358048247437911,1.69835713997022
"clade4","Mosquito",342,0.793483361676438,2.59109813548692
"clade4","Mosquito",343,0.704132608750699,2.48203562948279
"clade4","Mosquito",344,0.732335614536134,2.5151044702856
"clade4","Mosquito",345,0.514683432683535,2.11011514394925
"clade4","Mosquito",346,0.378266272832114,1.76615660722807
"clade4","Mosquito",347,0.910163709032249,2.65343974298046
"clade4","Mosquito",348,0.656588290746532,1.96572409477504
"clade4","Mosquito",349,0.788098680223718,2.5035659690728
"clade4","Mosquito",35,1.04233690904641,2.79013245180683
"clade4","Mosquito",350,1.03664241368215,2.75442127699832
"clade4","Mosquito",351,0.374535373348692,1.69420214997082
"clade4","Mosquito",352,0.554799812169484,2.22329312884963
"clade4","Mosquito",353,0.293834564756732,1.50409632151135
"clade4","Mosquito",354,0.43436068322707,1.91037894866858
"clade4","Mosquito",355,0.606545454272075,1.80647160519463
"clade4","Mosquito",356,0.378384456573438,1.77844775447348
"clade4","Mosquito",357,0.237147704770055,1.26715888293425
"clade4","Mosquito",358,0.545513368772604,2.17358605461422
"clade4","Mosquito",359,0.562313115393624,2.23672249827165
"clade4","Mosquito",36,0.790246493040496,2.49104631787713
"clade4","Mosquito",360,0.277278497797064,1.44209438336131
"clade4","Mosquito",361,0.934280393744893,2.73857465305987
"clade4","Mosquito",362,0.359068440292249,1.69654138515197
"clade4","Mosquito",363,0.600683781949491,1.93112051023936
"clade4","Mosquito",364,0.816024112238899,2.58060482964264
"clade4","Mosquito",365,0.628286468649092,2.19158875248969
"clade4","Mosquito",366,0.969426437096889,2.46790119776485
"clade4","Mosquito",369,1.00030518545887,2.59715225341121
"clade4","Mosquito",37,0.404867645064205,1.84651623302053
"clade4","Mosquito",370,0.818987340783716,2.14620489304801
"clade4","Mosquito",371,0.416036390276995,1.54594898163696
"clade4","Mosquito",372,0.893671724759552,2.82546130473428
"clade4","Mosquito",373,0.253539368027036,1.3533423881996
"clade4","Mosquito",374,0.255715191728066,1.33092151022849
"clade4","Mosquito",375,0.734000980451038,2.61350993823673
"clade4","Mosquito",376,0.270568389910643,1.39609764219611
"clade4","Mosquito",377,0.311262912296192,1.57588016095734
"clade4","Mosquito",378,0.3063057596185,1.53565943251433
"clade4","Mosquito",379,0.290505069135842,1.48910174409256
"clade4","Mosquito",38,0.410610341338939,1.86033750879672
"clade4","Mosquito",380,0.252263162576372,1.33562379159123
"clade4","Mosquito",381,0.494053263550695,2.0693244994199
"clade4","Mosquito",382,0.282013396217648,1.46198055356359
"clade4","Mosquito",383,0.383622194039549,1.70636051871831
"clade4","Mosquito",384,0.347262795024409,1.70741640775696
"clade4","Mosquito",385,1.34826442140002,2.96838175076544
"clade4","Mosquito",386,0.531514657326217,1.33017705218004
"clade4","Mosquito",387,0.253833104790408,1.340687161347
"clade4","Mosquito",388,0.821999468083416,2.61400496118385
"clade4","Mosquito",389,0.473007258531698,2.01861132843326
"clade4","Mosquito",39,0.236186377897248,1.26308808889138
"clade4","Mosquito",390,0.576354194926662,2.18427650975286
"clade4","Mosquito",391,0.721398697229711,2.13777504719654
"clade4","Mosquito",392,0.769595816073335,2.56201780489499
"clade4","Mosquito",393,0.755588878930186,2.53307661804139
"clade4","Mosquito",394,0.799511781951599,2.58524144084494
"clade4","Mosquito",395,0.817917705410638,2.6294088418138
"clade4","Mosquito",396,0.356519881638602,1.69930144072329
"clade4","Mosquito",397,0.308475471031382,1.52037435449377
"clade4","Mosquito",398,0.90973231027431,2.74282463988101
"clade4","Mosquito",399,0.372063543207421,1.7550897063827
"clade4","Mosquito",4,0.605918757883639,1.6654019775054
"clade4","Mosquito",40,0.25909923200079,1.36858256371813
"clade4","Mosquito",400,0.36052059431289,1.73222735201713
"clade4","Mosquito",401,0.273823527763684,1.40571315112644
"clade4","Mosquito",402,0.323966448683525,1.58783540927669
"clade4","Mosquito",403,0.357967272829354,1.71031654712955
"clade4","Mosquito",404,0.305861467629811,1.54965279474531
"clade4","Mosquito",405,0.281107690627173,1.43798424259357
"clade4","Mosquito",406,1.02963192090568,2.85092927779615
"clade4","Mosquito",407,0.236771212780694,1.26470790574245
"clade4","Mosquito",408,0.276093915187706,1.42330853859901
"clade4","Mosquito",409,0.594195373271625,2.38772483959983
"clade4","Mosquito",41,0.264547014102424,1.3972088146997
"clade4","Mosquito",410,0.351029025275762,1.70658295593589
"clade4","Mosquito",411,0.373842802055994,1.51648258452659
"clade4","Mosquito",412,0.737018045942173,2.67016392273048
"clade4","Mosquito",413,0.306858413666066,1.56275976429983
"clade4","Mosquito",414,0.190914457708785,1.06742120461516
"clade4","Mosquito",415,0.212919021857051,1.16266302957268
"clade4","Mosquito",416,0.769445247736826,2.6467648264722
"clade4","Mosquito",417,0.234645321518593,1.24952536742296
"clade4","Mosquito",418,0.258237089023023,1.34267902270613
"clade4","Mosquito",419,0.37130892918155,1.74571623832293
"clade4","Mosquito",42,0.28273834238345,1.43955703160017
"clade4","Mosquito",420,0.839892721173564,2.70480823378584
"clade4","Mosquito",421,0.625523990750382,1.3477041559435
"clade4","Mosquito",422,0.250472530117833,1.31405750441809
"clade4","Mosquito",423,0.523914987854458,2.13747359902567
"clade4","Mosquito",424,0.755114462366553,2.54342735724663
"clade4","Mosquito",425,0.275860230125832,1.42872743648848
"clade4","Mosquito",426,0.21286600395582,1.1704355069323
"clade4","Mosquito",427,0.23555541624436,1.25882509710596
"clade4","Mosquito",428,0.296003576110855,1.52370108293456
"clade4","Mosquito",429,0.358759968222887,1.72145171340687
"clade4","Mosquito",43,0.29403658139854,1.09749182991874
"clade4","Mosquito",430,0.253584282333221,1.34254172220925
"clade4","Mosquito",431,0.364454257630394,1.75172444548606
"clade4","Mosquito",432,0.346660982925948,1.66879350971828
"clade4","Mosquito",433,0.223200867539305,1.20349353427823
"clade4","Mosquito",434,1.34512781056219,3.04696494309684
"clade4","Mosquito",435,0.382008777121678,1.30216621110259
"clade4","Mosquito",436,0.907423831229975,1.77409295713045
"clade4","Mosquito",437,0.208789919450428,1.13216210881081
"clade4","Mosquito",438,0.253849420060736,1.35099709468378
"clade4","Mosquito",439,0.405286625529392,1.84201331628709
"clade4","Mosquito",44,0.965053592846039,2.68861694647475
"clade4","Mosquito",440,0.440682473501516,1.92835836991719
"clade4","Mosquito",441,0.295606811227594,1.51759441213197
"clade4","Mosquito",442,0.426185035273509,1.36053750686348
"clade4","Mosquito",443,0.305205215929532,1.51094942363187
"clade4","Mosquito",444,0.58502251415318,2.25800837827715
"clade4","Mosquito",445,0.216014647140554,1.17800389521927
"clade4","Mosquito",446,0.234601072702635,1.24482130723249
"clade4","Mosquito",447,0.35822257723514,1.73489025877967
"clade4","Mosquito",448,0.554107128325906,1.83082106007913
"clade4","Mosquito",449,1.09591901013492,2.89615487015307
"clade4","Mosquito",45,0.910420805672069,2.76309022092523
"clade4","Mosquito",450,0.279382586157859,1.44570747077263
"clade4","Mosquito",451,0.302424468813841,1.43217378016075
"clade4","Mosquito",452,0.847583757000787,2.62578820752457
"clade4","Mosquito",453,0.203850821872105,1.10759525825198
"clade4","Mosquito",454,0.281400580492848,1.45729204454477
"clade4","Mosquito",455,0.389431905759055,1.79304139997715
"clade4","Mosquito",456,0.318064135297644,1.56977106594769
"clade4","Mosquito",457,0.296804315975899,1.50009820346621
"clade4","Mosquito",458,0.263526563827884,1.24690753669056
"clade4","Mosquito",459,0.27155946543228,1.40312405549016
"clade4","Mosquito",46,0.719780157867783,2.5183264499041
"clade4","Mosquito",460,0.484530469257782,1.57414162399401
"clade4","Mosquito",461,0.307637347604776,1.55346721560237
"clade4","Mosquito",462,0.306028979101148,1.54379504376048
"clade4","Mosquito",463,0.789354782679759,2.62590271618951
"clade4","Mosquito",464,0.402098354244782,1.59997486318394
"clade4","Mosquito",465,0.422655533619466,1.51174460149276
"clade4","Mosquito",466,0.308701760174344,1.58330076853684
"clade4","Mosquito",467,0.3797199736478,1.83281533952641
"clade4","Mosquito",468,0.400627424128355,1.90786040555519
"clade4","Mosquito",469,1.06474932488341,2.88349268276036
"clade4","Mosquito",47,0.687109972291569,2.03078808659241
"clade4","Mosquito",470,0.56818165608091,1.6726556587594
"clade4","Mosquito",471,0.383540157311535,1.7830445655287
"clade4","Mosquito",472,0.967650847724804,2.78978966269747
"clade4","Mosquito",473,0.235315680108551,1.28742514998921
"clade4","Mosquito",474,0.382974065319825,1.79362784542264
"clade4","Mosquito",475,0.316303705502831,1.5544878533769
"clade4","Mosquito",476,0.311889263282417,1.55780849738275
"clade4","Mosquito",477,0.398237482252398,1.83452835907372
"clade4","Mosquito",478,0.324822968719371,1.60094618119123
"clade4","Mosquito",479,0.498012022948811,1.16005184954091
"clade4","Mosquito",48,0.80986077777092,2.60736065836998
"clade4","Mosquito",480,0.328672221978641,1.5975808585116
"clade4","Mosquito",481,0.383117815913724,1.80205898926879
"clade4","Mosquito",482,0.40363315693208,1.87026485131218
"clade4","Mosquito",483,0.495967332754373,1.84235417911446
"clade4","Mosquito",484,0.352025337364891,1.7094347133597
"clade4","Mosquito",485,0.450960529055415,1.99108516925106
"clade4","Mosquito",486,0.312641780350302,1.5742629431672
"clade4","Mosquito",487,0.390877877076369,1.84423753434471
"clade4","Mosquito",488,0.467314514781947,2.00894944760477
"clade4","Mosquito",489,0.207111994353973,1.15138284657308
"clade4","Mosquito",49,0.549691195309914,2.14890300988318
"clade4","Mosquito",490,0.359732099061325,1.6576571237028
"clade4","Mosquito",491,0.286263548557863,1.39738321676521
"clade4","Mosquito",492,0.271587967935315,1.39938565047913
"clade4","Mosquito",493,0.483535781178249,1.46694441656933
"clade4","Mosquito",494,0.219533252793527,1.19850953988061
"clade4","Mosquito",495,0.230746519042359,1.24795327474019
"clade4","Mosquito",496,0.698393130774924,1.30288210947072
"clade4","Mosquito",497,0.863553184466691,2.68127736622275
"clade4","Mosquito",498,0.714937055926871,2.60802958571582
"clade4","Mosquito",499,0.163270938809275,0.965726869435125
"clade4","Mosquito",5,0.366549888623005,1.82590065269737
"clade4","Mosquito",50,0.309544408314782,1.55441475353979
"clade4","Mosquito",500,0.865204969741432,2.76416486169298
"clade4","Mosquito",501,0.171836964955019,0.997982819600844
"clade4","Mosquito",51,0.770835609147255,2.39680632160066
"clade4","Mosquito",52,0.876976060535247,2.52810508834486
"clade4","Mosquito",53,0.854397870021799,2.7149899626867
"clade4","Mosquito",54,0.381389214938959,1.76969819529629
"clade4","Mosquito",55,0.568134097739704,1.82809804159823
"clade4","Mosquito",56,0.771610693747786,2.54531685487108
"clade4","Mosquito",57,0.312318597391736,1.60176431503777
"clade4","Mosquito",58,1.01130734600324,2.73083662266629
"clade4","Mosquito",59,0.376623422481548,1.77282737903894
"clade4","Mosquito",6,0.973640546932665,2.75941007213661
"clade4","Mosquito",60,0.2717893559826,1.40459019648137
"clade4","Mosquito",61,0.590485751785842,1.64811441768714
"clade4","Mosquito",62,0.739072031376407,2.53165973300942
"clade4","Mosquito",63,0.324471266916227,1.61044388889041
"clade4","Mosquito",64,0.60948610954221,1.97112461281856
"clade4","Mosquito",65,0.298067146157348,1.51583399421933
"clade4","Mosquito",66,0.717546857900541,2.05856050010022
"clade4","Mosquito",67,0.524924031006195,1.58819296564122
"clade4","Mosquito",68,0.363557061947446,1.72117032232108
"clade4","Mosquito",69,0.379902435590096,1.75924304917811
"clade4","Mosquito",7,1.0135167588075,2.7357326670677
"clade4","Mosquito",70,0.585375295606795,1.78688509301921
"clade4","Mosquito",71,0.584005038428687,2.2268193576759
"clade4","Mosquito",72,0.465842745640544,1.56025456621578
"clade4","Mosquito",73,0.934117400971271,2.62996153498354
"clade4","Mosquito",74,0.309190497848124,1.53621141607566
"clade4","Mosquito",75,0.276144583929355,1.42873075557755
"clade4","Mosquito",76,0.348826036728221,1.69499641901286
"clade4","Mosquito",77,0.471493502558241,2.0279584615803
"clade4","Mosquito",78,0.261878269605355,1.3513492200486
"clade4","Mosquito",79,0.505277145625055,2.07194380312308
"clade4","Mosquito",8,0.524411228553266,2.13069444789577
"clade4","Mosquito",80,0.445747815900435,1.95048417103072
"clade4","Mosquito",81,0.526346896629433,2.12355522024303
"clade4","Mosquito",82,0.348129756124446,1.66586698360679
"clade4","Mosquito",83,0.823480688681014,2.60024837152551
"clade4","Mosquito",84,0.574765353044639,2.24302358942336
"clade4","Mosquito",85,0.766775433354734,2.59446576653057
"clade4","Mosquito",86,0.368783879042912,1.70329601837154
"clade4","Mosquito",87,0.431396733091225,1.91673197517033
"clade4","Mosquito",88,0.537767004361616,1.63474011257847
"clade4","Mosquito",89,0.370588644479552,1.68774880661033
"clade4","Mosquito",9,0.239426282558935,1.27910783407611
"clade4","Mosquito",90,0.419553339810784,1.5138471085479
"clade4","Mosquito",91,0.432959144420926,1.92018500743026
"clade4","Mosquito",92,0.325685161763608,1.59758513133358
"clade4","Mosquito",93,0.947598822433579,2.7428388477478
"clade4","Mosquito",94,0.990573276466453,2.7477716762875
"clade4","Mosquito",95,0.353761436447522,1.67551418012002
"clade4","Mosquito",96,0.635975534382705,2.36512840669976
"clade4","Mosquito",97,0.871497542406255,2.75218370516969
"clade4","Mosquito",98,0.301696964248431,1.52271397721669
"clade4","Mosquito",99,0.283982272489329,1.44117062482047
"clade5","Bird",1,1.427057355659,2.9668198875296
"clade5","Bird",10,0.283164271752592,1.46486505719585
"clade5","Bird",100,0.221828993360872,1.13650122099777
"clade5","Bird",101,0.208117471461529,1.13815398448392
"clade5","Bird",102,0.234116612275124,1.11932714645051
"clade5","Bird",103,0.253816107334245,1.31705001227216
"clade5","Bird",104,0.244610867934522,1.3241138794363
"clade5","Bird",105,0.250643848888172,1.34965472695439
"clade5","Bird",106,0.260301159127922,1.25601760395299
"clade5","Bird",107,0.254766797692535,1.35459101248636
"clade5","Bird",108,0.237334486901896,1.2976772472546
"clade5","Bird",109,0.263641999944424,1.38767046353007
"clade5","Bird",11,0.292637379401856,1.56738978488136
"clade5","Bird",110,0.186044371941507,1.04668769695493
"clade5","Bird",111,0.190775843087929,1.110289363637
"clade5","Bird",112,0.473841625890217,1.39890550481902
"clade5","Bird",113,0.27260522260664,0.96186447686585
"clade5","Bird",114,0.882612947298813,2.90273650666123
"clade5","Bird",115,0.281589427871527,1.53123138114786
"clade5","Bird",116,0.197447723073881,1.12087708831351
"clade5","Bird",117,0.319419399077925,1.41241511221982
"clade5","Bird",118,0.495118405350599,1.46118382515866
"clade5","Bird",119,0.230975750470565,1.29976991432885
"clade5","Bird",12,0.97048876475251,2.88224593774823
"clade5","Bird",120,0.636024404068134,1.70937693681875
"clade5","Bird",121,0.21193491143694,1.08317530731255
"clade5","Bird",122,0.440706771795348,1.35865750027093
"clade5","Bird",123,0.37317257106871,1.64137904268379
"clade5","Bird",124,0.403384941705826,1.57530049263327
"clade5","Bird",125,0.957698446005147,2.75477886963094
"clade5","Bird",126,0.879268185582552,2.40425899779894
"clade5","Bird",127,0.171557756236631,1.03405214908001
"clade5","Bird",128,0.838878254336482,2.46969659432082
"clade5","Bird",129,0.441258925488275,1.21273290655846
"clade5","Bird",13,0.264732009414058,1.41320044974123
"clade5","Bird",130,0.792193513800499,1.76562199305086
"clade5","Bird",131,1.18009122258892,2.09690603603593
"clade5","Bird",132,1.30933936640766,2.71210026714399
"clade5","Bird",133,0.246905461763566,1.32999851077703
"clade5","Bird",134,0.231692029109259,1.17374512449742
"clade5","Bird",135,0.986060384603444,2.85414152984404
"clade5","Bird",136,0.51637826766128,1.82678530824616
"clade5","Bird",137,0.255229512805251,1.38970066472525
"clade5","Bird",138,0.821038431508196,2.0288062890377
"clade5","Bird",139,0.431558825971861,1.14932180379799
"clade5","Bird",14,0.244327389873664,1.42806655780796
"clade5","Bird",140,1.00093979560175,1.56360652086158
"clade5","Bird",141,0.304342647082048,1.11970773550805
"clade5","Bird",142,0.987767616695162,2.6985157775419
"clade5","Bird",143,0.29358763435321,1.38043718332932
"clade5","Bird",144,0.282474511351687,1.26476183829427
"clade5","Bird",146,0.490203153666386,2.25204013240906
"clade5","Bird",147,1.45323950850037,3.05738366854587
"clade5","Bird",148,0.935027965755376,2.65588058705693
"clade5","Bird",149,0.962339097574097,2.40867851775497
"clade5","Bird",15,0.31464964609346,1.35575944008197
"clade5","Bird",150,0.774544356607227,2.47980706352608
"clade5","Bird",151,0.824086490970498,1.69784896643907
"clade5","Bird",152,1.67795997317029,2.86293322426813
"clade5","Bird",153,0.341253923741841,1.57822592646677
"clade5","Bird",154,0.319184716951595,1.45970795581753
"clade5","Bird",16,0.446523172233124,2.02815101497585
"clade5","Bird",163,0.609180415840126,1.34856017371753
"clade5","Bird",164,0.870044826023705,1.82625668669845
"clade5","Bird",165,0.840212714259376,2.32430568118321
"clade5","Bird",166,0.765906392583342,1.6977601696602
"clade5","Bird",167,0.516939400470944,2.21875037641477
"clade5","Bird",168,0.995512522847009,2.3246204687264
"clade5","Bird",169,0.176840881497005,0.994224862306293
"clade5","Bird",17,0.228275449589511,1.23717079315616
"clade5","Bird",170,0.225474037279712,1.25226845440333
"clade5","Bird",171,0.266433380123448,1.18680747608683
"clade5","Bird",172,1.14475388864332,2.37575194699705
"clade5","Bird",173,0.424847537412926,1.21231626210353
"clade5","Bird",174,0.367262491151764,1.2265415974168
"clade5","Bird",175,0.388135912856555,1.03115151328282
"clade5","Bird",176,0.627702149838541,2.45092014146779
"clade5","Bird",177,1.95030248180831,3.12122045937825
"clade5","Bird",178,1.07857643709129,2.76059099931075
"clade5","Bird",179,0.454283109021342,1.02644506491775
"clade5","Bird",18,0.39052017243276,1.41130579103041
"clade5","Bird",180,0.169029276272361,0.812476189117289
"clade5","Bird",181,1.06490243072076,1.43161377677085
"clade5","Bird",182,0.463041068908723,1.38330457008796
"clade5","Bird",183,0.23716332790213,1.19578425322714
"clade5","Bird",184,0.18485912031945,1.08630136655646
"clade5","Bird",185,0.92468623384872,1.45111530986019
"clade5","Bird",186,0.555136032006489,1.13408832253056
"clade5","Bird",187,0.202064411242699,0.61952139137606
"clade5","Bird",188,0.635921367980009,2.46204069800195
"clade5","Bird",189,0.458107882192495,1.60924594431593
"clade5","Bird",19,0.326562875220874,1.28920606156641
"clade5","Bird",190,0.194040430791162,1.02642205597624
"clade5","Bird",191,0.736521391645507,2.09887586288914
"clade5","Bird",192,0.172140558462283,0.873238048990081
"clade5","Bird",193,0.325064987808923,1.6529475731637
"clade5","Bird",194,0.663368807081909,1.06059606332163
"clade5","Bird",195,0.18208603169009,1.02327181484561
"clade5","Bird",196,0.749052793095904,1.41196887448817
"clade5","Bird",197,0.268294883040627,0.961589895066744
"clade5","Bird",198,1.70849586493532,2.91433282900343
"clade5","Bird",199,0.469438776240876,1.54688545358025
"clade5","Bird",2,1.60322771290465,3.12790197170233
"clade5","Bird",20,0.191864241417327,0.987246903503626
"clade5","Bird",200,0.90240633016175,2.67699208807963
"clade5","Bird",201,1.36808718213234,2.89202802652555
"clade5","Bird",202,0.653938870706807,1.60069185956528
"clade5","Bird",203,0.638273973703417,2.55224729116276
"clade5","Bird",204,0.887770286045116,1.75750094108935
"clade5","Bird",205,0.242334825186309,1.27859453187106
"clade5","Bird",206,0.838300568720701,2.85029988822182
"clade5","Bird",207,1.07852748320652,1.90959152089913
"clade5","Bird",208,0.703868316711901,1.93289460805207
"clade5","Bird",209,0.308263750509516,1.42951084302633
"clade5","Bird",21,0.330052923212132,1.6721277671996
"clade5","Bird",210,0.609321188814956,1.44378556601172
"clade5","Bird",211,0.602396642408384,2.55841420291187
"clade5","Bird",212,0.238561311212789,1.18617509215309
"clade5","Bird",213,0.193684467578808,0.968969732900709
"clade5","Bird",214,0.398088360743857,1.69314285910465
"clade5","Bird",215,0.587024667320446,1.59004943730702
"clade5","Bird",216,0.648971181689212,1.79639420950351
"clade5","Bird",217,0.162057168365355,0.943117379276597
"clade5","Bird",218,0.25825605666463,1.26861549768894
"clade5","Bird",219,1.08278688989345,2.6055493033273
"clade5","Bird",22,0.324591152835121,1.5486274100954
"clade5","Bird",220,0.202829418115441,1.03585614830324
"clade5","Bird",221,0.169768920303332,0.908416803136095
"clade5","Bird",222,1.02111783173408,2.69192272202592
"clade5","Bird",223,0.151007758529563,0.852751579345817
"clade5","Bird",224,0.148348719449406,0.714087813360947
"clade5","Bird",225,0.314673223786216,1.5752818199236
"clade5","Bird",226,0.759076578405349,2.1950066814572
"clade5","Bird",227,1.00835236306576,1.8586366902969
"clade5","Bird",228,0.967676191216135,2.09003990493599
"clade5","Bird",229,0.628009826121956,1.6053049169932
"clade5","Bird",23,0.62632573695592,1.42644581429959
"clade5","Bird",230,0.567812122545957,1.88294096325023
"clade5","Bird",231,0.881868155568462,1.79618546206989
"clade5","Bird",232,0.653278397153305,1.94421851397497
"clade5","Bird",233,0.254738939967533,1.38359294960189
"clade5","Bird",234,1.34587081725348,2.75351048802813
"clade5","Bird",235,0.266737657799744,0.79599793323263
"clade5","Bird",236,0.821926430998965,2.06545100676589
"clade5","Bird",237,0.505548461081311,2.11541665803958
"clade5","Bird",238,0.454400452862596,1.17601578510384
"clade5","Bird",239,0.214827403645755,0.796310077665518
"clade5","Bird",24,0.286918951741124,1.57490626292085
"clade5","Bird",240,0.689329839108704,2.58652273868582
"clade5","Bird",241,1.52693142515936,1.88585828166564
"clade5","Bird",242,0.261074099486671,1.22497407758726
"clade5","Bird",243,1.10377289533049,2.76786637360138
"clade5","Bird",244,0.689422521179566,1.67730094388802
"clade5","Bird",245,0.4621030677195,1.42658625061214
"clade5","Bird",246,0.185377001767572,1.03860891431641
"clade5","Bird",247,0.209914810687797,1.04586906067675
"clade5","Bird",248,0.977333205040737,2.78378525453384
"clade5","Bird",249,0.192803143055136,0.978756709075261
"clade5","Bird",25,0.221683137374404,1.2545087714536
"clade5","Bird",250,0.244129359236974,1.32597218682142
"clade5","Bird",251,1.19000800923145,2.64189250668931
"clade5","Bird",252,0.217861584372582,1.09907919385058
"clade5","Bird",253,0.672635896914598,1.90683319990704
"clade5","Bird",254,0.90870099368774,2.82389425822737
"clade5","Bird",255,0.212066799464286,1.19027690665085
"clade5","Bird",256,0.230350254128245,1.27871256856924
"clade5","Bird",257,0.212469142385328,1.13011814092828
"clade5","Bird",258,0.313223491924963,1.63247573051802
"clade5","Bird",259,0.429789315549965,1.91806015471652
"clade5","Bird",26,0.267277467434827,1.42470323374135
"clade5","Bird",260,0.176679202789304,1.02371431086293
"clade5","Bird",261,0.276567133810496,1.38282613793372
"clade5","Bird",262,0.619185728547687,2.52860993092861
"clade5","Bird",263,0.293867558210436,1.52974484252951
"clade5","Bird",264,0.823875011389635,2.65254932184913
"clade5","Bird",265,0.268273433647914,1.38466995010329
"clade5","Bird",266,0.234741533375278,1.13873939662333
"clade5","Bird",267,0.703452874030134,1.48438655831088
"clade5","Bird",268,0.259717018638996,1.26872536226583
"clade5","Bird",269,0.273388520310343,1.42722885420475
"clade5","Bird",27,1.4491126078265,3.19654355579435
"clade5","Bird",270,0.92620263723806,1.82096887109673
"clade5","Bird",271,1.77280502998373,2.98082488269107
"clade5","Bird",272,1.21228438769431,1.44453792962556
"clade5","Bird",273,0.79666320646756,1.72463573447705
"clade5","Bird",274,1.05112295000416,2.68550817810621
"clade5","Bird",275,0.317135519117909,1.28523351560527
"clade5","Bird",276,0.400450580694092,1.35997595451277
"clade5","Bird",277,0.965242304428588,2.6917012135617
"clade5","Bird",279,0.9039816435941,2.6740231386638
"clade5","Bird",28,1.04242695514733,2.93075206257726
"clade5","Bird",280,0.643169032039405,1.25134548853415
"clade5","Bird",281,0.225166981058133,0.908885772395619
"clade5","Bird",282,0.852849078806501,1.9592582369345
"clade5","Bird",283,0.50576036419618,1.25605309844142
"clade5","Bird",284,0.17840079955455,0.913696272097794
"clade5","Bird",285,0.290796637094209,1.45147848866958
"clade5","Bird",286,0.244262144883465,1.3059877097836
"clade5","Bird",287,0.24255554248497,1.25749035796682
"clade5","Bird",288,0.142688112159091,0.858756820393994
"clade5","Bird",289,0.204551555740072,1.09737761054506
"clade5","Bird",29,0.288064170821803,1.44270143641699
"clade5","Bird",290,0.632675093429116,1.54149635566559
"clade5","Bird",291,0.211191464773046,0.819998384732006
"clade5","Bird",292,0.25895246783312,0.923439151322037
"clade5","Bird",293,0.63051780723916,1.298204552639
"clade5","Bird",294,0.284065786373337,1.31665935460507
"clade5","Bird",295,0.31329290495326,1.55977026661018
"clade5","Bird",296,0.528161990758892,1.32057685445197
"clade5","Bird",297,0.312948903398505,1.4608687234973
"clade5","Bird",298,0.283429597168196,1.26970732824786
"clade5","Bird",299,0.22357477225746,1.14783254341727
"clade5","Bird",3,0.304217796086817,1.62197266584824
"clade5","Bird",30,0.166893559324906,0.962769922558107
"clade5","Bird",300,1.25012583636668,1.63527543761596
"clade5","Bird",301,0.991955708580023,2.95005046850283
"clade5","Bird",302,0.267999470063933,1.31511141908551
"clade5","Bird",303,0.489165254563136,2.30789901551048
"clade5","Bird",304,1.60325759341522,2.85595597659697
"clade5","Bird",305,0.264044233421706,1.37147011251163
"clade5","Bird",306,0.737221411862909,1.43257955912525
"clade5","Bird",307,0.800431911321948,1.83571003416888
"clade5","Bird",308,0.601621892191996,1.25338841087456
"clade5","Bird",309,0.238770459230191,1.28207122120036
"clade5","Bird",31,0.325601106466161,1.50782451426015
"clade5","Bird",310,0.390520490425596,1.90522891811333
"clade5","Bird",311,0.459653004767538,1.17086519569598
"clade5","Bird",312,0.698591678224167,2.24876990192919
"clade5","Bird",313,0.802924639497029,2.33389538962055
"clade5","Bird",314,1.3212323511974,2.10217565413011
"clade5","Bird",315,0.693737096114702,1.30574172167201
"clade5","Bird",316,0.213948984247997,1.0857575823037
"clade5","Bird",317,0.644507895941193,2.42342289512953
"clade5","Bird",318,0.238799764041575,1.33437805559566
"clade5","Bird",319,0.881651426571927,2.44841925929813
"clade5","Bird",32,0.217586141733287,1.12599790170609
"clade5","Bird",320,0.311385376251832,1.55295344974002
"clade5","Bird",321,0.259573743125281,1.39373976611002
"clade5","Bird",322,0.253699386114283,1.414282127472
"clade5","Bird",323,0.270280425375193,0.795164622685455
"clade5","Bird",324,0.492142135308294,1.42448365357955
"clade5","Bird",325,0.736382052933949,2.74016156457793
"clade5","Bird",326,0.475240023569584,1.12540517265981
"clade5","Bird",327,0.575392304425078,1.59683170224055
"clade5","Bird",328,0.348264199803129,1.26555372194527
"clade5","Bird",329,0.245620049820721,1.28037891076373
"clade5","Bird",33,1.15122265897446,1.56613646077006
"clade5","Bird",330,1.16268472640903,2.32511957559018
"clade5","Bird",331,0.283848716033052,1.47342920006782
"clade5","Bird",332,0.723619030557479,1.7704549153456
"clade5","Bird",333,0.425995578254868,1.20326495538445
"clade5","Bird",334,0.63151128882144,1.46245421300291
"clade5","Bird",335,0.210832380705356,1.19638448628431
"clade5","Bird",336,0.272014555875602,1.45820566595123
"clade5","Bird",337,0.29045016733485,1.55364473904387
"clade5","Bird",338,0.408481181887978,1.1158608581698
"clade5","Bird",339,0.332815479379062,1.70517992406104
"clade5","Bird",34,0.428394505385822,1.91274520993985
"clade5","Bird",340,0.846297156443851,1.01691350491664
"clade5","Bird",341,0.42968005795449,1.13270434961624
"clade5","Bird",342,0.76517572677542,1.64266303966831
"clade5","Bird",343,0.682735474305349,2.25277690013839
"clade5","Bird",345,1.42771902534648,2.94226488936232
"clade5","Bird",346,0.313523233919085,0.913765463329185
"clade5","Bird",347,0.489322857915501,1.44562614156388
"clade5","Bird",348,0.92676695042805,2.59180656010339
"clade5","Bird",349,0.712859268479351,1.57649567707021
"clade5","Bird",35,1.02636474638516,2.02134523421361
"clade5","Bird",350,0.235268036873881,0.993887532291768
"clade5","Bird",351,0.782507584140211,1.14444394601129
"clade5","Bird",352,0.799206472501026,1.78938885679205
"clade5","Bird",354,0.317256539822498,1.44758381493689
"clade5","Bird",355,0.208515435547497,1.04579585917328
"clade5","Bird",356,0.81643560891269,1.73845774624317
"clade5","Bird",357,0.200470626187931,1.13882040195845
"clade5","Bird",358,0.409058420213168,1.60816290159067
"clade5","Bird",359,0.357587336957861,1.75626377037288
"clade5","Bird",36,0.372096488031502,1.60044521338061
"clade5","Bird",360,0.23531453752249,1.20498543945493
"clade5","Bird",361,0.67717532139642,1.23070963133701
"clade5","Bird",362,0.232898736940426,1.01956845097276
"clade5","Bird",363,0.844285015541286,2.63321782669817
"clade5","Bird",364,0.725183143268569,2.10975478561625
"clade5","Bird",365,1.45416339640077,2.6263169894902
"clade5","Bird",366,0.576298307089304,1.44729238402582
"clade5","Bird",369,0.852501633416743,1.73629039148538
"clade5","Bird",37,0.459895279441727,1.62505879907949
"clade5","Bird",370,1.53108995832012,1.63783831953257
"clade5","Bird",371,0.208427660475574,1.17727251368289
"clade5","Bird",372,1.51977012617753,3.11538862554977
"clade5","Bird",373,0.189709234770395,0.852229367476561
"clade5","Bird",374,0.192351980042083,1.0773024039268
"clade5","Bird",375,0.444483469741937,1.02970794039367
"clade5","Bird",376,0.158953401269016,0.689642864398692
"clade5","Bird",377,0.277990885217023,1.51556506178683
"clade5","Bird",378,0.211226328560544,1.15357600795001
"clade5","Bird",379,0.203464834792947,1.01276156929648
"clade5","Bird",38,0.297906381715265,1.31097691573796
"clade5","Bird",380,0.279032905000516,1.4982150943046
"clade5","Bird",381,0.434095622598151,1.71779657135064
"clade5","Bird",382,0.209155620938254,1.16952650381718
"clade5","Bird",383,0.305311483661957,1.47501230378277
"clade5","Bird",384,0.238815973660769,1.14428845218209
"clade5","Bird",385,0.464919101919132,1.33109391039424
"clade5","Bird",386,0.797289034633934,1.24960172019508
"clade5","Bird",387,0.211469326550507,1.18829034922285
"clade5","Bird",388,0.752885491421935,2.53074345369244
"clade5","Bird",389,0.472111050155111,1.75975155720165
"clade5","Bird",39,0.189996777951287,1.0377915360375
"clade5","Bird",390,0.729503836929007,2.07200593544718
"clade5","Bird",391,0.625330197591472,2.17172791710364
"clade5","Bird",392,0.61726079198614,1.18244537499935
"clade5","Bird",393,0.898656429325235,1.71976785910553
"clade5","Bird",394,1.07225302759066,2.91376710331692
"clade5","Bird",395,1.08062045098742,1.66965631688104
"clade5","Bird",396,0.696436457132041,1.17848027725839
"clade5","Bird",397,0.215083362225808,1.08141108655371
"clade5","Bird",398,1.04819153164152,1.34605953068035
"clade5","Bird",399,0.188822524920695,0.948330730566005
"clade5","Bird",4,0.990592461773861,3.0132464605193
"clade5","Bird",40,0.19350412484954,0.919512614123446
"clade5","Bird",400,1.58127375738628,1.99041751960513
"clade5","Bird",401,0.218833298584122,1.04211395762389
"clade5","Bird",402,0.253870912576874,1.31638036555153
"clade5","Bird",403,0.208964700612127,0.946071336325431
"clade5","Bird",404,0.213269707022357,1.01519762839923
"clade5","Bird",405,0.208143730944376,1.12215127813595
"clade5","Bird",406,0.192755164692006,0.89989912321865
"clade5","Bird",407,1.50489791483335,1.56416755834182
"clade5","Bird",408,0.148838264986634,0.751788277679295
"clade5","Bird",409,1.55944952675074,2.91449799025559
"clade5","Bird",41,0.909822759137689,2.58229127324533
"clade5","Bird",410,0.217624604600959,0.751154381973395
"clade5","Bird",411,0.239893242131248,1.2587494224541
"clade5","Bird",412,1.29790444782559,2.81007697236753
"clade5","Bird",413,0.697437808380275,2.70462410365529
"clade5","Bird",414,0.165726085951399,0.942373816847682
"clade5","Bird",415,0.209282699354674,0.993070409359766
"clade5","Bird",416,0.644969948850226,2.60039613774357
"clade5","Bird",417,0.177451524228146,0.998414490838375
"clade5","Bird",418,1.32451927348057,1.99406168655615
"clade5","Bird",419,0.308425116743963,1.59486465074777
"clade5","Bird",42,0.224745633250984,1.20833595830973
"clade5","Bird",420,1.26380694186998,2.88854409356599
"clade5","Bird",421,0.196378744262903,1.10906250034502
"clade5","Bird",422,0.200892978414247,1.12115858175329
"clade5","Bird",423,0.345604036519714,1.4724940257214
"clade5","Bird",424,0.419544776985448,1.86787449384182
"clade5","Bird",425,0.242493246518453,1.3134612561147
"clade5","Bird",426,0.163053331089286,0.810923751661278
"clade5","Bird",427,0.174508159343621,0.935662487263623
"clade5","Bird",428,0.197642603884507,1.14654489217825
"clade5","Bird",429,0.250673025135346,1.36587261454382
"clade5","Bird",43,0.802888028913538,2.65335958579006
"clade5","Bird",430,0.196352001313992,1.10846437886685
"clade5","Bird",431,0.350159433804701,1.13754432325205
"clade5","Bird",432,0.226912605422041,1.26737066979413
"clade5","Bird",433,0.16843240601238,0.967731131461689
"clade5","Bird",434,0.163031339599533,0.726207575252846
"clade5","Bird",435,0.165118374044196,0.970870716549815
"clade5","Bird",436,0.260233340573646,1.23834322415561
"clade5","Bird",437,0.160532197552687,0.929289604344347
"clade5","Bird",438,0.378625062082392,1.19491253362952
"clade5","Bird",439,0.306509374776805,1.57197739756283
"clade5","Bird",44,1.15214120223986,2.98456427464157
"clade5","Bird",440,0.216647909887786,1.21924394141398
"clade5","Bird",441,0.296025920035732,0.983075020218462
"clade5","Bird",442,0.283220474426351,1.23608582714864
"clade5","Bird",443,0.265522218096709,1.38122988955491
"clade5","Bird",444,0.528449367517587,2.22567219642954
"clade5","Bird",445,0.204643076837331,1.1471689541469
"clade5","Bird",446,0.218230588536122,1.09289498738922
"clade5","Bird",447,0.19718801912976,1.12188261762769
"clade5","Bird",448,0.562210108275664,2.2660141536315
"clade5","Bird",449,0.247447584033233,0.942757822953777
"clade5","Bird",45,1.04757825075829,2.77273272407416
"clade5","Bird",450,0.822729797481149,1.44375470338069
"clade5","Bird",451,0.988920606525067,2.92367131144385
"clade5","Bird",452,0.594077606143576,1.65192477536864
"clade5","Bird",453,0.493926225642151,1.0080425672217
"clade5","Bird",454,0.187460968359,0.935802084394133
"clade5","Bird",455,0.425076531114817,0.928365310160842
"clade5","Bird",456,0.205724748126724,1.15193729020226
"clade5","Bird",457,0.98461508922602,1.84570296993786
"clade5","Bird",458,0.185752943770835,0.968322906462901
"clade5","Bird",459,0.241269054309678,1.35652845010883
"clade5","Bird",46,0.469684740136948,2.05769263845066
"clade5","Bird",460,0.498695481470584,0.995478134575978
"clade5","Bird",461,0.770272944304167,1.58759636772343
"clade5","Bird",462,0.667184464832272,1.30330086951965
"clade5","Bird",463,0.957380254209665,2.7221553632906
"clade5","Bird",464,0.623003064756693,1.72447274976178
"clade5","Bird",465,0.780279089634093,2.46732030003458
"clade5","Bird",466,0.24559495138222,1.34734092998703
"clade5","Bird",467,0.660451035628024,1.34800819778519
"clade5","Bird",468,0.170549787305256,0.870847352798192
"clade5","Bird",469,0.157779899798967,0.831685833973035
"clade5","Bird",47,1.02946496894219,2.39448269793318
"clade5","Bird",470,1.02916364853253,1.32337385401969
"clade5","Bird",471,0.324470954031527,1.58736674760306
"clade5","Bird",472,0.651791600491869,1.53440757482428
"clade5","Bird",473,0.221673375691781,1.23638378739123
"clade5","Bird",474,0.566450085716974,2.36891927054884
"clade5","Bird",475,0.299373466771831,1.5293872370796
"clade5","Bird",476,0.920291465935758,1.73487696967643
"clade5","Bird",477,0.329492397448677,1.46809089542964
"clade5","Bird",478,0.661417121146035,2.51446172957824
"clade5","Bird",479,1.04219795300002,2.61144051657524
"clade5","Bird",48,1.07032522925739,2.95958116629488
"clade5","Bird",480,0.187225812936489,0.886936216826199
"clade5","Bird",481,0.426082046448131,0.972562554643504
"clade5","Bird",482,0.743983852415347,1.36696219911548
"clade5","Bird",483,0.748453178974265,1.01981326331681
"clade5","Bird",484,0.353491131691454,1.33024921741105
"clade5","Bird",485,0.693454419870506,1.84304741786629
"clade5","Bird",486,0.789799361335632,1.37639805538133
"clade5","Bird",487,0.28625476917194,0.966875445328099
"clade5","Bird",488,0.223372702072922,1.2213936627918
"clade5","Bird",489,0.133466813764729,0.805218110880601
"clade5","Bird",49,0.639955731851295,2.25447269956213
"clade5","Bird",490,0.602320957564482,1.29666583151535
"clade5","Bird",491,0.182912509548227,0.962388555700289
"clade5","Bird",492,1.50652041118156,1.53735027814332
"clade5","Bird",493,0.19926797847228,1.14076227663171
"clade5","Bird",494,0.918907214432074,0.970830902091583
"clade5","Bird",495,0.160197513322747,0.930393348531354
"clade5","Bird",496,1.64207885423904,1.55683060584047
"clade5","Bird",497,0.297762624866133,1.32276468032842
"clade5","Bird",498,1.53986660955159,2.76800890510836
"clade5","Bird",499,0.140735324637255,0.859410692730732
"clade5","Bird",5,0.294971009633304,1.63209292269609
"clade5","Bird",50,0.251138000469532,1.00059347129574
"clade5","Bird",500,0.908887726131252,1.31232871815729
"clade5","Bird",501,0.136554586307437,0.817889346001822
"clade5","Bird",51,0.880985170139668,2.6015919791432
"clade5","Bird",52,0.328378212160177,1.09866630109289
"clade5","Bird",53,0.692748799739444,1.44773591889205
"clade5","Bird",54,0.259198043486717,1.31180649394135
"clade5","Bird",55,0.585190838588477,1.78100113147823
"clade5","Bird",56,1.02772808088263,2.0076680909079
"clade5","Bird",57,0.287689199697778,1.53421380561045
"clade5","Bird",58,0.994762535667073,1.69442463847843
"clade5","Bird",59,0.263835791894995,1.00977689587201
"clade5","Bird",6,0.887056030638851,2.11265498038612
"clade5","Bird",60,0.203547263437836,1.13834448682472
"clade5","Bird",61,1.01399274036476,1.81696942604706
"clade5","Bird",62,1.21599365267255,2.90753123773267
"clade5","Bird",63,0.237710833391962,1.25947985837025
"clade5","Bird",64,1.18149044917227,2.53861684455242
"clade5","Bird",65,0.751761017483662,2.70460213670962
"clade5","Bird",66,0.523632772047939,1.68299753266664
"clade5","Bird",67,1.01816210342774,1.78298582183047
"clade5","Bird",68,0.482237755410137,1.23793856263231
"clade5","Bird",69,1.00428732032003,2.89417260344518
"clade5","Bird",7,0.522525964448187,1.80644446866805
"clade5","Bird",70,0.223431931855197,1.12974470722305
"clade5","Bird",71,1.12448273656693,2.81095879003142
"clade5","Bird",72,0.675174670098735,2.57229957441387
"clade5","Bird",73,1.0144497869593,2.77495505296106
"clade5","Bird",74,0.238413797194677,1.23825722765294
"clade5","Bird",75,0.221515221662042,1.23962118577172
"clade5","Bird",76,0.397970073278978,1.8464351243192
"clade5","Bird",77,1.13830244962419,2.80579145999619
"clade5","Bird",78,0.1793965041363,0.909257407866618
"clade5","Bird",79,0.378387733299701,1.78638704463115
"clade5","Bird",8,0.346835253947465,1.72133612495111
"clade5","Bird",80,0.641469623502623,1.70848641953283
"clade5","Bird",81,0.575064994702549,2.26551498158776
"clade5","Bird",82,1.27302591097514,3.0716999151445
"clade5","Bird",83,0.486583524924991,1.40354193639857
"clade5","Bird",84,0.972491603141454,1.79186292883417
"clade5","Bird",85,1.19752614481664,2.15902087771882
"clade5","Bird",86,1.16686373784245,2.03054776997111
"clade5","Bird",87,0.393227976231688,1.50078096111983
"clade5","Bird",88,0.608632021152225,2.33187224578692
"clade5","Bird",89,1.303570751343,2.91986712103262
"clade5","Bird",9,0.185252815562628,1.05788167369294
"clade5","Bird",90,0.324228297029707,1.44217262768856
"clade5","Bird",91,0.237264032174369,1.30723347817621
"clade5","Bird",92,0.247334932871831,1.30553606637944
"clade5","Bird",93,0.372599828181758,1.40535788042715
"clade5","Bird",94,0.641168259101313,2.37308605243762
"clade5","Bird",95,0.78927456664727,1.80294619549287
"clade5","Bird",96,0.376535908604218,1.06745933921994
"clade5","Bird",97,0.237654793817299,1.21393351771576
"clade5","Bird",98,0.238904686011864,1.21131028508345
"clade5","Bird",99,0.212931762705754,1.07889722925479
"clade5","Human",1,1.15721405711539,2.89989131708733
"clade5","Human",10,0.266800352711453,1.42406463091525
"clade5","Human",100,0.222249041837217,1.14432323969156
"clade5","Human",101,0.215890749223724,1.12953574785397
"clade5","Human",102,0.217445777759993,1.06425878129513
"clade5","Human",103,0.255684970981144,1.26601814532025
"clade5","Human",104,0.230241501720794,1.25862283948536
"clade5","Human",105,0.236286941889525,1.29503864668625
"clade5","Human",106,0.287204995772931,1.39290075062327
"clade5","Human",107,0.264916259193909,1.39220478393235
"clade5","Human",108,0.261606089375915,1.42030090210107
"clade5","Human",109,0.266169068431182,1.3486728328779
"clade5","Human",11,0.227633051532018,1.25868772892829
"clade5","Human",110,0.274988840705993,1.45972143109963
"clade5","Human",111,0.182495479537403,1.06127915589481
"clade5","Human",112,0.478543160467678,1.60968694124795
"clade5","Human",113,0.403709738351867,1.46073539488306
"clade5","Human",114,0.825231707982086,2.47216890563353
"clade5","Human",115,0.2942958753489,1.5773648211865
"clade5","Human",116,0.195078776697403,1.0987467491512
"clade5","Human",117,0.377969959171818,1.68808284610754
"clade5","Human",118,0.524109737124712,1.8747419485164
"clade5","Human",119,0.281482287510845,1.51283950820698
"clade5","Human",12,0.801236012532569,2.72261402452621
"clade5","Human",120,0.566094637762436,1.79883003718286
"clade5","Human",121,0.201025760028914,1.05771133681364
"clade5","Human",122,0.552063928167701,1.69173411526616
"clade5","Human",123,0.489326129208806,1.91604443768265
"clade5","Human",124,0.434292488145995,1.5056150656925
"clade5","Human",125,0.732754732048464,2.32653634845458
"clade5","Human",126,0.861146382715231,2.48599589884162
"clade5","Human",127,0.18047767262836,1.06867480040191
"clade5","Human",128,0.912211623222174,2.47693894806503
"clade5","Human",129,0.488972030033148,1.41582814695773
"clade5","Human",13,0.26292200375446,1.41139703425263
"clade5","Human",130,0.682643765358765,1.56305341538534
"clade5","Human",131,1.25711655875422,2.28593872429255
"clade5","Human",132,0.92123866564173,2.63056269900628
"clade5","Human",133,0.294963360873479,1.4991705180692
"clade5","Human",134,0.246087577206334,1.27469476013242
"clade5","Human",135,1.05151246378069,2.82689334337053
"clade5","Human",136,0.609823894933299,2.15151003156289
"clade5","Human",137,0.306259474232229,1.58471284601939
"clade5","Human",138,0.989510877818222,2.67860953882209
"clade5","Human",139,0.555458670123323,1.57388481764198
"clade5","Human",14,0.22775082372309,1.36748685106287
"clade5","Human",140,0.628730878562009,1.59680772154989
"clade5","Human",141,0.34023025455253,1.29950993306441
"clade5","Human",142,1.21503033045195,2.79766290875954
"clade5","Human",143,0.2862506946156,1.30913430404533
"clade5","Human",144,0.279161374194004,1.25980498517438
"clade5","Human",146,0.603893450571653,2.38951542327818
"clade5","Human",147,1.76919357905656,3.08014564745532
"clade5","Human",148,0.716271798305574,2.16482041749799
"clade5","Human",149,0.712141205662189,2.08425123843885
"clade5","Human",15,0.456550393578645,1.6308117025293
"clade5","Human",150,0.878314264096432,2.44440578455247
"clade5","Human",151,0.835989486581636,1.97492458646124
"clade5","Human",152,1.73272074025863,2.94768610494349
"clade5","Human",153,0.269384504937195,1.4075214279508
"clade5","Human",154,0.264899063119785,1.27998856568048
"clade5","Human",16,0.465660446574957,1.96780645056073
"clade5","Human",163,0.589789385980152,1.36366469340281
"clade5","Human",164,0.894079082621348,1.91937826910708
"clade5","Human",165,0.475312169356945,1.68248062089107
"clade5","Human",166,0.811306929289652,1.90218682541109
"clade5","Human",167,0.697851875374272,2.22445596568482
"clade5","Human",168,0.723744883645498,2.29793884036358
"clade5","Human",169,0.248656252729249,1.22989220936002
"clade5","Human",17,0.252849841955831,1.33620402569886
"clade5","Human",170,0.281740745502122,1.52999948433373
"clade5","Human",171,0.365247456948932,1.54413886693913
"clade5","Human",172,1.02218849768815,2.51354532037789
"clade5","Human",173,0.369592247047715,1.1644181484577
"clade5","Human",174,0.385238107665957,1.2869316061296
"clade5","Human",175,0.43811393343731,1.50418299399525
"clade5","Human",176,0.774264907809322,2.6880145640028
"clade5","Human",177,1.00893933315741,2.82207307066201
"clade5","Human",178,0.957303408611253,2.37922749998779
"clade5","Human",179,0.466430021452008,1.49541623727173
"clade5","Human",18,0.340652311280204,1.33688007022824
"clade5","Human",180,0.24169161984576,1.13419360176291
"clade5","Human",181,1.40892115375193,1.48996149126051
"clade5","Human",182,0.427823084604842,1.36652757594527
"clade5","Human",183,0.254657888349065,1.14653072565073
"clade5","Human",184,0.187237074032657,1.08776477733762
"clade5","Human",185,0.516707082471816,1.45526171465638
"clade5","Human",186,0.350645344185304,1.00359464678181
"clade5","Human",187,0.28280626119748,1.05406421508967
"clade5","Human",188,0.757456775000165,2.43522865438556
"clade5","Human",189,0.532129227949701,1.86442667797161
"clade5","Human",19,0.289188973438719,1.27614477985484
"clade5","Human",190,0.209826910937141,1.08487421884201
"clade5","Human",191,0.766721706347459,1.98776409153556
"clade5","Human",192,0.202439552637797,1.03854849165427
"clade5","Human",193,0.315058021396575,1.61264434251321
"clade5","Human",194,0.718164137066511,1.42307336160894
"clade5","Human",195,0.233304290681233,1.21385633167015
"clade5","Human",196,0.701527639290067,1.48581446095675
"clade5","Human",197,0.214970726089536,0.805566254857377
"clade5","Human",198,1.70709191132145,2.85446141633191
"clade5","Human",199,0.525678068078048,1.7866453652487
"clade5","Human",2,1.74441062614049,3.11227480459385
"clade5","Human",20,0.206969281763777,1.07122325055191
"clade5","Human",200,0.897271904944202,2.6061467902625
"clade5","Human",201,0.983556796981244,2.75465703169913
"clade5","Human",202,0.921049967457936,1.7606756002222
"clade5","Human",203,0.764530041369925,2.64400485017199
"clade5","Human",204,0.638540359159895,1.50901171399838
"clade5","Human",205,0.376084232894716,1.69437635839718
"clade5","Human",206,0.843169157617973,2.78004716833608
"clade5","Human",207,1.1527913410055,2.21656606817493
"clade5","Human",208,0.640105630483236,1.78133996667011
"clade5","Human",209,0.448801753788857,1.89982957767719
"clade5","Human",21,0.441754741145549,2.0371853549394
"clade5","Human",210,0.537503260854227,1.41581387634916
"clade5","Human",211,0.611614285712216,2.50494070510774
"clade5","Human",212,0.308796929000224,1.48752758507552
"clade5","Human",213,0.304620763685635,1.5036274710408
"clade5","Human",214,0.362925678007351,1.62629590919776
"clade5","Human",215,0.447714995710956,1.60443047518227
"clade5","Human",216,0.808328032811936,1.94752148841444
"clade5","Human",217,0.151651416649056,0.914864842871027
"clade5","Human",218,0.26704102635961,1.29014402940388
"clade5","Human",219,0.783676165353665,2.29080600171127
"clade5","Human",22,0.380818619091067,1.76212239137543
"clade5","Human",220,0.1642099661238,0.828928646796487
"clade5","Human",221,0.186960345259361,1.04885701928196
"clade5","Human",222,0.884917642682219,2.55363502814921
"clade5","Human",223,0.202313839740058,1.11235603679581
"clade5","Human",224,0.176126540214923,0.78039858001769
"clade5","Human",225,0.335319800341792,1.64514747375361
"clade5","Human",226,0.662317099563472,2.2547546098615
"clade5","Human",227,0.906601674387494,1.87779494877172
"clade5","Human",228,0.976482557379913,2.12633263771446
"clade5","Human",229,0.655123083775158,1.55927434127947
"clade5","Human",23,0.451430960940561,1.43104374281941
"clade5","Human",230,0.530686013968285,1.91818696996271
"clade5","Human",231,0.684534980799281,1.77358164407157
"clade5","Human",232,0.49927865835653,1.93703734892926
"clade5","Human",233,0.339278151870607,1.7971049391301
"clade5","Human",234,0.868021427810227,2.55766759035858
"clade5","Human",235,0.371310098854736,1.03619590921931
"clade5","Human",236,0.728212822294899,2.15999587886419
"clade5","Human",237,0.457008577830777,1.90566463011227
"clade5","Human",238,0.337165287253068,1.17200498738841
"clade5","Human",239,0.224585486664358,0.857255906167493
"clade5","Human",24,0.274442234187499,1.47589382347709
"clade5","Human",240,0.808906201198539,2.68254635272563
"clade5","Human",241,1.12884612256204,2.1723836385288
"clade5","Human",242,0.330992454745508,1.32207181391266
"clade5","Human",243,1.11803723627452,2.57719488406437
"clade5","Human",244,0.713538923176353,1.65690568130024
"clade5","Human",245,0.678699418186425,1.70104555644784
"clade5","Human",246,0.208936592564111,1.13651243582231
"clade5","Human",247,0.258390647053908,1.1620235413765
"clade5","Human",248,1.05620378862934,2.70672386846576
"clade5","Human",249,0.225329551017364,1.13644279068172
"clade5","Human",25,0.231929750554192,1.28395741168962
"clade5","Human",250,0.296679063110842,1.54159257847152
"clade5","Human",251,1.34785106564585,2.71448654189499
"clade5","Human",252,0.273100632650178,1.36066152767635
"clade5","Human",253,0.74140058855265,2.02718300844254
"clade5","Human",254,0.966670710420617,2.82212298260284
"clade5","Human",255,0.293913673729001,1.52963754737811
"clade5","Human",256,0.256134241956921,1.38824813541951
"clade5","Human",257,0.359825253606141,1.71455382739731
"clade5","Human",258,0.317094739931727,1.6007378776061
"clade5","Human",259,0.412619854444308,1.9142009463159
"clade5","Human",26,0.314105281149894,1.59217388549984
"clade5","Human",260,0.188662195172799,1.08628649366034
"clade5","Human",261,0.404814574550964,1.571068523211
"clade5","Human",262,0.534286623244404,2.33505474242561
"clade5","Human",263,0.331868430428872,1.66607788015454
"clade5","Human",264,0.801967616257069,2.67337239901745
"clade5","Human",265,0.271603889729054,1.3904181500175
"clade5","Human",266,0.268855467557028,1.32000554891604
"clade5","Human",267,0.758884011673466,1.720841534952
"clade5","Human",268,0.244808658935231,1.19866236410243
"clade5","Human",269,0.265358802162565,1.39253790714162
"clade5","Human",27,1.18084353230549,3.02678690835329
"clade5","Human",270,0.958540128749286,1.99141605904747
"clade5","Human",271,1.71778278768801,2.91172185764253
"clade5","Human",272,1.26041701975844,1.50234918270994
"clade5","Human",273,0.526965685053886,1.54298175035804
"clade5","Human",274,1.07078931330819,2.59453385706474
"clade5","Human",275,0.361964257324917,1.38975973793
"clade5","Human",276,0.380420279043812,1.32854096608239
"clade5","Human",277,0.91262423795378,2.53644836052721
"clade5","Human",279,0.961348903407073,2.64008037987241
"clade5","Human",28,1.0179211808405,2.80789123621035
"clade5","Human",280,0.561945088479851,1.38179189118292
"clade5","Human",281,0.307783381049436,1.09515579127574
"clade5","Human",282,0.84431125998521,2.01472261280364
"clade5","Human",283,0.624834055243878,1.58740550425065
"clade5","Human",284,0.190136254079374,0.94741782222125
"clade5","Human",285,0.348284044368678,1.69521635631506
"clade5","Human",286,0.275741853589706,1.44459891445187
"clade5","Human",287,0.292910022355964,1.44220695702974
"clade5","Human",288,0.197144655204542,1.05673542259251
"clade5","Human",289,0.335628142279042,1.59239444821962
"clade5","Human",29,0.302317169979713,1.52517694025639
"clade5","Human",290,0.920480726185273,2.18175579358816
"clade5","Human",291,0.204142648359908,0.737027524482208
"clade5","Human",292,0.276156233843696,1.10217157989563
"clade5","Human",293,0.593268330446726,1.30720746252898
"clade5","Human",294,0.322976622154206,1.33907337905771
"clade5","Human",295,0.327940561263679,1.65005654988731
"clade5","Human",296,0.617203137109421,1.40832189545358
"clade5","Human",297,0.315524601817739,1.49567836908939
"clade5","Human",298,0.276869177347114,1.20280044936243
"clade5","Human",299,0.229519337145662,1.17386810047127
"clade5","Human",3,0.304055509015846,1.62866997265441
"clade5","Human",30,0.184182154913587,1.03340346612841
"clade5","Human",300,1.06690886317854,1.54081547090166
"clade5","Human",301,0.96400620388965,2.90953011693718
"clade5","Human",302,0.280425703657643,1.37791593130277
"clade5","Human",303,0.471668273370131,2.26245454044199
"clade5","Human",304,1.49901959129143,2.8859342324682
"clade5","Human",305,0.253476562297744,1.33239791895601
"clade5","Human",306,0.767251848828066,1.4578420738071
"clade5","Human",307,0.831633368293055,1.82526757867647
"clade5","Human",308,0.702471295430971,1.66179664561578
"clade5","Human",309,0.270060617236505,1.41142905316157
"clade5","Human",31,0.341777847101881,1.58207537640475
"clade5","Human",310,0.608696774145684,2.31979159906048
"clade5","Human",311,0.464524849638746,1.56157845045737
"clade5","Human",312,0.550409117059196,1.56033850242935
"clade5","Human",313,0.416566241778797,1.70382003569802
"clade5","Human",314,1.12721906379949,2.10767558626122
"clade5","Human",315,0.326543692560645,0.966459244739649
"clade5","Human",316,0.261701567952677,1.26785885403169
"clade5","Human",317,0.625404768521655,2.34403321875664
"clade5","Human",318,0.24626864867815,1.35721693550607
"clade5","Human",319,0.903209233803327,2.5116119437523
"clade5","Human",32,0.222918752476801,1.09507845240192
"clade5","Human",320,0.377124832159924,1.74303019869075
"clade5","Human",321,0.257706302386975,1.40033691803866
"clade5","Human",322,0.25251680017177,1.39679392670164
"clade5","Human",323,0.316034026926465,0.952600793496576
"clade5","Human",324,0.427722554244362,1.46749424293651
"clade5","Human",325,0.791196862954404,2.73498533523776
"clade5","Human",326,0.674211412934177,1.45811397418886
"clade5","Human",327,0.469941324811216,1.52516549621361
"clade5","Human",328,0.496083194916526,1.59197736579093
"clade5","Human",329,0.236345913326067,1.25114446843864
"clade5","Human",33,1.14986509760362,1.59122655670092
"clade5","Human",330,0.732110164669714,2.19523417613141
"clade5","Human",331,0.285346410955994,1.47971040227512
"clade5","Human",332,0.594707663579813,2.07914435075419
"clade5","Human",333,0.42076407822426,1.17642201467969
"clade5","Human",334,0.660853706531148,1.80897933642314
"clade5","Human",335,0.211130710632002,1.19711768244009
"clade5","Human",336,0.265433015317584,1.4364875832404
"clade5","Human",337,0.317964541382124,1.65320765665026
"clade5","Human",338,0.549784181165657,1.31191157186461
"clade5","Human",339,0.437297107308706,1.99735310910735
"clade5","Human",34,0.454297164906858,1.90552407149109
"clade5","Human",340,0.824351747379674,1.15189101039647
"clade5","Human",341,0.770567925501149,1.70391612273666
"clade5","Human",342,0.734149668023175,1.74987580113714
"clade5","Human",343,0.561613790799453,1.86750357803144
"clade5","Human",345,0.971407442185545,2.74318069218975
"clade5","Human",346,0.359498747956469,1.22632666291399
"clade5","Human",347,0.597578017373695,1.55937282849365
"clade5","Human",348,0.900398601716736,2.6655100237653
"clade5","Human",349,0.554720931301,1.55033995699273
"clade5","Human",35,1.00272903700159,2.05701959122903
"clade5","Human",350,0.329775133116571,1.26218989723828
"clade5","Human",351,0.782439508435485,1.17641693368579
"clade5","Human",352,1.07137655501764,2.1669741254357
"clade5","Human",354,0.362536333656388,1.65453593218107
"clade5","Human",355,0.261942737055161,1.20927431099422
"clade5","Human",356,0.662345064275596,1.65506310936864
"clade5","Human",357,0.185369667280207,1.02778905521221
"clade5","Human",358,0.41432171428422,1.67080634869844
"clade5","Human",359,0.498771143448495,2.14394462700323
"clade5","Human",36,0.475229392565878,1.83075845693432
"clade5","Human",360,0.246456009978394,1.27708700010909
"clade5","Human",361,0.742864754601395,1.62144572463886
"clade5","Human",362,0.299147788332425,1.40674445794616
"clade5","Human",363,0.879445848452649,2.44083356776706
"clade5","Human",364,0.648141246880345,1.89912132878233
"clade5","Human",365,1.48925099373724,2.55867038029408
"clade5","Human",366,0.533997317038157,1.69340784315105
"clade5","Human",369,0.616337133849467,1.80381990232838
"clade5","Human",37,0.591423447688197,1.93712510751773
"clade5","Human",370,0.944548239519408,1.81550055950795
"clade5","Human",371,0.258297117619935,1.17184006826003
"clade5","Human",372,1.73231827381493,3.11227847315633
"clade5","Human",373,0.238009866421677,1.1182272634462
"clade5","Human",374,0.1895389667333,1.05477363445114
"clade5","Human",375,0.522069453418292,1.25048008731136
"clade5","Human",376,0.157993371877624,0.692282128474838
"clade5","Human",377,0.238217327529315,1.30303384788554
"clade5","Human",378,0.196994803387403,1.05477726677775
"clade5","Human",379,0.212539089800801,1.05428438646642
"clade5","Human",38,0.310546074758492,1.33344141524349
"clade5","Human",380,0.196315702050703,1.12308266909957
"clade5","Human",381,0.430249191846503,1.70551748557373
"clade5","Human",382,0.2492066937679,1.3449301312098
"clade5","Human",383,0.336173014256888,1.61407226354319
"clade5","Human",384,0.302896166444007,1.14826136752935
"clade5","Human",385,0.485235902842956,1.32965041246409
"clade5","Human",386,1.08896900669939,1.34902037245185
"clade5","Human",387,0.201000813344156,1.13539548064572
"clade5","Human",388,0.688877710515091,2.40692505900688
"clade5","Human",389,0.619761901578096,2.11866608677874
"clade5","Human",39,0.188968697559996,1.02805722527269
"clade5","Human",390,0.491588205006889,1.84338581456634
"clade5","Human",391,0.747732996153657,2.26087126933791
"clade5","Human",392,0.472171603416642,1.51771796658761
"clade5","Human",393,1.15461188385201,2.03811514416702
"clade5","Human",394,1.1082091225203,2.81940664174042
"clade5","Human",395,1.15800264753903,2.01918736382169
"clade5","Human",396,0.713652101619112,1.25217748691515
"clade5","Human",397,0.214099846193045,1.09349928288746
"clade5","Human",398,1.30289935882513,1.47317204571176
"clade5","Human",399,0.237327621958096,1.18329551513994
"clade5","Human",4,1.02427242029384,3.00690543108421
"clade5","Human",40,0.177636452234432,0.840249841329879
"clade5","Human",400,1.6220012122813,2.04698446302206
"clade5","Human",401,0.189682732346692,0.890871243682743
"clade5","Human",402,0.262148199766639,1.36139346972149
"clade5","Human",403,0.230765151415653,1.04652299210274
"clade5","Human",404,0.209136117780725,0.9941192048445
"clade5","Human",405,0.197597480845098,1.02694654930478
"clade5","Human",406,0.299645526464401,1.20890062637583
"clade5","Human",407,1.76927605480132,1.52670115625312
"clade5","Human",408,0.166412405059589,0.86729268693448
"clade5","Human",409,1.50935827706551,2.86528810257553
"clade5","Human",41,0.983390353931577,2.45423051671968
"clade5","Human",410,0.27527292170789,1.04814021279388
"clade5","Human",411,0.222167974068386,1.15994673916851
"clade5","Human",412,1.15441936931212,2.74546018611353
"clade5","Human",413,0.758507185311565,2.72205469372115
"clade5","Human",414,0.135506209483158,0.763365680276467
"clade5","Human",415,0.207072099138851,0.939325475331624
"clade5","Human",416,0.760687945639515,2.51618532796275
"clade5","Human",417,0.166014461156832,0.942778778810309
"clade5","Human",418,1.16766509671088,1.96047891426256
"clade5","Human",419,0.362325158718464,1.761011955514
"clade5","Human",42,0.218283075262883,1.17318494600282
"clade5","Human",420,1.37624788004856,2.90612719511891
"clade5","Human",421,0.162060336754833,0.935751243989919
"clade5","Human",422,0.164703913300514,0.960257642493301
"clade5","Human",423,0.40362434128147,1.56034274163115
"clade5","Human",424,0.337337003412278,1.5034054790696
"clade5","Human",425,0.198104127679588,1.11821855979711
"clade5","Human",426,0.152906606929621,0.729976002061542
"clade5","Human",427,0.182628371651719,0.99608549043483
"clade5","Human",428,0.205036245161997,1.18138017263373
"clade5","Human",429,0.237122220846746,1.29497860693892
"clade5","Human",43,0.66745358907013,2.20784748890706
"clade5","Human",430,0.172162418057197,0.992661063776488
"clade5","Human",431,0.354408701508216,1.18270221183232
"clade5","Human",432,0.228474352777791,1.24679006654079
"clade5","Human",433,0.145840899460428,0.837357821232626
"clade5","Human",434,0.161961151993546,0.643738107866287
"clade5","Human",435,0.190435887676461,1.07871111868529
"clade5","Human",436,0.29671759071681,1.34665825037989
"clade5","Human",437,0.153946419756749,0.87509056155608
"clade5","Human",438,0.346051728186565,1.02332816813932
"clade5","Human",439,0.249910960999585,1.31607850057867
"clade5","Human",44,1.19531963266235,2.98342216135709
"clade5","Human",440,0.278276722893635,1.45198140838272
"clade5","Human",441,0.36832174580343,1.07469399291368
"clade5","Human",442,0.264904341856106,1.13334988252533
"clade5","Human",443,0.216397070225317,1.15950857829353
"clade5","Human",444,0.555508722194206,2.24999403871165
"clade5","Human",445,0.190960157379753,0.950992837650443
"clade5","Human",446,0.185741079376742,0.895110859250322
"clade5","Human",447,0.208878844172065,1.17730968480834
"clade5","Human",448,0.63805852858893,2.3045394338765
"clade5","Human",449,0.220260146358334,0.761848725353097
"clade5","Human",45,0.807604560089403,2.50484910071564
"clade5","Human",450,0.639991245300971,1.33685578741273
"clade5","Human",451,0.94016934804977,2.90305478075913
"clade5","Human",452,0.597794091517979,1.65843959556234
"clade5","Human",453,0.521516851903261,0.911892961937399
"clade5","Human",454,0.220406341494197,1.1305379726839
"clade5","Human",455,0.725794563807728,1.23806969916888
"clade5","Human",456,0.212150675590668,1.16916643675342
"clade5","Human",457,0.893322594060914,1.62699562373265
"clade5","Human",458,0.184406483950405,0.922249346734717
"clade5","Human",459,0.21865199721581,1.22649928923686
"clade5","Human",46,0.527600596751189,2.1490759332426
"clade5","Human",460,0.46199050842218,0.981668639096549
"clade5","Human",461,0.790282307601743,1.5630648214549
"clade5","Human",462,0.701752444558599,1.38100644148411
"clade5","Human",463,0.97737716174451,2.58260922933103
"clade5","Human",464,0.549575967872244,1.55786182421256
"clade5","Human",465,0.65920512134496,2.42552636668873
"clade5","Human",466,0.232002062680207,1.2891785645312
"clade5","Human",467,0.570313769212433,1.41235939485125
"clade5","Human",468,0.176542093032291,0.979410569551897
"clade5","Human",469,0.196557872227797,1.1007001720586
"clade5","Human",47,0.89575050977681,2.45567041712623
"clade5","Human",470,0.650315478497384,1.29769028675881
"clade5","Human",471,0.331602819331941,1.64247264329826
"clade5","Human",472,0.646642772934011,1.47268995048253
"clade5","Human",473,0.194892016290293,1.11481659399297
"clade5","Human",474,0.68779303602812,2.50266954138964
"clade5","Human",475,0.287415375023255,1.47059058861141
"clade5","Human",476,0.990686756602894,1.72372972290654
"clade5","Human",477,0.296652666375889,1.51544822732573
"clade5","Human",478,0.777746351375545,2.53384051778703
"clade5","Human",479,1.22551311570217,2.69422155145214
"clade5","Human",48,0.935921500573252,2.79890605606746
"clade5","Human",480,0.241465719730317,1.16956919962585
"clade5","Human",481,0.468936796301031,1.06041638430868
"clade5","Human",482,0.779597549895684,1.54672863606587
"clade5","Human",483,0.739157449994858,1.29190862119132
"clade5","Human",484,0.40150329331962,1.38798073356405
"clade5","Human",485,0.580937227073981,1.61397532394019
"clade5","Human",486,0.636055789486825,1.28662210384985
"clade5","Human",487,0.332418270034574,1.38236686215096
"clade5","Human",488,0.32407654528246,1.61653159658336
"clade5","Human",489,0.138562738946784,0.836705132703955
"clade5","Human",49,0.668812247765503,2.3164414405055
"clade5","Human",490,0.433807214308257,1.10228458685589
"clade5","Human",491,0.187823701467546,0.979719707216577
"clade5","Human",492,1.56252287867266,1.59382704675851
"clade5","Human",493,0.2522222701721,1.35323942959241
"clade5","Human",494,0.863734546192923,1.1253006151581
"clade5","Human",495,0.13419538917422,0.768614575726414
"clade5","Human",496,1.63429852455747,1.58227115456171
"clade5","Human",497,0.226239127922312,1.21803345508388
"clade5","Human",498,1.35188212010386,2.71759309672005
"clade5","Human",499,0.130494811668677,0.804245186029783
"clade5","Human",5,0.32147930661263,1.71905289068649
"clade5","Human",50,0.329156863926779,1.35320719360809
"clade5","Human",500,0.88923468755193,1.43497681713579
"clade5","Human",501,0.110872355904551,0.642812288803184
"clade5","Human",51,0.768832191087857,2.48932963197556
"clade5","Human",52,0.385758986146347,1.21667172011566
"clade5","Human",53,0.717806500342345,1.49719438747183
"clade5","Human",54,0.248913235144149,1.24900771668877
"clade5","Human",55,0.577268547783136,1.63546303452457
"clade5","Human",56,0.921606506017349,1.90089598903286
"clade5","Human",57,0.251526668157463,1.32801616063218
"clade5","Human",58,1.11536785638761,1.95337753480057
"clade5","Human",59,0.352322075396498,1.25933604786027
"clade5","Human",6,0.768417392035594,1.9805318090523
"clade5","Human",60,0.210947292740043,1.17492265282907
"clade5","Human",61,1.04161773354854,1.88700939159795
"clade5","Human",62,1.21730329962641,2.88238889255749
"clade5","Human",63,0.28159390917124,1.43444934345675
"clade5","Human",64,0.916285878971093,2.24209746007692
"clade5","Human",65,0.667392789874743,2.55719936430322
"clade5","Human",66,0.673823549488779,1.84745227736153
"clade5","Human",67,0.721485276438783,1.56700158763769
"clade5","Human",68,0.671750000861212,1.44413515314737
"clade5","Human",69,0.998905340846123,2.7509441638063
"clade5","Human",7,0.497175950712929,1.83352929186292
"clade5","Human",70,0.295128953456092,1.30619321075908
"clade5","Human",71,0.775486624770417,2.3636670549832
"clade5","Human",72,0.587225233389257,2.41980111286396
"clade5","Human",73,1.13847049151077,2.72877701751364
"clade5","Human",74,0.239600225151525,1.29470782889569
"clade5","Human",75,0.212188204109132,1.17886415034877
"clade5","Human",76,0.364906771600815,1.65880798411401
"clade5","Human",77,0.681407716534949,2.40607231389491
"clade5","Human",78,0.196036059616556,0.981831336042749
"clade5","Human",79,0.445811675176166,1.93995764334861
"clade5","Human",8,0.40900609467965,1.87528110388259
"clade5","Human",80,0.488883295635687,1.83091752361416
"clade5","Human",81,0.568089404704237,2.12413063613192
"clade5","Human",82,1.27563164468981,3.01303681301291
"clade5","Human",83,0.585658616794046,1.56290396833831
"clade5","Human",84,1.05993329220701,2.07492015457069
"clade5","Human",85,0.830168538862503,1.94133987377898
"clade5","Human",86,1.63032851046584,2.27415718790649
"clade5","Human",87,0.355406609522392,1.43439667095773
"clade5","Human",88,0.681226075543523,2.2885757920018
"clade5","Human",89,1.28412676090795,2.8292059388367
"clade5","Human",9,0.180798337323835,1.05151760982677
"clade5","Human",90,0.190054943447924,0.953517044708052
"clade5","Human",91,0.278886590841685,1.46942680142846
"clade5","Human",92,0.251835323016126,1.30046393741265
"clade5","Human",93,0.472113365653521,1.66865532871628
"clade5","Human",94,0.846645267563079,2.71220383956732
"clade5","Human",95,0.756562935270909,1.7892033811827
"clade5","Human",96,0.676942803324618,1.14481275896637
"clade5","Human",97,0.259884808854415,1.27054415033864
"clade5","Human",98,0.236978671041063,1.18488630981523
"clade5","Human",99,0.206372503002271,1.05357190047382
"clade5","Mosquito",1,0.881700642686524,2.63619782474633
"clade5","Mosquito",10,0.321458261725654,1.49239906191008
"clade5","Mosquito",100,0.26752991182327,1.32062223837874
"clade5","Mosquito",101,0.278769756952791,1.35332691208967
"clade5","Mosquito",102,0.293719881844144,1.36375284667471
"clade5","Mosquito",103,0.331075658603496,1.49888676787715
"clade5","Mosquito",104,0.29361236419343,1.47158305684369
"clade5","Mosquito",105,0.304389897323807,1.52510064723806
"clade5","Mosquito",106,0.370677761402433,1.67043190802394
"clade5","Mosquito",107,0.350414529477182,1.67029046256382
"clade5","Mosquito",108,0.321810986419581,1.61471846506473
"clade5","Mosquito",109,0.34516992803909,1.58792905444009
"clade5","Mosquito",11,0.333714415778963,1.67767258790861
"clade5","Mosquito",110,0.338592392644762,1.66476539260943
"clade5","Mosquito",111,0.247723597902153,1.3131687358419
"clade5","Mosquito",112,0.52851206912366,1.79912437180874
"clade5","Mosquito",113,0.469450900718568,1.76822411670572
"clade5","Mosquito",114,0.760806389529593,2.56075329884492
"clade5","Mosquito",115,0.368464932000551,1.80207734602513
"clade5","Mosquito",116,0.260262404845302,1.36026799902689
"clade5","Mosquito",117,0.437591485410384,1.80644130200019
"clade5","Mosquito",118,0.530003705708582,2.01141996273829
"clade5","Mosquito",119,0.345960971953709,1.71489689617231
"clade5","Mosquito",12,0.703463501544958,2.40325609565331
"clade5","Mosquito",120,0.579344686702703,1.63862768295581
"clade5","Mosquito",121,0.267257537106284,1.28644779745522
"clade5","Mosquito",122,0.544960790138243,1.72379246205812
"clade5","Mosquito",123,0.468642254277901,1.84637407078175
"clade5","Mosquito",124,0.45534042311858,1.58460703617524
"clade5","Mosquito",125,0.640481424889528,2.33726236984665
"clade5","Mosquito",126,0.701488971529045,2.37161304689384
"clade5","Mosquito",127,0.266996774916155,1.36992389590369
"clade5","Mosquito",128,0.990899186362741,2.52701284286752
"clade5","Mosquito",129,0.583762626930113,1.59853567465602
"clade5","Mosquito",13,0.331368279442819,1.59544885258246
"clade5","Mosquito",130,0.724189127261559,1.75037462254526
"clade5","Mosquito",131,0.787609390338833,2.12274582400787
"clade5","Mosquito",132,0.876099620898814,2.39381201126589
"clade5","Mosquito",133,0.419677550348277,1.89632310497336
"clade5","Mosquito",134,0.391962047968445,1.70698297290682
"clade5","Mosquito",135,0.880818360710623,2.68245556857178
"clade5","Mosquito",136,0.647444547136162,2.23067434077505
"clade5","Mosquito",137,0.349763709382544,1.68795215277584
"clade5","Mosquito",138,0.920222354139969,2.61924748561239
"clade5","Mosquito",139,0.353922812541036,1.34885099091785
"clade5","Mosquito",14,0.292151369841968,1.56929251931908
"clade5","Mosquito",140,0.704405803831559,1.63610357044853
"clade5","Mosquito",141,0.325036704624716,1.21804547322272
"clade5","Mosquito",142,0.816762557294073,2.36741762394078
"clade5","Mosquito",143,0.319393978353553,1.43998173295297
"clade5","Mosquito",144,0.327274929229901,1.41163045428255
"clade5","Mosquito",146,0.648061327547273,2.32560662311578
"clade5","Mosquito",147,1.61467364672165,2.84468980449765
"clade5","Mosquito",148,0.606597110484594,2.13371322294502
"clade5","Mosquito",149,0.754150945229003,2.24288123803103
"clade5","Mosquito",15,0.467332618765628,1.72220907482034
"clade5","Mosquito",150,1.01322099022496,2.49296099202428
"clade5","Mosquito",151,0.678336951798449,1.97063631622265
"clade5","Mosquito",152,0.948214530566628,2.45793600096506
"clade5","Mosquito",153,0.530395505533264,1.95238559140942
"clade5","Mosquito",154,0.606754764044109,2.23835129889086
"clade5","Mosquito",16,0.497951886020106,2.02803814529149
"clade5","Mosquito",163,0.722815175103856,1.83851878013348
"clade5","Mosquito",164,0.899685556951798,2.06372537954075
"clade5","Mosquito",165,0.576452061504003,1.91448809536879
"clade5","Mosquito",166,0.744052562057127,2.01202733821162
"clade5","Mosquito",167,0.628970448286338,2.19063092216536
"clade5","Mosquito",168,0.771327958002106,2.0214310291686
"clade5","Mosquito",169,0.254036035918602,1.30673512886344
"clade5","Mosquito",17,0.30238592131127,1.47984771055841
"clade5","Mosquito",170,0.38241480556814,1.77519674785705
"clade5","Mosquito",171,0.496935358993972,1.85486804879549
"clade5","Mosquito",172,0.832365283503791,2.25377482443408
"clade5","Mosquito",173,0.37865897796224,1.44653407325193
"clade5","Mosquito",174,0.322056427371122,1.35045244451501
"clade5","Mosquito",175,0.474606065954775,1.5837165076399
"clade5","Mosquito",176,0.685604328780148,2.47999797378414
"clade5","Mosquito",177,1.1308004233518,2.84449268882311
"clade5","Mosquito",178,0.633240881690945,2.24690444931899
"clade5","Mosquito",179,0.470185041407598,1.50582030020633
"clade5","Mosquito",18,0.323559003794209,1.45440266090132
"clade5","Mosquito",180,0.283136124150878,1.23234547017204
"clade5","Mosquito",181,0.956178862157448,1.48204531997604
"clade5","Mosquito",182,0.462763640177058,1.50824735281739
"clade5","Mosquito",183,0.288243655674381,1.26406889980296
"clade5","Mosquito",184,0.225397578130011,1.24582684321852
"clade5","Mosquito",185,0.490774012806772,1.26870031465558
"clade5","Mosquito",186,0.374880346316887,1.18344170238895
"clade5","Mosquito",187,0.318923242348511,1.12634477935593
"clade5","Mosquito",188,0.656467973979077,2.28972739287571
"clade5","Mosquito",189,0.487445327166595,1.90441071472725
"clade5","Mosquito",19,0.302520604733401,1.40157927687873
"clade5","Mosquito",190,0.256913366284001,1.2734957014503
"clade5","Mosquito",191,0.766296663523388,1.85298671301792
"clade5","Mosquito",192,0.284030061617423,1.31014139928181
"clade5","Mosquito",193,0.469357570436799,1.99095098667433
"clade5","Mosquito",194,0.644423746768953,1.54387209807844
"clade5","Mosquito",195,0.316861552793143,1.47029481840113
"clade5","Mosquito",196,0.80261846788019,1.75494977948466
"clade5","Mosquito",197,0.318626739241456,1.14334822929805
"clade5","Mosquito",198,1.20169924580874,2.64009058096342
"clade5","Mosquito",199,0.539340327429119,1.68540795744314
"clade5","Mosquito",2,1.14763853891617,2.843197863969
"clade5","Mosquito",20,0.269829116681315,1.29630672766256
"clade5","Mosquito",200,0.821837663058806,2.3442226691406
"clade5","Mosquito",201,0.819242949387252,2.51954393470598
"clade5","Mosquito",202,0.644517424560697,1.84570366992072
"clade5","Mosquito",203,0.740373192261619,2.52507010835989
"clade5","Mosquito",204,0.637285914138397,1.67491084922395
"clade5","Mosquito",205,0.410608125709023,1.8345933530938
"clade5","Mosquito",206,0.911998823295074,2.75292986209088
"clade5","Mosquito",207,0.77284311006178,1.99422694554258
"clade5","Mosquito",208,0.583382175054843,1.73777216614091
"clade5","Mosquito",209,0.454267798921943,1.87368903325153
"clade5","Mosquito",21,0.440034888109665,1.96863408669143
"clade5","Mosquito",210,0.51561064379228,1.48549446162451
"clade5","Mosquito",211,0.608975380884192,2.35853075685502
"clade5","Mosquito",212,0.342511690688817,1.56622662431452
"clade5","Mosquito",213,0.328757115969583,1.50745387226843
"clade5","Mosquito",214,0.567990746323517,2.07842213153024
"clade5","Mosquito",215,0.459895108955797,1.86049850541626
"clade5","Mosquito",216,0.781976942985926,1.9932551261514
"clade5","Mosquito",217,0.232144321837403,1.24212473338321
"clade5","Mosquito",218,0.384522981708315,1.62522394629995
"clade5","Mosquito",219,0.844200365409574,2.34013828089443
"clade5","Mosquito",22,0.390419652353673,1.75683812090753
"clade5","Mosquito",220,0.226089688433036,1.09519002474256
"clade5","Mosquito",221,0.251105227218146,1.30510596739155
"clade5","Mosquito",222,1.02179083026898,2.58586601511659
"clade5","Mosquito",223,0.276681190888728,1.3905092549356
"clade5","Mosquito",224,0.218709857464381,0.988752848070953
"clade5","Mosquito",225,0.450645564658475,1.95950877406192
"clade5","Mosquito",226,0.662457186175342,2.1275190320566
"clade5","Mosquito",227,0.579124332444603,1.80593924227106
"clade5","Mosquito",228,1.02110790926655,2.15233085294029
"clade5","Mosquito",229,0.676217680266399,1.70442972799089
"clade5","Mosquito",23,0.474421550165986,1.48538755149467
"clade5","Mosquito",230,0.476420132426165,1.83341475807907
"clade5","Mosquito",231,0.555549582210108,1.57808453514312
"clade5","Mosquito",232,0.564418829396017,1.96696509757044
"clade5","Mosquito",233,0.345875393492176,1.70752232454394
"clade5","Mosquito",234,0.817234725361344,2.39255107351675
"clade5","Mosquito",235,0.364903180830459,1.02960682738454
"clade5","Mosquito",236,0.77181235764537,2.15132015403993
"clade5","Mosquito",237,0.483198700668233,1.97486229140485
"clade5","Mosquito",238,0.380271999544822,1.37148329618472
"clade5","Mosquito",239,0.236731973663442,0.998258495300113
"clade5","Mosquito",24,0.37301255062706,1.7731312980322
"clade5","Mosquito",240,0.77291221015366,2.57417679616291
"clade5","Mosquito",241,1.02074775410651,2.03234585388291
"clade5","Mosquito",242,0.376848382023774,1.62828295291559
"clade5","Mosquito",243,1.20229711007865,2.59782525088612
"clade5","Mosquito",244,0.638893520190704,1.73024282823009
"clade5","Mosquito",245,0.531765475915854,1.82024370075681
"clade5","Mosquito",246,0.245858867486987,1.27314745201569
"clade5","Mosquito",247,0.302740033502254,1.35451970231859
"clade5","Mosquito",248,1.1359778497383,2.70249291207107
"clade5","Mosquito",249,0.247817043019765,1.2364866767277
"clade5","Mosquito",25,0.288970579173403,1.49834514623749
"clade5","Mosquito",250,0.387867727192698,1.81548208637457
"clade5","Mosquito",251,0.843519558299789,2.43269295415598
"clade5","Mosquito",252,0.364347556202513,1.64789088936076
"clade5","Mosquito",253,0.834349168496136,2.22511942625461
"clade5","Mosquito",254,0.956036450938662,2.74502143512974
"clade5","Mosquito",255,0.414001936154152,1.90471057595926
"clade5","Mosquito",256,0.329852910974227,1.6592096345742
"clade5","Mosquito",257,0.447540047489171,1.92885356730221
"clade5","Mosquito",258,0.510139518524782,2.05266080842757
"clade5","Mosquito",259,0.488123176916766,2.03754324194737
"clade5","Mosquito",26,0.447223038016918,1.94257328082682
"clade5","Mosquito",260,0.237854657204953,1.28500861837596
"clade5","Mosquito",261,0.564382488427302,2.11456463102151
"clade5","Mosquito",262,0.674824525785332,2.35642629938717
"clade5","Mosquito",263,0.437656144602275,1.95029103439115
"clade5","Mosquito",264,0.81764165548428,2.60352939669258
"clade5","Mosquito",265,0.357667043220314,1.64184356546993
"clade5","Mosquito",266,0.33764056566377,1.55406814130637
"clade5","Mosquito",267,0.746384884882231,1.86234011712249
"clade5","Mosquito",268,0.313158742312012,1.44616926825307
"clade5","Mosquito",269,0.352709119349946,1.69337768361099
"clade5","Mosquito",27,0.978861848195339,2.75601625489754
"clade5","Mosquito",270,0.908326706481427,1.93335798506707
"clade5","Mosquito",271,1.4234923070375,2.79168232119199
"clade5","Mosquito",272,1.38006767013649,1.62278137934197
"clade5","Mosquito",273,0.573650841857485,1.56247827423547
"clade5","Mosquito",274,0.69470351256689,2.2653014933402
"clade5","Mosquito",275,0.418277784739201,1.59366188708078
"clade5","Mosquito",276,0.362135369868708,1.43524359616148
"clade5","Mosquito",277,0.86170489368585,2.47267732338572
"clade5","Mosquito",279,1.00541618961179,2.5548490815641
"clade5","Mosquito",28,1.06053717541517,2.81919072909134
"clade5","Mosquito",280,0.53955377441473,1.47017741178807
"clade5","Mosquito",281,0.293949591936711,1.16465241074767
"clade5","Mosquito",282,0.848275846618775,2.02996463424084
"clade5","Mosquito",283,0.562223993482656,1.54254427597229
"clade5","Mosquito",284,0.272597898121785,1.22894638968975
"clade5","Mosquito",285,0.41900431008979,1.84972124295079
"clade5","Mosquito",286,0.307893556400887,1.54550762676352
"clade5","Mosquito",287,0.379482712332401,1.66311753513574
"clade5","Mosquito",288,0.264015409993568,1.3023340013154
"clade5","Mosquito",289,0.347783800063473,1.55911313827609
"clade5","Mosquito",29,0.374591195466335,1.75570741003147
"clade5","Mosquito",290,0.675138677460614,1.82139713835571
"clade5","Mosquito",291,0.263319338270364,1.00372278525812
"clade5","Mosquito",292,0.339317238979105,1.24077301230116
"clade5","Mosquito",293,0.66141889705529,1.37529695761791
"clade5","Mosquito",294,0.395015350240048,1.57691367863729
"clade5","Mosquito",295,0.383976621228041,1.78931516833585
"clade5","Mosquito",296,0.504828182471154,1.36869342186749
"clade5","Mosquito",297,0.424561768776909,1.75273161584108
"clade5","Mosquito",298,0.334952811026003,1.41984347119331
"clade5","Mosquito",299,0.300113013958991,1.42423962187846
"clade5","Mosquito",3,0.349295144427362,1.73676711938873
"clade5","Mosquito",30,0.231994070423985,1.23636264202627
"clade5","Mosquito",300,1.07077118615424,1.68255018424085
"clade5","Mosquito",301,0.930271693656649,2.81187217155974
"clade5","Mosquito",302,0.338779015362576,1.54780720470652
"clade5","Mosquito",303,0.463917254182675,2.14826201965687
"clade5","Mosquito",304,1.05955271224607,2.71638335805293
"clade5","Mosquito",305,0.331677492863409,1.59873687752675
"clade5","Mosquito",306,0.752357326904907,1.73153679168042
"clade5","Mosquito",307,0.875591638737935,1.93270192339615
"clade5","Mosquito",308,0.623529398574652,1.7613022497804
"clade5","Mosquito",309,0.335591089111747,1.62777214837349
"clade5","Mosquito",31,0.387720673602061,1.69412299958958
"clade5","Mosquito",310,0.572182995984068,2.20235436171175
"clade5","Mosquito",311,0.530129237525396,1.62585230377485
"clade5","Mosquito",312,0.531367862383921,1.89277460286088
"clade5","Mosquito",313,0.747888994555667,2.25620157607013
"clade5","Mosquito",314,1.27224517614109,2.09745506073333
"clade5","Mosquito",315,0.431724681668926,1.20456795826808
"clade5","Mosquito",316,0.317272500182554,1.43675274999508
"clade5","Mosquito",317,0.667047329381353,2.39647112367867
"clade5","Mosquito",318,0.299671094705576,1.53481096629162
"clade5","Mosquito",319,0.931239266134217,2.48106652446009
"clade5","Mosquito",32,0.265927925608241,1.25921822164362
"clade5","Mosquito",320,0.474481258351879,1.96793155324885
"clade5","Mosquito",321,0.353933267448934,1.71621090709125
"clade5","Mosquito",322,0.310813395674736,1.57215646946563
"clade5","Mosquito",323,0.321511312953039,1.03631221570893
"clade5","Mosquito",324,0.439359721150616,1.56615015397202
"clade5","Mosquito",325,0.718955904023855,2.60761442630277
"clade5","Mosquito",326,0.521209762161011,1.67157817436911
"clade5","Mosquito",327,0.588785781679491,1.69907778737769
"clade5","Mosquito",328,0.516227615585897,1.76548500893821
"clade5","Mosquito",329,0.30557857538306,1.45803847390333
"clade5","Mosquito",33,1.0968114782596,1.65924383666959
"clade5","Mosquito",330,0.688039109962307,2.10744235305843
"clade5","Mosquito",331,0.333867463303918,1.59820439912328
"clade5","Mosquito",332,0.535410904395142,1.93522200866319
"clade5","Mosquito",333,0.461424660050839,1.34019182811265
"clade5","Mosquito",334,0.61945946922195,1.84658517818992
"clade5","Mosquito",335,0.269040673578087,1.4196871264688
"clade5","Mosquito",336,0.329724961036678,1.62967435157202
"clade5","Mosquito",337,0.398507098847812,1.87128358283118
"clade5","Mosquito",338,0.50097591831867,1.42896351181131
"clade5","Mosquito",339,0.462358764804927,2.00614818788057
"clade5","Mosquito",34,0.481912032652343,1.97903375579244
"clade5","Mosquito",340,0.807516839699376,1.26337494933788
"clade5","Mosquito",341,0.570344316412186,1.60015938267581
"clade5","Mosquito",342,0.673799989063861,1.6372530420212
"clade5","Mosquito",343,0.573661467038968,1.92011980042833
"clade5","Mosquito",345,0.899575500494602,2.61073797114841
"clade5","Mosquito",346,0.370732979123143,1.34645991505324
"clade5","Mosquito",347,0.487237515168754,1.50167263493084
"clade5","Mosquito",348,0.746958436026326,2.38157201378823
"clade5","Mosquito",349,0.529401831576325,1.48000212480045
"clade5","Mosquito",35,1.0108978994721,2.14166220568443
"clade5","Mosquito",350,0.278537769489027,1.23507099214287
"clade5","Mosquito",351,0.672595947784072,1.26985907983006
"clade5","Mosquito",352,0.786931230682325,1.83979311516017
"clade5","Mosquito",354,0.4273164197695,1.80103434931845
"clade5","Mosquito",355,0.351464260911342,1.43764745003596
"clade5","Mosquito",356,0.752475661541795,1.87346514854911
"clade5","Mosquito",357,0.246005036122847,1.27226496574003
"clade5","Mosquito",358,0.461908091264919,1.72504246020691
"clade5","Mosquito",359,0.498930925918842,2.10890487985871
"clade5","Mosquito",36,0.486844713731514,1.81061587997909
"clade5","Mosquito",360,0.270678064504432,1.31280463714596
"clade5","Mosquito",361,0.703453829355977,1.55679905995637
"clade5","Mosquito",362,0.310593538425857,1.46084162473225
"clade5","Mosquito",363,0.940978080327896,2.45911916505972
"clade5","Mosquito",364,0.63907351917679,1.90387649707704
"clade5","Mosquito",365,1.65157776753532,2.59784452856494
"clade5","Mosquito",366,0.501174705237167,1.61204265056855
"clade5","Mosquito",369,0.672023962751196,1.7997427621891
"clade5","Mosquito",37,0.499249172334502,1.70945058207947
"clade5","Mosquito",370,1.13790858885977,1.91074135180894
"clade5","Mosquito",371,0.271492856236108,1.23494472513202
"clade5","Mosquito",372,1.52129728027114,2.84542873442782
"clade5","Mosquito",373,0.295377421661852,1.310811269141
"clade5","Mosquito",374,0.255715191728066,1.33092151022849
"clade5","Mosquito",375,0.572420263794162,1.40315365489643
"clade5","Mosquito",376,0.232087500080732,1.03533140796833
"clade5","Mosquito",377,0.311262912296192,1.57588016095734
"clade5","Mosquito",378,0.299812553679874,1.42551649659363
"clade5","Mosquito",379,0.334706629672619,1.52297052888125
"clade5","Mosquito",38,0.391024225967375,1.59354165409483
"clade5","Mosquito",380,0.252263162576372,1.33562379159123
"clade5","Mosquito",381,0.44934789072275,1.86540211925604
"clade5","Mosquito",382,0.275920174040993,1.37188158377984
"clade5","Mosquito",383,0.381607206729387,1.71989360383081
"clade5","Mosquito",384,0.297986195513291,1.13769351067157
"clade5","Mosquito",385,0.452584371513069,1.45232720908332
"clade5","Mosquito",386,1.0364037254062,1.51133044666928
"clade5","Mosquito",387,0.249065565990633,1.30129771690109
"clade5","Mosquito",388,0.64628594822241,2.33244084237595
"clade5","Mosquito",389,0.546646102076565,1.96310857424553
"clade5","Mosquito",39,0.231269225923287,1.21703466312374
"clade5","Mosquito",390,0.493547960168373,1.85728347009969
"clade5","Mosquito",391,0.743999231545185,2.30017544961723
"clade5","Mosquito",392,0.656700895976746,1.63065213727323
"clade5","Mosquito",393,0.891484139639892,1.91257145795919
"clade5","Mosquito",394,1.11331315013752,2.74676072466502
"clade5","Mosquito",395,1.02430836812504,1.94740386805683
"clade5","Mosquito",396,0.598653901198596,1.31484800267285
"clade5","Mosquito",397,0.302298975299992,1.43226349246759
"clade5","Mosquito",398,1.17764947542371,1.57966949208252
"clade5","Mosquito",399,0.266714178385398,1.21562255700417
"clade5","Mosquito",4,0.898350469036326,2.8322848657252
"clade5","Mosquito",40,0.246301165175808,1.13009978682319
"clade5","Mosquito",400,1.38413209873309,2.0134887234126
"clade5","Mosquito",401,0.26109705559855,1.18203657509151
"clade5","Mosquito",402,0.31829272764627,1.52823954668581
"clade5","Mosquito",403,0.306809141051223,1.29947969210986
"clade5","Mosquito",404,0.28676022641307,1.23851015560054
"clade5","Mosquito",405,0.272567296096522,1.32417814667896
"clade5","Mosquito",406,0.340282260041669,1.35533054861098
"clade5","Mosquito",407,1.26828218452711,1.61901536667108
"clade5","Mosquito",408,0.242343767779941,1.12195641296335
"clade5","Mosquito",409,1.01275868934305,2.65003601127733
"clade5","Mosquito",41,0.761946208241466,2.35562150319194
"clade5","Mosquito",410,0.307300039298009,1.16694877447349
"clade5","Mosquito",411,0.29045017396215,1.42385075130425
"clade5","Mosquito",412,0.881249953620055,2.37800194438505
"clade5","Mosquito",413,0.793028771935133,2.62038961506128
"clade5","Mosquito",414,0.185410792329999,0.988418710144592
"clade5","Mosquito",415,0.273081891099122,1.25462831359755
"clade5","Mosquito",416,0.729519126807513,2.56707249611003
"clade5","Mosquito",417,0.234645321518593,1.24952536742296
"clade5","Mosquito",418,1.31309276438484,2.10459422439215
"clade5","Mosquito",419,0.396822236172506,1.84383123158786
"clade5","Mosquito",42,0.28273834238345,1.43955703160017
"clade5","Mosquito",420,1.17729138766169,2.75085498431813
"clade5","Mosquito",421,0.243840633186022,1.28617723217039
"clade5","Mosquito",422,0.250472530117833,1.31405750441809
"clade5","Mosquito",423,0.450574600636084,1.77211281877742
"clade5","Mosquito",424,0.447266203254885,1.84710275639769
"clade5","Mosquito",425,0.275860230125832,1.42872743648848
"clade5","Mosquito",426,0.205942735781627,0.974934795975267
"clade5","Mosquito",427,0.225027378732408,1.14116861085895
"clade5","Mosquito",428,0.296003576110855,1.52370108293456
"clade5","Mosquito",429,0.358759968222887,1.72145171340687
"clade5","Mosquito",43,0.58549938387317,2.18429238457045
"clade5","Mosquito",430,0.250593092508836,1.33124591741014
"clade5","Mosquito",431,0.410364109920299,1.4252989247794
"clade5","Mosquito",432,0.346660982925948,1.66879350971828
"clade5","Mosquito",433,0.223200867539305,1.20349353427823
"clade5","Mosquito",434,0.235936126528771,0.921168998434933
"clade5","Mosquito",435,0.277019682399101,1.43335810899058
"clade5","Mosquito",436,0.34870572687315,1.5422693789691
"clade5","Mosquito",437,0.208789919450428,1.13216210881081
"clade5","Mosquito",438,0.320464600137605,1.1611889283807
"clade5","Mosquito",439,0.405286625529392,1.84201331628709
"clade5","Mosquito",44,1.18172542603208,2.86615942743278
"clade5","Mosquito",440,0.440682473501516,1.92835836991719
"clade5","Mosquito",441,0.369468480458237,1.20755573532563
"clade5","Mosquito",442,0.275943674300513,1.23399155275971
"clade5","Mosquito",443,0.299657252754893,1.45312396182434
"clade5","Mosquito",444,0.579845831368385,2.23863845991289
"clade5","Mosquito",445,0.247455447115676,1.19249296790767
"clade5","Mosquito",446,0.222869514873229,1.06655718318188
"clade5","Mosquito",447,0.35822257723514,1.73489025877967
"clade5","Mosquito",448,0.557713477026819,2.20549088242718
"clade5","Mosquito",449,0.259967432349449,0.9759759306916
"clade5","Mosquito",45,0.892907335521143,2.53949580515811
"clade5","Mosquito",450,0.74582906475612,1.59622572359416
"clade5","Mosquito",451,0.928351037470083,2.68162064481239
"clade5","Mosquito",452,0.55155273306776,1.6970271402647
"clade5","Mosquito",453,0.455129983912169,1.10494407438858
"clade5","Mosquito",454,0.265623113568167,1.24999232509824
"clade5","Mosquito",455,0.815240622419634,1.75374205201851
"clade5","Mosquito",456,0.318064135297644,1.56977106594769
"clade5","Mosquito",457,0.796695975492421,1.6740737172488
"clade5","Mosquito",458,0.243633480332822,1.16671953736903
"clade5","Mosquito",459,0.27155946543228,1.40312405549016
"clade5","Mosquito",46,0.501001004859639,1.91443396689433
"clade5","Mosquito",460,0.500237501374967,1.19817701985459
"clade5","Mosquito",461,0.805004606891616,1.79949819247143
"clade5","Mosquito",462,0.699130544357135,1.61331792426398
"clade5","Mosquito",463,0.912433334189227,2.45778692800537
"clade5","Mosquito",464,0.516398646217126,1.80303654213475
"clade5","Mosquito",465,0.742254834815583,2.34769972475612
"clade5","Mosquito",466,0.302925945832539,1.51638485496111
"clade5","Mosquito",467,0.533915903225977,1.381003298404
"clade5","Mosquito",468,0.26000950431248,1.42241858447704
"clade5","Mosquito",469,0.262741320484205,1.39085115843547
"clade5","Mosquito",47,0.843084653292127,2.43145158864606
"clade5","Mosquito",470,0.596754723579222,1.32619064523235
"clade5","Mosquito",471,0.377249763067078,1.70697384876321
"clade5","Mosquito",472,0.72351803004394,1.74152239825787
"clade5","Mosquito",473,0.235315680108551,1.28742514998921
"clade5","Mosquito",474,0.62901196611672,2.31007137802798
"clade5","Mosquito",475,0.384299892673022,1.76788209717522
"clade5","Mosquito",476,1.00032300135641,1.8068122863528
"clade5","Mosquito",477,0.319883067109051,1.58394471203826
"clade5","Mosquito",478,0.809180713730093,2.5594421278742
"clade5","Mosquito",479,1.09654569181448,2.79008642524641
"clade5","Mosquito",48,0.954726778214795,2.73413616754194
"clade5","Mosquito",480,0.327747412013561,1.4834125674441
"clade5","Mosquito",481,0.56233853879864,1.33471471682583
"clade5","Mosquito",482,0.828384863259302,1.90540337855431
"clade5","Mosquito",483,0.574003667878412,1.28936310373884
"clade5","Mosquito",484,0.445901844034693,1.60667011425106
"clade5","Mosquito",485,0.645241002503166,1.78622429879584
"clade5","Mosquito",486,0.657234992666179,1.57657329665812
"clade5","Mosquito",487,0.294798231592743,1.18881942865747
"clade5","Mosquito",488,0.385516991873343,1.78453073044144
"clade5","Mosquito",489,0.207111994353973,1.15138284657308
"clade5","Mosquito",49,0.530931429967954,2.09725228919429
"clade5","Mosquito",490,0.438726168484822,1.3172552510696
"clade5","Mosquito",491,0.254514838484369,1.2577329311947
"clade5","Mosquito",492,1.16375424062059,1.6800995853774
"clade5","Mosquito",493,0.326730185302561,1.5900609719253
"clade5","Mosquito",494,0.720442057069025,1.31859321172565
"clade5","Mosquito",495,0.225763278377278,1.19895625128326
"clade5","Mosquito",496,1.22576476835766,1.64205755827786
"clade5","Mosquito",497,0.238364575913581,1.25538760776722
"clade5","Mosquito",498,0.958818298827477,2.48138106716174
"clade5","Mosquito",499,0.163270938809275,0.965726869435125
"clade5","Mosquito",5,0.366549888623005,1.82590065269737
"clade5","Mosquito",50,0.352570153959945,1.43699920525416
"clade5","Mosquito",500,0.87165105410872,1.61688184074264
"clade5","Mosquito",501,0.161274024640897,0.923336073057914
"clade5","Mosquito",51,0.85028705316787,2.52955462530089
"clade5","Mosquito",52,0.335055991967484,1.13978635610141
"clade5","Mosquito",53,0.671873372408431,1.56896231005631
"clade5","Mosquito",54,0.374477117094528,1.65260318485242
"clade5","Mosquito",55,0.625451274753415,1.62723152164689
"clade5","Mosquito",56,0.93397052209436,2.12977647532282
"clade5","Mosquito",57,0.301579275155164,1.50125563344324
"clade5","Mosquito",58,1.04307281616409,1.99822089285874
"clade5","Mosquito",59,0.378432964707562,1.39196718738965
"clade5","Mosquito",6,0.787211626576806,2.10438670241887
"clade5","Mosquito",60,0.2717893559826,1.40459019648137
"clade5","Mosquito",61,1.03656995633066,1.87005653628583
"clade5","Mosquito",62,1.00305436442328,2.69944769225117
"clade5","Mosquito",63,0.342600132906893,1.60505368735703
"clade5","Mosquito",64,1.09818570709355,2.37146919032273
"clade5","Mosquito",65,0.67065231957486,2.50167986422511
"clade5","Mosquito",66,0.62915921040849,2.04200306686446
"clade5","Mosquito",67,0.919270164560445,1.6636772546291
"clade5","Mosquito",68,0.605792455387154,1.5932454584275
"clade5","Mosquito",69,1.00964546535566,2.6647422638413
"clade5","Mosquito",7,0.591858922672068,1.99441434464907
"clade5","Mosquito",70,0.382550239491602,1.58271665155637
"clade5","Mosquito",71,0.660825771649722,2.34998675247797
"clade5","Mosquito",72,0.758500995209685,2.5288306708839
"clade5","Mosquito",73,1.11211956736803,2.69964033603002
"clade5","Mosquito",74,0.303775920130583,1.48407701829852
"clade5","Mosquito",75,0.276144583929355,1.42873075557755
"clade5","Mosquito",76,0.467565891437776,1.97117623518984
"clade5","Mosquito",77,0.813972441184733,2.53631995181676
"clade5","Mosquito",78,0.255430166473489,1.22934828801755
"clade5","Mosquito",79,0.498610634969661,2.00363177760153
"clade5","Mosquito",8,0.455690886451554,1.98862519945219
"clade5","Mosquito",80,0.520501268337288,1.805217724462
"clade5","Mosquito",81,0.613413163173685,2.02317339675791
"clade5","Mosquito",82,1.21546298998018,2.870839970843
"clade5","Mosquito",83,0.559381519255459,1.48504128120763
"clade5","Mosquito",84,1.02337110501695,2.29020594975299
"clade5","Mosquito",85,0.963249747974744,1.97621835980738
"clade5","Mosquito",86,1.14666816495992,2.14670808128811
"clade5","Mosquito",87,0.411132851425615,1.61027450204332
"clade5","Mosquito",88,0.665212148187937,2.2062125701015
"clade5","Mosquito",89,0.910942300118756,2.61404743106842
"clade5","Mosquito",9,0.239426282558935,1.27910783407611
"clade5","Mosquito",90,0.337911960032928,1.55934447806766
"clade5","Mosquito",91,0.362580256484626,1.72850089585615
"clade5","Mosquito",92,0.319673074916218,1.52281163808434
"clade5","Mosquito",93,0.452915339118779,1.75076587590715
"clade5","Mosquito",94,0.784812588231887,2.46668909430918
"clade5","Mosquito",95,0.697658414758438,1.85274729648378
"clade5","Mosquito",96,0.399397805335821,1.23646276517329
"clade5","Mosquito",97,0.347762085816757,1.57369312828635
"clade5","Mosquito",98,0.294966361747301,1.39136973667032
"clade5","Mosquito",99,0.27754979885234,1.32820065993212
"clade6","Bird",1,0.862332567708889,2.84396228056243
"clade6","Bird",10,0.297806407427811,1.58838090193776
"clade6","Bird",100,0.228132612147431,1.25878948161184
"clade6","Bird",101,0.21338761003676,1.20105455125611
"clade6","Bird",102,0.241147891790361,1.31269368486639
"clade6","Bird",103,0.273083658379434,1.43177831832107
"clade6","Bird",104,0.247456204475905,1.33446671838485
"clade6","Bird",105,0.250643848888172,1.34965472695439
"clade6","Bird",106,0.270988539467844,1.23919074712226
"clade6","Bird",107,0.258189557420305,1.36976377539371
"clade6","Bird",108,0.237334486901896,1.2976772472546
"clade6","Bird",109,0.268165176100444,1.41952735243067
"clade6","Bird",11,0.292637379401856,1.56738978488136
"clade6","Bird",110,0.485419278143818,1.06812369243366
"clade6","Bird",111,0.190775843087929,1.110289363637
"clade6","Bird",112,0.39178699806002,1.53235321882134
"clade6","Bird",113,0.424780980043779,1.22229344375983
"clade6","Bird",114,0.369840189256224,1.19816089777947
"clade6","Bird",115,0.239066827704391,1.34315010387142
"clade6","Bird",116,0.197447723073881,1.12087708831351
"clade6","Bird",117,0.307694953519494,1.02390380694339
"clade6","Bird",118,0.327675569811585,1.6648467146417
"clade6","Bird",119,0.230975750470565,1.29976991432885
"clade6","Bird",12,0.837979287498185,2.83693951834446
"clade6","Bird",120,0.581655266155939,2.09435906017838
"clade6","Bird",121,0.223409172030584,1.25219925987782
"clade6","Bird",122,0.305382678381775,1.47183552230105
"clade6","Bird",123,0.666449326235919,2.38594510905619
"clade6","Bird",124,0.464655392924636,1.67786390056945
"clade6","Bird",125,1.16496683258042,2.95670579259416
"clade6","Bird",126,0.771444388096086,2.550439416198
"clade6","Bird",127,0.174032102221905,1.04388182427759
"clade6","Bird",128,0.786833941427873,2.6813478242002
"clade6","Bird",129,0.388657506722945,1.77176334099485
"clade6","Bird",13,0.733081039933442,2.7787711186161
"clade6","Bird",130,0.176989109341924,0.995074685358898
"clade6","Bird",131,0.903008467497502,2.78829296456948
"clade6","Bird",132,0.839111778187152,2.75645951053938
"clade6","Bird",133,0.181627591584974,1.02216928389513
"clade6","Bird",134,0.238212757963599,1.31139056430793
"clade6","Bird",135,0.565796234477592,1.78902628520922
"clade6","Bird",136,0.635936740911021,2.1924194977704
"clade6","Bird",137,1.07909172476382,2.7452966133133
"clade6","Bird",138,0.688649273265695,2.55003147288077
"clade6","Bird",139,0.223349282867405,1.10634805518486
"clade6","Bird",14,0.244327389873664,1.42806655780796
"clade6","Bird",140,0.271075351031594,1.14849225500236
"clade6","Bird",141,0.334528085567201,1.25047573493803
"clade6","Bird",142,0.817491598475287,2.81886699069222
"clade6","Bird",143,0.266497924522362,1.44569193137219
"clade6","Bird",144,0.295780883764438,1.54246041353668
"clade6","Bird",145,0.283691192595099,1.53422516430917
"clade6","Bird",146,0.88576640101618,2.6665948824126
"clade6","Bird",147,0.891707121485595,2.91303291290055
"clade6","Bird",148,0.824762766272122,1.63141122614895
"clade6","Bird",149,0.609581963492144,2.38044394158106
"clade6","Bird",15,0.354581840394558,1.69729501806432
"clade6","Bird",150,0.444204251693049,1.65344578009879
"clade6","Bird",151,0.243548448338255,1.3343295455579
"clade6","Bird",152,1.05950603265495,2.96609775979475
"clade6","Bird",153,0.564102332755187,1.68069193829034
"clade6","Bird",154,0.917338274198441,2.69387132253396
"clade6","Bird",155,1.06388339735432,3.00745405492723
"clade6","Bird",156,0.801229718440681,2.47435854950343
"clade6","Bird",16,0.449143504088434,2.03295163402319
"clade6","Bird",161,0.851591565379708,2.22561681195202
"clade6","Bird",163,1.19234368672578,2.79365763283853
"clade6","Bird",164,1.27511409316165,2.76629185611521
"clade6","Bird",165,0.895621241523007,2.80248310817406
"clade6","Bird",166,0.793180050381292,2.53735739718636
"clade6","Bird",167,0.529957792023014,2.22698660772675
"clade6","Bird",168,1.00579768333532,2.3086872104359
"clade6","Bird",169,0.182456426653036,0.997013925008729
"clade6","Bird",17,0.234422313585444,1.34497495127365
"clade6","Bird",170,0.230298072020541,1.29622337395535
"clade6","Bird",171,0.394393746161552,1.57194495472467
"clade6","Bird",172,1.54079459191487,2.93488264131211
"clade6","Bird",173,0.356766897242534,1.35052365458712
"clade6","Bird",174,0.984826970031621,3.00190323984853
"clade6","Bird",175,0.420364425167425,1.19205510649335
"clade6","Bird",176,0.77292010337642,2.64885900218945
"clade6","Bird",177,1.44808432277199,1.66966669306027
"clade6","Bird",178,1.26292199774743,1.63686657085084
"clade6","Bird",179,1.09351420447694,2.8650352756947
"clade6","Bird",18,0.924369669372601,2.94181553757255
"clade6","Bird",180,0.264281843156184,1.04940027306253
"clade6","Bird",181,0.35947058163712,1.49679551576852
"clade6","Bird",182,0.649521852061544,1.69970038592863
"clade6","Bird",183,0.421953102099249,1.42465950147033
"clade6","Bird",184,0.18485912031945,1.08630136655646
"clade6","Bird",185,0.85446511093895,2.81294688450385
"clade6","Bird",186,0.2584933325945,1.33862238524963
"clade6","Bird",187,0.935347630088709,2.91394865514287
"clade6","Bird",188,0.529543415651951,1.00981724373532
"clade6","Bird",189,0.398669169892669,1.59743211860383
"clade6","Bird",19,0.273217500732795,1.4786464000269
"clade6","Bird",190,0.199869620384074,1.12259227948619
"clade6","Bird",191,0.985530593134846,2.6148929314722
"clade6","Bird",192,0.861244315667279,2.71084061488248
"clade6","Bird",193,1.85390842519046,3.08220954026504
"clade6","Bird",194,0.920673886809703,2.93264788849394
"clade6","Bird",195,0.187201760432155,1.08444327968457
"clade6","Bird",196,0.233968703158818,1.11290917132645
"clade6","Bird",197,0.319523702562857,1.63382106047209
"clade6","Bird",198,1.47349339961296,3.04679075213316
"clade6","Bird",199,0.634278591326487,2.35300672101125
"clade6","Bird",2,0.99536237315571,2.96482092052771
"clade6","Bird",20,0.198186388344777,1.12272157803309
"clade6","Bird",200,0.756403688993141,2.62817458157979
"clade6","Bird",201,0.592732010280429,2.44953881398632
"clade6","Bird",202,0.286757640931917,1.3708325219487
"clade6","Bird",203,0.795931304123083,1.48126085236857
"clade6","Bird",204,0.442782482445743,2.15882937670723
"clade6","Bird",205,1.45241983490664,2.97488469602332
"clade6","Bird",206,0.84166383546761,2.83545456374109
"clade6","Bird",207,0.375230975197217,1.13219041562633
"clade6","Bird",208,1.36874823633155,2.67667833760036
"clade6","Bird",209,0.28427220682004,1.37451507582226
"clade6","Bird",21,0.330052923212132,1.6721277671996
"clade6","Bird",210,1.08022691503628,2.8292376474046
"clade6","Bird",211,0.608951921443572,2.60483085649126
"clade6","Bird",212,0.156063700641818,0.886009288844121
"clade6","Bird",213,0.205094104386226,1.14324726447923
"clade6","Bird",214,0.684144713234017,2.43464867159054
"clade6","Bird",215,0.340924914071136,1.53150621411613
"clade6","Bird",216,0.955763408791602,2.78736224203099
"clade6","Bird",217,0.164890084214917,0.953189845596981
"clade6","Bird",218,0.422432484436784,1.33575299933208
"clade6","Bird",219,0.908960039868274,2.76148552540985
"clade6","Bird",22,0.330984313533152,1.64415909608657
"clade6","Bird",220,0.17925937317472,0.985827984495823
"clade6","Bird",221,0.237799419938631,0.933221399506936
"clade6","Bird",222,1.0526008545911,2.76290986071419
"clade6","Bird",223,0.155617695037495,0.900154164549478
"clade6","Bird",224,0.159912489462259,0.953841929466065
"clade6","Bird",225,0.314673223786216,1.5752818199236
"clade6","Bird",226,0.851284048727018,2.09615149640672
"clade6","Bird",227,0.482004266729153,2.09270463304321
"clade6","Bird",228,0.646576028071961,2.38694175525314
"clade6","Bird",229,0.702002212282597,2.50261288983378
"clade6","Bird",23,1.08315879272012,2.99132691459077
"clade6","Bird",230,0.609255933178541,1.81150547193059
"clade6","Bird",231,0.744556298756657,2.19019145047027
"clade6","Bird",232,0.580655849409325,1.95369508991082
"clade6","Bird",233,0.254738939967533,1.38359294960189
"clade6","Bird",234,0.743950223479218,2.62955841049088
"clade6","Bird",235,1.06768429454487,2.74124867834031
"clade6","Bird",236,0.58556711703015,1.91812120027367
"clade6","Bird",237,0.758183585441368,2.21062954903091
"clade6","Bird",238,0.943185268529958,2.77650924550564
"clade6","Bird",239,0.34071131819142,1.78728175492629
"clade6","Bird",24,0.289785324028752,1.58416716814949
"clade6","Bird",240,0.594395971185076,2.50571861406071
"clade6","Bird",241,0.152883088206926,0.848381026531006
"clade6","Bird",242,0.268711825991622,1.49425384284974
"clade6","Bird",243,0.873303526722782,2.82552301008288
"clade6","Bird",244,0.888369384044807,2.72164289336476
"clade6","Bird",245,0.278184232934384,1.46067553807181
"clade6","Bird",246,0.190395756052822,1.09527751979331
"clade6","Bird",247,0.221070752435687,1.23421117205358
"clade6","Bird",248,0.309339542489716,1.619767759082
"clade6","Bird",249,0.198207674062851,1.03761955588606
"clade6","Bird",25,0.221683137374404,1.2545087714536
"clade6","Bird",250,0.244129359236974,1.32597218682142
"clade6","Bird",251,0.584903997299514,2.08489324794917
"clade6","Bird",252,0.234973796379206,1.19073104783931
"clade6","Bird",253,0.666012888871535,2.37055596355393
"clade6","Bird",254,0.605242744256701,2.42142961278366
"clade6","Bird",255,0.269138105983443,1.05353071414807
"clade6","Bird",256,0.230350254128245,1.27871256856924
"clade6","Bird",257,1.08151418781841,3.04329957929593
"clade6","Bird",258,0.317499764206865,1.65562138796747
"clade6","Bird",259,0.437293439258027,2.06640885023581
"clade6","Bird",26,0.920095259199586,2.86850250460478
"clade6","Bird",260,0.176679202789304,1.02371431086293
"clade6","Bird",261,0.282841563375696,1.4845732385002
"clade6","Bird",262,0.401201179933251,0.959993677226016
"clade6","Bird",263,1.0238673060222,2.92667869447349
"clade6","Bird",264,0.844701915407535,2.71732799783261
"clade6","Bird",265,0.273158280438576,1.42498451317663
"clade6","Bird",266,0.295804567653283,1.14253751809407
"clade6","Bird",267,0.272518111507708,1.33924676899591
"clade6","Bird",268,0.923726674850375,2.92587718135942
"clade6","Bird",269,0.273388520310343,1.42722885420475
"clade6","Bird",27,0.639189845624927,2.68680019598774
"clade6","Bird",270,1.1642408755714,3.00370604945162
"clade6","Bird",271,0.779358961622406,2.64745893844421
"clade6","Bird",272,0.639121069708129,1.29082672974882
"clade6","Bird",273,0.255553960493335,1.13050389345456
"clade6","Bird",274,0.961647572025129,2.92058190175077
"clade6","Bird",275,0.752142439005948,2.54945994780981
"clade6","Bird",276,0.441522843031372,1.95779757720483
"clade6","Bird",277,0.517324987248893,2.32072169352432
"clade6","Bird",278,1.40377457965409,3.03150193772659
"clade6","Bird",279,0.269233289489269,1.42309434524376
"clade6","Bird",28,0.703565841436164,1.43093546569089
"clade6","Bird",280,0.579071736425881,1.64911076185673
"clade6","Bird",281,0.581820517373075,1.97760116730078
"clade6","Bird",282,0.857105108129858,2.57761971028313
"clade6","Bird",283,0.71102295378488,1.64622676727498
"clade6","Bird",284,0.192375762744348,1.06901686404326
"clade6","Bird",285,1.20857152986431,2.98332245570121
"clade6","Bird",286,0.38067334713022,1.32489938396529
"clade6","Bird",287,0.253307938536846,1.37784267914079
"clade6","Bird",288,0.148813915729458,0.891399338225378
"clade6","Bird",289,0.209472995946067,1.18987629658371
"clade6","Bird",29,0.730414133579252,2.66643548183178
"clade6","Bird",290,0.390165575707283,1.58546904500825
"clade6","Bird",291,0.299978308044308,1.54657191617615
"clade6","Bird",292,0.22368187575236,1.14471268006829
"clade6","Bird",293,0.249658668406524,1.31904656882112
"clade6","Bird",294,0.670073854846149,2.60482192904704
"clade6","Bird",295,0.335582495369035,1.34120220948455
"clade6","Bird",296,0.798252499523542,2.2255872681255
"clade6","Bird",297,0.304571292343938,1.57366428958228
"clade6","Bird",298,0.208279066949846,1.14978834924759
"clade6","Bird",299,0.229605765961893,1.24885176767164
"clade6","Bird",3,0.30973028646605,1.67765397772579
"clade6","Bird",30,0.166893559324906,0.962769922558107
"clade6","Bird",300,0.706455167844847,1.54216180858651
"clade6","Bird",301,0.248090158583762,1.3214915776394
"clade6","Bird",302,0.279041757135667,1.43818514033172
"clade6","Bird",303,0.897108375085203,2.53432107006236
"clade6","Bird",304,1.14062196176277,2.87972086844676
"clade6","Bird",305,0.264044233421706,1.37147011251163
"clade6","Bird",306,0.577312813866312,1.57267120017281
"clade6","Bird",307,0.462589185174601,1.52757308827527
"clade6","Bird",308,0.61740532903978,1.85462043097782
"clade6","Bird",309,0.238770459230191,1.28207122120036
"clade6","Bird",31,0.257445698290335,1.39343316465958
"clade6","Bird",310,1.02368995043915,2.79600793384212
"clade6","Bird",311,0.245056392622785,0.912333063205652
"clade6","Bird",312,0.427269331658907,1.73497112565661
"clade6","Bird",313,0.808801363198563,2.70987851638078
"clade6","Bird",314,1.24918106651447,2.87258577629241
"clade6","Bird",315,0.235545626643061,1.29866934558483
"clade6","Bird",316,0.402463209487258,1.12779522212564
"clade6","Bird",317,0.216174237968373,1.02505774366589
"clade6","Bird",318,0.238799764041575,1.33437805559566
"clade6","Bird",319,0.726756704118908,1.59131091115547
"clade6","Bird",32,0.225902839303019,1.25672665074212
"clade6","Bird",320,0.3630469034275,1.37479513375194
"clade6","Bird",321,0.259573743125281,1.39373976611002
"clade6","Bird",322,0.253699386114283,1.414282127472
"clade6","Bird",323,0.328118586567038,1.6843374438994
"clade6","Bird",324,0.976240494887808,1.03414314817078
"clade6","Bird",325,0.72904345945336,2.7860225059303
"clade6","Bird",326,0.450608810896096,2.18073479759991
"clade6","Bird",327,0.74707421478178,2.77170601555043
"clade6","Bird",328,0.581723380199981,2.39944453569498
"clade6","Bird",329,0.251652616591071,1.37504650407834
"clade6","Bird",33,0.304482496066482,1.58212765349747
"clade6","Bird",330,0.702089763971949,2.53237780182528
"clade6","Bird",331,0.74289418192803,1.60389324138733
"clade6","Bird",332,0.474203357432565,2.0680286269373
"clade6","Bird",333,0.26456317542145,1.4094108966617
"clade6","Bird",334,0.580558203385378,2.33711570259818
"clade6","Bird",335,0.210832380705356,1.19638448628431
"clade6","Bird",336,0.272014555875602,1.45820566595123
"clade6","Bird",337,0.302710834278943,1.21078052579368
"clade6","Bird",338,0.158930696134577,0.944877360837206
"clade6","Bird",339,0.332815479379062,1.70517992406104
"clade6","Bird",34,0.57815950617516,2.36697426493915
"clade6","Bird",340,0.482685324756732,2.2115327359825
"clade6","Bird",341,0.868168867983546,2.73012296783398
"clade6","Bird",342,0.675014746893767,2.65075126087329
"clade6","Bird",343,1.09575107244365,2.67163431727112
"clade6","Bird",345,0.839418686102611,2.65475009316427
"clade6","Bird",346,1.28896765514512,3.02658040748646
"clade6","Bird",347,0.92315528883117,1.87582912447236
"clade6","Bird",348,0.743781968475109,2.42943938642547
"clade6","Bird",349,1.67356507005986,2.77239873170761
"clade6","Bird",35,1.05875617111207,2.9350026356773
"clade6","Bird",350,0.980182714440135,2.68878878349295
"clade6","Bird",351,0.550889762280869,2.39132395971216
"clade6","Bird",352,0.388829944041167,1.87437343363968
"clade6","Bird",353,0.241815650028838,1.3193269485996
"clade6","Bird",354,0.324742659701196,1.65287634477057
"clade6","Bird",355,0.390457937685561,1.28596646856167
"clade6","Bird",356,0.562026223284433,1.32126175516776
"clade6","Bird",357,0.250390617848772,1.35774454134541
"clade6","Bird",358,0.624137911189445,1.8416366514423
"clade6","Bird",359,1.04511696512562,2.85267662395291
"clade6","Bird",36,0.487719632188926,2.15186722725108
"clade6","Bird",360,0.241872417522268,1.34463375579207
"clade6","Bird",361,0.522921088611228,1.35700650827515
"clade6","Bird",362,0.406118441207981,1.15220467853366
"clade6","Bird",363,0.68711143835752,2.45722220995901
"clade6","Bird",364,1.2916213505619,2.90607836354572
"clade6","Bird",365,1.0072950269145,2.78239034846042
"clade6","Bird",366,0.744082043593504,2.56513968826119
"clade6","Bird",369,1.20897412414791,2.95063403352145
"clade6","Bird",37,1.01516317770501,2.82452947254337
"clade6","Bird",370,0.674351456206843,1.54417687668435
"clade6","Bird",371,0.52737768669863,2.44169304882636
"clade6","Bird",372,1.19446784830778,3.20721919916441
"clade6","Bird",373,0.176723242994671,0.770168170488107
"clade6","Bird",374,0.192351980042083,1.0773024039268
"clade6","Bird",375,0.814805069161293,2.85325665725654
"clade6","Bird",376,0.130589041785438,0.754643649397897
"clade6","Bird",377,0.277990885217023,1.51556506178683
"clade6","Bird",378,0.215574115759305,1.18658946999711
"clade6","Bird",379,0.219244226326123,1.21151273165288
"clade6","Bird",38,0.316822494986205,1.61368025598903
"clade6","Bird",380,0.279032905000516,1.4982150943046
"clade6","Bird",381,0.338962681626506,1.6899964938704
"clade6","Bird",382,0.212629578290244,1.18756282632629
"clade6","Bird",383,1.02614225656687,1.75331838326891
"clade6","Bird",384,0.278336951399086,1.48148097840854
"clade6","Bird",385,1.18259197571894,3.04128221426903
"clade6","Bird",386,1.08513347466169,3.04795557437783
"clade6","Bird",387,0.214644155425843,1.20277598332749
"clade6","Bird",388,0.985016225045812,2.78854145740547
"clade6","Bird",389,0.416308656892871,1.90533964882131
"clade6","Bird",39,0.195331063762241,1.10718623482681
"clade6","Bird",390,1.05964561925879,2.74589824837556
"clade6","Bird",391,1.00692922860658,2.74416378962506
"clade6","Bird",392,0.974584118137767,2.96261294083055
"clade6","Bird",393,0.510899325156873,1.65094885414524
"clade6","Bird",394,1.11006853684182,2.81592283916971
"clade6","Bird",395,1.47744916795597,3.08432026147258
"clade6","Bird",396,0.840252833463953,2.79956244980588
"clade6","Bird",397,0.221144606273002,1.18719091746475
"clade6","Bird",398,0.31358244506408,1.55917064798388
"clade6","Bird",399,0.458927228673693,1.28211038710432
"clade6","Bird",4,0.857676763147664,1.59828573528222
"clade6","Bird",40,0.151276660567079,0.875893066591638
"clade6","Bird",400,0.770245167192119,2.32953766309285
"clade6","Bird",401,0.230886819761647,1.24441383277121
"clade6","Bird",402,0.258139886126906,1.34388830942586
"clade6","Bird",403,0.24595525505967,1.22690254029309
"clade6","Bird",404,0.221319321714766,1.14041833037359
"clade6","Bird",405,0.21559273222845,1.18277249273889
"clade6","Bird",406,0.77177723252774,2.77856479613229
"clade6","Bird",407,0.19377153625151,1.09239514040069
"clade6","Bird",408,0.150151829338523,0.808413931428106
"clade6","Bird",409,0.261772910018197,1.21955528340075
"clade6","Bird",41,0.17309360272301,0.917345401300812
"clade6","Bird",410,0.491931095396061,2.26887053298454
"clade6","Bird",411,0.256347760875252,1.28376645414632
"clade6","Bird",412,1.19232290336971,3.10813224964838
"clade6","Bird",413,0.195082213859916,1.1260593062156
"clade6","Bird",414,0.169676109736679,0.971067648842422
"clade6","Bird",415,0.856685409920756,2.76953786608239
"clade6","Bird",416,0.917991721661742,2.96468419952263
"clade6","Bird",417,0.188802385888366,0.907974046530806
"clade6","Bird",418,0.570367922296041,1.01728401491004
"clade6","Bird",419,0.56547489567844,1.58468764895608
"clade6","Bird",42,0.224745633250984,1.20833595830973
"clade6","Bird",420,0.502715095993466,1.41720412937121
"clade6","Bird",421,0.287185648991745,1.11180863543287
"clade6","Bird",422,0.200892978414247,1.12115858175329
"clade6","Bird",423,1.0088495211503,2.83501803036591
"clade6","Bird",424,0.938723243990817,2.81048315702275
"clade6","Bird",425,0.242493246518453,1.3134612561147
"clade6","Bird",426,0.169749945994879,1.00149440348811
"clade6","Bird",427,0.184495156542246,1.05309101238018
"clade6","Bird",428,0.197642603884507,1.14654489217825
"clade6","Bird",429,0.419008086383989,1.39071633374112
"clade6","Bird",43,0.342732782089288,1.13119234409775
"clade6","Bird",430,0.199240088018824,1.12080308867521
"clade6","Bird",431,0.224300596810379,1.10937808315981
"clade6","Bird",432,0.226912605422041,1.26737066979413
"clade6","Bird",433,0.16843240601238,0.967731131461689
"clade6","Bird",434,1.05069809054127,1.40459378326061
"clade6","Bird",435,0.277931809283842,0.986242959449832
"clade6","Bird",436,0.598762209838965,2.47960002326445
"clade6","Bird",437,0.160532197552687,0.929289604344347
"clade6","Bird",438,0.64623632328929,1.39440822731957
"clade6","Bird",439,0.306509374776805,1.57197739756283
"clade6","Bird",44,0.300368370595863,1.08039255798393
"clade6","Bird",440,0.216647909887786,1.21924394141398
"clade6","Bird",441,0.241298065550938,1.27599204024132
"clade6","Bird",442,0.263003170836059,1.43238500689604
"clade6","Bird",443,0.269894751729336,1.40977208550424
"clade6","Bird",444,0.919032703009413,2.77626830530895
"clade6","Bird",445,0.137803540151406,0.788520735809869
"clade6","Bird",446,0.227131239208341,1.15595094628038
"clade6","Bird",447,0.19718801912976,1.12188261762769
"clade6","Bird",448,0.362919890283714,1.53632007620195
"clade6","Bird",449,0.485976102454785,1.18730189903844
"clade6","Bird",45,0.736184121069487,1.43849023576787
"clade6","Bird",450,0.185678796968063,1.06345324632326
"clade6","Bird",451,0.269405114457184,1.45091188228136
"clade6","Bird",452,0.430117162109125,2.06630512131861
"clade6","Bird",453,0.527835444855355,1.06694744781731
"clade6","Bird",454,0.20367293914734,1.16483408266561
"clade6","Bird",455,0.249993752474036,1.38792787730313
"clade6","Bird",456,0.205724748126724,1.15193729020226
"clade6","Bird",457,0.250292301953299,1.36434875572297
"clade6","Bird",458,0.620322069894433,1.16613428946439
"clade6","Bird",459,0.241269054309678,1.35652845010883
"clade6","Bird",46,0.598389818097821,2.20927998668673
"clade6","Bird",460,0.257679150044584,1.33912686503983
"clade6","Bird",461,0.439816995850241,1.09690282778585
"clade6","Bird",462,0.904950473737187,2.93304460213806
"clade6","Bird",463,0.818441474927745,2.85757764831742
"clade6","Bird",464,0.252087070528202,1.1061072822837
"clade6","Bird",465,0.694260771369264,2.61226504298488
"clade6","Bird",466,0.251210850013588,1.41857840868747
"clade6","Bird",467,0.334954160837308,1.71569094718781
"clade6","Bird",468,0.162541735536839,0.862682072356868
"clade6","Bird",469,0.270030891595814,1.46399798717321
"clade6","Bird",47,1.10174790258736,2.81932122386444
"clade6","Bird",470,0.596021903396498,2.53734400796583
"clade6","Bird",471,0.329861130205969,1.63555664451659
"clade6","Bird",472,0.937939557560716,2.94313485745008
"clade6","Bird",473,0.221673375691781,1.23638378739123
"clade6","Bird",474,0.310151671574425,1.28585585861372
"clade6","Bird",475,0.705362014366828,2.64619546340342
"clade6","Bird",476,0.209352425304984,1.15715140683534
"clade6","Bird",477,0.217328656560932,1.19959250468166
"clade6","Bird",478,0.443890234761031,1.41791968490073
"clade6","Bird",479,0.36986886970825,1.32016001022275
"clade6","Bird",48,0.226443745544781,1.15671498156297
"clade6","Bird",480,0.807825566904613,1.3279103719629
"clade6","Bird",481,0.287844872512638,0.934781061744285
"clade6","Bird",482,0.212109538531844,1.10786876796862
"clade6","Bird",483,1.08925609432845,2.9344860144874
"clade6","Bird",484,0.428371248926645,1.55261319731274
"clade6","Bird",485,0.424590494924546,1.35918704719251
"clade6","Bird",486,0.607817958537888,1.09653091884822
"clade6","Bird",487,0.619789254165839,2.47456319862308
"clade6","Bird",488,0.332473823111938,1.57296157817148
"clade6","Bird",489,0.133466813764729,0.805218110880601
"clade6","Bird",49,0.729898065178709,2.24752989234545
"clade6","Bird",490,0.970628325295707,2.96269567059916
"clade6","Bird",491,0.688479268679486,2.68953815128347
"clade6","Bird",492,0.147949014981883,0.840030224888606
"clade6","Bird",493,0.142303996888562,0.831407049015077
"clade6","Bird",494,1.28133967294106,3.33964664205716
"clade6","Bird",495,0.240079040758605,0.942576493888182
"clade6","Bird",496,0.341696126307487,0.869139604756419
"clade6","Bird",497,1.47095121795224,1.75573072568894
"clade6","Bird",498,1.39783302633049,2.91901598890387
"clade6","Bird",499,1.21428898162362,1.18767328669514
"clade6","Bird",5,0.802064348069315,1.70639310991334
"clade6","Bird",50,0.755518254204592,1.36941641440463
"clade6","Bird",500,0.940002102963281,2.99488405421999
"clade6","Bird",501,0.383399450069413,0.902488067513066
"clade6","Bird",51,0.717051994735942,2.61134991341065
"clade6","Bird",52,0.290591155188029,1.39388092422541
"clade6","Bird",53,0.22706782138966,1.25518506955464
"clade6","Bird",54,0.239111437446374,1.27523814509003
"clade6","Bird",55,0.416316483429654,1.75253617633465
"clade6","Bird",56,0.288229484393932,1.51435819292547
"clade6","Bird",57,0.17474468615032,0.936432912111021
"clade6","Bird",58,0.573960472449815,2.32272404519752
"clade6","Bird",59,0.28313693287405,1.52025952990767
"clade6","Bird",6,0.728827107362552,2.67412929718328
"clade6","Bird",60,0.203547263437836,1.13834448682472
"clade6","Bird",61,1.03518761622073,2.88299954798355
"clade6","Bird",62,1.17959965331847,2.91497015802663
"clade6","Bird",63,0.244250693075684,1.33811163133548
"clade6","Bird",64,0.620173365273073,1.98915421363853
"clade6","Bird",65,0.428831594125515,2.13012551263605
"clade6","Bird",66,0.359060007601068,1.71528015218677
"clade6","Bird",67,0.328279174200206,1.67238350563581
"clade6","Bird",68,0.417133507305701,0.983557556847791
"clade6","Bird",69,0.52011438925345,1.50097073284654
"clade6","Bird",7,0.844250297763816,2.23923469414434
"clade6","Bird",70,0.669004297659002,1.42788823998543
"clade6","Bird",71,0.63989124876741,2.51373072265014
"clade6","Bird",72,1.15055876471294,2.70171968811953
"clade6","Bird",73,0.882369556817754,1.88874431454275
"clade6","Bird",74,0.244150150716823,1.31728148403959
"clade6","Bird",75,0.221515221662042,1.23962118577172
"clade6","Bird",76,0.68660141811389,2.4379383938497
"clade6","Bird",77,0.885899319423294,2.74970462847781
"clade6","Bird",78,0.509385050469787,1.10065877980138
"clade6","Bird",79,0.317451568738127,1.60697699194357
"clade6","Bird",8,1.03867223157367,2.78910468063748
"clade6","Bird",80,0.251782657735404,1.37422910320149
"clade6","Bird",81,0.392170823315614,1.84871948380838
"clade6","Bird",82,0.244850859658208,1.32542871066014
"clade6","Bird",83,0.47839730606629,1.8637139428177
"clade6","Bird",84,0.376828199677171,1.79584510637668
"clade6","Bird",85,0.37646833016803,1.40199687834808
"clade6","Bird",86,0.787285098661841,2.65366383275405
"clade6","Bird",87,0.336555614076232,1.67914656363086
"clade6","Bird",88,0.621956952857945,2.59413061836993
"clade6","Bird",89,0.661763573630599,2.50176484802561
"clade6","Bird",9,0.185252815562628,1.05788167369294
"clade6","Bird",90,1.02863497351349,2.96396204942101
"clade6","Bird",91,0.571462094408634,2.44975089149626
"clade6","Bird",92,0.252748509210422,1.36723881312417
"clade6","Bird",93,0.871344062320571,2.79496077814462
"clade6","Bird",94,0.65730547490318,2.59040913264284
"clade6","Bird",95,0.770868535991677,2.54516164670395
"clade6","Bird",96,0.807979767049151,2.63839409451443
"clade6","Bird",97,1.42171266447313,3.00733471499584
"clade6","Bird",98,0.252076972104849,1.25347757001721
"clade6","Bird",99,0.219259532422257,1.20657089317072
"clade6","Human",1,0.811383183042002,2.8319441113773
"clade6","Human",10,0.280583718387977,1.53057469420342
"clade6","Human",100,0.228253804600485,1.24394754938827
"clade6","Human",101,0.221734432992925,1.22050644740824
"clade6","Human",102,0.224190548134162,1.23155328117691
"clade6","Human",103,0.278095576698543,1.43987848304489
"clade6","Human",104,0.233855954592095,1.27731774749108
"clade6","Human",105,0.236286941889525,1.29503864668625
"clade6","Human",106,0.238213459587357,1.21349080882386
"clade6","Human",107,0.267691221275224,1.40146224896976
"clade6","Human",108,0.261606089375915,1.42030090210107
"clade6","Human",109,0.271993353182237,1.4258918880884
"clade6","Human",11,0.227633051532018,1.25868772892829
"clade6","Human",110,0.569706456494775,1.47337659215179
"clade6","Human",111,0.182495479537403,1.06127915589481
"clade6","Human",112,0.297622707830548,1.47094490965216
"clade6","Human",113,0.398597309015807,1.37418260417301
"clade6","Human",114,0.298256088279154,1.43383186681018
"clade6","Human",115,0.247905487180162,1.38367136158383
"clade6","Human",116,0.195078776697403,1.0987467491512
"clade6","Human",117,0.253150071397027,1.06096145073722
"clade6","Human",118,0.510951096659713,2.1481091578918
"clade6","Human",119,0.281482287510845,1.51283950820698
"clade6","Human",12,0.776271752603205,2.68782647442127
"clade6","Human",120,0.596124917209348,2.24350238196148
"clade6","Human",121,0.211813542378979,1.19754369590584
"clade6","Human",122,0.402253348107121,1.82665753989724
"clade6","Human",123,0.967007674590568,2.70112503491451
"clade6","Human",124,0.51215596380431,2.10556836922512
"clade6","Human",125,1.17140240423131,2.68879370754017
"clade6","Human",126,0.705598242594146,2.43283414191805
"clade6","Human",127,0.184146015936637,1.09121511386507
"clade6","Human",128,0.707921766398163,2.50964110821762
"clade6","Human",129,0.479871940422007,2.07566177185536
"clade6","Human",13,0.812993253280661,2.86494596699951
"clade6","Human",130,0.223528095033474,1.13266897118865
"clade6","Human",131,1.05967296395005,2.87186820888822
"clade6","Human",132,0.862989781255997,2.70385292476476
"clade6","Human",133,0.296073856610811,1.41993303044537
"clade6","Human",134,0.251994096402824,1.36143971118196
"clade6","Human",135,0.483741049629253,1.92945541596388
"clade6","Human",136,0.56424204405183,2.22776184533512
"clade6","Human",137,0.995157094611054,2.71129938828514
"clade6","Human",138,0.727585905172521,2.17061531693177
"clade6","Human",139,0.20599051076915,1.09641004679277
"clade6","Human",14,0.22775082372309,1.36748685106287
"clade6","Human",140,0.377142020377598,1.57574102308037
"clade6","Human",141,0.378511761161428,1.60360188058415
"clade6","Human",142,0.865463408944838,2.82185999364837
"clade6","Human",143,0.282477260421206,1.48221493788946
"clade6","Human",144,0.292335356032634,1.51589244703922
"clade6","Human",145,0.254970908628899,1.40488125500431
"clade6","Human",146,0.969590861979765,2.7027675825017
"clade6","Human",147,0.67885166266015,2.66450992356352
"clade6","Human",148,0.847153818749504,1.91586683903361
"clade6","Human",149,0.628647913360203,2.35373685528377
"clade6","Human",15,0.41331493788366,1.940742940767
"clade6","Human",150,0.418237961749821,1.79832504930468
"clade6","Human",151,0.349074618570593,1.69394774431892
"clade6","Human",152,1.00483398581756,2.93349751826334
"clade6","Human",153,0.836200533064106,1.5172428077756
"clade6","Human",154,1.11335508090948,2.94250518420767
"clade6","Human",155,1.02678018331658,2.93904959951523
"clade6","Human",156,1.010740725871,2.65452329890648
"clade6","Human",16,0.472555279653956,2.05587591820535
"clade6","Human",161,0.516404470908367,1.98249670297922
"clade6","Human",163,1.15559162169974,2.78141921327997
"clade6","Human",164,0.826570985561545,2.63996537453684
"clade6","Human",165,0.778545344246892,2.62249745124697
"clade6","Human",166,0.829746477547889,2.54474599193342
"clade6","Human",167,0.64110671554557,2.40137014866667
"clade6","Human",168,0.845428528849207,2.24096416372222
"clade6","Human",169,0.210374708221435,1.20648578620331
"clade6","Human",17,0.258782702360291,1.42275272551644
"clade6","Human",170,0.286497225147503,1.5654474281142
"clade6","Human",171,0.549123156745539,1.88886323578543
"clade6","Human",172,1.37569107116931,2.83840536980181
"clade6","Human",173,0.311069692110249,1.28697202425775
"clade6","Human",174,1.00505222991864,2.98001254322882
"clade6","Human",175,0.60409603594959,1.81176270102287
"clade6","Human",176,1.09786676919779,2.91573607328125
"clade6","Human",177,0.733599507768465,2.0114863568644
"clade6","Human",178,1.20613367749048,1.90355810716454
"clade6","Human",179,0.760642375186485,2.56807745819665
"clade6","Human",18,0.831965044871185,2.87318241283033
"clade6","Human",180,0.196046684599105,1.10446340285638
"clade6","Human",181,0.310138324453537,1.57003727529705
"clade6","Human",182,0.661273238214601,1.84530607309496
"clade6","Human",183,0.29186743410535,1.32830992202254
"clade6","Human",184,0.187237074032657,1.08776477733762
"clade6","Human",185,0.951525472609155,2.77166735977264
"clade6","Human",186,0.219620805369993,1.25283289284848
"clade6","Human",187,0.718717126294704,2.56348714460904
"clade6","Human",188,0.603226681578946,1.4905656078119
"clade6","Human",189,0.476944114858832,1.85471457573918
"clade6","Human",19,0.294574990073456,1.54915010034609
"clade6","Human",190,0.216029312641896,1.20319368536229
"clade6","Human",191,0.717985249225295,2.36001612205311
"clade6","Human",192,0.721164123533003,2.56921421439257
"clade6","Human",193,1.51753550835321,3.0670858992404
"clade6","Human",194,0.8707750756501,2.81378712654175
"clade6","Human",195,0.239130123867605,1.29915746695224
"clade6","Human",196,0.294852757713256,1.27279575997744
"clade6","Human",197,0.265702246873294,1.38948446591779
"clade6","Human",198,1.28609419358118,2.94422135193386
"clade6","Human",199,0.735349934406348,2.52276452875248
"clade6","Human",2,0.899393861756754,2.87352708739668
"clade6","Human",20,0.2131008406359,1.18493364227842
"clade6","Human",200,0.690919307284838,2.48771804276253
"clade6","Human",201,0.704132200227566,2.54812241627459
"clade6","Human",202,0.325955194403476,1.34378554027642
"clade6","Human",203,0.530796848981699,1.63771093428774
"clade6","Human",204,0.762062892224189,2.63369321226287
"clade6","Human",205,1.21072656089594,2.83572704913216
"clade6","Human",206,0.765117220541982,2.71632614851328
"clade6","Human",207,0.370618874227391,1.47401503951258
"clade6","Human",208,0.895564710544475,2.50710929021904
"clade6","Human",209,0.441720076865812,1.87318838034546
"clade6","Human",21,0.441754741145549,2.0371853549394
"clade6","Human",210,1.34604056093922,2.903197704606
"clade6","Human",211,0.618313513342038,2.5547378960391
"clade6","Human",212,0.251043606543736,1.32891833771915
"clade6","Human",213,0.316485744873948,1.64958356331257
"clade6","Human",214,0.901011752221453,2.67389242215722
"clade6","Human",215,0.318664466644164,1.56551649046315
"clade6","Human",216,0.985484318266304,2.75218793215249
"clade6","Human",217,0.155361413055113,0.929474644460549
"clade6","Human",218,0.301675218033528,1.15758809616124
"clade6","Human",219,0.567483691235576,2.28440403854764
"clade6","Human",22,0.38626220507503,1.80434220667986
"clade6","Human",220,0.185135609175626,0.885629087610056
"clade6","Human",221,0.283751230289136,1.08539133976073
"clade6","Human",222,0.977530535844357,2.64598341885242
"clade6","Human",223,0.207681768922231,1.1807969078652
"clade6","Human",224,0.188468567927969,1.08607540365926
"clade6","Human",225,0.335319800341792,1.64514747375361
"clade6","Human",226,0.704707419472388,2.07689650569866
"clade6","Human",227,0.485508564109768,2.10186253927245
"clade6","Human",228,0.729142170991523,2.48389609985543
"clade6","Human",229,0.65456722959808,2.34149119289168
"clade6","Human",23,0.836556802450161,2.73028165708128
"clade6","Human",230,0.964370122003297,2.16811990796558
"clade6","Human",231,0.515026654732547,1.98290968798711
"clade6","Human",232,0.46701283202224,1.92241441772488
"clade6","Human",233,0.339278151870607,1.7971049391301
"clade6","Human",234,0.835570530497173,2.64248454544076
"clade6","Human",235,1.01252411062297,2.59538479147714
"clade6","Human",236,0.448731952031176,2.01110560037589
"clade6","Human",237,0.645509310032848,2.05240753149661
"clade6","Human",238,1.05598438271008,2.82769441872384
"clade6","Human",239,0.311721359596626,1.6461817952189
"clade6","Human",24,0.278099859784901,1.49277493532927
"clade6","Human",240,0.706816091018042,2.61023273290709
"clade6","Human",241,0.187156545898975,0.727199836597705
"clade6","Human",242,0.339785863032429,1.80027859561455
"clade6","Human",243,0.906517771442055,2.79594982547831
"clade6","Human",244,0.876330353304701,2.71755738841561
"clade6","Human",245,0.338761565142628,1.66063363244395
"clade6","Human",246,0.214086036532071,1.19427482418695
"clade6","Human",247,0.271921749174646,1.45937159322594
"clade6","Human",248,0.333190866728366,1.64614885890207
"clade6","Human",249,0.231141410235145,1.20867436935127
"clade6","Human",25,0.231929750554192,1.28395741168962
"clade6","Human",250,0.296679063110842,1.54159257847152
"clade6","Human",251,0.594876347368077,2.0538078118325
"clade6","Human",252,0.222747104178688,1.26539129622823
"clade6","Human",253,1.2707741431336,2.80744559284635
"clade6","Human",254,0.602377643134285,2.36993237041743
"clade6","Human",255,0.365819059490263,1.44130481329455
"clade6","Human",256,0.256134241956921,1.38824813541951
"clade6","Human",257,0.812850988419171,2.72040196958357
"clade6","Human",258,0.320981148987193,1.61817706643613
"clade6","Human",259,0.418549868062355,1.96772290987066
"clade6","Human",26,0.851058024264382,2.76878140817472
"clade6","Human",260,0.188662195172799,1.08628649366034
"clade6","Human",261,0.413636425605876,1.96182417071794
"clade6","Human",262,0.335740374799344,0.919025639811302
"clade6","Human",263,0.96583992171692,2.86989153565166
"clade6","Human",264,0.87562438924578,2.74945620866404
"clade6","Human",265,0.277207001669796,1.45573486800909
"clade6","Human",266,0.228906262974879,1.1244974941546
"clade6","Human",267,0.283671694894235,1.47795826126551
"clade6","Human",268,1.00790020910955,2.96448363057605
"clade6","Human",269,0.265358802162565,1.39253790714162
"clade6","Human",27,0.60419904596099,2.5477727461417
"clade6","Human",270,0.961437948245246,2.85178176924952
"clade6","Human",271,0.576423999485002,2.44025201440694
"clade6","Human",272,0.637861627447608,1.30927511065393
"clade6","Human",273,0.291563465341886,1.37351759498391
"clade6","Human",274,0.969884247225314,2.86514532348382
"clade6","Human",275,0.897253846873053,2.70715982134288
"clade6","Human",276,0.415281867296168,1.9185793335814
"clade6","Human",277,0.522116603969151,2.22610382682363
"clade6","Human",278,1.05043081751029,2.88059118529293
"clade6","Human",279,0.30754547439583,1.57803245253443
"clade6","Human",28,0.573664606478057,1.5920105409241
"clade6","Human",280,0.529534135520796,1.73220467236077
"clade6","Human",281,0.549042171198212,1.96735878555298
"clade6","Human",282,0.855065854983595,2.60102666910659
"clade6","Human",283,0.780700192519903,1.81385153357063
"clade6","Human",284,0.204400770679115,1.13428402098139
"clade6","Human",285,1.21788590260345,2.95209073898427
"clade6","Human",286,0.406664746989957,1.46049340314895
"clade6","Human",287,0.304800341253546,1.59733884547036
"clade6","Human",288,0.206169313387052,1.16449169054675
"clade6","Human",289,0.347664720033336,1.74406185650433
"clade6","Human",29,0.630861425769183,2.43867537176053
"clade6","Human",290,0.579660893970842,2.15402443399399
"clade6","Human",291,0.287577078271709,1.52502591941868
"clade6","Human",292,0.357455533304713,1.48956449057623
"clade6","Human",293,0.283235056264922,1.49191487282204
"clade6","Human",294,0.678988929169995,2.60797041738702
"clade6","Human",295,0.371594783282518,1.42521161549557
"clade6","Human",296,0.858657166260981,2.32471635580843
"clade6","Human",297,0.324959474507271,1.64378771461873
"clade6","Human",298,0.190792006843002,1.05266730119642
"clade6","Human",299,0.23554801236612,1.27294674202045
"clade6","Human",3,0.309852577714041,1.69634103695232
"clade6","Human",30,0.184182154913587,1.03340346612841
"clade6","Human",300,0.636530239338097,1.46867669798766
"clade6","Human",301,0.256911320938754,1.3457737084133
"clade6","Human",302,0.291435050413308,1.49704880799489
"clade6","Human",303,0.797012894385465,2.45303681494919
"clade6","Human",304,1.08407729166126,2.82969366308594
"clade6","Human",305,0.253476562297744,1.33239791895601
"clade6","Human",306,0.50814050428344,1.67116348941391
"clade6","Human",307,0.538299708248461,1.7621848944563
"clade6","Human",308,0.52345737396495,2.04102647140279
"clade6","Human",309,0.270060617236505,1.41142905316157
"clade6","Human",31,0.35669400018695,1.64679296479725
"clade6","Human",310,0.915739990491813,2.73711467135192
"clade6","Human",311,0.19896539464613,1.05713263143159
"clade6","Human",312,0.373746536265785,1.83009299574679
"clade6","Human",313,0.48067115129167,1.98699081007039
"clade6","Human",314,0.931478833567616,2.68551616689519
"clade6","Human",315,0.409574983034246,1.9622937644503
"clade6","Human",316,0.350852782106287,1.15376497781564
"clade6","Human",317,0.265069678057441,1.18083240580348
"clade6","Human",318,0.24626864867815,1.35721693550607
"clade6","Human",319,0.916833125839925,1.83181707960114
"clade6","Human",32,0.23209350242757,1.29185553405103
"clade6","Human",320,0.329487938527084,1.42970168520406
"clade6","Human",321,0.257706302386975,1.40033691803866
"clade6","Human",322,0.25251680017177,1.39679392670164
"clade6","Human",323,0.368513927614968,1.83034090091974
"clade6","Human",324,0.589742862926888,1.08844220993531
"clade6","Human",325,0.515250747740459,2.33011839799945
"clade6","Human",326,0.54972654638402,2.32248469528806
"clade6","Human",327,0.618727561564274,2.54993091502201
"clade6","Human",328,0.73352550736658,2.4813735799801
"clade6","Human",329,0.242318480061988,1.34457829839844
"clade6","Human",33,0.380212895854792,1.83793769840254
"clade6","Human",330,0.810287696779355,2.62401931186746
"clade6","Human",331,0.623843287635701,1.56998439306905
"clade6","Human",332,0.542875634302823,2.25371992870142
"clade6","Human",333,0.266309365164154,1.42804895467029
"clade6","Human",334,0.569251281416029,2.27850877394143
"clade6","Human",335,0.211130710632002,1.19711768244009
"clade6","Human",336,0.265433015317584,1.4364875832404
"clade6","Human",337,0.284680238108978,1.22677731055568
"clade6","Human",338,0.191523566149751,1.11009107189782
"clade6","Human",339,0.437297107308706,1.99735310910735
"clade6","Human",34,0.682350187540739,2.49588415980794
"clade6","Human",340,0.526396648369857,2.23736533708189
"clade6","Human",341,0.612209665754083,2.33430405488132
"clade6","Human",342,0.678289246814251,2.55578002730259
"clade6","Human",343,0.64927739412096,2.3446815747905
"clade6","Human",345,0.764032101206092,2.5986730732641
"clade6","Human",346,1.07275520723778,2.78667479515763
"clade6","Human",347,0.710577849054707,2.03549826284339
"clade6","Human",348,0.707214124475708,2.40846871922958
"clade6","Human",349,1.25788459478447,2.72889293868395
"clade6","Human",35,1.03454372577097,2.89292571937928
"clade6","Human",350,1.41258725913428,2.83377781974742
"clade6","Human",351,0.55609326332799,2.38361512083291
"clade6","Human",352,0.448152051780659,2.05946027406413
"clade6","Human",353,0.239152417067971,1.311303775434
"clade6","Human",354,0.369135186930477,1.75261333031057
"clade6","Human",355,0.417093817872271,1.49634776748809
"clade6","Human",356,0.445531497485216,1.29397022578961
"clade6","Human",357,0.264032630908197,1.43422808383481
"clade6","Human",358,0.614050713447941,1.95602936146818
"clade6","Human",359,0.957233636134786,2.76166204559885
"clade6","Human",36,0.603783197644298,2.34854511036123
"clade6","Human",360,0.252639866709063,1.3817804264866
"clade6","Human",361,0.606973355066491,1.71760737191308
"clade6","Human",362,0.544295987254906,1.55269765077189
"clade6","Human",363,0.666018149960523,2.26716308051675
"clade6","Human",364,0.894654818836983,2.64621300928697
"clade6","Human",365,1.02787316231134,2.73257979279569
"clade6","Human",366,0.946579585118783,2.6837574347966
"clade6","Human",369,1.23434694699662,2.756804752016
"clade6","Human",37,1.10987872968833,2.78137035973127
"clade6","Human",370,0.506395052334241,1.80847233596474
"clade6","Human",371,0.476606852476835,2.25655909705643
"clade6","Human",372,0.929339424203292,3.05420921777883
"clade6","Human",373,0.226177078265492,1.05311497594022
"clade6","Human",374,0.1895389667333,1.05477363445114
"clade6","Human",375,0.682789710535943,2.62095539784927
"clade6","Human",376,0.136383602907781,0.777010887186478
"clade6","Human",377,0.238217327529315,1.30303384788554
"clade6","Human",378,0.202258271350457,1.11951101947212
"clade6","Human",379,0.227978599977936,1.24166475365154
"clade6","Human",38,0.329353077277235,1.61822942075404
"clade6","Human",380,0.196315702050703,1.12308266909957
"clade6","Human",381,0.34174486043046,1.67950566315191
"clade6","Human",382,0.254173738913197,1.39009981850711
"clade6","Human",383,1.10353504869278,1.86857641657933
"clade6","Human",384,0.350945822495499,1.78969500935972
"clade6","Human",385,1.14920499326275,2.99493918175697
"clade6","Human",386,1.43294344297434,3.18109153551822
"clade6","Human",387,0.204704030401542,1.15711611434314
"clade6","Human",388,0.89751909273553,2.63457596446784
"clade6","Human",389,0.576757259876319,2.24796986185704
"clade6","Human",39,0.194278745015473,1.09651953769085
"clade6","Human",390,0.926223985683019,2.60533636558643
"clade6","Human",391,0.98482371108452,2.71074518825265
"clade6","Human",392,1.14833933239626,2.90314434388352
"clade6","Human",393,0.707129917450183,1.98234209437749
"clade6","Human",394,0.849835660538098,2.56316279175714
"clade6","Human",395,0.746793815210865,2.60953617773322
"clade6","Human",396,0.702092306442257,2.6620772948822
"clade6","Human",397,0.219835106588292,1.17842890772824
"clade6","Human",398,0.360756387374369,1.72825840588926
"clade6","Human",399,0.56908028394065,1.51554392135559
"clade6","Human",4,0.852670798423053,1.65313757404613
"clade6","Human",40,0.168617625057157,0.905684639205621
"clade6","Human",400,1.175868604244,2.76678994651989
"clade6","Human",401,0.201768967633574,1.11934912695111
"clade6","Human",402,0.265807328109579,1.37892524177422
"clade6","Human",403,0.244461820709237,1.28460311760628
"clade6","Human",404,0.216772039271173,1.12709704521248
"clade6","Human",405,0.206211441016324,1.14446430105323
"clade6","Human",406,1.01635588064452,2.69125357225081
"clade6","Human",407,0.177858560984267,1.01128822159462
"clade6","Human",408,0.181381664154244,0.956521328620382
"clade6","Human",409,0.280738388658787,1.3969567043859
"clade6","Human",41,0.169076740835478,0.995275727052134
"clade6","Human",410,0.475499716881516,2.08601707184526
"clade6","Human",411,0.204947173976001,1.0963118236536
"clade6","Human",412,1.08157884138235,3.0517597329686
"clade6","Human",413,0.222335353061543,1.24550904818786
"clade6","Human",414,0.140429584635956,0.824990644984852
"clade6","Human",415,0.75800793336971,2.6437046505436
"clade6","Human",416,1.00555723713859,2.97316338503619
"clade6","Human",417,0.193808299445583,0.879492472704639
"clade6","Human",418,0.509815128501025,1.00011269433034
"clade6","Human",419,0.626091301042314,1.75604028710249
"clade6","Human",42,0.218283075262883,1.17318494600282
"clade6","Human",420,0.394317630624371,1.09134131671277
"clade6","Human",421,0.307906902619735,0.962790174840649
"clade6","Human",422,0.164703913300514,0.960257642493301
"clade6","Human",423,1.22775573535443,2.89351159548174
"clade6","Human",424,1.1202331575163,2.9153268994763
"clade6","Human",425,0.198104127679588,1.11821855979711
"clade6","Human",426,0.159661762762294,0.934406364820837
"clade6","Human",427,0.192440231743714,1.10173554865337
"clade6","Human",428,0.205036245161997,1.18138017263373
"clade6","Human",429,0.292175455062167,1.27323493962939
"clade6","Human",43,0.281266380467041,1.25592951290095
"clade6","Human",430,0.173132328768206,0.995642962412197
"clade6","Human",431,0.232243489866483,1.17231642679492
"clade6","Human",432,0.228474352777791,1.24679006654079
"clade6","Human",433,0.145840899460428,0.837357821232626
"clade6","Human",434,0.994535472748554,1.38162154470852
"clade6","Human",435,0.270884089475136,1.07494277228714
"clade6","Human",436,0.614828585849983,2.48372057593623
"clade6","Human",437,0.153946419756749,0.87509056155608
"clade6","Human",438,0.476168375293155,1.24297293098263
"clade6","Human",439,0.249910960999585,1.31607850057867
"clade6","Human",44,0.38147781338149,1.59487323569363
"clade6","Human",440,0.278276722893635,1.45198140838272
"clade6","Human",441,0.222929788017631,1.17974526369847
"clade6","Human",442,0.24677010678199,1.33519737632728
"clade6","Human",443,0.221215525298925,1.20449990741267
"clade6","Human",444,0.756395831519108,2.59638286746332
"clade6","Human",445,0.139112584355623,0.741402879714375
"clade6","Human",446,0.183726579536986,0.947553887540439
"clade6","Human",447,0.208878844172065,1.17730968480834
"clade6","Human",448,0.346429678612795,1.5089900819706
"clade6","Human",449,0.494407315269414,1.05800381528816
"clade6","Human",45,0.56373199572699,1.59699765715656
"clade6","Human",450,0.218249992849381,1.21551205887047
"clade6","Human",451,0.242209245040841,1.29391070158593
"clade6","Human",452,0.471112405091089,2.14961763515007
"clade6","Human",453,0.531338843579224,0.972406932337281
"clade6","Human",454,0.234825202936561,1.28930524426591
"clade6","Human",455,0.234581207414026,1.26406902824568
"clade6","Human",456,0.212150675590668,1.16916643675342
"clade6","Human",457,0.214644361453347,1.13923014191864
"clade6","Human",458,0.479120618184631,1.12379566318992
"clade6","Human",459,0.21865199721581,1.22649928923686
"clade6","Human",46,0.714472453512129,2.39612387346139
"clade6","Human",460,0.210488888357014,1.13890292056122
"clade6","Human",461,0.365026999626614,1.02166499187773
"clade6","Human",462,0.932999047536453,2.91064478989219
"clade6","Human",463,0.875872438881238,2.82377616483479
"clade6","Human",464,0.274928804261825,1.13063733785718
"clade6","Human",465,0.561221885675545,2.41370379707612
"clade6","Human",466,0.237157742429744,1.34331856378857
"clade6","Human",467,0.338682684676038,1.67313727363632
"clade6","Human",468,0.215473884056849,1.00352605710167
"clade6","Human",469,0.368400751626418,1.8551329706656
"clade6","Human",47,0.956683843922675,2.73355977302542
"clade6","Human",470,0.635138624229193,2.52657881109449
"clade6","Human",471,0.336605534621245,1.67863542104558
"clade6","Human",472,0.850003939724147,2.836136589278
"clade6","Human",473,0.194892016290293,1.11481659399297
"clade6","Human",474,0.334921634378126,1.23083602879975
"clade6","Human",475,0.729277039706821,2.5894252557188
"clade6","Human",476,0.202554635212633,1.11650346663359
"clade6","Human",477,0.252467227725653,1.35847127486145
"clade6","Human",478,0.514247690264973,1.5648823657759
"clade6","Human",479,0.340607766551358,1.29030307302899
"clade6","Human",48,0.275242392885437,1.43401132070125
"clade6","Human",480,0.755551580812332,1.47542945941885
"clade6","Human",481,0.310776108754407,0.969634304088061
"clade6","Human",482,0.250497487185528,1.31664415959752
"clade6","Human",483,0.804739895746658,2.74336903763394
"clade6","Human",484,0.483146103179114,1.56344220279807
"clade6","Human",485,0.425847207274404,1.32327160401325
"clade6","Human",486,0.478271887790569,1.05904664428627
"clade6","Human",487,0.620785445825607,2.48217384354519
"clade6","Human",488,0.391357954617232,1.82972630651114
"clade6","Human",489,0.138562738946784,0.836705132703955
"clade6","Human",49,0.69209534846377,2.28126230884179
"clade6","Human",490,0.862012903217359,2.83716082959023
"clade6","Human",491,0.679260166304946,2.64677040713463
"clade6","Human",492,0.166300665339229,0.949261457542614
"clade6","Human",493,0.183104200012037,1.04152538125875
"clade6","Human",494,1.20586148878955,3.22759884324027
"clade6","Human",495,0.38668265442778,0.861263227771504
"clade6","Human",496,0.307532793930789,0.915056974412916
"clade6","Human",497,0.900276520581091,1.70417115092434
"clade6","Human",498,1.27728133670186,2.99687096879859
"clade6","Human",499,1.00327129774124,1.11534161791604
"clade6","Human",5,1.05770679856953,1.85541401720197
"clade6","Human",50,0.570789657297806,1.52797877785017
"clade6","Human",500,0.867167692085566,2.8650511509521
"clade6","Human",501,0.291042533457566,0.716932634603707
"clade6","Human",51,0.854536974292224,2.62538145773541
"clade6","Human",52,0.507430447328151,1.86424328134734
"clade6","Human",53,0.334894835418094,1.67430684746401
"clade6","Human",54,0.226318627961463,1.22350034546312
"clade6","Human",55,0.837514471508361,1.8617516310251
"clade6","Human",56,0.476334048854835,1.71586223177169
"clade6","Human",57,0.178772537018516,1.01579182802503
"clade6","Human",58,0.75343732665008,2.45393986409098
"clade6","Human",59,0.332833606525462,1.64983907578623
"clade6","Human",6,0.70721963056035,2.58976695808894
"clade6","Human",60,0.210947292740043,1.17492265282907
"clade6","Human",61,0.913694628187057,2.73307100160742
"clade6","Human",62,0.814332859313482,2.63545910235278
"clade6","Human",63,0.295477402276138,1.52004669196442
"clade6","Human",64,0.649771057418255,2.18169038827118
"clade6","Human",65,0.369634994763766,1.91000375738421
"clade6","Human",66,0.382830643403461,1.82299373791573
"clade6","Human",67,0.295714970221275,1.52569004295556
"clade6","Human",68,0.472577069196939,1.21838910691781
"clade6","Human",69,0.571476659977999,1.83995654603968
"clade6","Human",7,0.649217888620883,2.1617956669058
"clade6","Human",70,0.522126180397436,1.50094756682244
"clade6","Human",71,0.54182114158508,2.17864889752758
"clade6","Human",72,0.592546891305648,2.32375347289723
"clade6","Human",73,1.02238527333757,2.10211575851712
"clade6","Human",74,0.243817514827555,1.32240677502199
"clade6","Human",75,0.212188204109132,1.17886415034877
"clade6","Human",76,0.746716944337196,2.66108538319134
"clade6","Human",77,0.673720553411074,2.50089153260445
"clade6","Human",78,0.411069861667268,1.05949097365157
"clade6","Human",79,0.406108506394121,1.85660329465133
"clade6","Human",8,1.17007286996698,2.70642123822157
"clade6","Human",80,0.354734342303023,1.75148810953847
"clade6","Human",81,0.406352114522036,1.88135639886691
"clade6","Human",82,0.294704469685332,1.52100077735312
"clade6","Human",83,0.432309585862945,1.80140801191924
"clade6","Human",84,0.506644787293159,2.11733194658271
"clade6","Human",85,0.370381232199082,1.56950469805364
"clade6","Human",86,0.835592664536016,2.64060727807145
"clade6","Human",87,0.329010388202775,1.64222322000027
"clade6","Human",88,0.626343178540684,2.48516519312592
"clade6","Human",89,0.592052978102155,2.42813343675845
"clade6","Human",9,0.180798337323835,1.05151760982677
"clade6","Human",90,0.643368106403854,2.56657410469058
"clade6","Human",91,0.564951318863782,2.33774783413031
"clade6","Human",92,0.257272869833631,1.36234475419824
"clade6","Human",93,0.946221346261979,2.77068126401302
"clade6","Human",94,0.781455463525182,2.6119874649767
"clade6","Human",95,0.891900671107509,2.79843021317302
"clade6","Human",96,1.81217152898858,3.05757843805065
"clade6","Human",97,1.43868431407811,2.90680224998416
"clade6","Human",98,0.225929380329412,1.17625568338453
"clade6","Human",99,0.212505368863997,1.16758626444413
"clade6","Mosquito",1,0.81067200112469,2.67515999830726
"clade6","Mosquito",10,0.339317033547797,1.71676957362447
"clade6","Mosquito",100,0.273733933574688,1.42026179877483
"clade6","Mosquito",101,0.285104402225364,1.45863215124942
"clade6","Mosquito",102,0.300650186710612,1.51476066155302
"clade6","Mosquito",103,0.356301149957615,1.70239299102134
"clade6","Mosquito",104,0.298274207925937,1.50362854709428
"clade6","Mosquito",105,0.304389897323807,1.52510064723806
"clade6","Mosquito",106,0.262478962634014,1.30808566497052
"clade6","Mosquito",107,0.355041641972315,1.69668105423221
"clade6","Mosquito",108,0.321810986419581,1.61471846506473
"clade6","Mosquito",109,0.351552338895784,1.67708932785116
"clade6","Mosquito",11,0.333714415778963,1.67767258790861
"clade6","Mosquito",110,0.535246615986615,1.61321600304612
"clade6","Mosquito",111,0.247723597902153,1.3131687358419
"clade6","Mosquito",112,0.424900556409508,1.81212655400667
"clade6","Mosquito",113,0.460055932977637,1.71292981556203
"clade6","Mosquito",114,0.338701011331921,1.50036668973479
"clade6","Mosquito",115,0.316343404660757,1.63087406950826
"clade6","Mosquito",116,0.260262404845302,1.36026799902689
"clade6","Mosquito",117,0.267593766920732,1.20487686242239
"clade6","Mosquito",118,0.58123685704583,2.23926137943332
"clade6","Mosquito",119,0.345960971953709,1.71489689617231
"clade6","Mosquito",12,0.596990550750742,2.31762405807525
"clade6","Mosquito",120,0.56338477136,2.09351408584382
"clade6","Mosquito",121,0.279061479926869,1.44627332760203
"clade6","Mosquito",122,0.41533588890062,1.88935080406128
"clade6","Mosquito",123,1.00536874663148,2.70177818413121
"clade6","Mosquito",124,0.557576646626942,2.19750642303095
"clade6","Mosquito",125,0.799298784265758,2.59289325099068
"clade6","Mosquito",126,0.760082327528409,2.47818177578543
"clade6","Mosquito",127,0.272412470821179,1.42817794360985
"clade6","Mosquito",128,0.843303134975017,2.61593798682
"clade6","Mosquito",129,0.497719340194179,2.07666005963062
"clade6","Mosquito",13,0.859832638541015,2.79229668241504
"clade6","Mosquito",130,0.242529634975353,1.28101386314109
"clade6","Mosquito",131,0.858047002647819,2.64186204837728
"clade6","Mosquito",132,0.852538764843117,2.60223591381814
"clade6","Mosquito",133,0.370263623379964,1.75615730288078
"clade6","Mosquito",134,0.398999554607147,1.82798970688531
"clade6","Mosquito",135,0.451345284711073,1.83848630852874
"clade6","Mosquito",136,0.586726688719672,2.22854178067369
"clade6","Mosquito",137,0.889208840230407,2.61706183765988
"clade6","Mosquito",138,0.638941740754714,1.89415591283534
"clade6","Mosquito",139,0.229905575083126,1.22677185522141
"clade6","Mosquito",14,0.292151369841968,1.56929251931908
"clade6","Mosquito",140,0.416466203378293,1.68376966217888
"clade6","Mosquito",141,0.364541105378476,1.47647790228506
"clade6","Mosquito",142,0.77499511713842,2.54823929294566
"clade6","Mosquito",143,0.308907283824662,1.58223135968599
"clade6","Mosquito",144,0.340943671556846,1.66837342897053
"clade6","Mosquito",145,0.36198880038934,1.79077932894261
"clade6","Mosquito",146,0.889506060410935,2.60886448251269
"clade6","Mosquito",147,0.768147273955976,2.66595129142912
"clade6","Mosquito",148,0.625163116631005,1.85366718791115
"clade6","Mosquito",149,0.618306497214327,2.39267199340175
"clade6","Mosquito",15,0.455258827604106,1.99991062095617
"clade6","Mosquito",150,0.369724080699376,1.69030017371388
"clade6","Mosquito",151,0.509497275866715,2.09238569052627
"clade6","Mosquito",152,1.02079742553127,2.76989364691938
"clade6","Mosquito",153,0.387943026447231,1.64926188643465
"clade6","Mosquito",154,0.621628636104524,2.27027541656805
"clade6","Mosquito",155,0.777797178215239,2.54613972043268
"clade6","Mosquito",156,0.630780514403138,2.34675740797206
"clade6","Mosquito",16,0.504612685866949,2.09622090630669
"clade6","Mosquito",161,0.678046551607911,2.21049340943297
"clade6","Mosquito",163,1.11590731821576,2.69228004712902
"clade6","Mosquito",164,0.562636249746661,2.22110087156832
"clade6","Mosquito",165,0.923655358324648,2.6526643941377
"clade6","Mosquito",166,0.877017721461644,2.56029415957499
"clade6","Mosquito",167,0.603636196867859,2.32653218856864
"clade6","Mosquito",168,0.794362134944891,2.25111665514118
"clade6","Mosquito",169,0.247865847377707,1.30317964675751
"clade6","Mosquito",17,0.30873211550338,1.57873611354226
"clade6","Mosquito",170,0.388096710924375,1.82465302727516
"clade6","Mosquito",171,0.534593906048098,2.09950217731467
"clade6","Mosquito",172,1.04077244641415,2.63885887869281
"clade6","Mosquito",173,0.345320622290555,1.56872302803841
"clade6","Mosquito",174,0.804683864305926,2.728639911867
"clade6","Mosquito",175,0.610618111617284,2.01821163715273
"clade6","Mosquito",176,0.93532331273031,2.77192222091887
"clade6","Mosquito",177,0.823970412915207,1.94121819295471
"clade6","Mosquito",178,0.704478738650961,1.86006951972721
"clade6","Mosquito",179,0.724889649342403,2.48214874944255
"clade6","Mosquito",18,0.722438721393902,2.62878122820297
"clade6","Mosquito",180,0.259419890580467,1.34011365006825
"clade6","Mosquito",181,0.380563713466369,1.75191262066223
"clade6","Mosquito",182,0.622898158207977,1.82892038226797
"clade6","Mosquito",183,0.330839984321771,1.44902727067045
"clade6","Mosquito",184,0.225397578130011,1.24582684321852
"clade6","Mosquito",185,0.925585215389565,2.7285709646146
"clade6","Mosquito",186,0.241926228248374,1.31617835579988
"clade6","Mosquito",187,0.836281590449664,2.55715084297388
"clade6","Mosquito",188,0.41015384794512,1.31519102739875
"clade6","Mosquito",189,0.452253240104543,1.89826744035156
"clade6","Mosquito",19,0.365013802524779,1.75798113192628
"clade6","Mosquito",190,0.263137945553895,1.37780712967232
"clade6","Mosquito",191,0.625287850396704,2.36499404743601
"clade6","Mosquito",192,0.535128787250397,2.27988826204234
"clade6","Mosquito",193,1.12926130491852,2.76926559197575
"clade6","Mosquito",194,0.651352773096643,2.45181790304653
"clade6","Mosquito",195,0.323505919532718,1.58628969780471
"clade6","Mosquito",196,0.336039145028882,1.57197726523661
"clade6","Mosquito",197,0.375065924559868,1.75146313271288
"clade6","Mosquito",198,0.982682940180205,2.71645561419646
"clade6","Mosquito",199,0.579515699146734,2.26575683434209
"clade6","Mosquito",2,0.939130833992962,2.73623926221419
"clade6","Mosquito",20,0.276376540739095,1.42133013941946
"clade6","Mosquito",200,0.591763815601145,2.24367189581727
"clade6","Mosquito",201,0.67183103350802,2.37396972985201
"clade6","Mosquito",202,0.355357595664696,1.68220844626773
"clade6","Mosquito",203,0.503802291132074,1.7125129057485
"clade6","Mosquito",204,0.588920200778244,2.34587696134931
"clade6","Mosquito",205,1.20406719035769,2.81787988653558
"clade6","Mosquito",206,0.74963685260942,2.55736189094961
"clade6","Mosquito",207,0.495889043849192,1.63408474702264
"clade6","Mosquito",208,0.868171727757177,2.54798810567488
"clade6","Mosquito",209,0.416852168481525,1.82990334392608
"clade6","Mosquito",21,0.440034888109665,1.96863408669143
"clade6","Mosquito",210,1.04581317576609,2.75331813235386
"clade6","Mosquito",211,0.616146503234313,2.4276993822043
"clade6","Mosquito",212,0.245297144894344,1.28657748953897
"clade6","Mosquito",213,0.341313114658056,1.6864285392666
"clade6","Mosquito",214,0.731327272170425,2.42399945386143
"clade6","Mosquito",215,0.410451387479802,1.84740201358718
"clade6","Mosquito",216,0.92004687207555,2.68839506121554
"clade6","Mosquito",217,0.23892573535861,1.2770952564414
"clade6","Mosquito",218,0.448215679775269,1.68818249937849
"clade6","Mosquito",219,0.552041499822346,2.23176059968738
"clade6","Mosquito",22,0.396504879987248,1.8204231478447
"clade6","Mosquito",220,0.221100197844349,1.11807030863313
"clade6","Mosquito",221,0.33513251926208,1.33078250072868
"clade6","Mosquito",222,0.922644757301866,2.64448825516486
"clade6","Mosquito",223,0.28248829601014,1.46445966765446
"clade6","Mosquito",224,0.231207538832116,1.25072910568831
"clade6","Mosquito",225,0.450645564658475,1.95950877406192
"clade6","Mosquito",226,0.746724992853508,2.16041576667839
"clade6","Mosquito",227,0.525990020600226,2.11639384508528
"clade6","Mosquito",228,0.740844808443185,2.48235134337308
"clade6","Mosquito",229,0.658373384337171,2.36966373768499
"clade6","Mosquito",23,0.818861933506543,2.68179613761038
"clade6","Mosquito",230,0.949943681124883,2.25859106089099
"clade6","Mosquito",231,0.55481099979418,2.01276886686147
"clade6","Mosquito",232,0.538979163320404,2.00229245145756
"clade6","Mosquito",233,0.345875393492176,1.70752232454394
"clade6","Mosquito",234,0.747076191354308,2.4955458576275
"clade6","Mosquito",235,0.959435618596098,2.56575538515875
"clade6","Mosquito",236,0.455914698688718,1.99136442576352
"clade6","Mosquito",237,0.675728674079922,2.10888900344996
"clade6","Mosquito",238,0.864752091115026,2.6597203442441
"clade6","Mosquito",239,0.339585092899667,1.69510411115952
"clade6","Mosquito",24,0.376959307244731,1.78851507655596
"clade6","Mosquito",240,0.672922393315641,2.50141463639325
"clade6","Mosquito",241,0.275021381006363,1.3734930809692
"clade6","Mosquito",242,0.384796342239436,1.86321539933318
"clade6","Mosquito",243,0.88916297324341,2.64822430401627
"clade6","Mosquito",244,0.72556279654277,2.52968782255962
"clade6","Mosquito",245,0.424638858809192,1.89271670510673
"clade6","Mosquito",246,0.251411765252575,1.3413198446937
"clade6","Mosquito",247,0.315920014052057,1.58537576712193
"clade6","Mosquito",248,0.396727079859824,1.84388821686301
"clade6","Mosquito",249,0.253851088399348,1.31828885932593
"clade6","Mosquito",25,0.288970579173403,1.49834514623749
"clade6","Mosquito",250,0.387867727192698,1.81548208637457
"clade6","Mosquito",251,0.543551092069959,2.14806151837508
"clade6","Mosquito",252,0.314932861382466,1.60136122146443
"clade6","Mosquito",253,0.947855013277689,2.60616162211955
"clade6","Mosquito",254,0.54039224350594,2.22049236637005
"clade6","Mosquito",255,0.393063507113133,1.73168611095275
"clade6","Mosquito",256,0.329852910974227,1.6592096345742
"clade6","Mosquito",257,0.751915372652797,2.58292948470537
"clade6","Mosquito",258,0.516992130058388,2.12755920928336
"clade6","Mosquito",259,0.494516834006713,2.09609104678048
"clade6","Mosquito",26,0.818819402544498,2.61873346842031
"clade6","Mosquito",260,0.237854657204953,1.28500861837596
"clade6","Mosquito",261,0.572716106299017,2.28855591257219
"clade6","Mosquito",262,0.272404325890552,1.06601454920287
"clade6","Mosquito",263,0.814586845382253,2.61782771706374
"clade6","Mosquito",264,0.869707511296334,2.67587916668142
"clade6","Mosquito",265,0.364024432149594,1.72627718019775
"clade6","Mosquito",266,0.314433976605533,1.42472336867662
"clade6","Mosquito",267,0.373454776260928,1.7531055287178
"clade6","Mosquito",268,0.912049030914201,2.83638930397668
"clade6","Mosquito",269,0.352709119349946,1.69337768361099
"clade6","Mosquito",27,0.641322214829806,2.4000762236791
"clade6","Mosquito",270,1.15352273552778,2.86583963617922
"clade6","Mosquito",271,0.566895516561018,2.18168217077596
"clade6","Mosquito",272,0.696315438280215,1.43032966662982
"clade6","Mosquito",273,0.326793495806736,1.49322726607905
"clade6","Mosquito",274,0.883159791281278,2.70386076467014
"clade6","Mosquito",275,0.556096964374861,2.25739182368893
"clade6","Mosquito",276,0.405263184317543,1.88091479968537
"clade6","Mosquito",277,0.54632688762606,2.2683525396873
"clade6","Mosquito",278,1.14377109463653,2.8402881265699
"clade6","Mosquito",279,0.345171132255212,1.68824225994321
"clade6","Mosquito",28,0.614929534314364,1.57592694348674
"clade6","Mosquito",280,0.60820775518052,1.93518376939155
"clade6","Mosquito",281,0.597431639917186,2.00195305756535
"clade6","Mosquito",282,0.694531161250799,2.41910282078106
"clade6","Mosquito",283,0.800739173262116,1.96332226561253
"clade6","Mosquito",284,0.290059725258777,1.46432261780087
"clade6","Mosquito",285,1.24568876149806,2.88158866602542
"clade6","Mosquito",286,0.334192417215163,1.50253209160421
"clade6","Mosquito",287,0.392310634802323,1.83648797041146
"clade6","Mosquito",288,0.274191094033701,1.41244836092671
"clade6","Mosquito",289,0.361111996943891,1.76792098630619
"clade6","Mosquito",29,0.71252026804652,2.50136345379947
"clade6","Mosquito",290,0.466617596150982,1.91430326310652
"clade6","Mosquito",291,0.361962402833017,1.7412683594028
"clade6","Mosquito",292,0.337084200110075,1.58033689491154
"clade6","Mosquito",293,0.302404162826304,1.49971112031452
"clade6","Mosquito",294,0.718739277567244,2.56424932565936
"clade6","Mosquito",295,0.356422296394208,1.53913201276782
"clade6","Mosquito",296,0.85908348352136,2.29065893527898
"clade6","Mosquito",297,0.395211140069307,1.85011351660283
"clade6","Mosquito",298,0.246275276062163,1.28753044997834
"clade6","Mosquito",299,0.306576111123882,1.53204979730448
"clade6","Mosquito",3,0.355233691621192,1.80184674325288
"clade6","Mosquito",30,0.231994070423985,1.23636264202627
"clade6","Mosquito",300,0.63566431102003,1.68161613273561
"clade6","Mosquito",301,0.320125834676264,1.57753476498861
"clade6","Mosquito",302,0.350568678111275,1.67750338671748
"clade6","Mosquito",303,0.639897635305537,2.31561515029706
"clade6","Mosquito",304,0.863044388098316,2.68689955070721
"clade6","Mosquito",305,0.331677492863409,1.59873687752675
"clade6","Mosquito",306,0.517190959379649,1.80544516124076
"clade6","Mosquito",307,0.511262574885788,1.90880185446227
"clade6","Mosquito",308,0.505960235581658,2.03093143359882
"clade6","Mosquito",309,0.335591089111747,1.62777214837349
"clade6","Mosquito",31,0.321107382855272,1.58915586997413
"clade6","Mosquito",310,0.938100763644589,2.67320272157891
"clade6","Mosquito",311,0.263049029112715,1.32215406279725
"clade6","Mosquito",312,0.387450329180625,1.79856260358152
"clade6","Mosquito",313,0.675956253667902,2.43783774295154
"clade6","Mosquito",314,0.993122353109707,2.69869706350252
"clade6","Mosquito",315,0.388672449104729,1.82606909525669
"clade6","Mosquito",316,0.39838377561215,1.33050786916061
"clade6","Mosquito",317,0.272417610425229,1.25034064620593
"clade6","Mosquito",318,0.299671094705576,1.53481096629162
"clade6","Mosquito",319,0.633186763039853,1.92058757080958
"clade6","Mosquito",32,0.276767937331614,1.43966443903836
"clade6","Mosquito",320,0.404278498370547,1.72251994025844
"clade6","Mosquito",321,0.353933267448934,1.71621090709125
"clade6","Mosquito",322,0.310813395674736,1.57215646946563
"clade6","Mosquito",323,0.403272337746538,1.88615981560352
"clade6","Mosquito",324,0.425913922919617,1.18056270132167
"clade6","Mosquito",325,0.54377246529685,2.32478519103037
"clade6","Mosquito",326,0.628702542650309,2.35696007795921
"clade6","Mosquito",327,0.754633929092794,2.66762009543198
"clade6","Mosquito",328,0.769114462954209,2.51838012506323
"clade6","Mosquito",329,0.312163527507205,1.57327119750814
"clade6","Mosquito",33,0.374363351646456,1.77465965816928
"clade6","Mosquito",330,0.771991141310073,2.54793146167036
"clade6","Mosquito",331,0.672885186846719,1.66935372119112
"clade6","Mosquito",332,0.519391635824369,2.14043042730304
"clade6","Mosquito",333,0.328898810567194,1.62933673367957
"clade6","Mosquito",334,0.57868696317621,2.25571953759395
"clade6","Mosquito",335,0.269040673578087,1.4196871264688
"clade6","Mosquito",336,0.329724961036678,1.62967435157202
"clade6","Mosquito",337,0.365678434235479,1.53727153091992
"clade6","Mosquito",338,0.238468260356333,1.28907074536991
"clade6","Mosquito",339,0.462358764804927,2.00614818788057
"clade6","Mosquito",34,0.615314990759445,2.38376886104834
"clade6","Mosquito",340,0.59436040649008,2.32602232172832
"clade6","Mosquito",341,0.601499171228788,2.28033354683477
"clade6","Mosquito",342,0.738219817363816,2.56372211420221
"clade6","Mosquito",343,0.708062429375371,2.42835378848973
"clade6","Mosquito",345,0.722135190248984,2.49955332568529
"clade6","Mosquito",346,0.959623253708584,2.6616786206244
"clade6","Mosquito",347,0.738332675498985,2.07047094185013
"clade6","Mosquito",348,0.735813687709759,2.44880500338791
"clade6","Mosquito",349,1.16669794868905,2.66226880886047
"clade6","Mosquito",35,1.04233690904641,2.79013245180683
"clade6","Mosquito",350,0.798117982773203,2.54083954904405
"clade6","Mosquito",351,0.555981532295802,2.32833052252969
"clade6","Mosquito",352,0.403843450382545,1.89467344682976
"clade6","Mosquito",353,0.293834564756732,1.50409632151135
"clade6","Mosquito",354,0.43436068322707,1.91037894866858
"clade6","Mosquito",355,0.440409666279045,1.7279695871471
"clade6","Mosquito",356,0.533666636369599,1.58877890201143
"clade6","Mosquito",357,0.328210291981086,1.63528542104305
"clade6","Mosquito",358,0.65845816424677,2.02089846240516
"clade6","Mosquito",359,0.906687853183659,2.69491738232473
"clade6","Mosquito",36,0.473935100185684,2.07628143819953
"clade6","Mosquito",360,0.277278497797064,1.44209438336131
"clade6","Mosquito",361,0.60612226803292,1.80637966989582
"clade6","Mosquito",362,0.554523047387419,1.61594973736521
"clade6","Mosquito",363,0.599701476207627,2.16703255454002
"clade6","Mosquito",364,0.937334366393385,2.66490256276234
"clade6","Mosquito",365,0.948459995235827,2.68205092928192
"clade6","Mosquito",366,0.960430615241285,2.67889084891739
"clade6","Mosquito",369,1.11938093488705,2.75508306528542
"clade6","Mosquito",37,0.988681564207699,2.74575218422892
"clade6","Mosquito",370,0.50546364943777,1.90222259980706
"clade6","Mosquito",371,0.50798513412397,2.26910906381261
"clade6","Mosquito",372,0.75020705832904,2.58859631558578
"clade6","Mosquito",373,0.243653406967341,1.23883241263907
"clade6","Mosquito",374,0.255715191728066,1.33092151022849
"clade6","Mosquito",375,0.734000980451038,2.61350993823673
"clade6","Mosquito",376,0.210440304225424,1.13309345054069
"clade6","Mosquito",377,0.311262912296192,1.57588016095734
"clade6","Mosquito",378,0.3063057596185,1.53565943251433
"clade6","Mosquito",379,0.351418214273851,1.69827847900396
"clade6","Mosquito",38,0.410610341338939,1.86033750879672
"clade6","Mosquito",380,0.252263162576372,1.33562379159123
"clade6","Mosquito",381,0.405341786630462,1.85368506613829
"clade6","Mosquito",382,0.282013396217648,1.46198055356359
"clade6","Mosquito",383,0.722528434909793,1.86450031980928
"clade6","Mosquito",384,0.347262795024409,1.70741640775696
"clade6","Mosquito",385,1.14948690812837,2.91336662724937
"clade6","Mosquito",386,1.35767305920008,3.0366928755333
"clade6","Mosquito",387,0.253833104790408,1.340687161347
"clade6","Mosquito",388,0.74278223415524,2.50173489824235
"clade6","Mosquito",389,0.544563436681933,2.15866741011968
"clade6","Mosquito",39,0.236186377897248,1.26308808889138
"clade6","Mosquito",390,0.898252062026761,2.60935087691367
"clade6","Mosquito",391,1.15337242074483,2.75887417065154
"clade6","Mosquito",392,1.01069310808973,2.77652276809115
"clade6","Mosquito",393,0.543918639556769,1.85716316869652
"clade6","Mosquito",394,0.899673232822589,2.55756844285998
"clade6","Mosquito",395,0.954148546679314,2.7450234301376
"clade6","Mosquito",396,0.724957425544249,2.5711483151745
"clade6","Mosquito",397,0.308475471031382,1.52037435449377
"clade6","Mosquito",398,0.37508808620056,1.74888543156391
"clade6","Mosquito",399,0.537835943868834,1.57601965644002
"clade6","Mosquito",4,0.807423616516818,1.72571651978674
"clade6","Mosquito",40,0.214647863988107,1.16050696297886
"clade6","Mosquito",400,0.80866330695762,2.51917319157343
"clade6","Mosquito",401,0.273823527763684,1.40571315112644
"clade6","Mosquito",402,0.323966448683525,1.58783540927669
"clade6","Mosquito",403,0.320255870016669,1.57289155638558
"clade6","Mosquito",404,0.273837223511369,1.40455432121097
"clade6","Mosquito",405,0.281107690627173,1.43798424259357
"clade6","Mosquito",406,0.816964726282579,2.65428310221612
"clade6","Mosquito",407,0.236771212780694,1.26470790574245
"clade6","Mosquito",408,0.229092283509731,1.21660092427159
"clade6","Mosquito",409,0.300662391301707,1.42720188448407
"clade6","Mosquito",41,0.226407018965638,1.20623651536017
"clade6","Mosquito",410,0.489319580980452,2.19689102086705
"clade6","Mosquito",411,0.258032465968913,1.35295993287478
"clade6","Mosquito",412,0.758502865413468,2.67447360183205
"clade6","Mosquito",413,0.306858413666066,1.56275976429983
"clade6","Mosquito",414,0.190914457708785,1.06742120461516
"clade6","Mosquito",415,0.716521442409277,2.61306502405777
"clade6","Mosquito",416,0.880585238336982,2.80108461592691
"clade6","Mosquito",417,0.233752278911347,1.15058001744646
"clade6","Mosquito",418,0.515236847350503,1.11901998319114
"clade6","Mosquito",419,0.596670849000399,1.80269076183197
"clade6","Mosquito",42,0.28273834238345,1.43955703160017
"clade6","Mosquito",420,0.454386574019605,1.47763003434226
"clade6","Mosquito",421,0.240344939268213,1.1846699332755
"clade6","Mosquito",422,0.250472530117833,1.31405750441809
"clade6","Mosquito",423,1.14715988127383,2.81272972125044
"clade6","Mosquito",424,1.10878528808994,2.82799541475047
"clade6","Mosquito",425,0.275860230125832,1.42872743648848
"clade6","Mosquito",426,0.21286600395582,1.1704355069323
"clade6","Mosquito",427,0.23555541624436,1.25882509710596
"clade6","Mosquito",428,0.296003576110855,1.52370108293456
"clade6","Mosquito",429,0.391706522372695,1.6904544001964
"clade6","Mosquito",43,0.257635560715346,1.20732796104423
"clade6","Mosquito",430,0.253584282333221,1.34254172220925
"clade6","Mosquito",431,0.301656313521689,1.47630787966579
"clade6","Mosquito",432,0.346660982925948,1.66879350971828
"clade6","Mosquito",433,0.223200867539305,1.20349353427823
"clade6","Mosquito",434,0.979314151520989,1.67114829363075
"clade6","Mosquito",435,0.282121888698407,1.35645004515515
"clade6","Mosquito",436,0.611488011562845,2.39691105070687
"clade6","Mosquito",437,0.208789919450428,1.13216210881081
"clade6","Mosquito",438,0.551313551376934,1.50276271584895
"clade6","Mosquito",439,0.405286625529392,1.84201331628709
"clade6","Mosquito",44,0.451129052166716,1.72290779046996
"clade6","Mosquito",440,0.440682473501516,1.92835836991719
"clade6","Mosquito",441,0.269102639036649,1.38227636353921
"clade6","Mosquito",442,0.288654296010758,1.49751159365502
"clade6","Mosquito",443,0.305205215929532,1.51094942363187
"clade6","Mosquito",444,0.740609625245812,2.51863354001339
"clade6","Mosquito",445,0.172341294336353,0.93920881916234
"clade6","Mosquito",446,0.231544990017541,1.14139145037559
"clade6","Mosquito",447,0.35822257723514,1.73489025877967
"clade6","Mosquito",448,0.43654205177598,1.79958827225052
"clade6","Mosquito",449,0.506854872562758,1.24304127263515
"clade6","Mosquito",45,0.637503648089009,1.71321711849929
"clade6","Mosquito",450,0.279382586157859,1.44570747077263
"clade6","Mosquito",451,0.304973799983723,1.51508148293789
"clade6","Mosquito",452,0.48063572290772,2.14941097919006
"clade6","Mosquito",453,0.495109286372348,1.18345756263309
"clade6","Mosquito",454,0.281400580492848,1.45729204454477
"clade6","Mosquito",455,0.389431905759055,1.79304139997715
"clade6","Mosquito",456,0.318064135297644,1.56977106594769
"clade6","Mosquito",457,0.255633409881976,1.32463099052888
"clade6","Mosquito",458,0.459513654607655,1.33233270888242
"clade6","Mosquito",459,0.27155946543228,1.40312405549016
"clade6","Mosquito",46,0.541377350327774,2.14424570992658
"clade6","Mosquito",460,0.301676076547877,1.48203816324752
"clade6","Mosquito",461,0.454050459972718,1.45087652284307
"clade6","Mosquito",462,0.912171705136822,2.77639938619037
"clade6","Mosquito",463,0.748329135528327,2.62085396301678
"clade6","Mosquito",464,0.274772867401881,1.32020943689463
"clade6","Mosquito",465,0.64675015168721,2.47304524081605
"clade6","Mosquito",466,0.308701760174344,1.58330076853684
"clade6","Mosquito",467,0.3797199736478,1.83281533952641
"clade6","Mosquito",468,0.303652451712957,1.44149445309921
"clade6","Mosquito",469,0.411952535785809,1.92442712808843
"clade6","Mosquito",47,0.901255088246139,2.67237265048868
"clade6","Mosquito",470,0.613303416417784,2.45836701651412
"clade6","Mosquito",471,0.383540157311535,1.7830445655287
"clade6","Mosquito",472,0.967650847724804,2.78978966269747
"clade6","Mosquito",473,0.235315680108551,1.28742514998921
"clade6","Mosquito",474,0.362813029988765,1.49500732359027
"clade6","Mosquito",475,0.725542332738196,2.51692794815237
"clade6","Mosquito",476,0.249755496529405,1.3174499327821
"clade6","Mosquito",477,0.33812480174067,1.65516338908008
"clade6","Mosquito",478,0.491460677730327,1.65312916938331
"clade6","Mosquito",479,0.331814063359647,1.05373826404505
"clade6","Mosquito",48,0.335067613626274,1.61747564656387
"clade6","Mosquito",480,0.672411383133902,1.68890143188338
"clade6","Mosquito",481,0.434235409412614,1.38998675139858
"clade6","Mosquito",482,0.37099096007056,1.76079735560885
"clade6","Mosquito",483,0.80607876344564,2.65567694137538
"clade6","Mosquito",484,0.522587103764128,1.7865761248176
"clade6","Mosquito",485,0.569550202147589,1.7939045581765
"clade6","Mosquito",486,0.616823457942565,1.53188390960374
"clade6","Mosquito",487,0.588278404017694,2.34963789135103
"clade6","Mosquito",488,0.395600013219869,1.83195678802477
"clade6","Mosquito",489,0.207111994353973,1.15138284657308
"clade6","Mosquito",49,0.547687525717139,2.05238861729913
"clade6","Mosquito",490,0.844947292414905,2.75753020847779
"clade6","Mosquito",491,0.762820424144633,2.67910201492261
"clade6","Mosquito",492,0.271587967935315,1.39938565047913
"clade6","Mosquito",493,0.272524453939333,1.45021332962097
"clade6","Mosquito",494,1.01621163119897,3.00391114577543
"clade6","Mosquito",495,0.247448345722824,1.17966815757467
"clade6","Mosquito",496,0.318174261802427,1.12420533304429
"clade6","Mosquito",497,0.734593764778103,1.8037721991094
"clade6","Mosquito",498,1.01525071700148,2.81367386305848
"clade6","Mosquito",499,1.21022040008957,1.27022403123392
"clade6","Mosquito",5,0.677606490595611,1.75336490794568
"clade6","Mosquito",50,0.458853640844014,1.54894961730467
"clade6","Mosquito",500,0.748346413954775,2.60117416651103
"clade6","Mosquito",501,0.33699021703937,0.985791716331212
"clade6","Mosquito",51,0.854069568644892,2.60121933661745
"clade6","Mosquito",52,0.524958109830794,1.97053157916329
"clade6","Mosquito",53,0.289161631485774,1.44427427808299
"clade6","Mosquito",54,0.331466955967687,1.61111551762992
"clade6","Mosquito",55,0.782991964255401,1.95414844714526
"clade6","Mosquito",56,0.41060866036843,1.86879752900418
"clade6","Mosquito",57,0.207380585982074,1.11974656178435
"clade6","Mosquito",58,0.769419538517274,2.45507400518232
"clade6","Mosquito",59,0.376623422481548,1.77282737903894
"clade6","Mosquito",6,0.621624115806608,2.41611581105959
"clade6","Mosquito",60,0.2717893559826,1.40459019648137
"clade6","Mosquito",61,0.825976289007549,2.64948348824218
"clade6","Mosquito",62,0.671132464323671,2.43793217913519
"clade6","Mosquito",63,0.359506128820416,1.69633596022433
"clade6","Mosquito",64,0.676893102760745,2.18575405015435
"clade6","Mosquito",65,0.433041661244823,2.03814693829062
"clade6","Mosquito",66,0.50034162223857,2.0805626428221
"clade6","Mosquito",67,0.303833470843844,1.52442351376754
"clade6","Mosquito",68,0.42362035165149,1.50154876042258
"clade6","Mosquito",69,0.60564564357299,1.95669865430189
"clade6","Mosquito",7,0.552604516597884,2.08657559339517
"clade6","Mosquito",70,0.417982162125046,1.49594753969298
"clade6","Mosquito",71,0.610322332671752,2.3132050232918
"clade6","Mosquito",72,0.605777085475991,2.33635350470407
"clade6","Mosquito",73,0.8766845482454,2.1288693778161
"clade6","Mosquito",74,0.309190497848124,1.53621141607566
"clade6","Mosquito",75,0.276144583929355,1.42873075557755
"clade6","Mosquito",76,0.74761895653401,2.5398367740788
"clade6","Mosquito",77,0.684460678436869,2.45915341859756
"clade6","Mosquito",78,0.47047735548128,1.30948446759717
"clade6","Mosquito",79,0.441200858961639,1.93282866850128
"clade6","Mosquito",8,1.00688162935797,2.67141845438308
"clade6","Mosquito",80,0.367833341397131,1.74140279403174
"clade6","Mosquito",81,0.477988829442646,2.02357138183936
"clade6","Mosquito",82,0.348129756124446,1.66586698360679
"clade6","Mosquito",83,0.393813844436667,1.73163767719527
"clade6","Mosquito",84,0.670193655485713,2.38476686546771
"clade6","Mosquito",85,0.340627779522947,1.58256308436338
"clade6","Mosquito",86,1.11276925526063,2.77488827493137
"clade6","Mosquito",87,0.379749777975281,1.77610558734182
"clade6","Mosquito",88,0.582269423534961,2.35047178459488
"clade6","Mosquito",89,0.67160078698051,2.43604474468725
"clade6","Mosquito",9,0.239426282558935,1.27910783407611
"clade6","Mosquito",90,0.863800453192464,2.72227283081508
"clade6","Mosquito",91,0.636167300095381,2.37209667378191
"clade6","Mosquito",92,0.325685161763608,1.59758513133358
"clade6","Mosquito",93,0.809733115355324,2.64972324610302
"clade6","Mosquito",94,0.655851047392826,2.4294654822459
"clade6","Mosquito",95,0.85941654353773,2.66381549760654
"clade6","Mosquito",96,1.02760590170261,2.72096634115405
"clade6","Mosquito",97,0.931834981414734,2.74260704933987
"clade6","Mosquito",98,0.265782101896475,1.36517098147082
"clade6","Mosquito",99,0.283982272489329,1.44117062482047
"clade7","Bird",1,0.908642600253097,2.94972764139762
"clade7","Bird",10,0.297806407427811,1.58838090193776
"clade7","Bird",100,0.228132612147431,1.25878948161184
"clade7","Bird",101,0.21338761003676,1.20105455125611
"clade7","Bird",102,0.241147891790361,1.31269368486639
"clade7","Bird",103,0.273083658379434,1.43177831832107
"clade7","Bird",104,1.65524983737593,3.13615683947237
"clade7","Bird",105,0.250643848888172,1.34965472695439
"clade7","Bird",106,0.276237347905434,1.45310899764344
"clade7","Bird",107,0.244742314663101,1.31042182828814
"clade7","Bird",108,0.237334486901896,1.2976772472546
"clade7","Bird",109,0.268165176100444,1.41952735243067
"clade7","Bird",11,0.27196182811618,1.31782651875526
"clade7","Bird",110,0.186044371941507,1.04668769695493
"clade7","Bird",111,0.190775843087929,1.110289363637
"clade7","Bird",112,0.325284390944017,1.61873236151402
"clade7","Bird",113,0.275284032881194,1.48283913444071
"clade7","Bird",114,0.909555507249126,2.94605014663228
"clade7","Bird",115,0.333162250465644,1.39850628205753
"clade7","Bird",116,0.197447723073881,1.12087708831351
"clade7","Bird",117,0.435965898375577,1.24064781149639
"clade7","Bird",118,0.327675569811585,1.6648467146417
"clade7","Bird",119,1.06522581604179,1.48872021629199
"clade7","Bird",12,0.958837908371375,2.87179666516442
"clade7","Bird",120,0.394604385359301,1.68678580911759
"clade7","Bird",121,0.223409172030584,1.25219925987782
"clade7","Bird",122,0.456479609196686,1.76577896590125
"clade7","Bird",123,0.643255828840044,2.25843870715315
"clade7","Bird",124,0.352775011833067,1.74346652339603
"clade7","Bird",125,0.273496416440404,1.39529558140177
"clade7","Bird",126,0.738181980595528,1.87381217176598
"clade7","Bird",127,0.174032102221905,1.04388182427759
"clade7","Bird",128,0.781496637362473,2.5811633767757
"clade7","Bird",129,0.705559969156361,2.33112418312916
"clade7","Bird",13,1.41379552570946,3.12789215877897
"clade7","Bird",130,1.69982193062113,2.7103275555046
"clade7","Bird",131,1.95892730198953,3.06904455116098
"clade7","Bird",132,0.9994497607796,2.11054894462684
"clade7","Bird",133,1.17235621594115,3.05156565094817
"clade7","Bird",134,1.02040285056456,3.01091989634146
"clade7","Bird",135,0.369319932558364,1.75667349389191
"clade7","Bird",136,0.693556380992371,2.34211033729118
"clade7","Bird",137,0.255229512805251,1.38970066472525
"clade7","Bird",138,0.993666175527345,2.95467380639297
"clade7","Bird",139,0.254640548528792,1.37141706587561
"clade7","Bird",14,0.244327389873664,1.42806655780796
"clade7","Bird",140,1.67077451722131,2.87531942589355
"clade7","Bird",141,0.686539113045276,1.62538646965025
"clade7","Bird",142,1.74536485148416,3.16122431979628
"clade7","Bird",143,0.829436325602153,2.66446828999037
"clade7","Bird",144,0.295780883764438,1.54246041353668
"clade7","Bird",147,0.269016643554219,1.46210519567953
"clade7","Bird",148,1.70622072806901,2.9871487170549
"clade7","Bird",149,1.33019527277719,2.87135321058038
"clade7","Bird",15,0.969687006635648,2.04497425314685
"clade7","Bird",150,1.75038570360884,2.76807659913446
"clade7","Bird",151,0.581594329114331,2.01207324793444
"clade7","Bird",152,0.708205106210247,2.49944417238994
"clade7","Bird",153,0.977474394030894,2.61185087345331
"clade7","Bird",154,0.31836760976509,1.55722721050224
"clade7","Bird",155,1.62412252847344,3.02601539899857
"clade7","Bird",156,0.685783490521071,1.89948634317452
"clade7","Bird",157,0.908961445325653,2.52942904043354
"clade7","Bird",158,1.09528361868165,2.55351778283792
"clade7","Bird",16,1.85491429563129,2.2434544833274
"clade7","Bird",163,0.783858876409351,2.65970926525239
"clade7","Bird",164,0.846303342763017,2.82506728686315
"clade7","Bird",165,1.29639968539901,2.9858451398777
"clade7","Bird",166,1.10818708736452,2.78368669869009
"clade7","Bird",167,0.631360410288659,2.4304478993396
"clade7","Bird",168,0.41327634644619,1.57716665865292
"clade7","Bird",169,0.901638789370578,2.49524313555003
"clade7","Bird",17,0.234422313585444,1.34497495127365
"clade7","Bird",170,0.230298072020541,1.29622337395535
"clade7","Bird",171,1.79874568522118,2.6366573652317
"clade7","Bird",172,0.606213487870087,1.8544350631369
"clade7","Bird",173,1.00282239356435,1.86607648001919
"clade7","Bird",174,1.6147308409737,3.17229296784353
"clade7","Bird",175,1.52934732827945,3.02941964845917
"clade7","Bird",176,0.746218115520537,2.25423825800862
"clade7","Bird",177,0.918163664211638,1.63125634025662
"clade7","Bird",178,0.21722789568644,1.17241501746224
"clade7","Bird",179,0.533115999927086,1.98230570543008
"clade7","Bird",18,1.06248456888053,2.90892349498038
"clade7","Bird",180,0.752926596218854,1.06576348934269
"clade7","Bird",181,0.259366169432699,1.29617879680179
"clade7","Bird",182,0.460965621106782,1.3491358212852
"clade7","Bird",183,0.244298319893403,1.37297839241876
"clade7","Bird",184,0.166126400465994,0.842743029116007
"clade7","Bird",185,0.80181058322016,1.6603048160393
"clade7","Bird",186,0.249022646997319,1.38269263692451
"clade7","Bird",187,0.657047947967517,1.51408188273914
"clade7","Bird",188,0.894410649617408,1.76522092466874
"clade7","Bird",189,0.47803625815413,2.06997020638695
"clade7","Bird",19,0.248843831611262,1.3526707199393
"clade7","Bird",190,0.199869620384074,1.12259227948619
"clade7","Bird",191,1.0016304480359,2.76321065904887
"clade7","Bird",192,1.73317713613735,3.25880632764544
"clade7","Bird",193,0.815395852479465,2.46826034615604
"clade7","Bird",194,0.174355122086706,1.00576450597735
"clade7","Bird",195,0.187201760432155,1.08444327968457
"clade7","Bird",196,0.475954765561952,1.36876529560583
"clade7","Bird",197,0.319523702562857,1.63382106047209
"clade7","Bird",198,1.44006121079207,2.91763373391783
"clade7","Bird",199,0.847439696718067,2.30460670203698
"clade7","Bird",2,1.60322771290465,3.12790197170233
"clade7","Bird",20,1.10925210043624,2.98365071008567
"clade7","Bird",200,1.2172736588494,2.86537661547978
"clade7","Bird",201,1.26255122658708,2.96831202523198
"clade7","Bird",202,0.778745809750356,2.60390334705854
"clade7","Bird",203,0.428765301623808,1.42341048292266
"clade7","Bird",204,0.904537565226265,1.76999234898176
"clade7","Bird",205,0.803251489402815,2.09441582209434
"clade7","Bird",206,0.94140530814185,2.74967058746594
"clade7","Bird",207,1.06231579608677,1.51004274136543
"clade7","Bird",208,0.859193603052437,2.18957663313938
"clade7","Bird",209,0.688445741553178,1.58618747418413
"clade7","Bird",21,0.274061225978525,1.36614560755042
"clade7","Bird",210,0.762240366397576,2.43100155239861
"clade7","Bird",211,0.608951921443572,2.60483085649126
"clade7","Bird",212,1.7574001371123,3.01165594503156
"clade7","Bird",213,0.205094104386226,1.14324726447923
"clade7","Bird",214,0.411364532713798,1.88995276893462
"clade7","Bird",215,0.27200204916541,1.35287005361404
"clade7","Bird",216,0.955763408791602,2.78736224203099
"clade7","Bird",217,0.164890084214917,0.953189845596981
"clade7","Bird",218,0.270123472163141,1.44843038476083
"clade7","Bird",219,1.01857850250675,2.75666113395214
"clade7","Bird",22,1.18158110102903,2.81003614205755
"clade7","Bird",220,0.213875318730362,1.18609462136449
"clade7","Bird",221,0.195073815847967,1.10419645457816
"clade7","Bird",222,1.11930081344887,2.58252464403301
"clade7","Bird",223,0.168301844194033,0.900317385737808
"clade7","Bird",224,0.159912489462259,0.953841929466065
"clade7","Bird",225,0.314673223786216,1.5752818199236
"clade7","Bird",226,0.961963207547006,2.59204520445173
"clade7","Bird",227,0.647477777294886,2.42182048484391
"clade7","Bird",228,0.859110863788237,2.07046285724257
"clade7","Bird",23,0.255818430714245,1.37109216395442
"clade7","Bird",230,0.528248710074743,1.27597826269168
"clade7","Bird",231,0.667077249668529,1.70803075051907
"clade7","Bird",232,0.505761267326243,1.12171931208124
"clade7","Bird",233,0.254738939967533,1.38359294960189
"clade7","Bird",234,1.398343666249,1.96837460005031
"clade7","Bird",235,0.300093676008493,1.52346670097659
"clade7","Bird",236,0.682821729433892,2.19874089194985
"clade7","Bird",237,0.467613626881658,1.5852201405468
"clade7","Bird",238,0.902264430641169,2.76496104657184
"clade7","Bird",239,0.316722248494807,1.39749509343753
"clade7","Bird",24,0.289785324028752,1.58416716814949
"clade7","Bird",240,0.7017552408039,2.66170911145138
"clade7","Bird",241,0.244186613973052,1.37510193157334
"clade7","Bird",242,0.268711825991622,1.49425384284974
"clade7","Bird",243,0.902607501607051,2.03194164770075
"clade7","Bird",244,0.756014470670868,1.91153376362291
"clade7","Bird",245,0.278184232934384,1.46067553807181
"clade7","Bird",246,0.190395756052822,1.09527751979331
"clade7","Bird",247,0.221070752435687,1.23421117205358
"clade7","Bird",248,0.626349993711956,2.51121709294107
"clade7","Bird",249,0.204691225348004,1.15883628012852
"clade7","Bird",25,0.221683137374404,1.2545087714536
"clade7","Bird",250,1.63632020117688,3.14441599639504
"clade7","Bird",251,1.47940951994105,2.68955854054401
"clade7","Bird",252,0.179989147816841,0.973398318018123
"clade7","Bird",253,0.684060977490762,2.3753058567995
"clade7","Bird",254,1.51939404764831,2.04120405967221
"clade7","Bird",255,0.212066799464286,1.19027690665085
"clade7","Bird",256,0.230350254128245,1.27871256856924
"clade7","Bird",257,1.08151418781841,3.04329957929593
"clade7","Bird",258,0.293337095639066,1.22469201860776
"clade7","Bird",259,1.67675060395757,2.65154278301709
"clade7","Bird",26,0.267277467434827,1.42470323374135
"clade7","Bird",260,0.163106980032873,0.947540131857673
"clade7","Bird",261,0.83484559802926,2.59649897929731
"clade7","Bird",262,0.20787814232404,0.914746637195985
"clade7","Bird",263,0.897531086358011,2.86404806668008
"clade7","Bird",264,0.962416058056628,2.57608530007642
"clade7","Bird",265,0.607057190936934,1.25919264175012
"clade7","Bird",266,0.241428271042248,1.29143320572543
"clade7","Bird",267,0.226709087214125,1.16631899706296
"clade7","Bird",268,0.239007614533828,1.24744703076838
"clade7","Bird",269,0.644613404443061,1.43579932298958
"clade7","Bird",27,1.44455471446181,3.0529092922078
"clade7","Bird",270,1.20963788844687,2.83440708074351
"clade7","Bird",271,1.22807475409139,2.75075030053094
"clade7","Bird",272,0.797892103692758,1.60368522395605
"clade7","Bird",273,1.07233937563304,2.00072472040406
"clade7","Bird",274,0.686182651639761,2.58339304452465
"clade7","Bird",275,0.934976219589265,2.49398174148503
"clade7","Bird",276,0.696519370674064,1.65051716001464
"clade7","Bird",277,0.516476284803197,1.33820704707374
"clade7","Bird",278,1.40377457965409,3.03150193772659
"clade7","Bird",279,1.46679615296606,1.91578319876698
"clade7","Bird",28,0.984625107379034,2.68028283549835
"clade7","Bird",280,1.4839893634837,2.65998250074558
"clade7","Bird",281,0.383814083601043,1.68280257563736
"clade7","Bird",282,1.12172258423914,2.07905419510073
"clade7","Bird",283,0.300190222814255,1.54007973477552
"clade7","Bird",284,0.192375762744348,1.06901686404326
"clade7","Bird",285,0.300135175513209,1.52259009672269
"clade7","Bird",286,0.822543607516108,2.82563122787731
"clade7","Bird",287,0.651193091334888,2.62674954717678
"clade7","Bird",288,0.148813915729458,0.891399338225378
"clade7","Bird",289,1.67936714248598,2.91292487134927
"clade7","Bird",29,0.793935626425112,2.59948481699594
"clade7","Bird",290,0.272694955860058,1.38698286408612
"clade7","Bird",291,1.58692740256077,3.07583975194232
"clade7","Bird",292,0.665151081696811,2.5793770502212
"clade7","Bird",293,0.356702556598253,1.76352168076734
"clade7","Bird",294,0.268759929113475,1.1750455383854
"clade7","Bird",295,0.326162828694479,1.64028658934996
"clade7","Bird",296,1.03225676659994,2.38245618560723
"clade7","Bird",297,0.430668258885432,1.18930353030999
"clade7","Bird",298,0.236706815989323,0.994503278134462
"clade7","Bird",299,0.229605765961893,1.24885176767164
"clade7","Bird",3,0.30973028646605,1.67765397772579
"clade7","Bird",30,0.1570783670387,0.912367808769927
"clade7","Bird",300,1.26736893945359,1.76501037843686
"clade7","Bird",301,0.248090158583762,1.3214915776394
"clade7","Bird",302,0.279041757135667,1.43818514033172
"clade7","Bird",303,0.970462868516722,1.56525744406662
"clade7","Bird",304,1.36495223410191,1.81920215813131
"clade7","Bird",305,0.264044233421706,1.37147011251163
"clade7","Bird",306,1.32258182230867,2.94496933500857
"clade7","Bird",307,0.209696875248129,1.04009451772257
"clade7","Bird",308,1.1205054917795,2.71022672067366
"clade7","Bird",309,0.22315723507851,1.16386281236718
"clade7","Bird",31,0.338092633791698,1.6953065746001
"clade7","Bird",310,0.686046771187553,2.0646347592696
"clade7","Bird",311,0.854878855395852,2.85086487877882
"clade7","Bird",312,0.985419512324844,2.78035662726406
"clade7","Bird",313,0.800377436348078,2.52894785427879
"clade7","Bird",314,0.339394820126493,1.55045321870887
"clade7","Bird",315,0.235545626643061,1.29866934558483
"clade7","Bird",316,0.723513314028838,2.59487786662298
"clade7","Bird",317,0.309854766754095,1.32845669082328
"clade7","Bird",318,0.919990777467155,2.96728215579938
"clade7","Bird",319,0.360045134120459,1.67443606854549
"clade7","Bird",32,0.225902839303019,1.25672665074212
"clade7","Bird",320,0.316845989990174,1.60554769373105
"clade7","Bird",321,0.882163111931517,2.88407429392633
"clade7","Bird",322,0.253699386114283,1.414282127472
"clade7","Bird",323,0.328118586567038,1.6843374438994
"clade7","Bird",324,0.251388083741195,1.42526370247613
"clade7","Bird",325,1.03920375716501,3.02238078570875
"clade7","Bird",326,0.329219298986789,1.70130628837016
"clade7","Bird",327,0.711318956593813,1.84418021256681
"clade7","Bird",328,0.942817818608288,2.49360357649285
"clade7","Bird",329,0.5393248266862,1.30650760091261
"clade7","Bird",33,0.226015435103104,1.1113875387584
"clade7","Bird",330,0.752958631735387,2.03562760903219
"clade7","Bird",331,0.289147894496194,1.52456917512578
"clade7","Bird",332,0.497346765285801,2.04678926498301
"clade7","Bird",334,1.47461660390838,2.70136194522871
"clade7","Bird",335,0.210832380705356,1.19638448628431
"clade7","Bird",336,0.272014555875602,1.45820566595123
"clade7","Bird",337,0.685250959272594,2.66868523739908
"clade7","Bird",338,0.62097953436173,2.62955445085481
"clade7","Bird",339,0.277991571169806,1.21787346517121
"clade7","Bird",34,0.879299770820478,1.9378619101203
"clade7","Bird",340,0.631472121886651,2.57931355918697
"clade7","Bird",341,0.92855910801917,2.76075406415661
"clade7","Bird",342,1.47012094970775,3.10953582150205
"clade7","Bird",343,0.264093349860202,1.22038784316773
"clade7","Bird",344,0.394955809837383,1.63742751936056
"clade7","Bird",345,0.928127512192639,2.72326208236771
"clade7","Bird",346,1.50073886499818,3.11071368180594
"clade7","Bird",347,0.443831897437894,1.80892156708994
"clade7","Bird",348,0.970165604871236,2.61318699848959
"clade7","Bird",349,1.05957537162523,2.67487612113443
"clade7","Bird",35,1.05875617111207,2.9350026356773
"clade7","Bird",350,1.46039632518725,2.69002865274379
"clade7","Bird",351,1.34421044939701,3.08132306451563
"clade7","Bird",352,0.474484701641901,2.01151862229175
"clade7","Bird",353,0.987776023622657,2.98011712118229
"clade7","Bird",354,1.65777670522015,2.59073145448678
"clade7","Bird",355,0.26714181837045,1.39805402187911
"clade7","Bird",356,0.84771949795941,2.85665813467352
"clade7","Bird",357,0.250390617848772,1.35774454134541
"clade7","Bird",358,1.67632572293978,2.80806076567334
"clade7","Bird",359,0.426003566225459,1.94923565275789
"clade7","Bird",36,0.785866249244403,2.47503628413715
"clade7","Bird",360,0.241872417522268,1.34463375579207
"clade7","Bird",361,1.02599718744727,2.74892339626045
"clade7","Bird",362,0.658671441570556,1.42188979588544
"clade7","Bird",363,1.82634296228045,3.01365580152127
"clade7","Bird",364,1.62276919068988,2.81568375900258
"clade7","Bird",365,0.466295206337236,1.57706353494316
"clade7","Bird",366,0.98563048880332,2.6158555564115
"clade7","Bird",37,0.945327508046478,1.93941861045835
"clade7","Bird",370,0.849373362078855,2.78229832935221
"clade7","Bird",371,1.48384201487738,2.12016942163705
"clade7","Bird",372,1.49247761327153,3.19296652455583
"clade7","Bird",373,0.184308680807983,0.874055528522132
"clade7","Bird",374,0.192351980042083,1.0773024039268
"clade7","Bird",375,0.704889320730528,1.59500486564547
"clade7","Bird",376,1.44829733506865,3.17767610241855
"clade7","Bird",377,0.975313147187542,2.44074382418551
"clade7","Bird",378,0.215574115759305,1.18658946999711
"clade7","Bird",379,1.43280718053265,3.14894630100644
"clade7","Bird",38,0.316822494986205,1.61368025598903
"clade7","Bird",380,0.279032905000516,1.4982150943046
"clade7","Bird",381,0.390594950969696,1.8488778897811
"clade7","Bird",382,1.59088098810842,3.04287286255058
"clade7","Bird",383,0.969230587836885,2.83673678332573
"clade7","Bird",384,0.264346237357046,1.40327698870485
"clade7","Bird",385,1.33118504362286,2.88437987932091
"clade7","Bird",386,0.199068710506404,1.08280760758381
"clade7","Bird",387,0.214644155425843,1.20277598332749
"clade7","Bird",39,0.195331063762241,1.10718623482681
"clade7","Bird",392,1.02881128067746,2.58889507510649
"clade7","Bird",393,0.924551706997596,1.92923100473178
"clade7","Bird",394,0.716293140685478,1.69001392228556
"clade7","Bird",395,0.214939935692258,1.14524397759999
"clade7","Bird",396,0.982000560925707,2.92814476842123
"clade7","Bird",397,0.221144606273002,1.18719091746475
"clade7","Bird",398,1.41571482686438,3.0452189211215
"clade7","Bird",399,1.14033829960775,2.98617716469559
"clade7","Bird",4,1.63962293031799,3.13877044675347
"clade7","Bird",40,0.767623111752279,2.85282170224592
"clade7","Bird",400,1.52042238162707,2.88830556287273
"clade7","Bird",401,0.230886819761647,1.24441383277121
"clade7","Bird",402,0.258139886126906,1.34388830942586
"clade7","Bird",403,0.21507743534897,1.12718018580018
"clade7","Bird",404,0.230222950056271,1.25822784721633
"clade7","Bird",405,0.21559273222845,1.18277249273889
"clade7","Bird",406,0.861447805325621,2.85110649460486
"clade7","Bird",407,0.941844486640003,2.93283239787429
"clade7","Bird",408,0.138153246337956,0.784962808634219
"clade7","Bird",409,0.891345966261912,1.64426916031211
"clade7","Bird",41,0.44089077061229,0.921473116315525
"clade7","Bird",410,1.26602133625985,1.7333076791839
"clade7","Bird",411,0.245985414928708,1.35905074745145
"clade7","Bird",412,1.11096697810842,3.05174354528391
"clade7","Bird",413,0.134096627173757,0.771688907516369
"clade7","Bird",414,0.169676109736679,0.971067648842422
"clade7","Bird",415,1.21601759861271,2.80628458118145
"clade7","Bird",416,0.925027099326186,1.44600066162345
"clade7","Bird",417,0.177451524228146,0.998414490838375
"clade7","Bird",418,0.144783549299442,0.771372225296281
"clade7","Bird",419,0.774658186442081,1.29061372691802
"clade7","Bird",42,0.224745633250984,1.20833595830973
"clade7","Bird",420,0.793614731723216,1.74055810981046
"clade7","Bird",421,0.810875821547172,1.31706354459139
"clade7","Bird",422,0.200892978414247,1.12115858175329
"clade7","Bird",423,1.0088495211503,2.83501803036591
"clade7","Bird",424,0.874052168208459,2.00767900536582
"clade7","Bird",425,0.227199797299747,1.20313767456626
"clade7","Bird",426,0.169749945994879,1.00149440348811
"clade7","Bird",427,0.184495156542246,1.05309101238018
"clade7","Bird",428,0.197642603884507,1.14654489217825
"clade7","Bird",429,0.233307057522946,1.20939728993549
"clade7","Bird",43,0.196002010198387,0.941946317652555
"clade7","Bird",430,0.199240088018824,1.12080308867521
"clade7","Bird",431,0.919407850888914,1.40468053486562
"clade7","Bird",432,0.226912605422041,1.26737066979413
"clade7","Bird",433,0.16843240601238,0.967731131461689
"clade7","Bird",434,1.10798323857444,1.19423907298908
"clade7","Bird",435,0.458159907457728,1.15212476138261
"clade7","Bird",436,0.305773945710997,0.932050197967154
"clade7","Bird",437,0.160532197552687,0.929289604344347
"clade7","Bird",438,0.316168272233353,1.32344249096382
"clade7","Bird",439,0.306509374776805,1.57197739756283
"clade7","Bird",44,1.86857610852374,3.15944243381772
"clade7","Bird",440,0.178391288234953,1.01601765602821
"clade7","Bird",441,0.25814135989467,1.30847840464908
"clade7","Bird",442,0.298086730326513,0.848487654777824
"clade7","Bird",443,0.269894751729336,1.40977208550424
"clade7","Bird",444,1.28270622298093,2.63053955431456
"clade7","Bird",445,0.289635226043353,1.34777243742697
"clade7","Bird",446,0.942885070833376,1.59528693671825
"clade7","Bird",447,0.19718801912976,1.12188261762769
"clade7","Bird",448,0.276368986208205,1.29376293930664
"clade7","Bird",449,0.189750553188375,0.894882401638677
"clade7","Bird",45,1.06684063503169,3.00319905645784
"clade7","Bird",450,0.185678796968063,1.06345324632326
"clade7","Bird",451,1.83688653682525,2.80199769529095
"clade7","Bird",452,0.336188288882933,1.54083488229924
"clade7","Bird",453,0.271380199848913,0.77457409183622
"clade7","Bird",454,0.181098578317165,1.06189691072953
"clade7","Bird",455,0.249993752474036,1.38792787730313
"clade7","Bird",456,0.205724748126724,1.15193729020226
"clade7","Bird",457,0.901645908837427,1.48138572398989
"clade7","Bird",458,1.82460706925966,3.22930361198415
"clade7","Bird",459,1.65853076593607,3.19276748138753
"clade7","Bird",46,0.871163757959526,2.62845296644094
"clade7","Bird",460,0.741766021083243,1.54839790589172
"clade7","Bird",461,1.40456354515431,3.13871806923667
"clade7","Bird",462,0.757793449350717,2.53894665906789
"clade7","Bird",463,0.615493708898919,2.56118842000258
"clade7","Bird",464,0.308376424136773,1.59332765672236
"clade7","Bird",465,0.23218166299364,1.15444769328595
"clade7","Bird",466,0.251210850013588,1.41857840868747
"clade7","Bird",467,0.718282331934875,1.39819898053331
"clade7","Bird",468,1.10561698014721,1.73356647137822
"clade7","Bird",469,0.243869905223867,1.31417398993793
"clade7","Bird",47,0.582125308854684,1.78032633650397
"clade7","Bird",470,0.890443438381579,2.59874466235824
"clade7","Bird",471,0.329861130205969,1.63555664451659
"clade7","Bird",472,0.876885367301849,2.82396095297421
"clade7","Bird",473,0.221673375691781,1.23638378739123
"clade7","Bird",474,0.855300153030408,1.61202426466958
"clade7","Bird",475,0.299373466771831,1.5293872370796
"clade7","Bird",476,0.454878552838325,0.911562118143047
"clade7","Bird",477,0.275728142320633,1.45429145654051
"clade7","Bird",478,0.800124987637914,2.75780940222213
"clade7","Bird",479,1.45560773226958,2.86459389899497
"clade7","Bird",48,0.748279103160116,2.71347795211892
"clade7","Bird",480,1.29657746618253,3.14034631029152
"clade7","Bird",481,0.60108419711805,2.09815658645877
"clade7","Bird",482,1.00881688216049,3.01891708096641
"clade7","Bird",483,1.3245786638027,1.31730446909872
"clade7","Bird",484,0.504692056370126,1.07198394307091
"clade7","Bird",485,0.303115655633345,1.54838833660913
"clade7","Bird",486,0.201665349241002,1.02099770031777
"clade7","Bird",487,0.705279641405852,1.67491728992953
"clade7","Bird",488,0.568157785561848,1.04416939315467
"clade7","Bird",489,0.133466813764729,0.805218110880601
"clade7","Bird",49,1.36064159069552,2.87496651760864
"clade7","Bird",490,0.219259618004833,1.19026353196226
"clade7","Bird",491,0.641614922962337,1.21357127315137
"clade7","Bird",492,1.08473862092048,1.44350382390665
"clade7","Bird",493,0.219386794604343,1.23782684145872
"clade7","Bird",494,1.47416138882104,3.22726970207822
"clade7","Bird",495,1.29050594375675,1.57976994509242
"clade7","Bird",496,0.943269480897844,3.12212113904926
"clade7","Bird",497,0.758725320724498,2.64594299284605
"clade7","Bird",498,1.83781626351046,3.1970788937204
"clade7","Bird",499,0.140735324637255,0.859410692730732
"clade7","Bird",5,1.49615648041996,3.17481222846317
"clade7","Bird",50,1.9743208753009,3.18107741172144
"clade7","Bird",500,1.89002674998061,3.27184249301729
"clade7","Bird",501,0.144687161996382,0.863348084313034
"clade7","Bird",51,0.636816004880887,2.34064593180111
"clade7","Bird",52,0.35347829953425,1.66697220906235
"clade7","Bird",53,1.01424884653255,1.94805598403184
"clade7","Bird",54,0.247903376965596,1.26631543976039
"clade7","Bird",55,0.416326685489636,1.46278802406853
"clade7","Bird",56,1.22441469219822,2.96390677469098
"clade7","Bird",57,0.296716864308291,1.59724768769956
"clade7","Bird",58,1.10504269073484,2.87086233653331
"clade7","Bird",59,0.28313693287405,1.52025952990767
"clade7","Bird",6,0.97187860817596,2.89076266913352
"clade7","Bird",60,0.203547263437836,1.13834448682472
"clade7","Bird",61,1.12632834063766,2.89254520312898
"clade7","Bird",62,0.976806653162386,2.83846112216901
"clade7","Bird",63,0.288134532656701,1.40854529357177
"clade7","Bird",64,1.44403145541986,2.9291571928897
"clade7","Bird",65,1.12883880377267,1.79030800196278
"clade7","Bird",66,0.269979585667002,1.13169056868624
"clade7","Bird",67,0.258571040644467,1.29235728144484
"clade7","Bird",68,0.644275219576278,2.52800327581518
"clade7","Bird",69,1.82424305950867,3.0830810532539
"clade7","Bird",7,1.02754405889526,2.43565133587268
"clade7","Bird",70,1.56419737957748,2.97818735316824
"clade7","Bird",71,1.05082688327271,2.56280891325608
"clade7","Bird",72,0.265656632370579,1.41524097662032
"clade7","Bird",73,1.02411935929346,2.88669412722415
"clade7","Bird",74,0.244150150716823,1.31728148403959
"clade7","Bird",75,0.221515221662042,1.23962118577172
"clade7","Bird",76,0.325223991183955,1.66596626022931
"clade7","Bird",77,0.299454669653642,1.54794206577701
"clade7","Bird",78,0.185765077109925,1.05440567601232
"clade7","Bird",79,0.795665620113281,1.88114789673343
"clade7","Bird",8,0.394469151560964,1.86058797333518
"clade7","Bird",80,0.334147397674744,1.68836474078698
"clade7","Bird",81,0.829576282584177,1.92327173262424
"clade7","Bird",82,1.24498471192377,2.89725162132259
"clade7","Bird",83,0.475575061073043,1.61266454304778
"clade7","Bird",84,1.06631162222399,2.87957296804686
"clade7","Bird",85,1.24734639795728,3.01778416426364
"clade7","Bird",86,1.12989993793353,2.8207284435258
"clade7","Bird",87,1.13074131385218,2.78131800703115
"clade7","Bird",88,0.570434526086248,2.37374072382172
"clade7","Bird",89,1.28187759116892,2.8862841865723
"clade7","Bird",9,0.185252815562628,1.05788167369294
"clade7","Bird",90,1.38314427194425,2.35714223746982
"clade7","Bird",91,0.271601301936233,1.32070348713486
"clade7","Bird",92,0.252748509210422,1.36723881312417
"clade7","Bird",93,0.799633882497787,1.68875086753175
"clade7","Bird",94,0.828165598162868,2.76246591982743
"clade7","Bird",95,1.08996758631802,2.96692751202869
"clade7","Bird",96,0.787573233988033,2.4517779040354
"clade7","Bird",97,1.48142219103651,3.1299906203809
"clade7","Bird",98,0.245300709947823,1.33504688185081
"clade7","Bird",99,0.219259532422257,1.20657089317072
"clade7","Human",1,0.955123139978565,2.94867767294016
"clade7","Human",10,0.280583718387977,1.53057469420342
"clade7","Human",100,0.228253804600485,1.24394754938827
"clade7","Human",101,0.221734432992925,1.22050644740824
"clade7","Human",102,0.224190548134162,1.23155328117691
"clade7","Human",103,0.278095576698543,1.43987848304489
"clade7","Human",104,1.31395062072634,3.10710264438083
"clade7","Human",105,0.236286941889525,1.29503864668625
"clade7","Human",106,0.302486473198489,1.56342774535715
"clade7","Human",107,0.259301751079146,1.35539562096663
"clade7","Human",108,0.261606089375915,1.42030090210107
"clade7","Human",109,0.271993353182237,1.4258918880884
"clade7","Human",11,0.211647633955849,1.12795723001562
"clade7","Human",110,0.274988840705993,1.45972143109963
"clade7","Human",111,0.182495479537403,1.06127915589481
"clade7","Human",112,0.376737082019267,1.80012708314981
"clade7","Human",113,0.361338504664741,1.78591369997506
"clade7","Human",114,0.974777144452429,2.87761618941558
"clade7","Human",115,0.342544339471916,1.45281320575114
"clade7","Human",116,0.195078776697403,1.0987467491512
"clade7","Human",117,0.584204544436988,1.55316080923086
"clade7","Human",118,0.510951096659713,2.1481091578918
"clade7","Human",119,1.01033754111676,1.66715797962177
"clade7","Human",12,0.790691421363055,2.71110592015406
"clade7","Human",120,0.423867453513404,1.38495874419358
"clade7","Human",121,0.211813542378979,1.19754369590584
"clade7","Human",122,0.823126064255762,2.3328448309427
"clade7","Human",123,0.935359568744089,2.46910496304303
"clade7","Human",124,0.580646138451675,2.14251135660029
"clade7","Human",125,0.327430764114977,1.4553617944821
"clade7","Human",126,0.750214287782651,1.88711598999586
"clade7","Human",127,0.184146015936637,1.09121511386507
"clade7","Human",128,0.640131016742475,2.30471736077664
"clade7","Human",129,0.825770312941365,2.56620314723555
"clade7","Human",13,1.48521704092109,3.11583743712027
"clade7","Human",130,1.66779798645409,2.68264333029563
"clade7","Human",131,1.95005933275107,3.02954840685308
"clade7","Human",132,1.26986909360213,2.37902662674865
"clade7","Human",133,1.42439443147826,3.01997345712928
"clade7","Human",134,0.88719056343715,2.89636503436397
"clade7","Human",135,0.480379047615938,2.05204749040106
"clade7","Human",136,0.819481937717505,2.3736447594285
"clade7","Human",137,0.306259474232229,1.58471284601939
"clade7","Human",138,1.1766790643592,2.60650316825292
"clade7","Human",139,0.342255566710664,1.71083554864203
"clade7","Human",14,0.22775082372309,1.36748685106287
"clade7","Human",140,1.92732824657982,2.84757752330492
"clade7","Human",141,0.676743265390678,1.76719567355701
"clade7","Human",142,1.69822444620945,3.09863361366726
"clade7","Human",143,0.8237217294956,2.67099089691035
"clade7","Human",144,0.292335356032634,1.51589244703922
"clade7","Human",147,0.288736371782087,1.54276550235832
"clade7","Human",148,1.65962062789039,2.80626753371643
"clade7","Human",149,1.49202432813972,2.42661933825828
"clade7","Human",15,1.17112867031822,2.03298833965222
"clade7","Human",150,1.04338279876802,2.42493310009033
"clade7","Human",151,0.724955798975132,2.11699446476749
"clade7","Human",152,0.758704539796893,2.56138238043378
"clade7","Human",153,0.827223144257226,2.70943251258602
"clade7","Human",154,0.265829945749912,1.37355627970401
"clade7","Human",155,1.52167417959471,2.95319690826824
"clade7","Human",156,0.604721104015617,1.4328706880024
"clade7","Human",157,0.931589691320988,2.47200444528011
"clade7","Human",158,0.964472464433296,2.54482623673288
"clade7","Human",16,0.951995529856337,2.02759747348062
"clade7","Human",163,0.713641599235985,2.343878414046
"clade7","Human",164,0.867210518551215,2.82567506936285
"clade7","Human",165,0.68316076239106,2.4992894382504
"clade7","Human",166,1.14900855159346,2.78000709399135
"clade7","Human",167,0.937046721420633,2.5281709219727
"clade7","Human",168,0.392959731078482,1.66373912603812
"clade7","Human",169,1.03638506652844,2.36126198653879
"clade7","Human",17,0.258782702360291,1.42275272551644
"clade7","Human",170,0.286497225147503,1.5654474281142
"clade7","Human",171,1.17201407674511,2.59897249163527
"clade7","Human",172,0.860349004547639,2.18861769416456
"clade7","Human",173,0.89881411493293,1.79974590316695
"clade7","Human",174,1.60099099483093,3.1373123510344
"clade7","Human",175,0.933262212692889,2.72906442266787
"clade7","Human",176,0.900575450796279,2.55119729564476
"clade7","Human",177,0.99316553184997,2.15252384819228
"clade7","Human",178,0.284614680234267,1.22938306072329
"clade7","Human",179,0.868541488119719,2.1284128324591
"clade7","Human",18,1.14239944745869,2.93132652355609
"clade7","Human",180,0.366273025137606,1.03302432362845
"clade7","Human",181,0.326897492043847,1.51468340360816
"clade7","Human",182,0.480297730377662,1.5242765633095
"clade7","Human",183,0.262493710568488,1.32640538077853
"clade7","Human",184,0.167635861072802,0.805279422473742
"clade7","Human",185,0.703610407008767,1.87549927194685
"clade7","Human",186,0.297594964855426,1.5712715934823
"clade7","Human",187,0.6943009816326,1.7806913678363
"clade7","Human",188,1.07910020472816,2.12615512542727
"clade7","Human",189,0.611619991856375,2.15904838128474
"clade7","Human",19,0.264836615511098,1.35642417568774
"clade7","Human",190,0.216029312641896,1.20319368536229
"clade7","Human",191,1.0044546662368,2.73063719447261
"clade7","Human",192,1.38932329566741,3.14975427778995
"clade7","Human",193,1.12024092811507,2.56089350182073
"clade7","Human",194,0.266748280237309,1.41202868215892
"clade7","Human",195,0.239130123867605,1.29915746695224
"clade7","Human",196,0.559083351235971,1.46615438689517
"clade7","Human",197,0.265702246873294,1.38948446591779
"clade7","Human",198,1.19288810525252,2.84347143893092
"clade7","Human",199,0.706407912975799,2.27917827014981
"clade7","Human",2,1.74441062614049,3.11227480459385
"clade7","Human",20,1.01321798913914,2.90492341072005
"clade7","Human",200,1.02147322469158,2.75174263158135
"clade7","Human",201,1.35111154482705,2.87386318054522
"clade7","Human",202,0.99062602012311,2.85483713443255
"clade7","Human",203,0.668830383902309,1.80835169980967
"clade7","Human",204,0.647329571466509,1.50304172955198
"clade7","Human",205,0.614887750131897,2.09768695057902
"clade7","Human",206,0.941677705691493,2.67826883565604
"clade7","Human",207,0.684936249126308,1.75269155501797
"clade7","Human",208,0.99594462305829,2.35132285185642
"clade7","Human",209,0.708205633431524,1.82201296378146
"clade7","Human",21,0.367151875094602,1.49493871025589
"clade7","Human",210,0.866108977093362,2.54084102199943
"clade7","Human",211,0.618313513342038,2.5547378960391
"clade7","Human",212,2.15393018898436,2.76011446514656
"clade7","Human",213,0.316485744873948,1.64958356331257
"clade7","Human",214,0.374638396656899,1.75500743586662
"clade7","Human",215,0.31385334716679,1.45094949903236
"clade7","Human",216,0.985484318266304,2.75218793215249
"clade7","Human",217,0.155361413055113,0.929474644460549
"clade7","Human",218,0.279406055302477,1.48825760770764
"clade7","Human",219,0.668210298514588,2.39504003479566
"clade7","Human",22,0.839303510715815,2.66773967174133
"clade7","Human",220,0.174908268125723,0.979055308336094
"clade7","Human",221,0.209862821976295,1.19600941757865
"clade7","Human",222,1.06083240899887,2.48946198610427
"clade7","Human",223,0.22262597399,1.18202851632495
"clade7","Human",224,0.188468567927969,1.08607540365926
"clade7","Human",225,0.335319800341792,1.64514747375361
"clade7","Human",226,0.896416948683215,2.62310640992294
"clade7","Human",227,0.674193455615458,2.44879998222957
"clade7","Human",228,0.665123199194113,2.12203395896144
"clade7","Human",23,0.349041124558227,1.60783998104029
"clade7","Human",230,0.786195510645368,1.48982376922814
"clade7","Human",231,0.694349627333621,1.8692910032137
"clade7","Human",232,0.271948534584202,0.888217122432134
"clade7","Human",233,0.339278151870607,1.7971049391301
"clade7","Human",234,0.817060121562316,1.75265919925721
"clade7","Human",235,0.336805300928923,1.47200397522249
"clade7","Human",236,0.676506099757833,2.15474501496231
"clade7","Human",237,0.475780472849124,1.80255928219352
"clade7","Human",238,1.03008218730287,2.80664894776922
"clade7","Human",239,0.28825065717806,1.25845831146893
"clade7","Human",24,0.278099859784901,1.49277493532927
"clade7","Human",240,0.821138625405509,2.73200979879519
"clade7","Human",241,0.343454876489167,1.8752689514541
"clade7","Human",242,0.339785863032429,1.80027859561455
"clade7","Human",243,0.906969065790738,1.99174240451085
"clade7","Human",244,0.751629706476192,1.83210599079145
"clade7","Human",245,0.338761565142628,1.66063363244395
"clade7","Human",246,0.214086036532071,1.19427482418695
"clade7","Human",247,0.271921749174646,1.45937159322594
"clade7","Human",248,1.05249781489837,2.83629527724812
"clade7","Human",249,0.245339259088812,1.33350401043291
"clade7","Human",25,0.231929750554192,1.28395741168962
"clade7","Human",250,1.83959823024304,3.10400549560004
"clade7","Human",251,1.63300160992177,2.72494079972258
"clade7","Human",252,0.211198179935154,1.07636418648443
"clade7","Human",253,1.29943229229906,2.8094677301826
"clade7","Human",254,0.957029266291854,2.01890766284659
"clade7","Human",255,0.293913673729001,1.52963754737811
"clade7","Human",256,0.256134241956921,1.38824813541951
"clade7","Human",257,0.812850988419171,2.72040196958357
"clade7","Human",258,0.299485705095818,1.35285284224887
"clade7","Human",259,1.76306252190368,2.59787109833085
"clade7","Human",26,0.314105281149894,1.59217388549984
"clade7","Human",260,0.157765314499013,0.936535361655158
"clade7","Human",261,0.908619520375666,2.50928658456427
"clade7","Human",262,0.239332733537393,0.962136944457954
"clade7","Human",263,0.907451704638446,2.83764047708072
"clade7","Human",264,1.0037758418962,2.5359213510604
"clade7","Human",265,0.585081422186252,1.24841666259786
"clade7","Human",266,0.275412499483534,1.44622287923041
"clade7","Human",267,0.283623717112784,1.35438180306801
"clade7","Human",268,0.224189662845172,1.16661558420459
"clade7","Human",269,0.665559240890651,1.4269614011892
"clade7","Human",27,1.44644812283588,2.97406056251507
"clade7","Human",270,0.919206899182169,2.70202513190014
"clade7","Human",271,0.950864015794951,2.56846988242143
"clade7","Human",272,0.823335306744378,1.71964215375451
"clade7","Human",273,1.37371581920506,2.10942596609744
"clade7","Human",274,0.8387463662353,2.62218764238231
"clade7","Human",275,1.0184263927231,2.51260367423375
"clade7","Human",276,0.711490225243719,1.63701281446952
"clade7","Human",277,0.578273109645236,1.47909054488827
"clade7","Human",278,1.05043081751029,2.88059118529293
"clade7","Human",279,1.62848999207112,1.95372312649332
"clade7","Human",28,0.960965209859667,2.55781490070052
"clade7","Human",280,1.48244564364205,2.50192620162869
"clade7","Human",281,0.405692236944154,1.78065862672122
"clade7","Human",282,0.996706659838869,2.11758354360328
"clade7","Human",283,0.335229762609037,1.69488653662207
"clade7","Human",284,0.204400770679115,1.13428402098139
"clade7","Human",285,0.356150903821897,1.73127048501253
"clade7","Human",286,0.809198512580123,2.78479130502752
"clade7","Human",287,0.681232992036686,2.64221612994615
"clade7","Human",288,0.206169313387052,1.16449169054675
"clade7","Human",289,1.41586125497976,2.70757933587168
"clade7","Human",29,0.697583466496618,2.42502563393656
"clade7","Human",290,0.448618521398591,2.07105785015899
"clade7","Human",291,1.81815874133809,3.13000233451037
"clade7","Human",292,0.974929277947745,2.87846955360822
"clade7","Human",293,0.396694531727518,1.90817549589749
"clade7","Human",294,0.307831285948239,1.33733414060908
"clade7","Human",295,0.335477009208155,1.6861890309918
"clade7","Human",296,1.09259700307994,2.45550632041983
"clade7","Human",297,0.444766261874182,1.23560958326507
"clade7","Human",298,0.230339024002652,0.964415529777395
"clade7","Human",299,0.23554801236612,1.27294674202045
"clade7","Human",3,0.309852577714041,1.69634103695232
"clade7","Human",30,0.1728141532881,0.969397008463303
"clade7","Human",300,1.4117170268796,1.74710893546194
"clade7","Human",301,0.256911320938754,1.3457737084133
"clade7","Human",302,0.291435050413308,1.49704880799489
"clade7","Human",303,0.994151604593939,1.55612425253621
"clade7","Human",304,1.27639050153209,2.01537530970258
"clade7","Human",305,0.253476562297744,1.33239791895601
"clade7","Human",306,1.42022009034854,2.91628376726513
"clade7","Human",307,0.27905674121919,1.33394446376913
"clade7","Human",308,1.31431546812502,2.67107862769454
"clade7","Human",309,0.254130074363115,1.29744392607245
"clade7","Human",31,0.353290659509482,1.71020915989543
"clade7","Human",310,0.563462234213623,2.12807724179733
"clade7","Human",311,1.24484406092781,2.92591948990622
"clade7","Human",312,0.543107542418058,2.19659670058221
"clade7","Human",313,0.84456004542858,2.09245264293933
"clade7","Human",314,0.33654392965978,1.64755281846843
"clade7","Human",315,0.409574983034246,1.9622937644503
"clade7","Human",316,0.644953698946961,2.4110112782219
"clade7","Human",317,0.331810273164291,1.3392326724425
"clade7","Human",318,0.976750121435186,2.98669848173871
"clade7","Human",319,0.409647317005612,1.79213801353132
"clade7","Human",32,0.23209350242757,1.29185553405103
"clade7","Human",320,0.382990489424661,1.79999618168298
"clade7","Human",321,0.845082096878124,2.86850432921745
"clade7","Human",322,0.25251680017177,1.39679392670164
"clade7","Human",323,0.368513927614968,1.83034090091974
"clade7","Human",324,0.280899251153363,1.53411141807598
"clade7","Human",325,0.783171685895598,2.73671888268106
"clade7","Human",326,0.379722356860337,1.81446604117067
"clade7","Human",327,0.586253035755594,1.78742473312161
"clade7","Human",328,0.952613347416778,2.29331818213658
"clade7","Human",329,0.579133069870339,1.32933316021553
"clade7","Human",33,0.27240912730462,1.23634689685672
"clade7","Human",330,0.754937576568787,2.07360585537248
"clade7","Human",331,0.290682668506063,1.53193126548369
"clade7","Human",332,0.532758669940399,2.22270204950868
"clade7","Human",334,1.21887070029542,2.61511520118836
"clade7","Human",335,0.211130710632002,1.19711768244009
"clade7","Human",336,0.265433015317584,1.4364875832404
"clade7","Human",337,0.636857049624472,2.56416086265156
"clade7","Human",338,0.791049838040351,2.83746882194411
"clade7","Human",339,0.384604771121609,1.68521127411646
"clade7","Human",34,0.998522659763988,2.1094869335662
"clade7","Human",340,0.689531366018507,2.62278529454038
"clade7","Human",341,1.09644299061221,2.66731520928778
"clade7","Human",342,1.27389789850531,2.95497517214452
"clade7","Human",343,0.409924387673772,1.6940997445341
"clade7","Human",344,0.448539510717445,1.69264850721474
"clade7","Human",345,0.888217149290541,2.64896266832895
"clade7","Human",346,1.5748345274986,2.97899727369126
"clade7","Human",347,0.554820782055138,1.86665867590322
"clade7","Human",348,1.09458283753964,2.71992589873726
"clade7","Human",349,1.1129507817625,2.55663622374648
"clade7","Human",35,1.03454372577097,2.89292571937928
"clade7","Human",350,1.64005095795363,2.75698637251545
"clade7","Human",351,1.12455477574932,3.00274086019581
"clade7","Human",352,0.548717209769127,2.17918393142173
"clade7","Human",353,0.95929091269657,2.96927235198061
"clade7","Human",354,0.679876226301248,2.40752931146139
"clade7","Human",355,0.321342665035525,1.58596483661605
"clade7","Human",356,0.690968871800768,2.63335116707311
"clade7","Human",357,0.264032630908197,1.43422808383481
"clade7","Human",358,1.68843046857489,2.68637736386457
"clade7","Human",359,0.560606207537971,2.26414779522396
"clade7","Human",36,0.960100829180191,2.55355649944578
"clade7","Human",360,0.252639866709063,1.3817804264866
"clade7","Human",361,1.49313961034338,2.81547116832205
"clade7","Human",362,0.612378950778507,1.57340252084669
"clade7","Human",363,1.64025441280961,2.89967590119965
"clade7","Human",364,1.21746582722255,2.56158889493097
"clade7","Human",365,0.704358702022458,1.92950269455562
"clade7","Human",366,1.0145968517679,2.40874120487338
"clade7","Human",37,1.04120711387456,2.15625103825123
"clade7","Human",370,0.923299539821159,2.67993835189144
"clade7","Human",371,1.35292704790751,2.23819986338726
"clade7","Human",372,1.23580642480849,3.17346569341241
"clade7","Human",373,0.233431190057354,1.14297450412266
"clade7","Human",374,0.1895389667333,1.05477363445114
"clade7","Human",375,0.810465424285529,1.88001217294141
"clade7","Human",376,1.02830903673396,3.03819564678702
"clade7","Human",377,0.934344541417065,2.68956839766437
"clade7","Human",378,0.202258271350457,1.11951101947212
"clade7","Human",379,1.80075538894391,3.16273388539626
"clade7","Human",38,0.329353077277235,1.61822942075404
"clade7","Human",380,0.196315702050703,1.12308266909957
"clade7","Human",381,0.398184460026436,1.84808809201358
"clade7","Human",382,1.60434734159653,2.9124977125804
"clade7","Human",383,1.04024642202406,2.82847446906667
"clade7","Human",384,0.3338857090186,1.68002381693455
"clade7","Human",385,1.29367966777073,2.76051640615029
"clade7","Human",386,0.193475491551122,1.08391887973311
"clade7","Human",387,0.204704030401542,1.15711611434314
"clade7","Human",39,0.194278745015473,1.09651953769085
"clade7","Human",392,0.9526765724644,2.5941979611455
"clade7","Human",393,1.18584405540016,2.22166384802493
"clade7","Human",394,0.773916856568726,1.50376896095331
"clade7","Human",395,0.339346482011396,1.62435987050407
"clade7","Human",396,0.840096427375784,2.79277627039506
"clade7","Human",397,0.219835106588292,1.17842890772824
"clade7","Human",398,1.7175616520586,3.03594620253246
"clade7","Human",399,1.16216024869035,2.96570566164735
"clade7","Human",4,1.71960572346377,3.12446336212213
"clade7","Human",40,0.919053911159061,3.00309685459467
"clade7","Human",400,1.55401811717885,2.83103483914889
"clade7","Human",401,0.201768967633574,1.11934912695111
"clade7","Human",402,0.265807328109579,1.37892524177422
"clade7","Human",403,0.22267447236299,1.20111103163463
"clade7","Human",404,0.226151617966837,1.24747779141879
"clade7","Human",405,0.206211441016324,1.14446430105323
"clade7","Human",406,0.899056482157618,2.84419327557041
"clade7","Human",407,0.945966640472792,2.96842120834487
"clade7","Human",408,0.16966892072439,0.942820612542716
"clade7","Human",409,0.963143111107577,1.6426320686176
"clade7","Human",41,0.401285353845948,1.09210568965172
"clade7","Human",410,1.31063210981964,1.42117532970322
"clade7","Human",411,0.228055093965175,1.25191043572455
"clade7","Human",412,1.07519257334565,2.99846643981505
"clade7","Human",413,0.165414705690564,0.952896898662082
"clade7","Human",414,0.140429584635956,0.824990644984852
"clade7","Human",415,0.997581498007702,2.67596311157861
"clade7","Human",416,0.978522712208162,1.61448400106857
"clade7","Human",417,0.166014461156832,0.942778778810309
"clade7","Human",418,0.141444689254922,0.732596897887326
"clade7","Human",419,0.811742940918849,1.40524733676052
"clade7","Human",42,0.218283075262883,1.17318494600282
"clade7","Human",420,0.77076585783452,1.61747729453288
"clade7","Human",421,0.908342780300251,1.17230234598714
"clade7","Human",422,0.164703913300514,0.960257642493301
"clade7","Human",423,1.22775573535443,2.89351159548174
"clade7","Human",424,1.04576540182666,1.86533065264803
"clade7","Human",425,0.182391335404658,0.982261169801855
"clade7","Human",426,0.159661762762294,0.934406364820837
"clade7","Human",427,0.192440231743714,1.10173554865337
"clade7","Human",428,0.205036245161997,1.18138017263373
"clade7","Human",429,0.219390390106917,1.1209517195286
"clade7","Human",43,0.291911414434502,1.09699897813882
"clade7","Human",430,0.173132328768206,0.995642962412197
"clade7","Human",431,0.717832571951594,1.48736875768799
"clade7","Human",432,0.228474352777791,1.24679006654079
"clade7","Human",433,0.145840899460428,0.837357821232626
"clade7","Human",434,1.05006767941588,1.16582812813731
"clade7","Human",435,0.430047387099709,1.13725050048492
"clade7","Human",436,0.340361391611604,1.03606659684875
"clade7","Human",437,0.153946419756749,0.87509056155608
"clade7","Human",438,0.265688873097053,1.26064643867989
"clade7","Human",439,0.249910960999585,1.31607850057867
"clade7","Human",44,1.81312709586668,3.11895815446371
"clade7","Human",440,0.234286777501273,1.23138100258452
"clade7","Human",441,0.226302167662573,1.23690644146053
"clade7","Human",442,0.289395117223994,0.785823044101349
"clade7","Human",443,0.221215525298925,1.20449990741267
"clade7","Human",444,0.877480116255882,2.36768434473028
"clade7","Human",445,0.210430414935637,1.0980924564718
"clade7","Human",446,0.858078551271338,1.42717632430177
"clade7","Human",447,0.208878844172065,1.17730968480834
"clade7","Human",448,0.281330257173815,1.31984915882589
"clade7","Human",449,0.149553071200959,0.700056076941982
"clade7","Human",45,0.823760052272399,2.71804007296383
"clade7","Human",450,0.218249992849381,1.21551205887047
"clade7","Human",451,1.53159659166899,2.77299991624512
"clade7","Human",452,0.373256471260885,1.59162999923728
"clade7","Human",453,0.289731405836388,0.706499419608914
"clade7","Human",454,0.207709666481557,1.16414172863788
"clade7","Human",455,0.234581207414026,1.26406902824568
"clade7","Human",456,0.212150675590668,1.16916643675342
"clade7","Human",457,0.817059179740757,1.31297407758032
"clade7","Human",458,1.47310933126446,3.19072011603909
"clade7","Human",459,1.46263323701437,3.17199408785032
"clade7","Human",46,1.11600252575606,2.56420433914982
"clade7","Human",460,0.665233116837335,1.37173650382281
"clade7","Human",461,1.30511793987176,3.10896780884017
"clade7","Human",462,0.792048075612051,2.60124334006973
"clade7","Human",463,0.558814174009665,2.37692667970209
"clade7","Human",464,0.280004552596276,1.4292063474235
"clade7","Human",465,0.215790076163424,1.08412390736183
"clade7","Human",466,0.237157742429744,1.34331856378857
"clade7","Human",467,0.614303734299148,1.54809181940802
"clade7","Human",468,1.2631097085833,1.69098208764051
"clade7","Human",469,0.331955737205237,1.57259230705714
"clade7","Human",47,0.558963212499788,1.68689111341724
"clade7","Human",470,0.746787107867795,2.64573690406493
"clade7","Human",471,0.336605534621245,1.67863542104558
"clade7","Human",472,0.788185374732356,2.6738455685422
"clade7","Human",473,0.194892016290293,1.11481659399297
"clade7","Human",474,1.05516786636348,1.65169758819081
"clade7","Human",475,0.287415375023255,1.47059058861141
"clade7","Human",476,0.430623056503032,0.894449650823351
"clade7","Human",477,0.306517145050776,1.52545324509751
"clade7","Human",478,0.798056763588718,2.71376956963684
"clade7","Human",479,1.13328628325136,2.84533566911205
"clade7","Human",48,0.864185080048084,2.7477058284853
"clade7","Human",480,1.07312361879258,2.97530710795849
"clade7","Human",481,0.647944029177112,2.17890717932327
"clade7","Human",482,1.04376824136615,3.01541248213005
"clade7","Human",483,1.20060459411158,1.55620594238211
"clade7","Human",484,0.632766863768631,1.40793593126209
"clade7","Human",485,0.3016720918703,1.38269883542594
"clade7","Human",486,0.220550819654477,1.1581800170911
"clade7","Human",487,0.676941596848032,1.88585947580494
"clade7","Human",488,0.654468200601867,1.46374937856594
"clade7","Human",489,0.138562738946784,0.836705132703955
"clade7","Human",49,0.717646979970555,2.22446737920771
"clade7","Human",490,0.276166659726066,1.46888851280072
"clade7","Human",491,0.836341548935984,1.3962544156849
"clade7","Human",492,1.05439236996025,1.5097868021169
"clade7","Human",493,0.27936729549673,1.50484196704735
"clade7","Human",494,1.50360821121044,2.92676178285555
"clade7","Human",495,2.09372044145979,1.55600260662983
"clade7","Human",496,0.776205665600549,2.94457355214841
"clade7","Human",497,0.904802353626536,2.6453434153293
"clade7","Human",498,1.49924756859097,3.12000902118237
"clade7","Human",499,0.130494811668677,0.804245186029783
"clade7","Human",5,1.82633058668285,3.16793584201562
"clade7","Human",50,1.84133872646633,3.0908014475676
"clade7","Human",500,1.95964369279994,3.18667670959223
"clade7","Human",501,0.121283109937766,0.72662165514999
"clade7","Human",51,0.89046505665645,2.55640194309685
"clade7","Human",52,0.378264104805607,1.61603994962079
"clade7","Human",53,1.11756775184788,2.06313352663087
"clade7","Human",54,0.236393191479524,1.17377585147316
"clade7","Human",55,1.05749042690923,1.58644198508788
"clade7","Human",56,1.07591692286981,2.89639954230375
"clade7","Human",57,0.260989035014658,1.40597276038466
"clade7","Human",58,0.992318893720064,2.76631357298228
"clade7","Human",59,0.332833606525462,1.64983907578623
"clade7","Human",6,0.997716659567614,2.90120825973933
"clade7","Human",60,0.210947292740043,1.17492265282907
"clade7","Human",61,1.16308535291848,2.77319252312036
"clade7","Human",62,0.722920263126454,2.50899203573494
"clade7","Human",63,0.288685525702084,1.40218548286333
"clade7","Human",64,1.10963858398245,2.61166266728746
"clade7","Human",65,1.14583863261762,1.75331557267627
"clade7","Human",66,0.320687089072792,1.15243028480872
"clade7","Human",67,0.181042169043102,1.01793931845082
"clade7","Human",68,0.843801173214587,2.68321890524871
"clade7","Human",69,1.69254897510401,2.9678431350326
"clade7","Human",7,0.895912419877505,2.37229629070281
"clade7","Human",70,1.47047399693932,2.88515390399242
"clade7","Human",71,1.42413964006176,2.2581134188467
"clade7","Human",72,0.320249106627946,1.63058296562338
"clade7","Human",73,1.14852156406994,2.82855804160789
"clade7","Human",74,0.243817514827555,1.32240677502199
"clade7","Human",75,0.212188204109132,1.17886415034877
"clade7","Human",76,0.279512127252874,1.3989380858933
"clade7","Human",77,0.346797246141348,1.7187043360375
"clade7","Human",78,0.202358753233953,1.11566861555588
"clade7","Human",79,1.32626754498898,2.21058151559921
"clade7","Human",8,0.484158186978716,2.05633102509243
"clade7","Human",80,0.426661283036777,1.95211663089302
"clade7","Human",81,0.856708251938655,1.9446271161778
"clade7","Human",82,1.24872944221042,2.87545021780347
"clade7","Human",83,0.583330704235328,1.62159749238432
"clade7","Human",84,1.1518675165223,2.8367424189105
"clade7","Human",85,0.875777293434356,2.68214484366336
"clade7","Human",86,0.775683020103346,2.48985151572461
"clade7","Human",87,1.30532096676544,2.92731478162748
"clade7","Human",88,0.594238437629404,2.4126847934884
"clade7","Human",89,1.10912408994698,2.76354792951659
"clade7","Human",9,0.180798337323835,1.05151760982677
"clade7","Human",90,1.45640205566755,2.61465136377637
"clade7","Human",91,0.328852248257138,1.53376519879086
"clade7","Human",92,0.257272869833631,1.36234475419824
"clade7","Human",93,0.905423978006815,1.95470837214688
"clade7","Human",94,1.06032079899854,2.89918543268375
"clade7","Human",95,1.11915535992614,2.94515096312897
"clade7","Human",96,0.974938243189111,2.8819052857905
"clade7","Human",97,1.13550535068565,2.99671379531322
"clade7","Human",98,0.243381110449778,1.30988120420602
"clade7","Human",99,0.212505368863997,1.16758626444413
"clade7","Mosquito",1,0.94136755505414,2.82682847028181
"clade7","Mosquito",10,0.339317033547797,1.71676957362447
"clade7","Mosquito",100,0.273733933574688,1.42026179877483
"clade7","Mosquito",101,0.285104402225364,1.45863215124942
"clade7","Mosquito",102,0.300650186710612,1.51476066155302
"clade7","Mosquito",103,0.356301149957615,1.70239299102134
"clade7","Mosquito",104,1.39506901480491,3.01517278653846
"clade7","Mosquito",105,0.304389897323807,1.52510064723806
"clade7","Mosquito",106,0.386563925823405,1.81828560708458
"clade7","Mosquito",107,0.324594276093247,1.60731858149358
"clade7","Mosquito",108,0.321810986419581,1.61471846506473
"clade7","Mosquito",109,0.351552338895784,1.67708932785116
"clade7","Mosquito",11,0.313387011839511,1.47031001211948
"clade7","Mosquito",110,0.338592392644762,1.66476539260943
"clade7","Mosquito",111,0.247723597902153,1.3131687358419
"clade7","Mosquito",112,0.458219581135256,1.98259381401861
"clade7","Mosquito",113,0.482099111599135,2.10123146931545
"clade7","Mosquito",114,0.932960257353959,2.79747411931669
"clade7","Mosquito",115,0.361336757872959,1.6253916472993
"clade7","Mosquito",116,0.260262404845302,1.36026799902689
"clade7","Mosquito",117,0.563822767739713,1.6490490908091
"clade7","Mosquito",118,0.58123685704583,2.23926137943332
"clade7","Mosquito",119,0.940693595694364,1.80368603996844
"clade7","Mosquito",12,0.692080470216119,2.3821990618001
"clade7","Mosquito",120,0.432310928719422,1.62603906733669
"clade7","Mosquito",121,0.279061479926869,1.44627332760203
"clade7","Mosquito",122,0.739549147897345,2.04402115012331
"clade7","Mosquito",123,0.975802073078943,2.55869890181875
"clade7","Mosquito",124,0.64738449242964,2.21296284784825
"clade7","Mosquito",125,0.365881293973323,1.62635562769358
"clade7","Mosquito",126,0.789610394074322,1.90563390530086
"clade7","Mosquito",127,0.272412470821179,1.42817794360985
"clade7","Mosquito",128,0.718319800511698,2.32020102947838
"clade7","Mosquito",129,0.864138896576484,2.49528516792327
"clade7","Mosquito",13,1.20822927490058,2.93225051679425
"clade7","Mosquito",130,1.2071342284123,2.60204791987873
"clade7","Mosquito",131,1.34728246352799,2.85074928830484
"clade7","Mosquito",132,0.795056725084913,2.09858843108749
"clade7","Mosquito",133,1.14205868033312,2.84194392746376
"clade7","Mosquito",134,0.971143740125728,2.78003446536175
"clade7","Mosquito",135,0.463095750501307,1.94133266332605
"clade7","Mosquito",136,0.759991211457054,2.3388585627513
"clade7","Mosquito",137,0.349763709382544,1.68795215277584
"clade7","Mosquito",138,1.07287478797736,2.63024618704187
"clade7","Mosquito",139,0.311318815353013,1.56249921263585
"clade7","Mosquito",14,0.292151369841968,1.56929251931908
"clade7","Mosquito",140,1.37488111480292,2.72467174002891
"clade7","Mosquito",141,0.675459732474089,1.63748557878904
"clade7","Mosquito",142,0.958220634500997,2.70307865897931
"clade7","Mosquito",143,0.804267030016222,2.59411573999237
"clade7","Mosquito",144,0.340943671556846,1.66837342897053
"clade7","Mosquito",147,0.348506358917375,1.71284077355086
"clade7","Mosquito",148,1.20015882933105,2.7069418899322
"clade7","Mosquito",149,1.38418794607975,2.26467265533562
"clade7","Mosquito",15,0.814540037229874,1.96755182714183
"clade7","Mosquito",150,1.36227618396691,2.5342557649643
"clade7","Mosquito",151,0.815184966613374,2.10533904891863
"clade7","Mosquito",152,0.908654478182163,2.50157055321459
"clade7","Mosquito",153,0.899865883172174,2.30876225525259
"clade7","Mosquito",154,0.600483759235142,2.17289481909368
"clade7","Mosquito",155,0.787236400695436,2.32401244014399
"clade7","Mosquito",156,0.94426688836018,2.32144301721528
"clade7","Mosquito",157,0.987309624019736,2.43206978012425
"clade7","Mosquito",158,0.828875722693192,2.25984901246673
"clade7","Mosquito",16,1.02862280725569,1.97439034731867
"clade7","Mosquito",163,0.745405102405455,2.07711607815826
"clade7","Mosquito",164,0.988190214394003,2.75486939881383
"clade7","Mosquito",165,1.06851836398299,2.73756943968167
"clade7","Mosquito",166,0.968043021063703,2.58713698347282
"clade7","Mosquito",167,0.848992929549044,2.50985534903608
"clade7","Mosquito",168,0.412919911628115,1.58191291783661
"clade7","Mosquito",169,0.819096806786515,2.35567467909327
"clade7","Mosquito",17,0.30873211550338,1.57873611354226
"clade7","Mosquito",170,0.388096710924375,1.82465302727516
"clade7","Mosquito",171,0.813951375319539,2.30150939749193
"clade7","Mosquito",172,0.73095828323828,2.0984494277805
"clade7","Mosquito",173,0.8012974022367,1.86558175736301
"clade7","Mosquito",174,1.54736238131694,3.03586525295127
"clade7","Mosquito",175,0.778049485498467,2.43944943354227
"clade7","Mosquito",176,0.880952135001771,2.40802158222631
"clade7","Mosquito",177,0.858963918558055,1.92293407150746
"clade7","Mosquito",178,0.360666346200187,1.51730449414334
"clade7","Mosquito",179,0.777785350570343,2.02701616753646
"clade7","Mosquito",18,1.02040203381608,2.7554731087176
"clade7","Mosquito",180,0.474261869399757,1.25249944026854
"clade7","Mosquito",181,0.365125898172856,1.55590862600934
"clade7","Mosquito",182,0.45262102381865,1.46219639503099
"clade7","Mosquito",183,0.296214639310047,1.44486212300712
"clade7","Mosquito",184,0.205802684743816,0.994153913985046
"clade7","Mosquito",185,0.807363897507998,1.80320145631598
"clade7","Mosquito",186,0.313939647267553,1.59994905011976
"clade7","Mosquito",187,0.744657012997777,1.85665669741638
"clade7","Mosquito",188,0.891619831108745,1.97856406031438
"clade7","Mosquito",189,0.610986638858031,1.97367845074559
"clade7","Mosquito",19,0.332307742068789,1.55397803194131
"clade7","Mosquito",190,0.263137945553895,1.37780712967232
"clade7","Mosquito",191,0.92357760683303,2.63894133585531
"clade7","Mosquito",192,1.02458854783797,2.91874270912057
"clade7","Mosquito",193,0.822836418355518,2.32032533251134
"clade7","Mosquito",194,0.387921089568418,1.79092255385647
"clade7","Mosquito",195,0.323505919532718,1.58628969780471
"clade7","Mosquito",196,0.624031082790099,1.7914787686099
"clade7","Mosquito",197,0.375065924559868,1.75146313271288
"clade7","Mosquito",198,1.02552148348065,2.65992521708903
"clade7","Mosquito",199,0.86568934828545,2.37005662489364
"clade7","Mosquito",2,1.14763853891617,2.843197863969
"clade7","Mosquito",20,0.99199444611398,2.78422521605455
"clade7","Mosquito",200,0.959093735949185,2.59490600300605
"clade7","Mosquito",201,1.36840648912626,2.70588436083173
"clade7","Mosquito",202,0.726799121920552,2.36765908417195
"clade7","Mosquito",203,0.576079355837842,1.89504978741182
"clade7","Mosquito",204,0.641270532688391,1.65385638242234
"clade7","Mosquito",205,0.658462750815594,2.13942977209142
"clade7","Mosquito",206,0.934583081177017,2.63020132179343
"clade7","Mosquito",207,0.62050554409605,1.5999218464464
"clade7","Mosquito",208,0.970723621319238,2.27528610880606
"clade7","Mosquito",209,0.66850677320046,1.6797644962854
"clade7","Mosquito",21,0.37553687450034,1.64935475608399
"clade7","Mosquito",210,0.844811861895475,2.42670520588172
"clade7","Mosquito",211,0.616146503234313,2.4276993822043
"clade7","Mosquito",212,1.04549802372882,2.63889099382535
"clade7","Mosquito",213,0.341313114658056,1.6864285392666
"clade7","Mosquito",214,0.58182231439688,2.221175437984
"clade7","Mosquito",215,0.445095011054157,1.72161770106147
"clade7","Mosquito",216,0.92004687207555,2.68839506121554
"clade7","Mosquito",217,0.23892573535861,1.2770952564414
"clade7","Mosquito",218,0.398717004556861,1.8783023682367
"clade7","Mosquito",219,0.782275306985786,2.39215293337431
"clade7","Mosquito",22,0.945580624683846,2.6999566881158
"clade7","Mosquito",220,0.237419251186594,1.25119545739743
"clade7","Mosquito",221,0.27507387518688,1.43984242750613
"clade7","Mosquito",222,0.968904145885074,2.4514268505596
"clade7","Mosquito",223,0.270230162118538,1.42570587858132
"clade7","Mosquito",224,0.231207538832116,1.25072910568831
"clade7","Mosquito",225,0.450645564658475,1.95950877406192
"clade7","Mosquito",226,0.86723554284144,2.57528869173693
"clade7","Mosquito",227,0.716925074760674,2.45362998047105
"clade7","Mosquito",228,0.604962882731824,1.95965340229662
"clade7","Mosquito",23,0.376799563400787,1.6666290621807
"clade7","Mosquito",230,0.758531627072214,1.56482598296843
"clade7","Mosquito",231,0.646110329588897,1.63193695754392
"clade7","Mosquito",232,0.240512892900824,0.736836528812141
"clade7","Mosquito",233,0.345875393492176,1.70752232454394
"clade7","Mosquito",234,0.840129431164539,2.02466170731089
"clade7","Mosquito",235,0.334585582459468,1.46099791282533
"clade7","Mosquito",236,0.646134194817342,2.0700188159699
"clade7","Mosquito",237,0.493315766535596,1.72341905440083
"clade7","Mosquito",238,0.875131465756074,2.65337952709146
"clade7","Mosquito",239,0.3186808173769,1.46926680845016
"clade7","Mosquito",24,0.376959307244731,1.78851507655596
"clade7","Mosquito",240,0.785854750682966,2.63382445806316
"clade7","Mosquito",241,0.378404024375608,1.81434820029698
"clade7","Mosquito",242,0.384796342239436,1.86321539933318
"clade7","Mosquito",243,0.95640355211275,2.30450626749478
"clade7","Mosquito",244,0.670101059581421,1.82557889462698
"clade7","Mosquito",245,0.424638858809192,1.89271670510673
"clade7","Mosquito",246,0.251411765252575,1.3413198446937
"clade7","Mosquito",247,0.315920014052057,1.58537576712193
"clade7","Mosquito",248,0.812592936003737,2.62817014561377
"clade7","Mosquito",249,0.281347983725263,1.46210770453726
"clade7","Mosquito",25,0.288970579173403,1.49834514623749
"clade7","Mosquito",250,1.31045283519813,2.94042327206245
"clade7","Mosquito",251,1.00593650647353,2.6361818759008
"clade7","Mosquito",252,0.30136544984021,1.42943792804338
"clade7","Mosquito",253,0.966773717948405,2.6083843146229
"clade7","Mosquito",254,0.838863112269238,1.92200047112121
"clade7","Mosquito",255,0.414001936154152,1.90471057595926
"clade7","Mosquito",256,0.329852910974227,1.6592096345742
"clade7","Mosquito",257,0.751915372652797,2.58292948470537
"clade7","Mosquito",258,0.491895911857804,1.84779179944182
"clade7","Mosquito",259,1.1959861947014,2.61519566240305
"clade7","Mosquito",26,0.447223038016918,1.94257328082682
"clade7","Mosquito",260,0.197596481737112,1.09942352214791
"clade7","Mosquito",261,0.924918665856263,2.54086271987808
"clade7","Mosquito",262,0.316867247425986,1.26438555204778
"clade7","Mosquito",263,0.986042381674441,2.71255288656223
"clade7","Mosquito",264,1.06535661667233,2.53382372217417
"clade7","Mosquito",265,0.611715583469708,1.51611365722936
"clade7","Mosquito",266,0.344385479230526,1.67077951670644
"clade7","Mosquito",267,0.364093187970564,1.60881046853232
"clade7","Mosquito",268,0.291479716276807,1.43250637765825
"clade7","Mosquito",269,0.67472711010762,1.66150481633621
"clade7","Mosquito",27,1.0093672310395,2.68587643821353
"clade7","Mosquito",270,1.23148697035967,2.61771175947732
"clade7","Mosquito",271,1.11563298314244,2.25494706036932
"clade7","Mosquito",272,0.794201037300822,1.80403089295411
"clade7","Mosquito",273,0.952914772192719,2.06207889202542
"clade7","Mosquito",274,0.836891647228474,2.58160718449183
"clade7","Mosquito",275,0.681061464615676,2.1611130824001
"clade7","Mosquito",276,0.673083554183088,1.761390968131
"clade7","Mosquito",277,0.607141990682632,1.6546336967123
"clade7","Mosquito",278,1.14377109463653,2.8402881265699
"clade7","Mosquito",279,1.30282198378599,2.00040772760215
"clade7","Mosquito",28,1.00425834576831,2.61190311150849
"clade7","Mosquito",280,0.999753161091768,2.27439163478396
"clade7","Mosquito",281,0.426893761480738,1.79765641828198
"clade7","Mosquito",282,0.897026123430428,2.10061530429514
"clade7","Mosquito",283,0.414746537436158,1.88469022161273
"clade7","Mosquito",284,0.290059725258777,1.46432261780087
"clade7","Mosquito",285,0.429129308846013,1.91309959748236
"clade7","Mosquito",286,0.820284374161247,2.74247289967602
"clade7","Mosquito",287,0.787383804116251,2.64302810959946
"clade7","Mosquito",288,0.274191094033701,1.41244836092671
"clade7","Mosquito",289,1.31620074193972,2.70344665675744
"clade7","Mosquito",29,0.781821859944551,2.37563684988354
"clade7","Mosquito",290,0.388384361938817,1.74968128564396
"clade7","Mosquito",291,1.43761364507125,2.98707588415732
"clade7","Mosquito",292,0.819111368858134,2.69381430290063
"clade7","Mosquito",293,0.3958978099798,1.85177233486276
"clade7","Mosquito",294,0.379552913655892,1.52551737954146
"clade7","Mosquito",295,0.396517055333476,1.85241312090574
"clade7","Mosquito",296,1.09645148833276,2.42740729154567
"clade7","Mosquito",297,0.466257785709808,1.34266222695324
"clade7","Mosquito",298,0.286357149576194,1.17339037258318
"clade7","Mosquito",299,0.306576111123882,1.53204979730448
"clade7","Mosquito",3,0.355233691621192,1.80184674325288
"clade7","Mosquito",30,0.217870178155013,1.14430930101314
"clade7","Mosquito",300,1.11606557614679,1.89826114865289
"clade7","Mosquito",301,0.320125834676264,1.57753476498861
"clade7","Mosquito",302,0.350568678111275,1.67750338671748
"clade7","Mosquito",303,0.786250749704757,1.63508306475951
"clade7","Mosquito",304,0.886353172602532,1.91160290343249
"clade7","Mosquito",305,0.331677492863409,1.59873687752675
"clade7","Mosquito",306,1.25325781569258,2.70870782202706
"clade7","Mosquito",307,0.334586581790054,1.42354666745855
"clade7","Mosquito",308,1.10599644766025,2.38412341739756
"clade7","Mosquito",309,0.31802825313085,1.50208873759305
"clade7","Mosquito",31,0.399862987164046,1.83237680096392
"clade7","Mosquito",310,0.633799583263247,2.17558480297145
"clade7","Mosquito",311,1.18952909929639,2.84751257062361
"clade7","Mosquito",312,1.07574239555449,2.73641902077429
"clade7","Mosquito",313,0.911084547314662,2.46500484365067
"clade7","Mosquito",314,0.332183822682086,1.60951745447374
"clade7","Mosquito",315,0.388672449104729,1.82606909525669
"clade7","Mosquito",316,0.707774126014708,2.39594655402483
"clade7","Mosquito",317,0.355909748148783,1.43823785612907
"clade7","Mosquito",318,0.866341471349707,2.81222336928796
"clade7","Mosquito",319,0.471559751947263,1.93699522219479
"clade7","Mosquito",32,0.276767937331614,1.43966443903836
"clade7","Mosquito",320,0.481147936156878,2.04137430606836
"clade7","Mosquito",321,0.842522594262924,2.73780283444062
"clade7","Mosquito",322,0.310813395674736,1.57215646946563
"clade7","Mosquito",323,0.403272337746538,1.88615981560352
"clade7","Mosquito",324,0.333085981180648,1.67348829486721
"clade7","Mosquito",325,0.809286431462794,2.69595194689705
"clade7","Mosquito",326,0.520286019394217,2.11979922986077
"clade7","Mosquito",327,0.720058516110759,1.93174405845203
"clade7","Mosquito",328,0.891587265160751,2.33227455111836
"clade7","Mosquito",329,0.596349645409878,1.51259553917225
"clade7","Mosquito",33,0.270375265633803,1.28038120087619
"clade7","Mosquito",330,0.765319988654984,2.15396243985347
"clade7","Mosquito",331,0.339742835071456,1.66348301508716
"clade7","Mosquito",332,0.501941812831757,2.05358642415452
"clade7","Mosquito",334,1.23294399795119,2.59608474631658
"clade7","Mosquito",335,0.269040673578087,1.4196871264688
"clade7","Mosquito",336,0.329724961036678,1.62967435157202
"clade7","Mosquito",337,0.71815900485818,2.58790213486191
"clade7","Mosquito",338,0.716903048953561,2.63677071668641
"clade7","Mosquito",339,0.41229726755692,1.76616306958889
"clade7","Mosquito",34,0.930106859626854,2.081896440262
"clade7","Mosquito",340,0.755015271349435,2.63092693566003
"clade7","Mosquito",341,1.0895630136463,2.65306175932905
"clade7","Mosquito",342,1.05661833732992,2.81216669416929
"clade7","Mosquito",343,0.403229125778175,1.61571769725577
"clade7","Mosquito",344,0.505225470496302,1.78215968463241
"clade7","Mosquito",345,0.965630860113209,2.66977114465184
"clade7","Mosquito",346,1.28438644933581,2.81866941665735
"clade7","Mosquito",347,0.542163789687827,1.87210515835229
"clade7","Mosquito",348,1.03235566967138,2.55931821311969
"clade7","Mosquito",349,0.793661418791219,2.27264257271613
"clade7","Mosquito",35,1.04233690904641,2.79013245180683
"clade7","Mosquito",350,1.34362269366849,2.57066308605072
"clade7","Mosquito",351,1.09647113517572,2.83844482109927
"clade7","Mosquito",352,0.533078501118168,2.08620108823529
"clade7","Mosquito",353,0.964088489402502,2.88177935692776
"clade7","Mosquito",354,0.78415280838962,2.34978829304633
"clade7","Mosquito",355,0.41754629611897,1.81880567682939
"clade7","Mosquito",356,0.78124065716002,2.64416962693502
"clade7","Mosquito",357,0.328210291981086,1.63528542104305
"clade7","Mosquito",358,1.51367597909846,2.60508133892117
"clade7","Mosquito",359,0.562313115393624,2.23672249827165
"clade7","Mosquito",36,0.866878947830855,2.43498688081238
"clade7","Mosquito",360,0.277278497797064,1.44209438336131
"clade7","Mosquito",361,0.896559070245317,2.53552768467968
"clade7","Mosquito",362,0.636413131518355,1.67427188283618
"clade7","Mosquito",363,1.68496346608064,2.89998053968472
"clade7","Mosquito",364,1.1382156376602,2.40631959192976
"clade7","Mosquito",365,0.553584891058715,1.81855936458583
"clade7","Mosquito",366,1.06950476695408,2.45492387685328
"clade7","Mosquito",37,0.921402189089567,1.97608020897188
"clade7","Mosquito",370,0.919100806064809,2.6245196484434
"clade7","Mosquito",371,1.28592637593093,2.24160185520408
"clade7","Mosquito",372,0.889123757104223,2.8193923048017
"clade7","Mosquito",373,0.296241275956851,1.3869093467557
"clade7","Mosquito",374,0.255715191728066,1.33092151022849
"clade7","Mosquito",375,0.680038005834418,1.81235207939983
"clade7","Mosquito",376,1.04768897881676,2.90580641107422
"clade7","Mosquito",377,0.85068030046738,2.48766804163813
"clade7","Mosquito",378,0.3063057596185,1.53565943251433
"clade7","Mosquito",379,1.21523015345578,2.93676116605079
"clade7","Mosquito",38,0.410610341338939,1.86033750879672
"clade7","Mosquito",380,0.252263162576372,1.33562379159123
"clade7","Mosquito",381,0.494053263550695,2.0693244994199
"clade7","Mosquito",382,1.35814254295676,2.86964834908998
"clade7","Mosquito",383,0.96162479478182,2.70661657289586
"clade7","Mosquito",384,0.328715655197409,1.56260114461215
"clade7","Mosquito",385,1.05748346530497,2.64351069739336
"clade7","Mosquito",386,0.275776893234821,1.42261267717549
"clade7","Mosquito",387,0.253833104790408,1.340687161347
"clade7","Mosquito",39,0.236186377897248,1.26308808889138
"clade7","Mosquito",392,0.86706096123129,2.42889541450748
"clade7","Mosquito",393,0.915364429800387,2.05171811806273
"clade7","Mosquito",394,0.725926148431699,1.65198821603767
"clade7","Mosquito",395,0.378931521764541,1.72580571716697
"clade7","Mosquito",396,0.864514640410705,2.69667436795118
"clade7","Mosquito",397,0.308475471031382,1.52037435449377
"clade7","Mosquito",398,1.54731962242528,2.95029980889293
"clade7","Mosquito",399,1.11770841559332,2.87907331692627
"clade7","Mosquito",4,1.31041136271445,2.97956154049792
"clade7","Mosquito",40,0.871856295302902,2.85281267464385
"clade7","Mosquito",400,1.32776184739369,2.71885783327392
"clade7","Mosquito",401,0.273823527763684,1.40571315112644
"clade7","Mosquito",402,0.323966448683525,1.58783540927669
"clade7","Mosquito",403,0.295311027053926,1.42674481334519
"clade7","Mosquito",404,0.305861467629811,1.54965279474531
"clade7","Mosquito",405,0.281107690627173,1.43798424259357
"clade7","Mosquito",406,0.850500061773743,2.72225285362552
"clade7","Mosquito",407,0.918985108099246,2.82021926001157
"clade7","Mosquito",408,0.214949769287796,1.17116748241078
"clade7","Mosquito",409,0.825015514143062,1.61270285901023
"clade7","Mosquito",41,0.533679256495439,1.14782730471989
"clade7","Mosquito",410,1.14115704206185,1.66246188763771
"clade7","Mosquito",411,0.296716942740884,1.52094156406499
"clade7","Mosquito",412,0.948459811618093,2.79703340755004
"clade7","Mosquito",413,0.244047435647116,1.29650595778881
"clade7","Mosquito",414,0.190914457708785,1.06742120461516
"clade7","Mosquito",415,0.999288756306586,2.53958623386866
"clade7","Mosquito",416,0.991822888006741,1.83317557628336
"clade7","Mosquito",417,0.234645321518593,1.24952536742296
"clade7","Mosquito",418,0.211773275814505,1.00399833385435
"clade7","Mosquito",419,0.765436389565039,1.39451709693145
"clade7","Mosquito",42,0.28273834238345,1.43955703160017
"clade7","Mosquito",420,0.830544485877147,1.83175837022297
"clade7","Mosquito",421,0.794942389022207,1.39133272532407
"clade7","Mosquito",422,0.250472530117833,1.31405750441809
"clade7","Mosquito",423,1.14715988127383,2.81272972125044
"clade7","Mosquito",424,1.03785631728345,2.0587397726051
"clade7","Mosquito",425,0.25812255622945,1.27361383329888
"clade7","Mosquito",426,0.21286600395582,1.1704355069323
"clade7","Mosquito",427,0.23555541624436,1.25882509710596
"clade7","Mosquito",428,0.296003576110855,1.52370108293456
"clade7","Mosquito",429,0.338553835974143,1.53320730517126
"clade7","Mosquito",43,0.293079735734441,1.13878726834859
"clade7","Mosquito",430,0.253584282333221,1.34254172220925
"clade7","Mosquito",431,0.662146064576644,1.6438023468358
"clade7","Mosquito",432,0.346660982925948,1.66879350971828
"clade7","Mosquito",433,0.223200867539305,1.20349353427823
"clade7","Mosquito",434,1.00512626871956,1.35462295748893
"clade7","Mosquito",435,0.509904484751191,1.4476273213334
"clade7","Mosquito",436,0.35002076469646,1.19858584040319
"clade7","Mosquito",437,0.208789919450428,1.13216210881081
"clade7","Mosquito",438,0.268558523331819,1.35708352510851
"clade7","Mosquito",439,0.405286625529392,1.84201331628709
"clade7","Mosquito",44,1.73171586282697,2.99806012518455
"clade7","Mosquito",440,0.395121754520318,1.78256071735787
"clade7","Mosquito",441,0.280955226474113,1.43384644848806
"clade7","Mosquito",442,0.276550393200943,0.865850951868608
"clade7","Mosquito",443,0.305205215929532,1.51094942363187
"clade7","Mosquito",444,0.906131683386771,2.45036915842244
"clade7","Mosquito",445,0.256536113171241,1.23704362559748
"clade7","Mosquito",446,0.945588396747309,1.57418181514814
"clade7","Mosquito",447,0.35822257723514,1.73489025877967
"clade7","Mosquito",448,0.375121366475422,1.63866749550071
"clade7","Mosquito",449,0.202427766216782,0.941807403057439
"clade7","Mosquito",45,0.910420805672069,2.76309022092523
"clade7","Mosquito",450,0.279382586157859,1.44570747077263
"clade7","Mosquito",451,1.06973903118348,2.62329286362087
"clade7","Mosquito",452,0.402825121096861,1.69596780798666
"clade7","Mosquito",453,0.275419372682373,0.91067959408154
"clade7","Mosquito",454,0.245484351399037,1.26937847925019
"clade7","Mosquito",455,0.389431905759055,1.79304139997715
"clade7","Mosquito",456,0.318064135297644,1.56977106594769
"clade7","Mosquito",457,0.727270504207831,1.41373855259595
"clade7","Mosquito",458,1.33483456108867,3.05916280210812
"clade7","Mosquito",459,1.2897056678455,3.02371612875816
"clade7","Mosquito",46,0.968286568905057,2.51023191722308
"clade7","Mosquito",460,0.794836019812001,1.67008523041163
"clade7","Mosquito",461,1.37042444719526,3.01709846756521
"clade7","Mosquito",462,0.78313266202285,2.53335327833074
"clade7","Mosquito",463,0.506289760630099,2.06205714900614
"clade7","Mosquito",464,0.369329481007327,1.73079961499132
"clade7","Mosquito",465,0.270231302078301,1.3036730793694
"clade7","Mosquito",466,0.308701760174344,1.58330076853684
"clade7","Mosquito",467,0.618133998058507,1.55852136243564
"clade7","Mosquito",468,0.922502652922855,1.74424810609621
"clade7","Mosquito",469,0.379955173939634,1.75814259422566
"clade7","Mosquito",47,0.563809077479473,1.64517831254795
"clade7","Mosquito",470,0.699380632080986,2.52793166061203
"clade7","Mosquito",471,0.383540157311535,1.7830445655287
"clade7","Mosquito",472,0.899333989293344,2.62205372390709
"clade7","Mosquito",473,0.235315680108551,1.28742514998921
"clade7","Mosquito",474,0.991838970209238,1.78224610070236
"clade7","Mosquito",475,0.384299892673022,1.76788209717522
"clade7","Mosquito",476,0.468755144075889,1.04148190833011
"clade7","Mosquito",477,0.376917233557625,1.63050565236861
"clade7","Mosquito",478,0.966532133351206,2.79272042665442
"clade7","Mosquito",479,1.31272915433174,2.94466856664651
"clade7","Mosquito",48,0.856403844961363,2.67036801032314
"clade7","Mosquito",480,1.05913322291331,2.872953385916
"clade7","Mosquito",481,0.643874820238547,2.20184516162552
"clade7","Mosquito",482,1.07543607599001,2.8624531593392
"clade7","Mosquito",483,0.932615549908161,1.5845375253421
"clade7","Mosquito",484,0.609407781472592,1.45380546665833
"clade7","Mosquito",485,0.388789220046296,1.64487605143037
"clade7","Mosquito",486,0.305811954634355,1.54901501900792
"clade7","Mosquito",487,0.565149660543674,1.7182761698472
"clade7","Mosquito",488,0.614476608564477,1.50436529497715
"clade7","Mosquito",489,0.207111994353973,1.15138284657308
"clade7","Mosquito",49,0.668191139060449,2.30072196754941
"clade7","Mosquito",490,0.302615906905611,1.52059212076588
"clade7","Mosquito",491,0.794072119441432,1.5578675672057
"clade7","Mosquito",492,0.776800613413789,1.53370024201844
"clade7","Mosquito",493,0.357605231399167,1.75624709831971
"clade7","Mosquito",494,1.21203942418999,2.76708414297246
"clade7","Mosquito",495,1.06874582281685,1.69071971418061
"clade7","Mosquito",496,0.84179328192875,2.87524141786718
"clade7","Mosquito",497,0.903612075418212,2.54895044361604
"clade7","Mosquito",498,1.04974616908573,2.88879652955825
"clade7","Mosquito",499,0.163270938809275,0.965726869435125
"clade7","Mosquito",5,1.42246427747357,3.05166415589267
"clade7","Mosquito",50,1.44040155896931,2.99264930288176
"clade7","Mosquito",500,1.66850453500591,3.02273407424529
"clade7","Mosquito",501,0.171836964955019,0.997982819600844
"clade7","Mosquito",51,0.839044403836019,2.43873849589992
"clade7","Mosquito",52,0.466697004883856,1.71529613102748
"clade7","Mosquito",53,1.0273176232095,2.08367896721963
"clade7","Mosquito",54,0.359992679252732,1.55218085080445
"clade7","Mosquito",55,0.943340979938843,1.649123588821
"clade7","Mosquito",56,0.917521193424097,2.69461783386672
"clade7","Mosquito",57,0.312318597391736,1.60176431503777
"clade7","Mosquito",58,0.915688044918137,2.67334693162061
"clade7","Mosquito",59,0.376623422481548,1.77282737903894
"clade7","Mosquito",6,0.949326933630503,2.74372242079517
"clade7","Mosquito",60,0.2717893559826,1.40459019648137
"clade7","Mosquito",61,0.975329596592951,2.67767447086863
"clade7","Mosquito",62,0.830811399842673,2.50338445537316
"clade7","Mosquito",63,0.336811179209715,1.51690261340305
"clade7","Mosquito",64,1.32587989803975,2.65577372046578
"clade7","Mosquito",65,0.953288276005563,1.82509843207873
"clade7","Mosquito",66,0.396592959877866,1.58045301591334
"clade7","Mosquito",67,0.228359825791102,1.16816423366355
"clade7","Mosquito",68,0.788749412588538,2.4138214098406
"clade7","Mosquito",69,1.60298049359368,2.90339503272762
"clade7","Mosquito",7,0.952902003441529,2.3854091823888
"clade7","Mosquito",70,0.787619911584813,2.53371790749749
"clade7","Mosquito",71,0.935180061391314,2.23937296635271
"clade7","Mosquito",72,0.400747568889962,1.84507564381313
"clade7","Mosquito",73,1.12179866726156,2.78356549960659
"clade7","Mosquito",74,0.309190497848124,1.53621141607566
"clade7","Mosquito",75,0.276144583929355,1.42873075557755
"clade7","Mosquito",76,0.374638307125382,1.74105361182758
"clade7","Mosquito",77,0.406321956691798,1.86508393322559
"clade7","Mosquito",78,0.261878269605355,1.3513492200486
"clade7","Mosquito",79,0.956987907597656,2.14215755342685
"clade7","Mosquito",8,0.524411228553266,2.13069444789577
"clade7","Mosquito",80,0.445747815900435,1.95048417103072
"clade7","Mosquito",81,0.87480411708844,2.00519168034617
"clade7","Mosquito",82,1.19139768109193,2.77365794188071
"clade7","Mosquito",83,0.497932107038365,1.57729360008562
"clade7","Mosquito",84,1.10635687869408,2.76056988553693
"clade7","Mosquito",85,1.01782709657156,2.69826109641136
"clade7","Mosquito",86,1.08894005112082,2.65624342391058
"clade7","Mosquito",87,1.04394934886128,2.71938780993566
"clade7","Mosquito",88,0.555890331043457,2.07245783653061
"clade7","Mosquito",89,0.951683695212625,2.56488537841269
"clade7","Mosquito",9,0.239426282558935,1.27910783407611
"clade7","Mosquito",90,1.40288428839174,2.43364527907018
"clade7","Mosquito",91,0.413202659981521,1.78109912006074
"clade7","Mosquito",92,0.325685161763608,1.59758513133358
"clade7","Mosquito",93,0.830899152682313,1.97216889469418
"clade7","Mosquito",94,0.92080276214345,2.70189316026563
"clade7","Mosquito",95,1.09631677710966,2.83521359079805
"clade7","Mosquito",96,1.15826321583439,2.78047206285567
"clade7","Mosquito",97,0.871497542406255,2.75218370516969
"clade7","Mosquito",98,0.301696964248431,1.52271397721669
"clade7","Mosquito",99,0.283982272489329,1.44117062482047
