"","id","sub","host","fitness","value"
"1","WKW94608.1","F435L","bird","mosFit",-0.745204336717537
"2","WKW94608.1","F435L","bird","humFit",-0.76928658568835
"3","WKW94608.1","F435L","bird","birFit",-0.981909038441853
"4","WKW94608.1","V159A","bird","mosFit",-0.770188640378523
"5","WKW94608.1","V159A","bird","humFit",-0.940724558026975
"6","WKW94608.1","V159A","bird","birFit",-1.20669307556647
"7","WKW94732.1","V159A","bird","mosFit",-0.770188640378523
"8","WKW94732.1","V159A","bird","humFit",-0.940724558026975
"9","WKW94732.1","V159A","bird","birFit",-1.20669307556647
"10","ANW69277.1","V159A","bird","mosFit",-0.770188640378523
"11","ANW69277.1","V159A","bird","humFit",-0.940724558026975
"12","ANW69277.1","V159A","bird","birFit",-1.20669307556647
"13","WKW94201.1","V159A","bird","mosFit",-0.770188640378523
"14","WKW94201.1","V159A","bird","humFit",-0.940724558026975
"15","WKW94201.1","V159A","bird","birFit",-1.20669307556647
"16","WKW94220.1","V159A","arth","mosFit",-0.770188640378523
"17","WKW94220.1","V159A","arth","humFit",-0.940724558026975
"18","WKW94220.1","V159A","arth","birFit",-1.20669307556647
"19","WKW94234.1","V159A","bird","mosFit",-0.770188640378523
"20","WKW94234.1","V159A","bird","humFit",-0.940724558026975
"21","WKW94234.1","V159A","bird","birFit",-1.20669307556647
"22","WKW94234.1","V431I","bird","mosFit",-1.5618331725051
"23","WKW94234.1","V431I","bird","humFit",-1.65018063952008
"24","WKW94234.1","V431I","bird","birFit",-1.4496843005941
"25","WKW94259.1","V159A","bird","mosFit",-0.770188640378523
"26","WKW94259.1","V159A","bird","humFit",-0.940724558026975
"27","WKW94259.1","V159A","bird","birFit",-1.20669307556647
"28","WKW94301.1","A51T","arth","mosFit",-1.05030646712279
"29","WKW94301.1","A51T","arth","humFit",-1.29546657960075
"30","WKW94301.1","A51T","arth","birFit",-1.72619783601487
"31","WKW94301.1","V159A","arth","mosFit",-0.770188640378523
"32","WKW94301.1","V159A","arth","humFit",-0.940724558026975
"33","WKW94301.1","V159A","arth","birFit",-1.20669307556647
"34","WKW94359.1","V159A","arth","mosFit",-0.770188640378523
"35","WKW94359.1","V159A","arth","humFit",-0.940724558026975
"36","WKW94359.1","V159A","arth","birFit",-1.20669307556647
"37","WKW94364.1","V159A","bird","mosFit",-0.770188640378523
"38","WKW94364.1","V159A","bird","humFit",-0.940724558026975
"39","WKW94364.1","V159A","bird","birFit",-1.20669307556647
"40","WKW94407.1","V159A","bird","mosFit",-0.770188640378523
"41","WKW94407.1","V159A","bird","humFit",-0.940724558026975
"42","WKW94407.1","V159A","bird","birFit",-1.20669307556647
"43","WKW94421.1","N277S","arth","mosFit",-0.501563595207437
"44","WKW94421.1","N277S","arth","humFit",-0.210142975797003
"45","WKW94421.1","N277S","arth","birFit",-0.989018619667967
"46","WKW94421.1","V159A","arth","mosFit",-0.770188640378523
"47","WKW94421.1","V159A","arth","humFit",-0.940724558026975
"48","WKW94421.1","V159A","arth","birFit",-1.20669307556647
"49","WKW94425.1","K337R","arth","mosFit",-0.381512553170506
"50","WKW94425.1","K337R","arth","humFit",-0.378230490621702
"51","WKW94425.1","K337R","arth","birFit",-0.706300634559519
"52","WKW94425.1","V159A","arth","mosFit",-0.770188640378523
"53","WKW94425.1","V159A","arth","humFit",-0.940724558026975
"54","WKW94425.1","V159A","arth","birFit",-1.20669307556647
"55","WKW94484.1","V159A","arth","mosFit",-0.770188640378523
"56","WKW94484.1","V159A","arth","humFit",-0.940724558026975
"57","WKW94484.1","V159A","arth","birFit",-1.20669307556647
"58","WKW94526.1","V159A","arth","mosFit",-0.770188640378523
"59","WKW94526.1","V159A","arth","humFit",-0.940724558026975
"60","WKW94526.1","V159A","arth","birFit",-1.20669307556647
"61","WKW94592.1","V159A","bird","mosFit",-0.770188640378523
"62","WKW94592.1","V159A","bird","humFit",-0.940724558026975
"63","WKW94592.1","V159A","bird","birFit",-1.20669307556647
"64","WKW94622.1","V159A","bird","mosFit",-0.770188640378523
"65","WKW94622.1","V159A","bird","humFit",-0.940724558026975
"66","WKW94622.1","V159A","bird","birFit",-1.20669307556647
"67","WKW94622.1","V431I","bird","mosFit",-1.5618331725051
"68","WKW94622.1","V431I","bird","humFit",-1.65018063952008
"69","WKW94622.1","V431I","bird","birFit",-1.4496843005941
"70","WKW94688.1","V159A","bird","mosFit",-0.770188640378523
"71","WKW94688.1","V159A","bird","humFit",-0.940724558026975
"72","WKW94688.1","V159A","bird","birFit",-1.20669307556647
"73","WKW94694.1","V159A","arth","mosFit",-0.770188640378523
"74","WKW94694.1","V159A","arth","humFit",-0.940724558026975
"75","WKW94694.1","V159A","arth","birFit",-1.20669307556647
"76","WKW94815.1","V159A","arth","mosFit",-0.770188640378523
"77","WKW94815.1","V159A","arth","humFit",-0.940724558026975
"78","WKW94815.1","V159A","arth","birFit",-1.20669307556647
"79","WKW94837.1","V159A","arth","mosFit",-0.770188640378523
"80","WKW94837.1","V159A","arth","humFit",-0.940724558026975
"81","WKW94837.1","V159A","arth","birFit",-1.20669307556647
"82","WKW94857.1","V159A","bird","mosFit",-0.770188640378523
"83","WKW94857.1","V159A","bird","humFit",-0.940724558026975
"84","WKW94857.1","V159A","bird","birFit",-1.20669307556647
"85","AAD31720.1","I126T","arth","mosFit",-0.832702958949661
"86","AAD31720.1","I126T","arth","humFit",-0.584793993478891
"87","AAD31720.1","I126T","arth","birFit",-0.806393726680972
"88","AAD31720.1","V159I","arth","mosFit",-0.558714890171021
"89","AAD31720.1","V159I","arth","humFit",-0.558139699453942
"90","AAD31720.1","V159I","arth","birFit",-2.32415508195564
"91","AAG02040.1","I126T","arth","mosFit",-0.832702958949661
"92","AAG02040.1","I126T","arth","humFit",-0.584793993478891
"93","AAG02040.1","I126T","arth","birFit",-0.806393726680972
"94","AAG02040.1","V159I","arth","mosFit",-0.558714890171021
"95","AAG02040.1","V159I","arth","humFit",-0.558139699453942
"96","AAG02040.1","V159I","arth","birFit",-2.32415508195564
"97","AAM81749.1","Y176H","bird","mosFit",-0.384822626975956
"98","AAM81749.1","Y176H","bird","humFit",-0.593918837077759
"99","AAM81749.1","Y176H","bird","birFit",-0.89306289148201
"100","AAM81752.1","S452L","bird","mosFit",-1.52629066145673
"101","AAM81752.1","S452L","bird","humFit",-1.52493013336219
"102","AAM81752.1","S452L","bird","birFit",-0.544394005362858
"103","AAM81753.1","I126T","mam","mosFit",-0.832702958949661
"104","AAM81753.1","I126T","mam","humFit",-0.584793993478891
"105","AAM81753.1","I126T","mam","birFit",-0.806393726680972
"106","AAM81753.1","V159I","mam","mosFit",-0.558714890171021
"107","AAM81753.1","V159I","mam","humFit",-0.558139699453942
"108","AAM81753.1","V159I","mam","birFit",-2.32415508195564
"109","AAP20887.1","I126T","arth","mosFit",-0.832702958949661
"110","AAP20887.1","I126T","arth","humFit",-0.584793993478891
"111","AAP20887.1","I126T","arth","birFit",-0.806393726680972
"112","AAP20887.1","V159I","arth","mosFit",-0.558714890171021
"113","AAP20887.1","V159I","arth","humFit",-0.558139699453942
"114","AAP20887.1","V159I","arth","birFit",-2.32415508195564
"115","AAR17544.1","S341L","bird","mosFit",-0.702050530337808
"116","AAR17544.1","S341L","bird","humFit",-0.558139906294258
"117","AAR17544.1","S341L","bird","birFit",-0.735851451556584
"118","AAR17549.1","L178Q","bird","mosFit",-1.19865401619306
"119","AAR17549.1","L178Q","bird","humFit",-1.08906226042071
"120","AAR17549.1","L178Q","bird","birFit",-1.0526624488974
"121","AAR17551.1","T70I","arth","mosFit",-1.18363600198524
"122","AAR17551.1","T70I","arth","humFit",-1.50112586397425
"123","AAR17551.1","T70I","arth","birFit",-1.940421326102
"124","AAR17555.1","V159A","bird","mosFit",-0.770188640378523
"125","AAR17555.1","V159A","bird","humFit",-0.940724558026975
"126","AAR17555.1","V159A","bird","birFit",-1.20669307556647
"127","AAR17556.1","V159A","arth","mosFit",-0.770188640378523
"128","AAR17556.1","V159A","arth","humFit",-0.940724558026975
"129","AAR17556.1","V159A","arth","birFit",-1.20669307556647
"130","AAR17564.1","L178Q","bird","mosFit",-1.19865401619306
"131","AAR17564.1","L178Q","bird","humFit",-1.08906226042071
"132","AAR17564.1","L178Q","bird","birFit",-1.0526624488974
"133","AAR17564.1","M34I","bird","mosFit",-1.1706220736279
"134","AAR17564.1","M34I","bird","humFit",-1.01811259707687
"135","AAR17564.1","M34I","bird","birFit",-1.66095009309799
"136","AAR17568.1","Y176H","bird","mosFit",-0.384822626975956
"137","AAR17568.1","Y176H","bird","humFit",-0.593918837077759
"138","AAR17568.1","Y176H","bird","birFit",-0.89306289148201
"139","AAT11534.1","H263Q","bird","mosFit",-0.619818570108857
"140","AAT11534.1","H263Q","bird","humFit",-0.752537764017424
"141","AAT11534.1","H263Q","bird","birFit",-0.789987986828926
"142","AAT11534.1","Y176H","bird","mosFit",-0.384822626975956
"143","AAT11534.1","Y176H","bird","humFit",-0.593918837077759
"144","AAT11534.1","Y176H","bird","birFit",-0.89306289148201
"145","AAT11536.1","G181E","bird","mosFit",-1.18463397829691
"146","AAT11536.1","G181E","bird","humFit",-1.40277139122716
"147","AAT11536.1","G181E","bird","birFit",-1.74469234150457
"148","AAT11536.1","V159A","bird","mosFit",-0.770188640378523
"149","AAT11536.1","V159A","bird","humFit",-0.940724558026975
"150","AAT11536.1","V159A","bird","birFit",-1.20669307556647
"151","AAT92098.1","I126T","mam","mosFit",-0.832702958949661
"152","AAT92098.1","I126T","mam","humFit",-0.584793993478891
"153","AAT92098.1","I126T","mam","birFit",-0.806393726680972
"154","AAT92098.1","V159I","mam","mosFit",-0.558714890171021
"155","AAT92098.1","V159I","mam","humFit",-0.558139699453942
"156","AAT92098.1","V159I","mam","birFit",-2.32415508195564
"157","AAT92098.1","V442I","mam","mosFit",-0.937211495918475
"158","AAT92098.1","V442I","mam","humFit",-1.34236389037224
"159","AAT92098.1","V442I","mam","birFit",-1.02314618212327
"160","AAT92099.1","I126T","mam","mosFit",-0.832702958949661
"161","AAT92099.1","I126T","mam","humFit",-0.584793993478891
"162","AAT92099.1","I126T","mam","birFit",-0.806393726680972
"163","AAT92099.1","V159I","mam","mosFit",-0.558714890171021
"164","AAT92099.1","V159I","mam","humFit",-0.558139699453942
"165","AAT92099.1","V159I","mam","birFit",-2.32415508195564
"166","AAV52687.1","V159A","bird","mosFit",-0.770188640378523
"167","AAV52687.1","V159A","bird","humFit",-0.940724558026975
"168","AAV52687.1","V159A","bird","birFit",-1.20669307556647
"169","AAV52690.1","V159A","arth","mosFit",-0.770188640378523
"170","AAV52690.1","V159A","arth","humFit",-0.940724558026975
"171","AAV52690.1","V159A","arth","birFit",-1.20669307556647
"172","AAZ32729.1","V159A","arth","mosFit",-0.770188640378523
"173","AAZ32729.1","V159A","arth","humFit",-0.940724558026975
"174","AAZ32729.1","V159A","arth","birFit",-1.20669307556647
"175","AAZ32730.1","V159A","arth","mosFit",-0.770188640378523
"176","AAZ32730.1","V159A","arth","humFit",-0.940724558026975
"177","AAZ32730.1","V159A","arth","birFit",-1.20669307556647
"178","AAZ32731.1","V159A","arth","mosFit",-0.770188640378523
"179","AAZ32731.1","V159A","arth","humFit",-0.940724558026975
"180","AAZ32731.1","V159A","arth","birFit",-1.20669307556647
"181","AAZ32733.1","V159A","arth","mosFit",-0.770188640378523
"182","AAZ32733.1","V159A","arth","humFit",-0.940724558026975
"183","AAZ32733.1","V159A","arth","birFit",-1.20669307556647
"184","AAZ32734.1","V159A","arth","mosFit",-0.770188640378523
"185","AAZ32734.1","V159A","arth","humFit",-0.940724558026975
"186","AAZ32734.1","V159A","arth","birFit",-1.20669307556647
"187","AAZ32735.1","V159A","bird","mosFit",-0.770188640378523
"188","AAZ32735.1","V159A","bird","humFit",-0.940724558026975
"189","AAZ32735.1","V159A","bird","birFit",-1.20669307556647
"190","AAZ32736.1","V159A","bird","mosFit",-0.770188640378523
"191","AAZ32736.1","V159A","bird","humFit",-0.940724558026975
"192","AAZ32736.1","V159A","bird","birFit",-1.20669307556647
"193","AAZ32742.1","K291R","bird","mosFit",-0.496647807363062
"194","AAZ32742.1","K291R","bird","humFit",-0.616029436357184
"195","AAZ32742.1","K291R","bird","birFit",-0.558852876461663
"196","AAZ32742.1","V159A","bird","mosFit",-0.770188640378523
"197","AAZ32742.1","V159A","bird","humFit",-0.940724558026975
"198","AAZ32742.1","V159A","bird","birFit",-1.20669307556647
"199","AAZ32743.1","K291R","bird","mosFit",-0.496647807363062
"200","AAZ32743.1","K291R","bird","humFit",-0.616029436357184
"201","AAZ32743.1","K291R","bird","birFit",-0.558852876461663
"202","AAZ32743.1","V159A","bird","mosFit",-0.770188640378523
"203","AAZ32743.1","V159A","bird","humFit",-0.940724558026975
"204","AAZ32743.1","V159A","bird","birFit",-1.20669307556647
"205","AAZ32744.1","K291R","bird","mosFit",-0.496647807363062
"206","AAZ32744.1","K291R","bird","humFit",-0.616029436357184
"207","AAZ32744.1","K291R","bird","birFit",-0.558852876461663
"208","AAZ32744.1","V159A","bird","mosFit",-0.770188640378523
"209","AAZ32744.1","V159A","bird","humFit",-0.940724558026975
"210","AAZ32744.1","V159A","bird","birFit",-1.20669307556647
"211","AAZ32748.1","K291R","bird","mosFit",-0.496647807363062
"212","AAZ32748.1","K291R","bird","humFit",-0.616029436357184
"213","AAZ32748.1","K291R","bird","birFit",-0.558852876461663
"214","AAZ32748.1","V159A","bird","mosFit",-0.770188640378523
"215","AAZ32748.1","V159A","bird","humFit",-0.940724558026975
"216","AAZ32748.1","V159A","bird","birFit",-1.20669307556647
"217","AAZ32750.1","S402I","bird","mosFit",-2.31058229813294
"218","AAZ32750.1","S402I","bird","humFit",-2.5689934602446
"219","AAZ32750.1","S402I","bird","birFit",-2.22955762386359
"220","ABA54575.1","V159A","bird","mosFit",-0.770188640378523
"221","ABA54575.1","V159A","bird","humFit",-0.940724558026975
"222","ABA54575.1","V159A","bird","birFit",-1.20669307556647
"223","ABA54577.1","L178Q","bird","mosFit",-1.19865401619306
"224","ABA54577.1","L178Q","bird","humFit",-1.08906226042071
"225","ABA54577.1","L178Q","bird","birFit",-1.0526624488974
"226","ABA54578.1","V159A","bird","mosFit",-0.770188640378523
"227","ABA54578.1","V159A","bird","humFit",-0.940724558026975
"228","ABA54578.1","V159A","bird","birFit",-1.20669307556647
"229","ABA54579.1","V159A","bird","mosFit",-0.770188640378523
"230","ABA54579.1","V159A","bird","humFit",-0.940724558026975
"231","ABA54579.1","V159A","bird","birFit",-1.20669307556647
"232","ABA54580.1","V159A","bird","mosFit",-0.770188640378523
"233","ABA54580.1","V159A","bird","humFit",-0.940724558026975
"234","ABA54580.1","V159A","bird","birFit",-1.20669307556647
"235","ABA54581.1","H263Q","bird","mosFit",-0.619818570108857
"236","ABA54581.1","H263Q","bird","humFit",-0.752537764017424
"237","ABA54581.1","H263Q","bird","birFit",-0.789987986828926
"238","ABA54581.1","Y176H","bird","mosFit",-0.384822626975956
"239","ABA54581.1","Y176H","bird","humFit",-0.593918837077759
"240","ABA54581.1","Y176H","bird","birFit",-0.89306289148201
"241","ABA54582.1","V159A","bird","mosFit",-0.770188640378523
"242","ABA54582.1","V159A","bird","humFit",-0.940724558026975
"243","ABA54582.1","V159A","bird","birFit",-1.20669307556647
"244","ABA54584.1","V159A","arth","mosFit",-0.770188640378523
"245","ABA54584.1","V159A","arth","humFit",-0.940724558026975
"246","ABA54584.1","V159A","arth","birFit",-1.20669307556647
"247","ABA54585.1","V159A","mam","mosFit",-0.770188640378523
"248","ABA54585.1","V159A","mam","humFit",-0.940724558026975
"249","ABA54585.1","V159A","mam","birFit",-1.20669307556647
"250","ABA54587.1","V159A","mam","mosFit",-0.770188640378523
"251","ABA54587.1","V159A","mam","humFit",-0.940724558026975
"252","ABA54587.1","V159A","mam","birFit",-1.20669307556647
"253","ABA54588.1","V159A","mam","mosFit",-0.770188640378523
"254","ABA54588.1","V159A","mam","humFit",-0.940724558026975
"255","ABA54588.1","V159A","mam","birFit",-1.20669307556647
"256","ABA54589.1","V159A","mam","mosFit",-0.770188640378523
"257","ABA54589.1","V159A","mam","humFit",-0.940724558026975
"258","ABA54589.1","V159A","mam","birFit",-1.20669307556647
"259","ABA54590.1","I169V","mam","mosFit",-0.080452832510314
"260","ABA54590.1","I169V","mam","humFit",0.638810513030025
"261","ABA54590.1","I169V","mam","birFit",-0.34444187916508
"262","ABA54590.1","V159A","mam","mosFit",-0.770188640378523
"263","ABA54590.1","V159A","mam","humFit",-0.940724558026975
"264","ABA54590.1","V159A","mam","birFit",-1.20669307556647
"265","ABA54594.1","E79D","mam","mosFit",-1.22420453084366
"266","ABA54594.1","E79D","mam","humFit",-1.63295015726292
"267","ABA54594.1","E79D","mam","birFit",-1.18908086191388
"268","ABA54594.1","V159A","mam","mosFit",-0.770188640378523
"269","ABA54594.1","V159A","mam","humFit",-0.940724558026975
"270","ABA54594.1","V159A","mam","birFit",-1.20669307556647
"271","ABD85069.1","V159A","mam","mosFit",-0.770188640378523
"272","ABD85069.1","V159A","mam","humFit",-0.940724558026975
"273","ABD85069.1","V159A","mam","birFit",-1.20669307556647
"274","ABD85071.1","V159A","mam","mosFit",-0.770188640378523
"275","ABD85071.1","V159A","mam","humFit",-0.940724558026975
"276","ABD85071.1","V159A","mam","birFit",-1.20669307556647
"277","ABD85072.1","V159A","mam","mosFit",-0.770188640378523
"278","ABD85072.1","V159A","mam","humFit",-0.940724558026975
"279","ABD85072.1","V159A","mam","birFit",-1.20669307556647
"280","ABD85075.1","V159A","mam","mosFit",-0.770188640378523
"281","ABD85075.1","V159A","mam","humFit",-0.940724558026975
"282","ABD85075.1","V159A","mam","birFit",-1.20669307556647
"283","ABD85076.1","V159A","mam","mosFit",-0.770188640378523
"284","ABD85076.1","V159A","mam","humFit",-0.940724558026975
"285","ABD85076.1","V159A","mam","birFit",-1.20669307556647
"286","ABD85076.1","V188M","mam","mosFit",-1.03158322918261
"287","ABD85076.1","V188M","mam","humFit",-0.774812134304375
"288","ABD85076.1","V188M","mam","birFit",-1.22185690465314
"289","ABD85077.1","V159A","mam","mosFit",-0.770188640378523
"290","ABD85077.1","V159A","mam","humFit",-0.940724558026975
"291","ABD85077.1","V159A","mam","birFit",-1.20669307556647
"292","ABD85078.1","V159A","mam","mosFit",-0.770188640378523
"293","ABD85078.1","V159A","mam","humFit",-0.940724558026975
"294","ABD85078.1","V159A","mam","birFit",-1.20669307556647
"295","ABD85079.1","V159A","mam","mosFit",-0.770188640378523
"296","ABD85079.1","V159A","mam","humFit",-0.940724558026975
"297","ABD85079.1","V159A","mam","birFit",-1.20669307556647
"298","ABD85081.1","V159A","mam","mosFit",-0.770188640378523
"299","ABD85081.1","V159A","mam","humFit",-0.940724558026975
"300","ABD85081.1","V159A","mam","birFit",-1.20669307556647
"301","ABD85081.1","V431I","mam","mosFit",-1.5618331725051
"302","ABD85081.1","V431I","mam","humFit",-1.65018063952008
"303","ABD85081.1","V431I","mam","birFit",-1.4496843005941
"304","ABD85082.1","V159A","mam","mosFit",-0.770188640378523
"305","ABD85082.1","V159A","mam","humFit",-0.940724558026975
"306","ABD85082.1","V159A","mam","birFit",-1.20669307556647
"307","ABD85083.1","V159A","mam","mosFit",-0.770188640378523
"308","ABD85083.1","V159A","mam","humFit",-0.940724558026975
"309","ABD85083.1","V159A","mam","birFit",-1.20669307556647
"310","ABH06919.1","M46V","bird","mosFit",-1.00943575214848
"311","ABH06919.1","M46V","bird","humFit",-1.50794548780793
"312","ABH06919.1","M46V","bird","birFit",-1.25836013036508
"313","ABH06919.1","V159A","bird","mosFit",-0.770188640378523
"314","ABH06919.1","V159A","bird","humFit",-0.940724558026975
"315","ABH06919.1","V159A","bird","birFit",-1.20669307556647
"316","ABH06921.1","H500Y","bird","mosFit",-1.47374258772705
"317","ABH06921.1","H500Y","bird","humFit",-1.67963980096095
"318","ABH06921.1","H500Y","bird","birFit",-1.39549264557976
"319","ABH06921.1","V159A","bird","mosFit",-0.770188640378523
"320","ABH06921.1","V159A","bird","humFit",-0.940724558026975
"321","ABH06921.1","V159A","bird","birFit",-1.20669307556647
"322","ABH06922.1","Q296R","bird","mosFit",1.02105617017203
"323","ABH06922.1","Q296R","bird","humFit",0.907624560969056
"324","ABH06922.1","Q296R","bird","birFit",0.837946597397293
"325","ABH06922.1","V159A","bird","mosFit",-0.770188640378523
"326","ABH06922.1","V159A","bird","humFit",-0.940724558026975
"327","ABH06922.1","V159A","bird","birFit",-1.20669307556647
"328","ABH06928.1","T64I","bird","mosFit",-1.03162748533348
"329","ABH06928.1","T64I","bird","humFit",-1.04784620786127
"330","ABH06928.1","T64I","bird","birFit",-1.1354738695214
"331","ABH06928.1","V159A","bird","mosFit",-0.770188640378523
"332","ABH06928.1","V159A","bird","humFit",-0.940724558026975
"333","ABH06928.1","V159A","bird","birFit",-1.20669307556647
"334","ABH06929.1","V159A","bird","mosFit",-0.770188640378523
"335","ABH06929.1","V159A","bird","humFit",-0.940724558026975
"336","ABH06929.1","V159A","bird","birFit",-1.20669307556647
"337","ABH06929.1","V364A","bird","mosFit",-0.551365245776147
"338","ABH06929.1","V364A","bird","humFit",-0.78389079627748
"339","ABH06929.1","V364A","bird","birFit",-0.964953388702924
"340","ABI97486.1","E237G","arth","mosFit",-0.829042916697193
"341","ABI97486.1","E237G","arth","humFit",-0.908543021124527
"342","ABI97486.1","E237G","arth","birFit",-0.349337608235013
"343","ABI97486.1","Y61H","arth","mosFit",-1.21677349772527
"344","ABI97486.1","Y61H","arth","humFit",-1.33447444500279
"345","ABI97486.1","Y61H","arth","birFit",-1.73000945431736
"346","ABJ90072.1","L212F","bird","mosFit",-0.967877519372047
"347","ABJ90072.1","L212F","bird","humFit",-0.0214813771641955
"348","ABJ90072.1","L212F","bird","birFit",-0.951116693297319
"349","ABJ90072.1","V159A","bird","mosFit",-0.770188640378523
"350","ABJ90072.1","V159A","bird","humFit",-0.940724558026975
"351","ABJ90072.1","V159A","bird","birFit",-1.20669307556647
"352","ABJ90073.1","L312I","bird","mosFit",-1.58644000200588
"353","ABJ90073.1","L312I","bird","humFit",-2.03811578012771
"354","ABJ90073.1","L312I","bird","birFit",-1.53399061283722
"355","ABJ90073.1","V159A","bird","mosFit",-0.770188640378523
"356","ABJ90073.1","V159A","bird","humFit",-0.940724558026975
"357","ABJ90073.1","V159A","bird","birFit",-1.20669307556647
"358","ABJ90074.1","V159A","bird","mosFit",-0.770188640378523
"359","ABJ90074.1","V159A","bird","humFit",-0.940724558026975
"360","ABJ90074.1","V159A","bird","birFit",-1.20669307556647
"361","ABJ90074.1","V364A","bird","mosFit",-0.551365245776147
"362","ABJ90074.1","V364A","bird","humFit",-0.78389079627748
"363","ABJ90074.1","V364A","bird","birFit",-0.964953388702924
"364","ABJ90076.1","S227R","bird","mosFit",-1.09656286488462
"365","ABJ90076.1","S227R","bird","humFit",-1.0737321898901
"366","ABJ90076.1","S227R","bird","birFit",-0.84192589791392
"367","ABJ90076.1","V159A","bird","mosFit",-0.770188640378523
"368","ABJ90076.1","V159A","bird","humFit",-0.940724558026975
"369","ABJ90076.1","V159A","bird","birFit",-1.20669307556647
"370","ABJ90078.1","A467V","bird","mosFit",-0.942825250208235
"371","ABJ90078.1","A467V","bird","humFit",-1.20767444473383
"372","ABJ90078.1","A467V","bird","birFit",-1.78471675172397
"373","ABJ90078.1","V159A","bird","mosFit",-0.770188640378523
"374","ABJ90078.1","V159A","bird","humFit",-0.940724558026975
"375","ABJ90078.1","V159A","bird","birFit",-1.20669307556647
"376","ABJ90083.1","V159A","bird","mosFit",-0.770188640378523
"377","ABJ90083.1","V159A","bird","humFit",-0.940724558026975
"378","ABJ90083.1","V159A","bird","birFit",-1.20669307556647
"379","ABJ90083.1","V491I","bird","mosFit",-0.814756482670367
"380","ABJ90083.1","V491I","bird","humFit",-0.714914308092557
"381","ABJ90083.1","V491I","bird","birFit",-0.801895953896601
"382","ABJ90094.1","A51T","bird","mosFit",-1.05030646712279
"383","ABJ90094.1","A51T","bird","humFit",-1.29546657960075
"384","ABJ90094.1","A51T","bird","birFit",-1.72619783601487
"385","ABJ90094.1","V159A","bird","mosFit",-0.770188640378523
"386","ABJ90094.1","V159A","bird","humFit",-0.940724558026975
"387","ABJ90094.1","V159A","bird","birFit",-1.20669307556647
"388","ABJ90114.1","P88S","mam","mosFit",-1.27462641388404
"389","ABJ90114.1","P88S","mam","humFit",-1.89267703063558
"390","ABJ90114.1","P88S","mam","birFit",-2.02412027375089
"391","ABJ90114.1","V159A","mam","mosFit",-0.770188640378523
"392","ABJ90114.1","V159A","mam","humFit",-0.940724558026975
"393","ABJ90114.1","V159A","mam","birFit",-1.20669307556647
"394","ABJ90115.1","V159A","bird","mosFit",-0.770188640378523
"395","ABJ90115.1","V159A","bird","humFit",-0.940724558026975
"396","ABJ90115.1","V159A","bird","birFit",-1.20669307556647
"397","ABJ90115.1","V488I","bird","mosFit",-1.31964273869515
"398","ABJ90115.1","V488I","bird","humFit",-0.8797962367099
"399","ABJ90115.1","V488I","bird","birFit",-1.01403221118434
"400","ABJ90124.1","S151A","bird","mosFit",-0.735152098443244
"401","ABJ90124.1","S151A","bird","humFit",-1.2915896761456
"402","ABJ90124.1","S151A","bird","birFit",-1.35423096080441
"403","ABJ90124.1","V159A","bird","mosFit",-0.770188640378523
"404","ABJ90124.1","V159A","bird","humFit",-0.940724558026975
"405","ABJ90124.1","V159A","bird","birFit",-1.20669307556647
"406","ABU54838.1","S452L","bird","mosFit",-1.52629066145673
"407","ABU54838.1","S452L","bird","humFit",-1.52493013336219
"408","ABU54838.1","S452L","bird","birFit",-0.544394005362858
"409","ABV01378.1","E293G","arth","mosFit",-0.416794598704496
"410","ABV01378.1","E293G","arth","humFit",-0.201067412937516
"411","ABV01378.1","E293G","arth","birFit",-0.27038668011542
"412","ABV01378.1","V159A","arth","mosFit",-0.770188640378523
"413","ABV01378.1","V159A","arth","humFit",-0.940724558026975
"414","ABV01378.1","V159A","arth","birFit",-1.20669307556647
"415","ABV01379.1","A73V","arth","mosFit",-1.2219240034311
"416","ABV01379.1","A73V","arth","humFit",-1.35489575763698
"417","ABV01379.1","A73V","arth","birFit",-1.11463605816321
"418","ABV01379.1","V159A","arth","mosFit",-0.770188640378523
"419","ABV01379.1","V159A","arth","humFit",-0.940724558026975
"420","ABV01379.1","V159A","arth","birFit",-1.20669307556647
"421","ABV01381.1","L312F","arth","mosFit",-0.49588534589211
"422","ABV01381.1","L312F","arth","humFit",-0.653681829821839
"423","ABV01381.1","L312F","arth","birFit",-0.691281508845258
"424","ABV01381.1","V159A","arth","mosFit",-0.770188640378523
"425","ABV01381.1","V159A","arth","humFit",-0.940724558026975
"426","ABV01381.1","V159A","arth","birFit",-1.20669307556647
"427","ABV01390.1","L62S","arth","mosFit",-0.72405660899366
"428","ABV01390.1","L62S","arth","humFit",-1.20115754291968
"429","ABV01390.1","L62S","arth","birFit",-1.10922292998096
"430","ABV01390.1","V159A","arth","mosFit",-0.770188640378523
"431","ABV01390.1","V159A","arth","humFit",-0.940724558026975
"432","ABV01390.1","V159A","arth","birFit",-1.20669307556647
"433","ABV01404.1","V139M","arth","mosFit",-1.22808148674799
"434","ABV01404.1","V139M","arth","humFit",-1.77534852082449
"435","ABV01404.1","V139M","arth","birFit",-2.29243647207402
"436","ABV01404.1","V159A","arth","mosFit",-0.770188640378523
"437","ABV01404.1","V159A","arth","humFit",-0.940724558026975
"438","ABV01404.1","V159A","arth","birFit",-1.20669307556647
"439","ABV01414.1","G153R","arth","mosFit",-1.01981032919388
"440","ABV01414.1","G153R","arth","humFit",-1.19732081177599
"441","ABV01414.1","G153R","arth","birFit",-0.971030443934986
"442","ABV01414.1","V159A","arth","mosFit",-0.770188640378523
"443","ABV01414.1","V159A","arth","humFit",-0.940724558026975
"444","ABV01414.1","V159A","arth","birFit",-1.20669307556647
"445","ABV01415.1","F274L","arth","mosFit",-0.940232053419907
"446","ABV01415.1","F274L","arth","humFit",-1.33949887288833
"447","ABV01415.1","F274L","arth","birFit",-1.49666358799873
"448","ABV01415.1","V159A","arth","mosFit",-0.770188640378523
"449","ABV01415.1","V159A","arth","humFit",-0.940724558026975
"450","ABV01415.1","V159A","arth","birFit",-1.20669307556647
"451","ABV01418.1","S400A","arth","mosFit",-1.36291166688309
"452","ABV01418.1","S400A","arth","humFit",-2.2348055959089
"453","ABV01418.1","S400A","arth","birFit",-2.60650118650529
"454","ABV01418.1","V159A","arth","mosFit",-0.770188640378523
"455","ABV01418.1","V159A","arth","humFit",-0.940724558026975
"456","ABV01418.1","V159A","arth","birFit",-1.20669307556647
"457","ABV01423.1","V159A","arth","mosFit",-0.770188640378523
"458","ABV01423.1","V159A","arth","humFit",-0.940724558026975
"459","ABV01423.1","V159A","arth","birFit",-1.20669307556647
"460","ABV01423.1","V188M","arth","mosFit",-1.03158322918261
"461","ABV01423.1","V188M","arth","humFit",-0.774812134304375
"462","ABV01423.1","V188M","arth","birFit",-1.22185690465314
"463","ABV01442.1","V159A","arth","mosFit",-0.770188640378523
"464","ABV01442.1","V159A","arth","humFit",-0.940724558026975
"465","ABV01442.1","V159A","arth","birFit",-1.20669307556647
"466","ABV01442.1","W225G","arth","mosFit",-2.15856253046173
"467","ABV01442.1","W225G","arth","humFit",-2.48327377690932
"468","ABV01442.1","W225G","arth","birFit",-2.2948027154527
"469","ABV01443.1","S226T","arth","mosFit",-0.681762459396724
"470","ABV01443.1","S226T","arth","humFit",-0.727871893615083
"471","ABV01443.1","S226T","arth","birFit",-1.75954020885974
"472","ABV01443.1","V159A","arth","mosFit",-0.770188640378523
"473","ABV01443.1","V159A","arth","humFit",-0.940724558026975
"474","ABV01443.1","V159A","arth","birFit",-1.20669307556647
"475","ABV01446.1","A172V","arth","mosFit",-1.04208376509827
"476","ABV01446.1","A172V","arth","humFit",-0.486369165207567
"477","ABV01446.1","A172V","arth","birFit",-1.42174258236153
"478","ABV01446.1","V159A","arth","mosFit",-0.770188640378523
"479","ABV01446.1","V159A","arth","humFit",-0.940724558026975
"480","ABV01446.1","V159A","arth","birFit",-1.20669307556647
"481","ABV01452.1","T409A","arth","mosFit",-1.02910327109029
"482","ABV01452.1","T409A","arth","humFit",-1.30042702638517
"483","ABV01452.1","T409A","arth","birFit",-1.37092450032997
"484","ABV01452.1","V159A","arth","mosFit",-0.770188640378523
"485","ABV01452.1","V159A","arth","humFit",-0.940724558026975
"486","ABV01452.1","V159A","arth","birFit",-1.20669307556647
"487","ABV01459.1","A228S","arth","mosFit",-0.21542738176949
"488","ABV01459.1","A228S","arth","humFit",-0.0593107353047801
"489","ABV01459.1","A228S","arth","birFit",-0.67656954633226
"490","ABV01459.1","V159A","arth","mosFit",-0.770188640378523
"491","ABV01459.1","V159A","arth","humFit",-0.940724558026975
"492","ABV01459.1","V159A","arth","birFit",-1.20669307556647
"493","ABV01482.1","A487V","arth","mosFit",-1.22102251125428
"494","ABV01482.1","A487V","arth","humFit",-0.859299361120823
"495","ABV01482.1","A487V","arth","birFit",-1.29030674987266
"496","ABV01482.1","V159A","arth","mosFit",-0.770188640378523
"497","ABV01482.1","V159A","arth","humFit",-0.940724558026975
"498","ABV01482.1","V159A","arth","birFit",-1.20669307556647
"499","ABV01510.1","V159A","bird","mosFit",-0.770188640378523
"500","ABV01510.1","V159A","bird","humFit",-0.940724558026975
"501","ABV01510.1","V159A","bird","birFit",-1.20669307556647
"502","ABV01510.1","Y137C","bird","mosFit",-1.98639410528537
"503","ABV01510.1","Y137C","bird","humFit",-2.41993495375529
"504","ABV01510.1","Y137C","bird","birFit",-2.81771550898146
"505","ACI28533.1","A51V","bird","mosFit",-0.902067644511989
"506","ACI28533.1","A51V","bird","humFit",-1.00081786543754
"507","ACI28533.1","A51V","bird","birFit",-1.36242609486587
"508","ACV90471.1","V159A","mam","mosFit",-0.770188640378523
"509","ACV90471.1","V159A","mam","humFit",-0.940724558026975
"510","ACV90471.1","V159A","mam","birFit",-1.20669307556647
"511","ACV90472.1","V159A","mam","mosFit",-0.770188640378523
"512","ACV90472.1","V159A","mam","humFit",-0.940724558026975
"513","ACV90472.1","V159A","mam","birFit",-1.20669307556647
"514","ACV90473.1","V159A","mam","mosFit",-0.770188640378523
"515","ACV90473.1","V159A","mam","humFit",-0.940724558026975
"516","ACV90473.1","V159A","mam","birFit",-1.20669307556647
"517","ACV90474.1","V159A","mam","mosFit",-0.770188640378523
"518","ACV90474.1","V159A","mam","humFit",-0.940724558026975
"519","ACV90474.1","V159A","mam","birFit",-1.20669307556647
"520","ACV90475.1","V159A","mam","mosFit",-0.770188640378523
"521","ACV90475.1","V159A","mam","humFit",-0.940724558026975
"522","ACV90475.1","V159A","mam","birFit",-1.20669307556647
"523","ACV90476.1","V159A","mam","mosFit",-0.770188640378523
"524","ACV90476.1","V159A","mam","humFit",-0.940724558026975
"525","ACV90476.1","V159A","mam","birFit",-1.20669307556647
"526","ACV90476.1","V431I","mam","mosFit",-1.5618331725051
"527","ACV90476.1","V431I","mam","humFit",-1.65018063952008
"528","ACV90476.1","V431I","mam","birFit",-1.4496843005941
"529","ACV90482.1","V159A","mam","mosFit",-0.770188640378523
"530","ACV90482.1","V159A","mam","humFit",-0.940724558026975
"531","ACV90482.1","V159A","mam","birFit",-1.20669307556647
"532","ACV90483.1","T332S","mam","mosFit",-0.600654610407903
"533","ACV90483.1","T332S","mam","humFit",-0.685121866455495
"534","ACV90483.1","T332S","mam","birFit",-1.93929130165418
"535","ACV90483.1","V159A","mam","mosFit",-0.770188640378523
"536","ACV90483.1","V159A","mam","humFit",-0.940724558026975
"537","ACV90483.1","V159A","mam","birFit",-1.20669307556647
"538","ACV90485.1","V159A","mam","mosFit",-0.770188640378523
"539","ACV90485.1","V159A","mam","humFit",-0.940724558026975
"540","ACV90485.1","V159A","mam","birFit",-1.20669307556647
"541","ACV90487.1","V159A","mam","mosFit",-0.770188640378523
"542","ACV90487.1","V159A","mam","humFit",-0.940724558026975
"543","ACV90487.1","V159A","mam","birFit",-1.20669307556647
"544","ACX45214.1","V159A","bird","mosFit",-0.770188640378523
"545","ACX45214.1","V159A","bird","humFit",-0.940724558026975
"546","ACX45214.1","V159A","bird","birFit",-1.20669307556647
"547","ACX45221.1","V159A","bird","mosFit",-0.770188640378523
"548","ACX45221.1","V159A","bird","humFit",-0.940724558026975
"549","ACX45221.1","V159A","bird","birFit",-1.20669307556647
"550","ACX45222.1","V159A","bird","mosFit",-0.770188640378523
"551","ACX45222.1","V159A","bird","humFit",-0.940724558026975
"552","ACX45222.1","V159A","bird","birFit",-1.20669307556647
"553","ACX54584.1","V159A","bird","mosFit",-0.770188640378523
"554","ACX54584.1","V159A","bird","humFit",-0.940724558026975
"555","ACX54584.1","V159A","bird","birFit",-1.20669307556647
"556","ACX54584.1","V431I","bird","mosFit",-1.5618331725051
"557","ACX54584.1","V431I","bird","humFit",-1.65018063952008
"558","ACX54584.1","V431I","bird","birFit",-1.4496843005941
"559","ACX54585.1","V159A","arth","mosFit",-0.770188640378523
"560","ACX54585.1","V159A","arth","humFit",-0.940724558026975
"561","ACX54585.1","V159A","arth","birFit",-1.20669307556647
"562","ACX54585.1","V431I","arth","mosFit",-1.5618331725051
"563","ACX54585.1","V431I","arth","humFit",-1.65018063952008
"564","ACX54585.1","V431I","arth","birFit",-1.4496843005941
"565","ACX54586.1","V159A","mam","mosFit",-0.770188640378523
"566","ACX54586.1","V159A","mam","humFit",-0.940724558026975
"567","ACX54586.1","V159A","mam","birFit",-1.20669307556647
"568","ACX71000.2","I126T","mam","mosFit",-0.832702958949661
"569","ACX71000.2","I126T","mam","humFit",-0.584793993478891
"570","ACX71000.2","I126T","mam","birFit",-0.806393726680972
"571","ACX71000.2","V159I","mam","mosFit",-0.558714890171021
"572","ACX71000.2","V159I","mam","humFit",-0.558139699453942
"573","ACX71000.2","V159I","mam","birFit",-2.32415508195564
"574","ADD23562.1","I460M","arth","mosFit",-0.87991534814327
"575","ADD23562.1","I460M","arth","humFit",-0.931796849820333
"576","ADD23562.1","I460M","arth","birFit",-1.31940267868383
"577","ADD23562.1","T198A","arth","mosFit",-0.592061807520083
"578","ADD23562.1","T198A","arth","humFit",-0.995216596410878
"579","ADD23562.1","T198A","arth","birFit",-0.886694695889697
"580","ADD23568.1","I126T","arth","mosFit",-0.832702958949661
"581","ADD23568.1","I126T","arth","humFit",-0.584793993478891
"582","ADD23568.1","I126T","arth","birFit",-0.806393726680972
"583","ADD23568.1","R93K","arth","mosFit",-1.16620801408455
"584","ADD23568.1","R93K","arth","humFit",-1.6946246386064
"585","ADD23568.1","R93K","arth","birFit",-1.65437780402793
"586","ADD23568.1","V159I","arth","mosFit",-0.558714890171021
"587","ADD23568.1","V159I","arth","humFit",-0.558139699453942
"588","ADD23568.1","V159I","arth","birFit",-2.32415508195564
"589","ADD23571.1","I126T","arth","mosFit",-0.832702958949661
"590","ADD23571.1","I126T","arth","humFit",-0.584793993478891
"591","ADD23571.1","I126T","arth","birFit",-0.806393726680972
"592","ADD23571.1","V159I","arth","mosFit",-0.558714890171021
"593","ADD23571.1","V159I","arth","humFit",-0.558139699453942
"594","ADD23571.1","V159I","arth","birFit",-2.32415508195564
"595","ADD23571.1","V442I","arth","mosFit",-0.937211495918475
"596","ADD23571.1","V442I","arth","humFit",-1.34236389037224
"597","ADD23571.1","V442I","arth","birFit",-1.02314618212327
"598","ADD23573.1","I126T","arth","mosFit",-0.832702958949661
"599","ADD23573.1","I126T","arth","humFit",-0.584793993478891
"600","ADD23573.1","I126T","arth","birFit",-0.806393726680972
"601","ADD23573.1","V159I","arth","mosFit",-0.558714890171021
"602","ADD23573.1","V159I","arth","humFit",-0.558139699453942
"603","ADD23573.1","V159I","arth","birFit",-2.32415508195564
"604","ADD23573.1","V442I","arth","mosFit",-0.937211495918475
"605","ADD23573.1","V442I","arth","humFit",-1.34236389037224
"606","ADD23573.1","V442I","arth","birFit",-1.02314618212327
"607","ADD23576.1","I126T","arth","mosFit",-0.832702958949661
"608","ADD23576.1","I126T","arth","humFit",-0.584793993478891
"609","ADD23576.1","I126T","arth","birFit",-0.806393726680972
"610","ADD23576.1","V159I","arth","mosFit",-0.558714890171021
"611","ADD23576.1","V159I","arth","humFit",-0.558139699453942
"612","ADD23576.1","V159I","arth","birFit",-2.32415508195564
"613","ADD23578.1","I126T","arth","mosFit",-0.832702958949661
"614","ADD23578.1","I126T","arth","humFit",-0.584793993478891
"615","ADD23578.1","I126T","arth","birFit",-0.806393726680972
"616","ADD23578.1","V159I","arth","mosFit",-0.558714890171021
"617","ADD23578.1","V159I","arth","humFit",-0.558139699453942
"618","ADD23578.1","V159I","arth","birFit",-2.32415508195564
"619","ADD23580.1","I126T","arth","mosFit",-0.832702958949661
"620","ADD23580.1","I126T","arth","humFit",-0.584793993478891
"621","ADD23580.1","I126T","arth","birFit",-0.806393726680972
"622","ADD23580.1","V159I","arth","mosFit",-0.558714890171021
"623","ADD23580.1","V159I","arth","humFit",-0.558139699453942
"624","ADD23580.1","V159I","arth","birFit",-2.32415508195564
"625","ADD23581.1","I126T","arth","mosFit",-0.832702958949661
"626","ADD23581.1","I126T","arth","humFit",-0.584793993478891
"627","ADD23581.1","I126T","arth","birFit",-0.806393726680972
"628","ADD23581.1","R93K","arth","mosFit",-1.16620801408455
"629","ADD23581.1","R93K","arth","humFit",-1.6946246386064
"630","ADD23581.1","R93K","arth","birFit",-1.65437780402793
"631","ADD23581.1","V159I","arth","mosFit",-0.558714890171021
"632","ADD23581.1","V159I","arth","humFit",-0.558139699453942
"633","ADD23581.1","V159I","arth","birFit",-2.32415508195564
"634","ADD23582.1","I126T","arth","mosFit",-0.832702958949661
"635","ADD23582.1","I126T","arth","humFit",-0.584793993478891
"636","ADD23582.1","I126T","arth","birFit",-0.806393726680972
"637","ADD23582.1","V159I","arth","mosFit",-0.558714890171021
"638","ADD23582.1","V159I","arth","humFit",-0.558139699453942
"639","ADD23582.1","V159I","arth","birFit",-2.32415508195564
"640","ADD23586.1","I126T","arth","mosFit",-0.832702958949661
"641","ADD23586.1","I126T","arth","humFit",-0.584793993478891
"642","ADD23586.1","I126T","arth","birFit",-0.806393726680972
"643","ADD23586.1","V159I","arth","mosFit",-0.558714890171021
"644","ADD23586.1","V159I","arth","humFit",-0.558139699453942
"645","ADD23586.1","V159I","arth","birFit",-2.32415508195564
"646","ADD23588.1","I126T","arth","mosFit",-0.832702958949661
"647","ADD23588.1","I126T","arth","humFit",-0.584793993478891
"648","ADD23588.1","I126T","arth","birFit",-0.806393726680972
"649","ADD23588.1","V159I","arth","mosFit",-0.558714890171021
"650","ADD23588.1","V159I","arth","humFit",-0.558139699453942
"651","ADD23588.1","V159I","arth","birFit",-2.32415508195564
"652","ADD23588.1","V434M","arth","mosFit",-1.01387230879995
"653","ADD23588.1","V434M","arth","humFit",-1.61674688907548
"654","ADD23588.1","V434M","arth","birFit",-1.69943765910965
"655","ADD23590.1","I126T","arth","mosFit",-0.832702958949661
"656","ADD23590.1","I126T","arth","humFit",-0.584793993478891
"657","ADD23590.1","I126T","arth","birFit",-0.806393726680972
"658","ADD23590.1","R93K","arth","mosFit",-1.16620801408455
"659","ADD23590.1","R93K","arth","humFit",-1.6946246386064
"660","ADD23590.1","R93K","arth","birFit",-1.65437780402793
"661","ADD23590.1","V159I","arth","mosFit",-0.558714890171021
"662","ADD23590.1","V159I","arth","humFit",-0.558139699453942
"663","ADD23590.1","V159I","arth","birFit",-2.32415508195564
"664","ADD23592.1","V159I","arth","mosFit",-0.558714890171021
"665","ADD23592.1","V159I","arth","humFit",-0.558139699453942
"666","ADD23592.1","V159I","arth","birFit",-2.32415508195564
"667","ADD23597.1","I126T","arth","mosFit",-0.832702958949661
"668","ADD23597.1","I126T","arth","humFit",-0.584793993478891
"669","ADD23597.1","I126T","arth","birFit",-0.806393726680972
"670","ADD23597.1","N235S","arth","mosFit",-0.922862581831013
"671","ADD23597.1","N235S","arth","humFit",-1.28522759269107
"672","ADD23597.1","N235S","arth","birFit",-1.69263310517633
"673","ADD23597.1","V159I","arth","mosFit",-0.558714890171021
"674","ADD23597.1","V159I","arth","humFit",-0.558139699453942
"675","ADD23597.1","V159I","arth","birFit",-2.32415508195564
"676","ADD23623.1","A365S","arth","mosFit",-0.587129969548876
"677","ADD23623.1","A365S","arth","humFit",-0.661084416588615
"678","ADD23623.1","A365S","arth","birFit",-0.919248377416798
"679","ADD23623.1","I126T","arth","mosFit",-0.832702958949661
"680","ADD23623.1","I126T","arth","humFit",-0.584793993478891
"681","ADD23623.1","I126T","arth","birFit",-0.806393726680972
"682","ADD23623.1","V159I","arth","mosFit",-0.558714890171021
"683","ADD23623.1","V159I","arth","humFit",-0.558139699453942
"684","ADD23623.1","V159I","arth","birFit",-2.32415508195564
"685","ADD23628.1","K280R","arth","mosFit",-0.552623680711434
"686","ADD23628.1","K280R","arth","humFit",-0.954271345671901
"687","ADD23628.1","K280R","arth","birFit",-0.970983304581474
"688","ADD23628.1","V159I","arth","mosFit",-0.558714890171021
"689","ADD23628.1","V159I","arth","humFit",-0.558139699453942
"690","ADD23628.1","V159I","arth","birFit",-2.32415508195564
"691","ADD23648.1","I126T","arth","mosFit",-0.832702958949661
"692","ADD23648.1","I126T","arth","humFit",-0.584793993478891
"693","ADD23648.1","I126T","arth","birFit",-0.806393726680972
"694","ADD23648.1","V159I","arth","mosFit",-0.558714890171021
"695","ADD23648.1","V159I","arth","humFit",-0.558139699453942
"696","ADD23648.1","V159I","arth","birFit",-2.32415508195564
"697","ADD23650.1","A365S","arth","mosFit",-0.587129969548876
"698","ADD23650.1","A365S","arth","humFit",-0.661084416588615
"699","ADD23650.1","A365S","arth","birFit",-0.919248377416798
"700","ADD23650.1","I126T","arth","mosFit",-0.832702958949661
"701","ADD23650.1","I126T","arth","humFit",-0.584793993478891
"702","ADD23650.1","I126T","arth","birFit",-0.806393726680972
"703","ADD23650.1","V159I","arth","mosFit",-0.558714890171021
"704","ADD23650.1","V159I","arth","humFit",-0.558139699453942
"705","ADD23650.1","V159I","arth","birFit",-2.32415508195564
"706","ADE43752.1","E49K","arth","mosFit",-0.593493512256564
"707","ADE43752.1","E49K","arth","humFit",-7.68821656020879e-05
"708","ADE43752.1","E49K","arth","birFit",1.45508726313962
"709","ADE43752.1","V159A","arth","mosFit",-0.770188640378523
"710","ADE43752.1","V159A","arth","humFit",-0.940724558026975
"711","ADE43752.1","V159A","arth","birFit",-1.20669307556647
"712","ADE43763.1","F435L","arth","mosFit",-0.745204336717537
"713","ADE43763.1","F435L","arth","humFit",-0.76928658568835
"714","ADE43763.1","F435L","arth","birFit",-0.981909038441853
"715","ADE43763.1","V159A","arth","mosFit",-0.770188640378523
"716","ADE43763.1","V159A","arth","humFit",-0.940724558026975
"717","ADE43763.1","V159A","arth","birFit",-1.20669307556647
"718","ADE43768.1","N199S","arth","mosFit",-0.450732812430336
"719","ADE43768.1","N199S","arth","humFit",-0.491560986365038
"720","ADE43768.1","N199S","arth","birFit",-0.711826419495932
"721","ADE43768.1","V159A","arth","mosFit",-0.770188640378523
"722","ADE43768.1","V159A","arth","humFit",-0.940724558026975
"723","ADE43768.1","V159A","arth","birFit",-1.20669307556647
"724","ADE43801.1","V159A","arth","mosFit",-0.770188640378523
"725","ADE43801.1","V159A","arth","humFit",-0.940724558026975
"726","ADE43801.1","V159A","arth","birFit",-1.20669307556647
"727","ADE43815.1","V159A","arth","mosFit",-0.770188640378523
"728","ADE43815.1","V159A","arth","humFit",-0.940724558026975
"729","ADE43815.1","V159A","arth","birFit",-1.20669307556647
"730","ADE43815.1","V442I","arth","mosFit",-0.937211495918475
"731","ADE43815.1","V442I","arth","humFit",-1.34236389037224
"732","ADE43815.1","V442I","arth","birFit",-1.02314618212327
"733","ADE43824.1","L375M","arth","mosFit",-0.46200307970946
"734","ADE43824.1","L375M","arth","humFit",-1.29929129454546
"735","ADE43824.1","L375M","arth","birFit",-1.17390985070149
"736","ADE43824.1","V159A","arth","mosFit",-0.770188640378523
"737","ADE43824.1","V159A","arth","humFit",-0.940724558026975
"738","ADE43824.1","V159A","arth","birFit",-1.20669307556647
"739","ADE43827.1","R93K","arth","mosFit",-1.16620801408455
"740","ADE43827.1","R93K","arth","humFit",-1.6946246386064
"741","ADE43827.1","R93K","arth","birFit",-1.65437780402793
"742","ADE43827.1","V159A","arth","mosFit",-0.770188640378523
"743","ADE43827.1","V159A","arth","humFit",-0.940724558026975
"744","ADE43827.1","V159A","arth","birFit",-1.20669307556647
"745","ADE43836.1","I460L","arth","mosFit",-1.91929017954616
"746","ADE43836.1","I460L","arth","humFit",-1.67102546864733
"747","ADE43836.1","I460L","arth","birFit",-1.98469035132318
"748","ADE43836.1","V159A","arth","mosFit",-0.770188640378523
"749","ADE43836.1","V159A","arth","humFit",-0.940724558026975
"750","ADE43836.1","V159A","arth","birFit",-1.20669307556647
"751","ADE43843.1","E150D","arth","mosFit",-0.472712088258923
"752","ADE43843.1","E150D","arth","humFit",-0.612638518955194
"753","ADE43843.1","E150D","arth","birFit",-1.69877767350689
"754","ADE43843.1","V159A","arth","mosFit",-0.770188640378523
"755","ADE43843.1","V159A","arth","humFit",-0.940724558026975
"756","ADE43843.1","V159A","arth","birFit",-1.20669307556647
"757","ADE43854.1","N8S","arth","mosFit",-1.12252638936489
"758","ADE43854.1","N8S","arth","humFit",-0.960730324079394
"759","ADE43854.1","N8S","arth","birFit",-1.65297356849464
"760","ADE43854.1","V159A","arth","mosFit",-0.770188640378523
"761","ADE43854.1","V159A","arth","humFit",-0.940724558026975
"762","ADE43854.1","V159A","arth","birFit",-1.20669307556647
"763","ADE43865.1","V159A","arth","mosFit",-0.770188640378523
"764","ADE43865.1","V159A","arth","humFit",-0.940724558026975
"765","ADE43865.1","V159A","arth","birFit",-1.20669307556647
"766","ADE43865.1","V358I","arth","mosFit",-0.841639420278142
"767","ADE43865.1","V358I","arth","humFit",-0.0969067090626421
"768","ADE43865.1","V358I","arth","birFit",-0.815348530873245
"769","ADE43870.1","V159A","arth","mosFit",-0.770188640378523
"770","ADE43870.1","V159A","arth","humFit",-0.940724558026975
"771","ADE43870.1","V159A","arth","birFit",-1.20669307556647
"772","ADE43870.1","Y61H","arth","mosFit",-1.21677349772527
"773","ADE43870.1","Y61H","arth","humFit",-1.33447444500279
"774","ADE43870.1","Y61H","arth","birFit",-1.73000945431736
"775","ADI33159.1","M46V","mam","mosFit",-1.00943575214848
"776","ADI33159.1","M46V","mam","humFit",-1.50794548780793
"777","ADI33159.1","M46V","mam","birFit",-1.25836013036508
"778","ADJ67663.1","V159A","bird","mosFit",-0.770188640378523
"779","ADJ67663.1","V159A","bird","humFit",-0.940724558026975
"780","ADJ67663.1","V159A","bird","birFit",-1.20669307556647
"781","ADJ67664.1","V159A","bird","mosFit",-0.770188640378523
"782","ADJ67664.1","V159A","bird","humFit",-0.940724558026975
"783","ADJ67664.1","V159A","bird","birFit",-1.20669307556647
"784","ADK62402.1","A51T","bird","mosFit",-1.05030646712279
"785","ADK62402.1","A51T","bird","humFit",-1.29546657960075
"786","ADK62402.1","A51T","bird","birFit",-1.72619783601487
"787","ADK62402.1","V159A","bird","mosFit",-0.770188640378523
"788","ADK62402.1","V159A","bird","humFit",-0.940724558026975
"789","ADK62402.1","V159A","bird","birFit",-1.20669307556647
"790","ADK62403.1","T76A","bird","mosFit",-0.811773193699928
"791","ADK62403.1","T76A","bird","humFit",-1.13116156237413
"792","ADK62403.1","T76A","bird","birFit",-1.45767266996865
"793","ADK62403.1","V159A","bird","mosFit",-0.770188640378523
"794","ADK62403.1","V159A","bird","humFit",-0.940724558026975
"795","ADK62403.1","V159A","bird","birFit",-1.20669307556647
"796","ADK62404.1","V159A","bird","mosFit",-0.770188640378523
"797","ADK62404.1","V159A","bird","humFit",-0.940724558026975
"798","ADK62404.1","V159A","bird","birFit",-1.20669307556647
"799","ADK62405.1","V159A","bird","mosFit",-0.770188640378523
"800","ADK62405.1","V159A","bird","humFit",-0.940724558026975
"801","ADK62405.1","V159A","bird","birFit",-1.20669307556647
"802","ADK62407.1","V159A","bird","mosFit",-0.770188640378523
"803","ADK62407.1","V159A","bird","humFit",-0.940724558026975
"804","ADK62407.1","V159A","bird","birFit",-1.20669307556647
"805","ADK62407.1","V488I","bird","mosFit",-1.31964273869515
"806","ADK62407.1","V488I","bird","humFit",-0.8797962367099
"807","ADK62407.1","V488I","bird","birFit",-1.01403221118434
"808","ADK62408.1","V159A","bird","mosFit",-0.770188640378523
"809","ADK62408.1","V159A","bird","humFit",-0.940724558026975
"810","ADK62408.1","V159A","bird","birFit",-1.20669307556647
"811","ADK62410.1","S151A","bird","mosFit",-0.735152098443244
"812","ADK62410.1","S151A","bird","humFit",-1.2915896761456
"813","ADK62410.1","S151A","bird","birFit",-1.35423096080441
"814","ADK62410.1","V159A","bird","mosFit",-0.770188640378523
"815","ADK62410.1","V159A","bird","humFit",-0.940724558026975
"816","ADK62410.1","V159A","bird","birFit",-1.20669307556647
"817","ADK62411.1","V159A","bird","mosFit",-0.770188640378523
"818","ADK62411.1","V159A","bird","humFit",-0.940724558026975
"819","ADK62411.1","V159A","bird","birFit",-1.20669307556647
"820","ADK62413.1","V159A","bird","mosFit",-0.770188640378523
"821","ADK62413.1","V159A","bird","humFit",-0.940724558026975
"822","ADK62413.1","V159A","bird","birFit",-1.20669307556647
"823","ADK62414.1","V159A","bird","mosFit",-0.770188640378523
"824","ADK62414.1","V159A","bird","humFit",-0.940724558026975
"825","ADK62414.1","V159A","bird","birFit",-1.20669307556647
"826","ADK62415.1","V159A","bird","mosFit",-0.770188640378523
"827","ADK62415.1","V159A","bird","humFit",-0.940724558026975
"828","ADK62415.1","V159A","bird","birFit",-1.20669307556647
"829","ADK62416.1","V159A","bird","mosFit",-0.770188640378523
"830","ADK62416.1","V159A","bird","humFit",-0.940724558026975
"831","ADK62416.1","V159A","bird","birFit",-1.20669307556647
"832","ADK62416.1","V364A","bird","mosFit",-0.551365245776147
"833","ADK62416.1","V364A","bird","humFit",-0.78389079627748
"834","ADK62416.1","V364A","bird","birFit",-0.964953388702924
"835","ADK62418.1","A467V","bird","mosFit",-0.942825250208235
"836","ADK62418.1","A467V","bird","humFit",-1.20767444473383
"837","ADK62418.1","A467V","bird","birFit",-1.78471675172397
"838","ADK62418.1","V159A","bird","mosFit",-0.770188640378523
"839","ADK62418.1","V159A","bird","humFit",-0.940724558026975
"840","ADK62418.1","V159A","bird","birFit",-1.20669307556647
"841","ADK62420.1","V159A","arth","mosFit",-0.770188640378523
"842","ADK62420.1","V159A","arth","humFit",-0.940724558026975
"843","ADK62420.1","V159A","arth","birFit",-1.20669307556647
"844","ADK62421.1","V159A","bird","mosFit",-0.770188640378523
"845","ADK62421.1","V159A","bird","humFit",-0.940724558026975
"846","ADK62421.1","V159A","bird","birFit",-1.20669307556647
"847","ADK62422.1","T231A","bird","mosFit",-0.452238561166002
"848","ADK62422.1","T231A","bird","humFit",-0.459251975530497
"849","ADK62422.1","T231A","bird","birFit",-0.408039846727231
"850","ADK62422.1","V159A","bird","mosFit",-0.770188640378523
"851","ADK62422.1","V159A","bird","humFit",-0.940724558026975
"852","ADK62422.1","V159A","bird","birFit",-1.20669307556647
"853","ADK62425.1","P88S","bird","mosFit",-1.27462641388404
"854","ADK62425.1","P88S","bird","humFit",-1.89267703063558
"855","ADK62425.1","P88S","bird","birFit",-2.02412027375089
"856","ADK62425.1","V159A","bird","mosFit",-0.770188640378523
"857","ADK62425.1","V159A","bird","humFit",-0.940724558026975
"858","ADK62425.1","V159A","bird","birFit",-1.20669307556647
"859","ADK62426.1","V159A","bird","mosFit",-0.770188640378523
"860","ADK62426.1","V159A","bird","humFit",-0.940724558026975
"861","ADK62426.1","V159A","bird","birFit",-1.20669307556647
"862","ADK62427.1","I460L","bird","mosFit",-1.91929017954616
"863","ADK62427.1","I460L","bird","humFit",-1.67102546864733
"864","ADK62427.1","I460L","bird","birFit",-1.98469035132318
"865","ADK62427.1","V159A","bird","mosFit",-0.770188640378523
"866","ADK62427.1","V159A","bird","humFit",-0.940724558026975
"867","ADK62427.1","V159A","bird","birFit",-1.20669307556647
"868","ADK62428.1","V159A","bird","mosFit",-0.770188640378523
"869","ADK62428.1","V159A","bird","humFit",-0.940724558026975
"870","ADK62428.1","V159A","bird","birFit",-1.20669307556647
"871","ADK62429.1","N199S","bird","mosFit",-0.450732812430336
"872","ADK62429.1","N199S","bird","humFit",-0.491560986365038
"873","ADK62429.1","N199S","bird","birFit",-0.711826419495932
"874","ADK62429.1","V159A","bird","mosFit",-0.770188640378523
"875","ADK62429.1","V159A","bird","humFit",-0.940724558026975
"876","ADK62429.1","V159A","bird","birFit",-1.20669307556647
"877","ADK62430.1","V159A","arth","mosFit",-0.770188640378523
"878","ADK62430.1","V159A","arth","humFit",-0.940724558026975
"879","ADK62430.1","V159A","arth","birFit",-1.20669307556647
"880","ADK62431.1","V159A","arth","mosFit",-0.770188640378523
"881","ADK62431.1","V159A","arth","humFit",-0.940724558026975
"882","ADK62431.1","V159A","arth","birFit",-1.20669307556647
"883","ADK62432.1","V159A","arth","mosFit",-0.770188640378523
"884","ADK62432.1","V159A","arth","humFit",-0.940724558026975
"885","ADK62432.1","V159A","arth","birFit",-1.20669307556647
"886","ADK62433.1","V159A","arth","mosFit",-0.770188640378523
"887","ADK62433.1","V159A","arth","humFit",-0.940724558026975
"888","ADK62433.1","V159A","arth","birFit",-1.20669307556647
"889","ADK62437.1","V159A","arth","mosFit",-0.770188640378523
"890","ADK62437.1","V159A","arth","humFit",-0.940724558026975
"891","ADK62437.1","V159A","arth","birFit",-1.20669307556647
"892","ADK62438.1","V159A","arth","mosFit",-0.770188640378523
"893","ADK62438.1","V159A","arth","humFit",-0.940724558026975
"894","ADK62438.1","V159A","arth","birFit",-1.20669307556647
"895","ADK62440.1","V159A","arth","mosFit",-0.770188640378523
"896","ADK62440.1","V159A","arth","humFit",-0.940724558026975
"897","ADK62440.1","V159A","arth","birFit",-1.20669307556647
"898","ADK62441.1","V159A","arth","mosFit",-0.770188640378523
"899","ADK62441.1","V159A","arth","humFit",-0.940724558026975
"900","ADK62441.1","V159A","arth","birFit",-1.20669307556647
"901","ADK62442.1","T332S","arth","mosFit",-0.600654610407903
"902","ADK62442.1","T332S","arth","humFit",-0.685121866455495
"903","ADK62442.1","T332S","arth","birFit",-1.93929130165418
"904","ADK62442.1","V159A","arth","mosFit",-0.770188640378523
"905","ADK62442.1","V159A","arth","humFit",-0.940724558026975
"906","ADK62442.1","V159A","arth","birFit",-1.20669307556647
"907","ADK62444.1","V159A","arth","mosFit",-0.770188640378523
"908","ADK62444.1","V159A","arth","humFit",-0.940724558026975
"909","ADK62444.1","V159A","arth","birFit",-1.20669307556647
"910","ADK62447.1","V159A","arth","mosFit",-0.770188640378523
"911","ADK62447.1","V159A","arth","humFit",-0.940724558026975
"912","ADK62447.1","V159A","arth","birFit",-1.20669307556647
"913","ADK62447.1","V488I","arth","mosFit",-1.31964273869515
"914","ADK62447.1","V488I","arth","humFit",-0.8797962367099
"915","ADK62447.1","V488I","arth","birFit",-1.01403221118434
"916","ADK62450.1","V159A","arth","mosFit",-0.770188640378523
"917","ADK62450.1","V159A","arth","humFit",-0.940724558026975
"918","ADK62450.1","V159A","arth","birFit",-1.20669307556647
"919","ADK62452.1","V159A","arth","mosFit",-0.770188640378523
"920","ADK62452.1","V159A","arth","humFit",-0.940724558026975
"921","ADK62452.1","V159A","arth","birFit",-1.20669307556647
"922","ADK62453.1","V159A","arth","mosFit",-0.770188640378523
"923","ADK62453.1","V159A","arth","humFit",-0.940724558026975
"924","ADK62453.1","V159A","arth","birFit",-1.20669307556647
"925","ADK62455.1","V159A","arth","mosFit",-0.770188640378523
"926","ADK62455.1","V159A","arth","humFit",-0.940724558026975
"927","ADK62455.1","V159A","arth","birFit",-1.20669307556647
"928","ADK62457.1","I474V","arth","mosFit",-1.03874185083062
"929","ADK62457.1","I474V","arth","humFit",-1.42957333041047
"930","ADK62457.1","I474V","arth","birFit",-1.30810769595927
"931","ADK62457.1","V159A","arth","mosFit",-0.770188640378523
"932","ADK62457.1","V159A","arth","humFit",-0.940724558026975
"933","ADK62457.1","V159A","arth","birFit",-1.20669307556647
"934","ADK62458.1","V159A","arth","mosFit",-0.770188640378523
"935","ADK62458.1","V159A","arth","humFit",-0.940724558026975
"936","ADK62458.1","V159A","arth","birFit",-1.20669307556647
"937","ADK62459.1","V159A","bird","mosFit",-0.770188640378523
"938","ADK62459.1","V159A","bird","humFit",-0.940724558026975
"939","ADK62459.1","V159A","bird","birFit",-1.20669307556647
"940","ADK62460.1","V159A","bird","mosFit",-0.770188640378523
"941","ADK62460.1","V159A","bird","humFit",-0.940724558026975
"942","ADK62460.1","V159A","bird","birFit",-1.20669307556647
"943","ADK62461.1","V159A","bird","mosFit",-0.770188640378523
"944","ADK62461.1","V159A","bird","humFit",-0.940724558026975
"945","ADK62461.1","V159A","bird","birFit",-1.20669307556647
"946","ADK62462.1","V159A","bird","mosFit",-0.770188640378523
"947","ADK62462.1","V159A","bird","humFit",-0.940724558026975
"948","ADK62462.1","V159A","bird","birFit",-1.20669307556647
"949","ADK62463.1","V159A","bird","mosFit",-0.770188640378523
"950","ADK62463.1","V159A","bird","humFit",-0.940724558026975
"951","ADK62463.1","V159A","bird","birFit",-1.20669307556647
"952","ADK62465.1","V159A","bird","mosFit",-0.770188640378523
"953","ADK62465.1","V159A","bird","humFit",-0.940724558026975
"954","ADK62465.1","V159A","bird","birFit",-1.20669307556647
"955","ADK62466.1","V159A","bird","mosFit",-0.770188640378523
"956","ADK62466.1","V159A","bird","humFit",-0.940724558026975
"957","ADK62466.1","V159A","bird","birFit",-1.20669307556647
"958","ADK62468.1","F311L","bird","mosFit",-0.520988909245333
"959","ADK62468.1","F311L","bird","humFit",-0.224594556443104
"960","ADK62468.1","F311L","bird","birFit",-0.885156006211569
"961","ADK62468.1","L178Q","bird","mosFit",-1.19865401619306
"962","ADK62468.1","L178Q","bird","humFit",-1.08906226042071
"963","ADK62468.1","L178Q","bird","birFit",-1.0526624488974
"964","ADK62469.1","L178Q","bird","mosFit",-1.19865401619306
"965","ADK62469.1","L178Q","bird","humFit",-1.08906226042071
"966","ADK62469.1","L178Q","bird","birFit",-1.0526624488974
"967","ADK62470.1","L178Q","bird","mosFit",-1.19865401619306
"968","ADK62470.1","L178Q","bird","humFit",-1.08906226042071
"969","ADK62470.1","L178Q","bird","birFit",-1.0526624488974
"970","ADK62473.1","V159A","bird","mosFit",-0.770188640378523
"971","ADK62473.1","V159A","bird","humFit",-0.940724558026975
"972","ADK62473.1","V159A","bird","birFit",-1.20669307556647
"973","ADK62475.1","V159A","arth","mosFit",-0.770188640378523
"974","ADK62475.1","V159A","arth","humFit",-0.940724558026975
"975","ADK62475.1","V159A","arth","birFit",-1.20669307556647
"976","ADK62476.1","V159A","arth","mosFit",-0.770188640378523
"977","ADK62476.1","V159A","arth","humFit",-0.940724558026975
"978","ADK62476.1","V159A","arth","birFit",-1.20669307556647
"979","ADK62478.1","V159A","arth","mosFit",-0.770188640378523
"980","ADK62478.1","V159A","arth","humFit",-0.940724558026975
"981","ADK62478.1","V159A","arth","birFit",-1.20669307556647
"982","ADK62478.1","V159A","arth","mosFit",-0.770188640378523
"983","ADK62478.1","V159A","arth","humFit",-0.940724558026975
"984","ADK62478.1","V159A","arth","birFit",-1.20669307556647
"985","ADK62480.1","V159A","arth","mosFit",-0.770188640378523
"986","ADK62480.1","V159A","arth","humFit",-0.940724558026975
"987","ADK62480.1","V159A","arth","birFit",-1.20669307556647
"988","ADK62482.1","A51T","bird","mosFit",-1.05030646712279
"989","ADK62482.1","A51T","bird","humFit",-1.29546657960075
"990","ADK62482.1","A51T","bird","birFit",-1.72619783601487
"991","ADK62482.1","V159A","bird","mosFit",-0.770188640378523
"992","ADK62482.1","V159A","bird","humFit",-0.940724558026975
"993","ADK62482.1","V159A","bird","birFit",-1.20669307556647
"994","ADK62483.1","V159A","bird","mosFit",-0.770188640378523
"995","ADK62483.1","V159A","bird","humFit",-0.940724558026975
"996","ADK62483.1","V159A","bird","birFit",-1.20669307556647
"997","ADK62485.1","V159A","arth","mosFit",-0.770188640378523
"998","ADK62485.1","V159A","arth","humFit",-0.940724558026975
"999","ADK62485.1","V159A","arth","birFit",-1.20669307556647
"1000","ADK62486.1","V159A","arth","mosFit",-0.770188640378523
"1001","ADK62486.1","V159A","arth","humFit",-0.940724558026975
"1002","ADK62486.1","V159A","arth","birFit",-1.20669307556647
"1003","ADK62489.1","L178Q","arth","mosFit",-1.19865401619306
"1004","ADK62489.1","L178Q","arth","humFit",-1.08906226042071
"1005","ADK62489.1","L178Q","arth","birFit",-1.0526624488974
"1006","ADK62490.1","V159A","arth","mosFit",-0.770188640378523
"1007","ADK62490.1","V159A","arth","humFit",-0.940724558026975
"1008","ADK62490.1","V159A","arth","birFit",-1.20669307556647
"1009","ADK62490.1","V232M","arth","mosFit",-0.985531431750159
"1010","ADK62490.1","V232M","arth","humFit",-0.968706974620828
"1011","ADK62490.1","V232M","arth","birFit",-1.44683452726019
"1012","ADK62492.1","V159A","arth","mosFit",-0.770188640378523
"1013","ADK62492.1","V159A","arth","humFit",-0.940724558026975
"1014","ADK62492.1","V159A","arth","birFit",-1.20669307556647
"1015","ADK62493.1","V159A","arth","mosFit",-0.770188640378523
"1016","ADK62493.1","V159A","arth","humFit",-0.940724558026975
"1017","ADK62493.1","V159A","arth","birFit",-1.20669307556647
"1018","ADK62495.1","V159A","arth","mosFit",-0.770188640378523
"1019","ADK62495.1","V159A","arth","humFit",-0.940724558026975
"1020","ADK62495.1","V159A","arth","birFit",-1.20669307556647
"1021","ADK62496.1","V159A","bird","mosFit",-0.770188640378523
"1022","ADK62496.1","V159A","bird","humFit",-0.940724558026975
"1023","ADK62496.1","V159A","bird","birFit",-1.20669307556647
"1024","ADK62497.1","L178Q","bird","mosFit",-1.19865401619306
"1025","ADK62497.1","L178Q","bird","humFit",-1.08906226042071
"1026","ADK62497.1","L178Q","bird","birFit",-1.0526624488974
"1027","ADK62502.1","T278A","bird","mosFit",-0.384300485463585
"1028","ADK62502.1","T278A","bird","humFit",-0.468516602515339
"1029","ADK62502.1","T278A","bird","birFit",-0.914175099293184
"1030","ADK62502.1","V159A","bird","mosFit",-0.770188640378523
"1031","ADK62502.1","V159A","bird","humFit",-0.940724558026975
"1032","ADK62502.1","V159A","bird","birFit",-1.20669307556647
"1033","ADK62505.1","V159A","bird","mosFit",-0.770188640378523
"1034","ADK62505.1","V159A","bird","humFit",-0.940724558026975
"1035","ADK62505.1","V159A","bird","birFit",-1.20669307556647
"1036","ADK62507.1","K36R","bird","mosFit",-0.829277362509697
"1037","ADK62507.1","K36R","bird","humFit",-0.869185414181371
"1038","ADK62507.1","K36R","bird","birFit",-1.23155725119658
"1039","ADK62507.1","V159A","bird","mosFit",-0.770188640378523
"1040","ADK62507.1","V159A","bird","humFit",-0.940724558026975
"1041","ADK62507.1","V159A","bird","birFit",-1.20669307556647
"1042","ADK62508.1","K124N","bird","mosFit",-0.428947425860832
"1043","ADK62508.1","K124N","bird","humFit",-0.942303112207202
"1044","ADK62508.1","K124N","bird","birFit",-2.47399893292351
"1045","ADK62508.1","V159A","bird","mosFit",-0.770188640378523
"1046","ADK62508.1","V159A","bird","humFit",-0.940724558026975
"1047","ADK62508.1","V159A","bird","birFit",-1.20669307556647
"1048","ADK62509.1","V159A","bird","mosFit",-0.770188640378523
"1049","ADK62509.1","V159A","bird","humFit",-0.940724558026975
"1050","ADK62509.1","V159A","bird","birFit",-1.20669307556647
"1051","ADK62510.1","V159A","bird","mosFit",-0.770188640378523
"1052","ADK62510.1","V159A","bird","humFit",-0.940724558026975
"1053","ADK62510.1","V159A","bird","birFit",-1.20669307556647
"1054","ADK62513.1","V159A","bird","mosFit",-0.770188640378523
"1055","ADK62513.1","V159A","bird","humFit",-0.940724558026975
"1056","ADK62513.1","V159A","bird","birFit",-1.20669307556647
"1057","ADL27928.1","V159A","arth","mosFit",-0.770188640378523
"1058","ADL27928.1","V159A","arth","humFit",-0.940724558026975
"1059","ADL27928.1","V159A","arth","birFit",-1.20669307556647
"1060","ADL27930.1","V159A","arth","mosFit",-0.770188640378523
"1061","ADL27930.1","V159A","arth","humFit",-0.940724558026975
"1062","ADL27930.1","V159A","arth","birFit",-1.20669307556647
"1063","ADL27934.1","A164T","arth","mosFit",-0.417742876555886
"1064","ADL27934.1","A164T","arth","humFit",-1.03934259080547
"1065","ADL27934.1","A164T","arth","birFit",-1.0501389593247
"1066","ADL27934.1","V159A","arth","mosFit",-0.770188640378523
"1067","ADL27934.1","V159A","arth","humFit",-0.940724558026975
"1068","ADL27934.1","V159A","arth","birFit",-1.20669307556647
"1069","ADL27935.1","T314A","arth","mosFit",-0.494459940208309
"1070","ADL27935.1","T314A","arth","humFit",-0.600063402312103
"1071","ADL27935.1","T314A","arth","birFit",-1.13599358861951
"1072","ADL27935.1","V159A","arth","mosFit",-0.770188640378523
"1073","ADL27935.1","V159A","arth","humFit",-0.940724558026975
"1074","ADL27935.1","V159A","arth","birFit",-1.20669307556647
"1075","ADL27948.1","V159A","arth","mosFit",-0.770188640378523
"1076","ADL27948.1","V159A","arth","humFit",-0.940724558026975
"1077","ADL27948.1","V159A","arth","birFit",-1.20669307556647
"1078","ADL27951.1","V159A","arth","mosFit",-0.770188640378523
"1079","ADL27951.1","V159A","arth","humFit",-0.940724558026975
"1080","ADL27951.1","V159A","arth","birFit",-1.20669307556647
"1081","ADL27953.1","V159A","arth","mosFit",-0.770188640378523
"1082","ADL27953.1","V159A","arth","humFit",-0.940724558026975
"1083","ADL27953.1","V159A","arth","birFit",-1.20669307556647
"1084","ADL27955.1","V159A","arth","mosFit",-0.770188640378523
"1085","ADL27955.1","V159A","arth","humFit",-0.940724558026975
"1086","ADL27955.1","V159A","arth","birFit",-1.20669307556647
"1087","ADL27958.1","V159A","arth","mosFit",-0.770188640378523
"1088","ADL27958.1","V159A","arth","humFit",-0.940724558026975
"1089","ADL27958.1","V159A","arth","birFit",-1.20669307556647
"1090","ADL27959.1","V159A","arth","mosFit",-0.770188640378523
"1091","ADL27959.1","V159A","arth","humFit",-0.940724558026975
"1092","ADL27959.1","V159A","arth","birFit",-1.20669307556647
"1093","ADL27966.1","V159A","arth","mosFit",-0.770188640378523
"1094","ADL27966.1","V159A","arth","humFit",-0.940724558026975
"1095","ADL27966.1","V159A","arth","birFit",-1.20669307556647
"1096","ADL27967.1","V159A","arth","mosFit",-0.770188640378523
"1097","ADL27967.1","V159A","arth","humFit",-0.940724558026975
"1098","ADL27967.1","V159A","arth","birFit",-1.20669307556647
"1099","ADL27970.1","V159A","arth","mosFit",-0.770188640378523
"1100","ADL27970.1","V159A","arth","humFit",-0.940724558026975
"1101","ADL27970.1","V159A","arth","birFit",-1.20669307556647
"1102","ADL27971.1","V159A","arth","mosFit",-0.770188640378523
"1103","ADL27971.1","V159A","arth","humFit",-0.940724558026975
"1104","ADL27971.1","V159A","arth","birFit",-1.20669307556647
"1105","ADL27972.1","V159A","arth","mosFit",-0.770188640378523
"1106","ADL27972.1","V159A","arth","humFit",-0.940724558026975
"1107","ADL27972.1","V159A","arth","birFit",-1.20669307556647
"1108","ADL27973.1","V159A","arth","mosFit",-0.770188640378523
"1109","ADL27973.1","V159A","arth","humFit",-0.940724558026975
"1110","ADL27973.1","V159A","arth","birFit",-1.20669307556647
"1111","ADL27974.1","V159A","arth","mosFit",-0.770188640378523
"1112","ADL27974.1","V159A","arth","humFit",-0.940724558026975
"1113","ADL27974.1","V159A","arth","birFit",-1.20669307556647
"1114","ADL27975.1","V159A","arth","mosFit",-0.770188640378523
"1115","ADL27975.1","V159A","arth","humFit",-0.940724558026975
"1116","ADL27975.1","V159A","arth","birFit",-1.20669307556647
"1117","ADL27976.1","V159A","arth","mosFit",-0.770188640378523
"1118","ADL27976.1","V159A","arth","humFit",-0.940724558026975
"1119","ADL27976.1","V159A","arth","birFit",-1.20669307556647
"1120","ADL27977.1","V159A","arth","mosFit",-0.770188640378523
"1121","ADL27977.1","V159A","arth","humFit",-0.940724558026975
"1122","ADL27977.1","V159A","arth","birFit",-1.20669307556647
"1123","ADL27978.1","V159A","arth","mosFit",-0.770188640378523
"1124","ADL27978.1","V159A","arth","humFit",-0.940724558026975
"1125","ADL27978.1","V159A","arth","birFit",-1.20669307556647
"1126","ADL27979.1","V159A","arth","mosFit",-0.770188640378523
"1127","ADL27979.1","V159A","arth","humFit",-0.940724558026975
"1128","ADL27979.1","V159A","arth","birFit",-1.20669307556647
"1129","ADL27982.1","V159A","arth","mosFit",-0.770188640378523
"1130","ADL27982.1","V159A","arth","humFit",-0.940724558026975
"1131","ADL27982.1","V159A","arth","birFit",-1.20669307556647
"1132","ADL27984.1","V159A","arth","mosFit",-0.770188640378523
"1133","ADL27984.1","V159A","arth","humFit",-0.940724558026975
"1134","ADL27984.1","V159A","arth","birFit",-1.20669307556647
"1135","ADL27985.1","V159A","arth","mosFit",-0.770188640378523
"1136","ADL27985.1","V159A","arth","humFit",-0.940724558026975
"1137","ADL27985.1","V159A","arth","birFit",-1.20669307556647
"1138","ADU76238.1","V159A","arth","mosFit",-0.770188640378523
"1139","ADU76238.1","V159A","arth","humFit",-0.940724558026975
"1140","ADU76238.1","V159A","arth","birFit",-1.20669307556647
"1141","ADU76240.1","V159A","arth","mosFit",-0.770188640378523
"1142","ADU76240.1","V159A","arth","humFit",-0.940724558026975
"1143","ADU76240.1","V159A","arth","birFit",-1.20669307556647
"1144","ADU76241.1","V159A","arth","mosFit",-0.770188640378523
"1145","ADU76241.1","V159A","arth","humFit",-0.940724558026975
"1146","ADU76241.1","V159A","arth","birFit",-1.20669307556647
"1147","ADU76243.1","V159A","arth","mosFit",-0.770188640378523
"1148","ADU76243.1","V159A","arth","humFit",-0.940724558026975
"1149","ADU76243.1","V159A","arth","birFit",-1.20669307556647
"1150","ADU76244.1","V159A","arth","mosFit",-0.770188640378523
"1151","ADU76244.1","V159A","arth","humFit",-0.940724558026975
"1152","ADU76244.1","V159A","arth","birFit",-1.20669307556647
"1153","ADU76245.1","V159A","arth","mosFit",-0.770188640378523
"1154","ADU76245.1","V159A","arth","humFit",-0.940724558026975
"1155","ADU76245.1","V159A","arth","birFit",-1.20669307556647
"1156","ADU76255.1","Y176H","arth","mosFit",-0.384822626975956
"1157","ADU76255.1","Y176H","arth","humFit",-0.593918837077759
"1158","ADU76255.1","Y176H","arth","birFit",-0.89306289148201
"1159","ADU76260.1","V159A","bird","mosFit",-0.770188640378523
"1160","ADU76260.1","V159A","bird","humFit",-0.940724558026975
"1161","ADU76260.1","V159A","bird","birFit",-1.20669307556647
"1162","ADU76261.1","V159A","bird","mosFit",-0.770188640378523
"1163","ADU76261.1","V159A","bird","humFit",-0.940724558026975
"1164","ADU76261.1","V159A","bird","birFit",-1.20669307556647
"1165","ADU76262.1","V159A","bird","mosFit",-0.770188640378523
"1166","ADU76262.1","V159A","bird","humFit",-0.940724558026975
"1167","ADU76262.1","V159A","bird","birFit",-1.20669307556647
"1168","ADU76263.1","V159A","bird","mosFit",-0.770188640378523
"1169","ADU76263.1","V159A","bird","humFit",-0.940724558026975
"1170","ADU76263.1","V159A","bird","birFit",-1.20669307556647
"1171","ADU76266.1","I126V","bird","mosFit",-0.638126186245388
"1172","ADU76266.1","I126V","bird","humFit",-1.03939699431101
"1173","ADU76266.1","I126V","bird","birFit",-0.614499386478914
"1174","ADU76266.1","V159A","bird","mosFit",-0.770188640378523
"1175","ADU76266.1","V159A","bird","humFit",-0.940724558026975
"1176","ADU76266.1","V159A","bird","birFit",-1.20669307556647
"1177","ADU76267.1","V159A","bird","mosFit",-0.770188640378523
"1178","ADU76267.1","V159A","bird","humFit",-0.940724558026975
"1179","ADU76267.1","V159A","bird","birFit",-1.20669307556647
"1180","ADU76268.1","V159A","bird","mosFit",-0.770188640378523
"1181","ADU76268.1","V159A","bird","humFit",-0.940724558026975
"1182","ADU76268.1","V159A","bird","birFit",-1.20669307556647
"1183","ADU76269.1","V159A","bird","mosFit",-0.770188640378523
"1184","ADU76269.1","V159A","bird","humFit",-0.940724558026975
"1185","ADU76269.1","V159A","bird","birFit",-1.20669307556647
"1186","ADU76270.1","V159A","bird","mosFit",-0.770188640378523
"1187","ADU76270.1","V159A","bird","humFit",-0.940724558026975
"1188","ADU76270.1","V159A","bird","birFit",-1.20669307556647
"1189","ADU76273.1","V159A","bird","mosFit",-0.770188640378523
"1190","ADU76273.1","V159A","bird","humFit",-0.940724558026975
"1191","ADU76273.1","V159A","bird","birFit",-1.20669307556647
"1192","ADU76274.1","V159A","bird","mosFit",-0.770188640378523
"1193","ADU76274.1","V159A","bird","humFit",-0.940724558026975
"1194","ADU76274.1","V159A","bird","birFit",-1.20669307556647
"1195","ADU76275.1","V159A","bird","mosFit",-0.770188640378523
"1196","ADU76275.1","V159A","bird","humFit",-0.940724558026975
"1197","ADU76275.1","V159A","bird","birFit",-1.20669307556647
"1198","ADU76278.1","V159A","bird","mosFit",-0.770188640378523
"1199","ADU76278.1","V159A","bird","humFit",-0.940724558026975
"1200","ADU76278.1","V159A","bird","birFit",-1.20669307556647
"1201","ADZ13191.1","V159A","bird","mosFit",-0.770188640378523
"1202","ADZ13191.1","V159A","bird","humFit",-0.940724558026975
"1203","ADZ13191.1","V159A","bird","birFit",-1.20669307556647
"1204","ADZ13192.1","V159A","bird","mosFit",-0.770188640378523
"1205","ADZ13192.1","V159A","bird","humFit",-0.940724558026975
"1206","ADZ13192.1","V159A","bird","birFit",-1.20669307556647
"1207","ADZ13193.1","V159A","arth","mosFit",-0.770188640378523
"1208","ADZ13193.1","V159A","arth","humFit",-0.940724558026975
"1209","ADZ13193.1","V159A","arth","birFit",-1.20669307556647
"1210","ADZ13197.1","S452L","mam","mosFit",-1.52629066145673
"1211","ADZ13197.1","S452L","mam","humFit",-1.52493013336219
"1212","ADZ13197.1","S452L","mam","birFit",-0.544394005362858
"1213","ADZ13201.1","S452L","mam","mosFit",-1.52629066145673
"1214","ADZ13201.1","S452L","mam","humFit",-1.52493013336219
"1215","ADZ13201.1","S452L","mam","birFit",-0.544394005362858
"1216","ADZ13206.1","S452L","mam","mosFit",-1.52629066145673
"1217","ADZ13206.1","S452L","mam","humFit",-1.52493013336219
"1218","ADZ13206.1","S452L","mam","birFit",-0.544394005362858
"1219","ADZ13211.1","S452L","mam","mosFit",-1.52629066145673
"1220","ADZ13211.1","S452L","mam","humFit",-1.52493013336219
"1221","ADZ13211.1","S452L","mam","birFit",-0.544394005362858
"1222","ADZ13214.1","S452L","mam","mosFit",-1.52629066145673
"1223","ADZ13214.1","S452L","mam","humFit",-1.52493013336219
"1224","ADZ13214.1","S452L","mam","birFit",-0.544394005362858
"1225","ADZ13221.1","T409A","bird","mosFit",-1.02910327109029
"1226","ADZ13221.1","T409A","bird","humFit",-1.30042702638517
"1227","ADZ13221.1","T409A","bird","birFit",-1.37092450032997
"1228","ADZ13221.1","V159A","bird","mosFit",-0.770188640378523
"1229","ADZ13221.1","V159A","bird","humFit",-0.940724558026975
"1230","ADZ13221.1","V159A","bird","birFit",-1.20669307556647
"1231","ADZ13228.1","S452L","mam","mosFit",-1.52629066145673
"1232","ADZ13228.1","S452L","mam","humFit",-1.52493013336219
"1233","ADZ13228.1","S452L","mam","birFit",-0.544394005362858
"1234","ADZ13229.1","V159A","bird","mosFit",-0.770188640378523
"1235","ADZ13229.1","V159A","bird","humFit",-0.940724558026975
"1236","ADZ13229.1","V159A","bird","birFit",-1.20669307556647
"1237","ADZ13233.1","S452L","arth","mosFit",-1.52629066145673
"1238","ADZ13233.1","S452L","arth","humFit",-1.52493013336219
"1239","ADZ13233.1","S452L","arth","birFit",-0.544394005362858
"1240","ADZ13236.1","S452L","arth","mosFit",-1.52629066145673
"1241","ADZ13236.1","S452L","arth","humFit",-1.52493013336219
"1242","ADZ13236.1","S452L","arth","birFit",-0.544394005362858
"1243","ADZ13239.1","V159A","bird","mosFit",-0.770188640378523
"1244","ADZ13239.1","V159A","bird","humFit",-0.940724558026975
"1245","ADZ13239.1","V159A","bird","birFit",-1.20669307556647
"1246","ADZ13245.1","S452L","mam","mosFit",-1.52629066145673
"1247","ADZ13245.1","S452L","mam","humFit",-1.52493013336219
"1248","ADZ13245.1","S452L","mam","birFit",-0.544394005362858
"1249","ADZ13246.1","S452L","mam","mosFit",-1.52629066145673
"1250","ADZ13246.1","S452L","mam","humFit",-1.52493013336219
"1251","ADZ13246.1","S452L","mam","birFit",-0.544394005362858
"1252","AEB66110.1","V159A","arth","mosFit",-0.770188640378523
"1253","AEB66110.1","V159A","arth","humFit",-0.940724558026975
"1254","AEB66110.1","V159A","arth","birFit",-1.20669307556647
"1255","AEB66111.1","V159A","arth","mosFit",-0.770188640378523
"1256","AEB66111.1","V159A","arth","humFit",-0.940724558026975
"1257","AEB66111.1","V159A","arth","birFit",-1.20669307556647
"1258","AEB66112.1","N199S","arth","mosFit",-0.450732812430336
"1259","AEB66112.1","N199S","arth","humFit",-0.491560986365038
"1260","AEB66112.1","N199S","arth","birFit",-0.711826419495932
"1261","AEB66112.1","V159A","arth","mosFit",-0.770188640378523
"1262","AEB66112.1","V159A","arth","humFit",-0.940724558026975
"1263","AEB66112.1","V159A","arth","birFit",-1.20669307556647
"1264","AEB66114.1","V159A","arth","mosFit",-0.770188640378523
"1265","AEB66114.1","V159A","arth","humFit",-0.940724558026975
"1266","AEB66114.1","V159A","arth","birFit",-1.20669307556647
"1267","AEB66115.1","V159A","arth","mosFit",-0.770188640378523
"1268","AEB66115.1","V159A","arth","humFit",-0.940724558026975
"1269","AEB66115.1","V159A","arth","birFit",-1.20669307556647
"1270","AEB66116.1","V159A","arth","mosFit",-0.770188640378523
"1271","AEB66116.1","V159A","arth","humFit",-0.940724558026975
"1272","AEB66116.1","V159A","arth","birFit",-1.20669307556647
"1273","AEB66117.1","V159A","arth","mosFit",-0.770188640378523
"1274","AEB66117.1","V159A","arth","humFit",-0.940724558026975
"1275","AEB66117.1","V159A","arth","birFit",-1.20669307556647
"1276","AEB66118.1","V159A","bird","mosFit",-0.770188640378523
"1277","AEB66118.1","V159A","bird","humFit",-0.940724558026975
"1278","AEB66118.1","V159A","bird","birFit",-1.20669307556647
"1279","AEB66119.1","V159A","bird","mosFit",-0.770188640378523
"1280","AEB66119.1","V159A","bird","humFit",-0.940724558026975
"1281","AEB66119.1","V159A","bird","birFit",-1.20669307556647
"1282","AEB66121.1","V159A","bird","mosFit",-0.770188640378523
"1283","AEB66121.1","V159A","bird","humFit",-0.940724558026975
"1284","AEB66121.1","V159A","bird","birFit",-1.20669307556647
"1285","AEB66131.1","V159A","bird","mosFit",-0.770188640378523
"1286","AEB66131.1","V159A","bird","humFit",-0.940724558026975
"1287","AEB66131.1","V159A","bird","birFit",-1.20669307556647
"1288","AEB66132.1","V159A","arth","mosFit",-0.770188640378523
"1289","AEB66132.1","V159A","arth","humFit",-0.940724558026975
"1290","AEB66132.1","V159A","arth","birFit",-1.20669307556647
"1291","AEE39281.1","V159A","bird","mosFit",-0.770188640378523
"1292","AEE39281.1","V159A","bird","humFit",-0.940724558026975
"1293","AEE39281.1","V159A","bird","birFit",-1.20669307556647
"1294","AEE39283.1","V159A","bird","mosFit",-0.770188640378523
"1295","AEE39283.1","V159A","bird","humFit",-0.940724558026975
"1296","AEE39283.1","V159A","bird","birFit",-1.20669307556647
"1297","AEE39284.1","V159A","bird","mosFit",-0.770188640378523
"1298","AEE39284.1","V159A","bird","humFit",-0.940724558026975
"1299","AEE39284.1","V159A","bird","birFit",-1.20669307556647
"1300","AEE39285.1","V159A","arth","mosFit",-0.770188640378523
"1301","AEE39285.1","V159A","arth","humFit",-0.940724558026975
"1302","AEE39285.1","V159A","arth","birFit",-1.20669307556647
"1303","AEE39287.1","V159A","bird","mosFit",-0.770188640378523
"1304","AEE39287.1","V159A","bird","humFit",-0.940724558026975
"1305","AEE39287.1","V159A","bird","birFit",-1.20669307556647
"1306","AEE39290.1","V159A","bird","mosFit",-0.770188640378523
"1307","AEE39290.1","V159A","bird","humFit",-0.940724558026975
"1308","AEE39290.1","V159A","bird","birFit",-1.20669307556647
"1309","AEE39292.1","I460L","arth","mosFit",-1.91929017954616
"1310","AEE39292.1","I460L","arth","humFit",-1.67102546864733
"1311","AEE39292.1","I460L","arth","birFit",-1.98469035132318
"1312","AEE39292.1","V159A","arth","mosFit",-0.770188640378523
"1313","AEE39292.1","V159A","arth","humFit",-0.940724558026975
"1314","AEE39292.1","V159A","arth","birFit",-1.20669307556647
"1315","AEE39296.1","N475S","arth","mosFit",-1.13949689019667
"1316","AEE39296.1","N475S","arth","humFit",-1.6754308177689
"1317","AEE39296.1","N475S","arth","birFit",-1.22095895923841
"1318","AEE39296.1","V159A","arth","mosFit",-0.770188640378523
"1319","AEE39296.1","V159A","arth","humFit",-0.940724558026975
"1320","AEE39296.1","V159A","arth","birFit",-1.20669307556647
"1321","AEA11235.1","D317A","mam","mosFit",-0.66478119648486
"1322","AEA11235.1","D317A","mam","humFit",-0.878367548248967
"1323","AEA11235.1","D317A","mam","birFit",-0.579169788885741
"1324","AEA11235.1","S452L","mam","mosFit",-1.52629066145673
"1325","AEA11235.1","S452L","mam","humFit",-1.52493013336219
"1326","AEA11235.1","S452L","mam","birFit",-0.544394005362858
"1327","AEE99009.1","M46V","bird","mosFit",-1.00943575214848
"1328","AEE99009.1","M46V","bird","humFit",-1.50794548780793
"1329","AEE99009.1","M46V","bird","birFit",-1.25836013036508
"1330","AEE99009.1","V159A","bird","mosFit",-0.770188640378523
"1331","AEE99009.1","V159A","bird","humFit",-0.940724558026975
"1332","AEE99009.1","V159A","bird","birFit",-1.20669307556647
"1333","AEE99010.1","V159A","bird","mosFit",-0.770188640378523
"1334","AEE99010.1","V159A","bird","humFit",-0.940724558026975
"1335","AEE99010.1","V159A","bird","birFit",-1.20669307556647
"1336","AEE99011.1","S452L","mam","mosFit",-1.52629066145673
"1337","AEE99011.1","S452L","mam","humFit",-1.52493013336219
"1338","AEE99011.1","S452L","mam","birFit",-0.544394005362858
"1339","AEE99020.1","V159A","arth","mosFit",-0.770188640378523
"1340","AEE99020.1","V159A","arth","humFit",-0.940724558026975
"1341","AEE99020.1","V159A","arth","birFit",-1.20669307556647
"1342","AEE99038.1","V159A","arth","mosFit",-0.770188640378523
"1343","AEE99038.1","V159A","arth","humFit",-0.940724558026975
"1344","AEE99038.1","V159A","arth","birFit",-1.20669307556647
"1345","AEE99039.1","V159A","arth","mosFit",-0.770188640378523
"1346","AEE99039.1","V159A","arth","humFit",-0.940724558026975
"1347","AEE99039.1","V159A","arth","birFit",-1.20669307556647
"1348","AEE99040.1","V159A","arth","mosFit",-0.770188640378523
"1349","AEE99040.1","V159A","arth","humFit",-0.940724558026975
"1350","AEE99040.1","V159A","arth","birFit",-1.20669307556647
"1351","AEE99043.1","V159A","arth","mosFit",-0.770188640378523
"1352","AEE99043.1","V159A","arth","humFit",-0.940724558026975
"1353","AEE99043.1","V159A","arth","birFit",-1.20669307556647
"1354","AEE99045.1","I126V","arth","mosFit",-0.638126186245388
"1355","AEE99045.1","I126V","arth","humFit",-1.03939699431101
"1356","AEE99045.1","I126V","arth","birFit",-0.614499386478914
"1357","AEE99045.1","K124N","arth","mosFit",-0.428947425860832
"1358","AEE99045.1","K124N","arth","humFit",-0.942303112207202
"1359","AEE99045.1","K124N","arth","birFit",-2.47399893292351
"1360","AEE99045.1","V159A","arth","mosFit",-0.770188640378523
"1361","AEE99045.1","V159A","arth","humFit",-0.940724558026975
"1362","AEE99045.1","V159A","arth","birFit",-1.20669307556647
"1363","AEE99046.1","V159A","arth","mosFit",-0.770188640378523
"1364","AEE99046.1","V159A","arth","humFit",-0.940724558026975
"1365","AEE99046.1","V159A","arth","birFit",-1.20669307556647
"1366","AEE99047.1","V159A","arth","mosFit",-0.770188640378523
"1367","AEE99047.1","V159A","arth","humFit",-0.940724558026975
"1368","AEE99047.1","V159A","arth","birFit",-1.20669307556647
"1369","AEE99048.1","V159A","arth","mosFit",-0.770188640378523
"1370","AEE99048.1","V159A","arth","humFit",-0.940724558026975
"1371","AEE99048.1","V159A","arth","birFit",-1.20669307556647
"1372","AEE99049.1","V159A","arth","mosFit",-0.770188640378523
"1373","AEE99049.1","V159A","arth","humFit",-0.940724558026975
"1374","AEE99049.1","V159A","arth","birFit",-1.20669307556647
"1375","AEE99050.1","V159A","arth","mosFit",-0.770188640378523
"1376","AEE99050.1","V159A","arth","humFit",-0.940724558026975
"1377","AEE99050.1","V159A","arth","birFit",-1.20669307556647
"1378","AEE99053.1","V159A","arth","mosFit",-0.770188640378523
"1379","AEE99053.1","V159A","arth","humFit",-0.940724558026975
"1380","AEE99053.1","V159A","arth","birFit",-1.20669307556647
"1381","AEE99054.1","V159A","arth","mosFit",-0.770188640378523
"1382","AEE99054.1","V159A","arth","humFit",-0.940724558026975
"1383","AEE99054.1","V159A","arth","birFit",-1.20669307556647
"1384","AEE99055.1","K413R","arth","mosFit",-1.13949340238458
"1385","AEE99055.1","K413R","arth","humFit",-1.3540644803021
"1386","AEE99055.1","K413R","arth","birFit",-1.20598817310399
"1387","AEE99055.1","V159A","arth","mosFit",-0.770188640378523
"1388","AEE99055.1","V159A","arth","humFit",-0.940724558026975
"1389","AEE99055.1","V159A","arth","birFit",-1.20669307556647
"1390","AEE99057.1","V159A","arth","mosFit",-0.770188640378523
"1391","AEE99057.1","V159A","arth","humFit",-0.940724558026975
"1392","AEE99057.1","V159A","arth","birFit",-1.20669307556647
"1393","AEE99059.1","V159A","arth","mosFit",-0.770188640378523
"1394","AEE99059.1","V159A","arth","humFit",-0.940724558026975
"1395","AEE99059.1","V159A","arth","birFit",-1.20669307556647
"1396","AEE99060.1","A161S","arth","mosFit",-1.39331331174182
"1397","AEE99060.1","A161S","arth","humFit",-1.27826703790939
"1398","AEE99060.1","A161S","arth","birFit",-1.50005156002247
"1399","AEE99060.1","V159A","arth","mosFit",-0.770188640378523
"1400","AEE99060.1","V159A","arth","humFit",-0.940724558026975
"1401","AEE99060.1","V159A","arth","birFit",-1.20669307556647
"1402","AEE99061.1","V159A","arth","mosFit",-0.770188640378523
"1403","AEE99061.1","V159A","arth","humFit",-0.940724558026975
"1404","AEE99061.1","V159A","arth","birFit",-1.20669307556647
"1405","AEE99062.1","V159A","arth","mosFit",-0.770188640378523
"1406","AEE99062.1","V159A","arth","humFit",-0.940724558026975
"1407","AEE99062.1","V159A","arth","birFit",-1.20669307556647
"1408","AEE99063.1","V159A","arth","mosFit",-0.770188640378523
"1409","AEE99063.1","V159A","arth","humFit",-0.940724558026975
"1410","AEE99063.1","V159A","arth","birFit",-1.20669307556647
"1411","AEE99070.1","V159A","arth","mosFit",-0.770188640378523
"1412","AEE99070.1","V159A","arth","humFit",-0.940724558026975
"1413","AEE99070.1","V159A","arth","birFit",-1.20669307556647
"1414","AEF01498.1","V159A","bird","mosFit",-0.770188640378523
"1415","AEF01498.1","V159A","bird","humFit",-0.940724558026975
"1416","AEF01498.1","V159A","bird","birFit",-1.20669307556647
"1417","AEK82745.1","V159A","arth","mosFit",-0.770188640378523
"1418","AEK82745.1","V159A","arth","humFit",-0.940724558026975
"1419","AEK82745.1","V159A","arth","birFit",-1.20669307556647
"1420","AEK82747.1","V159A","arth","mosFit",-0.770188640378523
"1421","AEK82747.1","V159A","arth","humFit",-0.940724558026975
"1422","AEK82747.1","V159A","arth","birFit",-1.20669307556647
"1423","AEK82748.1","V159A","arth","mosFit",-0.770188640378523
"1424","AEK82748.1","V159A","arth","humFit",-0.940724558026975
"1425","AEK82748.1","V159A","arth","birFit",-1.20669307556647
"1426","AEK99014.1","I126T","bird","mosFit",-0.832702958949661
"1427","AEK99014.1","I126T","bird","humFit",-0.584793993478891
"1428","AEK99014.1","I126T","bird","birFit",-0.806393726680972
"1429","AEK99014.1","V159I","bird","mosFit",-0.558714890171021
"1430","AEK99014.1","V159I","bird","humFit",-0.558139699453942
"1431","AEK99014.1","V159I","bird","birFit",-2.32415508195564
"1432","AEK99015.1","I126T","bird","mosFit",-0.832702958949661
"1433","AEK99015.1","I126T","bird","humFit",-0.584793993478891
"1434","AEK99015.1","I126T","bird","birFit",-0.806393726680972
"1435","AEK99015.1","V159I","bird","mosFit",-0.558714890171021
"1436","AEK99015.1","V159I","bird","humFit",-0.558139699453942
"1437","AEK99015.1","V159I","bird","birFit",-2.32415508195564
"1438","AEK99017.1","I126T","bird","mosFit",-0.832702958949661
"1439","AEK99017.1","I126T","bird","humFit",-0.584793993478891
"1440","AEK99017.1","I126T","bird","birFit",-0.806393726680972
"1441","AEK99017.1","V159I","bird","mosFit",-0.558714890171021
"1442","AEK99017.1","V159I","bird","humFit",-0.558139699453942
"1443","AEK99017.1","V159I","bird","birFit",-2.32415508195564
"1444","AEK99018.1","I126T","mam","mosFit",-0.832702958949661
"1445","AEK99018.1","I126T","mam","humFit",-0.584793993478891
"1446","AEK99018.1","I126T","mam","birFit",-0.806393726680972
"1447","AEK99018.1","V24I","mam","mosFit",-0.696264322618001
"1448","AEK99018.1","V24I","mam","humFit",-0.63042658372981
"1449","AEK99018.1","V24I","mam","birFit",-0.460908983172413
"1450","AEK99018.1","V159I","mam","mosFit",-0.558714890171021
"1451","AEK99018.1","V159I","mam","humFit",-0.558139699453942
"1452","AEK99018.1","V159I","mam","birFit",-2.32415508195564
"1453","AEQ20673.1","V159A","bird","mosFit",-0.770188640378523
"1454","AEQ20673.1","V159A","bird","humFit",-0.940724558026975
"1455","AEQ20673.1","V159A","bird","birFit",-1.20669307556647
"1456","AEQ20674.1","R93K","bird","mosFit",-1.16620801408455
"1457","AEQ20674.1","R93K","bird","humFit",-1.6946246386064
"1458","AEQ20674.1","R93K","bird","birFit",-1.65437780402793
"1459","AEQ20674.1","V159A","bird","mosFit",-0.770188640378523
"1460","AEQ20674.1","V159A","bird","humFit",-0.940724558026975
"1461","AEQ20674.1","V159A","bird","birFit",-1.20669307556647
"1462","AEQ20676.1","V159A","bird","mosFit",-0.770188640378523
"1463","AEQ20676.1","V159A","bird","humFit",-0.940724558026975
"1464","AEQ20676.1","V159A","bird","birFit",-1.20669307556647
"1465","AEQ20679.1","V159A","arth","mosFit",-0.770188640378523
"1466","AEQ20679.1","V159A","arth","humFit",-0.940724558026975
"1467","AEQ20679.1","V159A","arth","birFit",-1.20669307556647
"1468","AEQ20680.1","S452L","bird","mosFit",-1.52629066145673
"1469","AEQ20680.1","S452L","bird","humFit",-1.52493013336219
"1470","AEQ20680.1","S452L","bird","birFit",-0.544394005362858
"1471","AEQ20684.1","S452L","arth","mosFit",-1.52629066145673
"1472","AEQ20684.1","S452L","arth","humFit",-1.52493013336219
"1473","AEQ20684.1","S452L","arth","birFit",-0.544394005362858
"1474","AEV45199.1","I126T","mam","mosFit",-0.832702958949661
"1475","AEV45199.1","I126T","mam","humFit",-0.584793993478891
"1476","AEV45199.1","I126T","mam","birFit",-0.806393726680972
"1477","AEV45199.1","V159I","mam","mosFit",-0.558714890171021
"1478","AEV45199.1","V159I","mam","humFit",-0.558139699453942
"1479","AEV45199.1","V159I","mam","birFit",-2.32415508195564
"1480","AEW27226.1","S452L","mam","mosFit",-1.52629066145673
"1481","AEW27226.1","S452L","mam","humFit",-1.52493013336219
"1482","AEW27226.1","S452L","mam","birFit",-0.544394005362858
"1483","AEZ56180.1","V159A","arth","mosFit",-0.770188640378523
"1484","AEZ56180.1","V159A","arth","humFit",-0.940724558026975
"1485","AEZ56180.1","V159A","arth","birFit",-1.20669307556647
"1486","AEZ56187.1","V159A","bird","mosFit",-0.770188640378523
"1487","AEZ56187.1","V159A","bird","humFit",-0.940724558026975
"1488","AEZ56187.1","V159A","bird","birFit",-1.20669307556647
"1489","AEZ56194.1","V159A","bird","mosFit",-0.770188640378523
"1490","AEZ56194.1","V159A","bird","humFit",-0.940724558026975
"1491","AEZ56194.1","V159A","bird","birFit",-1.20669307556647
"1492","AFB76633.1","Q328H","bird","mosFit",0.0554313757727105
"1493","AFB76633.1","Q328H","bird","humFit",-0.29266239733631
"1494","AFB76633.1","Q328H","bird","birFit",-0.629157678879738
"1495","AFJ05103.1","L312I","mam","mosFit",-1.58644000200588
"1496","AFJ05103.1","L312I","mam","humFit",-2.03811578012771
"1497","AFJ05103.1","L312I","mam","birFit",-1.53399061283722
"1498","AFJ05103.1","V159A","mam","mosFit",-0.770188640378523
"1499","AFJ05103.1","V159A","mam","humFit",-0.940724558026975
"1500","AFJ05103.1","V159A","mam","birFit",-1.20669307556647
"1501","AFJ05104.1","V159A","mam","mosFit",-0.770188640378523
"1502","AFJ05104.1","V159A","mam","humFit",-0.940724558026975
"1503","AFJ05104.1","V159A","mam","birFit",-1.20669307556647
"1504","AFJ05106.1","V159A","mam","mosFit",-0.770188640378523
"1505","AFJ05106.1","V159A","mam","humFit",-0.940724558026975
"1506","AFJ05106.1","V159A","mam","birFit",-1.20669307556647
"1507","AFJ05107.1","T314N","mam","mosFit",-0.475453552710466
"1508","AFJ05107.1","T314N","mam","humFit",0.096683344652388
"1509","AFJ05107.1","T314N","mam","birFit",-0.657305068281627
"1510","AFJ05107.1","V159A","mam","mosFit",-0.770188640378523
"1511","AFJ05107.1","V159A","mam","humFit",-0.940724558026975
"1512","AFJ05107.1","V159A","mam","birFit",-1.20669307556647
"1513","AFP50425.1","I126T","mam","mosFit",-0.832702958949661
"1514","AFP50425.1","I126T","mam","humFit",-0.584793993478891
"1515","AFP50425.1","I126T","mam","birFit",-0.806393726680972
"1516","AFP50425.1","V159I","mam","mosFit",-0.558714890171021
"1517","AFP50425.1","V159I","mam","humFit",-0.558139699453942
"1518","AFP50425.1","V159I","mam","birFit",-2.32415508195564
"1519","AFP50426.1","I126T","mam","mosFit",-0.832702958949661
"1520","AFP50426.1","I126T","mam","humFit",-0.584793993478891
"1521","AFP50426.1","I126T","mam","birFit",-0.806393726680972
"1522","AFP50426.1","V159I","mam","mosFit",-0.558714890171021
"1523","AFP50426.1","V159I","mam","humFit",-0.558139699453942
"1524","AFP50426.1","V159I","mam","birFit",-2.32415508195564
"1525","AFR36922.1","I126T","mam","mosFit",-0.832702958949661
"1526","AFR36922.1","I126T","mam","humFit",-0.584793993478891
"1527","AFR36922.1","I126T","mam","birFit",-0.806393726680972
"1528","AFR36922.1","V159I","mam","mosFit",-0.558714890171021
"1529","AFR36922.1","V159I","mam","humFit",-0.558139699453942
"1530","AFR36922.1","V159I","mam","birFit",-2.32415508195564
"1531","AFX61600.1","V159A","arth","mosFit",-0.770188640378523
"1532","AFX61600.1","V159A","arth","humFit",-0.940724558026975
"1533","AFX61600.1","V159A","arth","birFit",-1.20669307556647
"1534","AFX61601.1","V159A","arth","mosFit",-0.770188640378523
"1535","AFX61601.1","V159A","arth","humFit",-0.940724558026975
"1536","AFX61601.1","V159A","arth","birFit",-1.20669307556647
"1537","AFX61602.1","V159A","arth","mosFit",-0.770188640378523
"1538","AFX61602.1","V159A","arth","humFit",-0.940724558026975
"1539","AFX61602.1","V159A","arth","birFit",-1.20669307556647
"1540","AFX61603.1","V159A","arth","mosFit",-0.770188640378523
"1541","AFX61603.1","V159A","arth","humFit",-0.940724558026975
"1542","AFX61603.1","V159A","arth","birFit",-1.20669307556647
"1543","AFX61604.1","A51T","arth","mosFit",-1.05030646712279
"1544","AFX61604.1","A51T","arth","humFit",-1.29546657960075
"1545","AFX61604.1","A51T","arth","birFit",-1.72619783601487
"1546","AFX61604.1","V159A","arth","mosFit",-0.770188640378523
"1547","AFX61604.1","V159A","arth","humFit",-0.940724558026975
"1548","AFX61604.1","V159A","arth","birFit",-1.20669307556647
"1549","AFX61607.1","A51T","arth","mosFit",-1.05030646712279
"1550","AFX61607.1","A51T","arth","humFit",-1.29546657960075
"1551","AFX61607.1","A51T","arth","birFit",-1.72619783601487
"1552","AFX61607.1","V159A","arth","mosFit",-0.770188640378523
"1553","AFX61607.1","V159A","arth","humFit",-0.940724558026975
"1554","AFX61607.1","V159A","arth","birFit",-1.20669307556647
"1555","AFX61608.1","V159A","arth","mosFit",-0.770188640378523
"1556","AFX61608.1","V159A","arth","humFit",-0.940724558026975
"1557","AFX61608.1","V159A","arth","birFit",-1.20669307556647
"1558","AGI60262.1","I126T","arth","mosFit",-0.832702958949661
"1559","AGI60262.1","I126T","arth","humFit",-0.584793993478891
"1560","AGI60262.1","I126T","arth","birFit",-0.806393726680972
"1561","AGI60262.1","V159I","arth","mosFit",-0.558714890171021
"1562","AGI60262.1","V159I","arth","humFit",-0.558139699453942
"1563","AGI60262.1","V159I","arth","birFit",-2.32415508195564
"1564","AGI60263.1","I126T","arth","mosFit",-0.832702958949661
"1565","AGI60263.1","I126T","arth","humFit",-0.584793993478891
"1566","AGI60263.1","I126T","arth","birFit",-0.806393726680972
"1567","AGI60263.1","V159I","arth","mosFit",-0.558714890171021
"1568","AGI60263.1","V159I","arth","humFit",-0.558139699453942
"1569","AGI60263.1","V159I","arth","birFit",-2.32415508195564
"1570","AGI60265.1","I373N","arth","mosFit",-2.41367286150027
"1571","AGI60265.1","I373N","arth","humFit",-2.77860407135952
"1572","AGI60265.1","I373N","arth","birFit",-3.19971664388829
"1573","AGI60266.1","I126T","arth","mosFit",-0.832702958949661
"1574","AGI60266.1","I126T","arth","humFit",-0.584793993478891
"1575","AGI60266.1","I126T","arth","birFit",-0.806393726680972
"1576","AGI60266.1","V159I","arth","mosFit",-0.558714890171021
"1577","AGI60266.1","V159I","arth","humFit",-0.558139699453942
"1578","AGI60266.1","V159I","arth","birFit",-2.32415508195564
"1579","AGI60267.1","I126T","arth","mosFit",-0.832702958949661
"1580","AGI60267.1","I126T","arth","humFit",-0.584793993478891
"1581","AGI60267.1","I126T","arth","birFit",-0.806393726680972
"1582","AGI60267.1","V159I","arth","mosFit",-0.558714890171021
"1583","AGI60267.1","V159I","arth","humFit",-0.558139699453942
"1584","AGI60267.1","V159I","arth","birFit",-2.32415508195564
"1585","AGI60268.1","I126T","arth","mosFit",-0.832702958949661
"1586","AGI60268.1","I126T","arth","humFit",-0.584793993478891
"1587","AGI60268.1","I126T","arth","birFit",-0.806393726680972
"1588","AGI60268.1","L412F","arth","mosFit",-1.37565594648295
"1589","AGI60268.1","L412F","arth","humFit",-1.19849354893594
"1590","AGI60268.1","L412F","arth","birFit",-1.69757764928015
"1591","AGI60268.1","V159I","arth","mosFit",-0.558714890171021
"1592","AGI60268.1","V159I","arth","humFit",-0.558139699453942
"1593","AGI60268.1","V159I","arth","birFit",-2.32415508195564
"1594","AGI60269.1","I126T","arth","mosFit",-0.832702958949661
"1595","AGI60269.1","I126T","arth","humFit",-0.584793993478891
"1596","AGI60269.1","I126T","arth","birFit",-0.806393726680972
"1597","AGI60269.1","V159I","arth","mosFit",-0.558714890171021
"1598","AGI60269.1","V159I","arth","humFit",-0.558139699453942
"1599","AGI60269.1","V159I","arth","birFit",-2.32415508195564
"1600","AGI60270.1","E243K","arth","mosFit",-1.66856528556143
"1601","AGI60270.1","E243K","arth","humFit",-2.27496887339149
"1602","AGI60270.1","E243K","arth","birFit",-2.22562834192232
"1603","AGI60270.1","I126T","arth","mosFit",-0.832702958949661
"1604","AGI60270.1","I126T","arth","humFit",-0.584793993478891
"1605","AGI60270.1","I126T","arth","birFit",-0.806393726680972
"1606","AGI60270.1","V159I","arth","mosFit",-0.558714890171021
"1607","AGI60270.1","V159I","arth","humFit",-0.558139699453942
"1608","AGI60270.1","V159I","arth","birFit",-2.32415508195564
"1609","AGN98141.1","V159A","arth","mosFit",-0.770188640378523
"1610","AGN98141.1","V159A","arth","humFit",-0.940724558026975
"1611","AGN98141.1","V159A","arth","birFit",-1.20669307556647
"1612","AGN98145.1","L12V","arth","mosFit",-0.435512962510652
"1613","AGN98145.1","L12V","arth","humFit",-1.25626384032105
"1614","AGN98145.1","L12V","arth","birFit",-2.03882610090883
"1615","AGN98145.1","V159A","arth","mosFit",-0.770188640378523
"1616","AGN98145.1","V159A","arth","humFit",-0.940724558026975
"1617","AGN98145.1","V159A","arth","birFit",-1.20669307556647
"1618","AGN98147.1","V159A","arth","mosFit",-0.770188640378523
"1619","AGN98147.1","V159A","arth","humFit",-0.940724558026975
"1620","AGN98147.1","V159A","arth","birFit",-1.20669307556647
"1621","AGN98148.1","L12V","arth","mosFit",-0.435512962510652
"1622","AGN98148.1","L12V","arth","humFit",-1.25626384032105
"1623","AGN98148.1","L12V","arth","birFit",-2.03882610090883
"1624","AGN98148.1","V159A","arth","mosFit",-0.770188640378523
"1625","AGN98148.1","V159A","arth","humFit",-0.940724558026975
"1626","AGN98148.1","V159A","arth","birFit",-1.20669307556647
"1627","AGN98152.1","T64A","arth","mosFit",-0.746764698739062
"1628","AGN98152.1","T64A","arth","humFit",-1.15899110670822
"1629","AGN98152.1","T64A","arth","birFit",-0.738531064120427
"1630","AGN98152.1","V159A","arth","mosFit",-0.770188640378523
"1631","AGN98152.1","V159A","arth","humFit",-0.940724558026975
"1632","AGN98152.1","V159A","arth","birFit",-1.20669307556647
"1633","AGN98153.1","V159A","arth","mosFit",-0.770188640378523
"1634","AGN98153.1","V159A","arth","humFit",-0.940724558026975
"1635","AGN98153.1","V159A","arth","birFit",-1.20669307556647
"1636","AGN98154.1","A89V","arth","mosFit",-1.23654462617329
"1637","AGN98154.1","A89V","arth","humFit",-1.02678797105557
"1638","AGN98154.1","A89V","arth","birFit",-1.69067188292992
"1639","AGN98154.1","T123N","arth","mosFit",-0.14848344037329
"1640","AGN98154.1","T123N","arth","humFit",0.364382738576224
"1641","AGN98154.1","T123N","arth","birFit",-0.482392159907358
"1642","AGN98154.1","V159A","arth","mosFit",-0.770188640378523
"1643","AGN98154.1","V159A","arth","humFit",-0.940724558026975
"1644","AGN98154.1","V159A","arth","birFit",-1.20669307556647
"1645","AGN98155.1","V159A","arth","mosFit",-0.770188640378523
"1646","AGN98155.1","V159A","arth","humFit",-0.940724558026975
"1647","AGN98155.1","V159A","arth","birFit",-1.20669307556647
"1648","AGN98156.1","R479K","arth","mosFit",-1.34639490384393
"1649","AGN98156.1","R479K","arth","humFit",-0.883881160197732
"1650","AGN98156.1","R479K","arth","birFit",-1.21606442119793
"1651","AGN98156.1","T123N","arth","mosFit",-0.14848344037329
"1652","AGN98156.1","T123N","arth","humFit",0.364382738576224
"1653","AGN98156.1","T123N","arth","birFit",-0.482392159907358
"1654","AGN98156.1","V159A","arth","mosFit",-0.770188640378523
"1655","AGN98156.1","V159A","arth","humFit",-0.940724558026975
"1656","AGN98156.1","V159A","arth","birFit",-1.20669307556647
"1657","AGS78392.1","I126T","mam","mosFit",-0.832702958949661
"1658","AGS78392.1","I126T","mam","humFit",-0.584793993478891
"1659","AGS78392.1","I126T","mam","birFit",-0.806393726680972
"1660","AGS78392.1","V159I","mam","mosFit",-0.558714890171021
"1661","AGS78392.1","V159I","mam","humFit",-0.558139699453942
"1662","AGS78392.1","V159I","mam","birFit",-2.32415508195564
"1663","AGW24516.1","I126T","mam","mosFit",-0.832702958949661
"1664","AGW24516.1","I126T","mam","humFit",-0.584793993478891
"1665","AGW24516.1","I126T","mam","birFit",-0.806393726680972
"1666","AGW24516.1","V159I","mam","mosFit",-0.558714890171021
"1667","AGW24516.1","V159I","mam","humFit",-0.558139699453942
"1668","AGW24516.1","V159I","mam","birFit",-2.32415508195564
"1669","AGW25438.1","V159A","bird","mosFit",-0.770188640378523
"1670","AGW25438.1","V159A","bird","humFit",-0.940724558026975
"1671","AGW25438.1","V159A","bird","birFit",-1.20669307556647
"1672","AGW25439.1","R93K","bird","mosFit",-1.16620801408455
"1673","AGW25439.1","R93K","bird","humFit",-1.6946246386064
"1674","AGW25439.1","R93K","bird","birFit",-1.65437780402793
"1675","AGW25439.1","V159A","bird","mosFit",-0.770188640378523
"1676","AGW25439.1","V159A","bird","humFit",-0.940724558026975
"1677","AGW25439.1","V159A","bird","birFit",-1.20669307556647
"1678","AGW25440.1","V159A","bird","mosFit",-0.770188640378523
"1679","AGW25440.1","V159A","bird","humFit",-0.940724558026975
"1680","AGW25440.1","V159A","bird","birFit",-1.20669307556647
"1681","AGW25441.1","V159A","bird","mosFit",-0.770188640378523
"1682","AGW25441.1","V159A","bird","humFit",-0.940724558026975
"1683","AGW25441.1","V159A","bird","birFit",-1.20669307556647
"1684","AGW25443.1","V159A","bird","mosFit",-0.770188640378523
"1685","AGW25443.1","V159A","bird","humFit",-0.940724558026975
"1686","AGW25443.1","V159A","bird","birFit",-1.20669307556647
"1687","AGW25445.1","T123N","bird","mosFit",-0.14848344037329
"1688","AGW25445.1","T123N","bird","humFit",0.364382738576224
"1689","AGW25445.1","T123N","bird","birFit",-0.482392159907358
"1690","AGW25445.1","V159A","bird","mosFit",-0.770188640378523
"1691","AGW25445.1","V159A","bird","humFit",-0.940724558026975
"1692","AGW25445.1","V159A","bird","birFit",-1.20669307556647
"1693","AGW25447.1","V159A","bird","mosFit",-0.770188640378523
"1694","AGW25447.1","V159A","bird","humFit",-0.940724558026975
"1695","AGW25447.1","V159A","bird","birFit",-1.20669307556647
"1696","AGW25448.1","V159A","bird","mosFit",-0.770188640378523
"1697","AGW25448.1","V159A","bird","humFit",-0.940724558026975
"1698","AGW25448.1","V159A","bird","birFit",-1.20669307556647
"1699","AGW25449.1","S400F","bird","mosFit",-0.633475574388864
"1700","AGW25449.1","S400F","bird","humFit",-0.641121688798018
"1701","AGW25449.1","S400F","bird","birFit",-1.17177496061838
"1702","AGW25449.1","V159A","bird","mosFit",-0.770188640378523
"1703","AGW25449.1","V159A","bird","humFit",-0.940724558026975
"1704","AGW25449.1","V159A","bird","birFit",-1.20669307556647
"1705","AGW25450.1","V159A","bird","mosFit",-0.770188640378523
"1706","AGW25450.1","V159A","bird","humFit",-0.940724558026975
"1707","AGW25450.1","V159A","bird","birFit",-1.20669307556647
"1708","AGW25451.1","A51T","bird","mosFit",-1.05030646712279
"1709","AGW25451.1","A51T","bird","humFit",-1.29546657960075
"1710","AGW25451.1","A51T","bird","birFit",-1.72619783601487
"1711","AGW25451.1","V159A","bird","mosFit",-0.770188640378523
"1712","AGW25451.1","V159A","bird","humFit",-0.940724558026975
"1713","AGW25451.1","V159A","bird","birFit",-1.20669307556647
"1714","AGW25453.1","T123N","arth","mosFit",-0.14848344037329
"1715","AGW25453.1","T123N","arth","humFit",0.364382738576224
"1716","AGW25453.1","T123N","arth","birFit",-0.482392159907358
"1717","AGW25453.1","V159A","arth","mosFit",-0.770188640378523
"1718","AGW25453.1","V159A","arth","humFit",-0.940724558026975
"1719","AGW25453.1","V159A","arth","birFit",-1.20669307556647
"1720","AGW25454.1","V159A","arth","mosFit",-0.770188640378523
"1721","AGW25454.1","V159A","arth","humFit",-0.940724558026975
"1722","AGW25454.1","V159A","arth","birFit",-1.20669307556647
"1723","AHB37633.1","I126T","mam","mosFit",-0.832702958949661
"1724","AHB37633.1","I126T","mam","humFit",-0.584793993478891
"1725","AHB37633.1","I126T","mam","birFit",-0.806393726680972
"1726","AHB37633.1","V159I","mam","mosFit",-0.558714890171021
"1727","AHB37633.1","V159I","mam","humFit",-0.558139699453942
"1728","AHB37633.1","V159I","mam","birFit",-2.32415508195564
"1729","AHH02658.1","V159A","arth","mosFit",-0.770188640378523
"1730","AHH02658.1","V159A","arth","humFit",-0.940724558026975
"1731","AHH02658.1","V159A","arth","birFit",-1.20669307556647
"1732","AHH02659.1","V159A","bird","mosFit",-0.770188640378523
"1733","AHH02659.1","V159A","bird","humFit",-0.940724558026975
"1734","AHH02659.1","V159A","bird","birFit",-1.20669307556647
"1735","AHH30723.1","I126T","mam","mosFit",-0.832702958949661
"1736","AHH30723.1","I126T","mam","humFit",-0.584793993478891
"1737","AHH30723.1","I126T","mam","birFit",-0.806393726680972
"1738","AHH30723.1","V159I","mam","mosFit",-0.558714890171021
"1739","AHH30723.1","V159I","mam","humFit",-0.558139699453942
"1740","AHH30723.1","V159I","mam","birFit",-2.32415508195564
"1741","AHI43608.1","V159A","arth","mosFit",-0.770188640378523
"1742","AHI43608.1","V159A","arth","humFit",-0.940724558026975
"1743","AHI43608.1","V159A","arth","birFit",-1.20669307556647
"1744","AHI43608.1","V488I","arth","mosFit",-1.31964273869515
"1745","AHI43608.1","V488I","arth","humFit",-0.8797962367099
"1746","AHI43608.1","V488I","arth","birFit",-1.01403221118434
"1747","AHI43609.1","V159A","arth","mosFit",-0.770188640378523
"1748","AHI43609.1","V159A","arth","humFit",-0.940724558026975
"1749","AHI43609.1","V159A","arth","birFit",-1.20669307556647
"1750","AHI43610.1","V159A","arth","mosFit",-0.770188640378523
"1751","AHI43610.1","V159A","arth","humFit",-0.940724558026975
"1752","AHI43610.1","V159A","arth","birFit",-1.20669307556647
"1753","AHI43611.1","V159A","arth","mosFit",-0.770188640378523
"1754","AHI43611.1","V159A","arth","humFit",-0.940724558026975
"1755","AHI43611.1","V159A","arth","birFit",-1.20669307556647
"1756","AHI43612.1","V159A","arth","mosFit",-0.770188640378523
"1757","AHI43612.1","V159A","arth","humFit",-0.940724558026975
"1758","AHI43612.1","V159A","arth","birFit",-1.20669307556647
"1759","AHI43614.1","V159A","arth","mosFit",-0.770188640378523
"1760","AHI43614.1","V159A","arth","humFit",-0.940724558026975
"1761","AHI43614.1","V159A","arth","birFit",-1.20669307556647
"1762","AHI43614.1","V488I","arth","mosFit",-1.31964273869515
"1763","AHI43614.1","V488I","arth","humFit",-0.8797962367099
"1764","AHI43614.1","V488I","arth","birFit",-1.01403221118434
"1765","AHI43616.1","V159A","arth","mosFit",-0.770188640378523
"1766","AHI43616.1","V159A","arth","humFit",-0.940724558026975
"1767","AHI43616.1","V159A","arth","birFit",-1.20669307556647
"1768","AHI43617.1","A161T","arth","mosFit",-0.838825675788317
"1769","AHI43617.1","A161T","arth","humFit",-1.40701704725412
"1770","AHI43617.1","A161T","arth","birFit",-1.49229529893351
"1771","AHI43617.1","V159A","arth","mosFit",-0.770188640378523
"1772","AHI43617.1","V159A","arth","humFit",-0.940724558026975
"1773","AHI43617.1","V159A","arth","birFit",-1.20669307556647
"1774","AHI43618.1","V159A","arth","mosFit",-0.770188640378523
"1775","AHI43618.1","V159A","arth","humFit",-0.940724558026975
"1776","AHI43618.1","V159A","arth","birFit",-1.20669307556647
"1777","AHI43619.1","V159A","bird","mosFit",-0.770188640378523
"1778","AHI43619.1","V159A","bird","humFit",-0.940724558026975
"1779","AHI43619.1","V159A","bird","birFit",-1.20669307556647
"1780","AHI43620.1","L178Q","bird","mosFit",-1.19865401619306
"1781","AHI43620.1","L178Q","bird","humFit",-1.08906226042071
"1782","AHI43620.1","L178Q","bird","birFit",-1.0526624488974
"1783","AHI43621.1","Y176H","bird","mosFit",-0.384822626975956
"1784","AHI43621.1","Y176H","bird","humFit",-0.593918837077759
"1785","AHI43621.1","Y176H","bird","birFit",-0.89306289148201
"1786","AHI43622.1","V159A","bird","mosFit",-0.770188640378523
"1787","AHI43622.1","V159A","bird","humFit",-0.940724558026975
"1788","AHI43622.1","V159A","bird","birFit",-1.20669307556647
"1789","AHI43623.1","V159A","bird","mosFit",-0.770188640378523
"1790","AHI43623.1","V159A","bird","humFit",-0.940724558026975
"1791","AHI43623.1","V159A","bird","birFit",-1.20669307556647
"1792","AHI43624.1","V159A","bird","mosFit",-0.770188640378523
"1793","AHI43624.1","V159A","bird","humFit",-0.940724558026975
"1794","AHI43624.1","V159A","bird","birFit",-1.20669307556647
"1795","AHI43625.1","V159A","bird","mosFit",-0.770188640378523
"1796","AHI43625.1","V159A","bird","humFit",-0.940724558026975
"1797","AHI43625.1","V159A","bird","birFit",-1.20669307556647
"1798","AHI43626.1","V159A","bird","mosFit",-0.770188640378523
"1799","AHI43626.1","V159A","bird","humFit",-0.940724558026975
"1800","AHI43626.1","V159A","bird","birFit",-1.20669307556647
"1801","AHI43628.1","V159A","bird","mosFit",-0.770188640378523
"1802","AHI43628.1","V159A","bird","humFit",-0.940724558026975
"1803","AHI43628.1","V159A","bird","birFit",-1.20669307556647
"1804","AHI43628.1","V488I","bird","mosFit",-1.31964273869515
"1805","AHI43628.1","V488I","bird","humFit",-0.8797962367099
"1806","AHI43628.1","V488I","bird","birFit",-1.01403221118434
"1807","AHI43629.1","V159A","bird","mosFit",-0.770188640378523
"1808","AHI43629.1","V159A","bird","humFit",-0.940724558026975
"1809","AHI43629.1","V159A","bird","birFit",-1.20669307556647
"1810","AHI43630.1","A487V","bird","mosFit",-1.22102251125428
"1811","AHI43630.1","A487V","bird","humFit",-0.859299361120823
"1812","AHI43630.1","A487V","bird","birFit",-1.29030674987266
"1813","AHI43630.1","V159A","bird","mosFit",-0.770188640378523
"1814","AHI43630.1","V159A","bird","humFit",-0.940724558026975
"1815","AHI43630.1","V159A","bird","birFit",-1.20669307556647
"1816","AHI43631.1","V159A","bird","mosFit",-0.770188640378523
"1817","AHI43631.1","V159A","bird","humFit",-0.940724558026975
"1818","AHI43631.1","V159A","bird","birFit",-1.20669307556647
"1819","AHI43632.1","S275T","bird","mosFit",-0.697216662353269
"1820","AHI43632.1","S275T","bird","humFit",-0.7914734755842
"1821","AHI43632.1","S275T","bird","birFit",-2.12431630061468
"1822","AHI43632.1","V159A","bird","mosFit",-0.770188640378523
"1823","AHI43632.1","V159A","bird","humFit",-0.940724558026975
"1824","AHI43632.1","V159A","bird","birFit",-1.20669307556647
"1825","AHI43633.1","V159A","bird","mosFit",-0.770188640378523
"1826","AHI43633.1","V159A","bird","humFit",-0.940724558026975
"1827","AHI43633.1","V159A","bird","birFit",-1.20669307556647
"1828","AHI43634.1","V159A","bird","mosFit",-0.770188640378523
"1829","AHI43634.1","V159A","bird","humFit",-0.940724558026975
"1830","AHI43634.1","V159A","bird","birFit",-1.20669307556647
"1831","AHI43635.1","V159A","bird","mosFit",-0.770188640378523
"1832","AHI43635.1","V159A","bird","humFit",-0.940724558026975
"1833","AHI43635.1","V159A","bird","birFit",-1.20669307556647
"1834","AHI43637.1","V159A","bird","mosFit",-0.770188640378523
"1835","AHI43637.1","V159A","bird","humFit",-0.940724558026975
"1836","AHI43637.1","V159A","bird","birFit",-1.20669307556647
"1837","AHI48937.1","L312I","arth","mosFit",-1.58644000200588
"1838","AHI48937.1","L312I","arth","humFit",-2.03811578012771
"1839","AHI48937.1","L312I","arth","birFit",-1.53399061283722
"1840","AHI48937.1","V159A","arth","mosFit",-0.770188640378523
"1841","AHI48937.1","V159A","arth","humFit",-0.940724558026975
"1842","AHI48937.1","V159A","arth","birFit",-1.20669307556647
"1843","AHI48941.1","S275T","arth","mosFit",-0.697216662353269
"1844","AHI48941.1","S275T","arth","humFit",-0.7914734755842
"1845","AHI48941.1","S275T","arth","birFit",-2.12431630061468
"1846","AHI48941.1","V159A","arth","mosFit",-0.770188640378523
"1847","AHI48941.1","V159A","arth","humFit",-0.940724558026975
"1848","AHI48941.1","V159A","arth","birFit",-1.20669307556647
"1849","AHI48949.1","S275T","arth","mosFit",-0.697216662353269
"1850","AHI48949.1","S275T","arth","humFit",-0.7914734755842
"1851","AHI48949.1","S275T","arth","birFit",-2.12431630061468
"1852","AHI48949.1","V159A","arth","mosFit",-0.770188640378523
"1853","AHI48949.1","V159A","arth","humFit",-0.940724558026975
"1854","AHI48949.1","V159A","arth","birFit",-1.20669307556647
"1855","AHI48950.1","L312I","arth","mosFit",-1.58644000200588
"1856","AHI48950.1","L312I","arth","humFit",-2.03811578012771
"1857","AHI48950.1","L312I","arth","birFit",-1.53399061283722
"1858","AHI48950.1","V159A","arth","mosFit",-0.770188640378523
"1859","AHI48950.1","V159A","arth","humFit",-0.940724558026975
"1860","AHI48950.1","V159A","arth","birFit",-1.20669307556647
"1861","AHI48951.1","V159A","arth","mosFit",-0.770188640378523
"1862","AHI48951.1","V159A","arth","humFit",-0.940724558026975
"1863","AHI48951.1","V159A","arth","birFit",-1.20669307556647
"1864","AHK25471.1","I126T","mam","mosFit",-0.832702958949661
"1865","AHK25471.1","I126T","mam","humFit",-0.584793993478891
"1866","AHK25471.1","I126T","mam","birFit",-0.806393726680972
"1867","AHK25471.1","V159I","mam","mosFit",-0.558714890171021
"1868","AHK25471.1","V159I","mam","humFit",-0.558139699453942
"1869","AHK25471.1","V159I","mam","birFit",-2.32415508195564
"1870","AHK25475.1","I126T","mam","mosFit",-0.832702958949661
"1871","AHK25475.1","I126T","mam","humFit",-0.584793993478891
"1872","AHK25475.1","I126T","mam","birFit",-0.806393726680972
"1873","AHK25475.1","V159I","mam","mosFit",-0.558714890171021
"1874","AHK25475.1","V159I","mam","humFit",-0.558139699453942
"1875","AHK25475.1","V159I","mam","birFit",-2.32415508195564
"1876","AHK25478.1","I126T","bird","mosFit",-0.832702958949661
"1877","AHK25478.1","I126T","bird","humFit",-0.584793993478891
"1878","AHK25478.1","I126T","bird","birFit",-0.806393726680972
"1879","AHK25478.1","V159I","bird","mosFit",-0.558714890171021
"1880","AHK25478.1","V159I","bird","humFit",-0.558139699453942
"1881","AHK25478.1","V159I","bird","birFit",-2.32415508195564
"1882","AHM93890.1","V159A","bird","mosFit",-0.770188640378523
"1883","AHM93890.1","V159A","bird","humFit",-0.940724558026975
"1884","AHM93890.1","V159A","bird","birFit",-1.20669307556647
"1885","AHM93891.1","A316V","bird","mosFit",-0.684886366673537
"1886","AHM93891.1","A316V","bird","humFit",-1.08841178471828
"1887","AHM93891.1","A316V","bird","birFit",-1.63069080381942
"1888","AHM93891.1","V159A","bird","mosFit",-0.770188640378523
"1889","AHM93891.1","V159A","bird","humFit",-0.940724558026975
"1890","AHM93891.1","V159A","bird","birFit",-1.20669307556647
"1891","AHM93892.1","T162I","bird","mosFit",-0.484925920843563
"1892","AHM93892.1","T162I","bird","humFit",-0.478478195050242
"1893","AHM93892.1","T162I","bird","birFit",-0.836575003277271
"1894","AHM93899.1","D83G","bird","mosFit",-1.50369180128362
"1895","AHM93899.1","D83G","bird","humFit",-1.61683679041178
"1896","AHM93899.1","D83G","bird","birFit",-1.87736830804777
"1897","AHM93900.1","T314N","bird","mosFit",-0.475453552710466
"1898","AHM93900.1","T314N","bird","humFit",0.096683344652388
"1899","AHM93900.1","T314N","bird","birFit",-0.657305068281627
"1900","AHM93901.1","A172V","bird","mosFit",-1.04208376509827
"1901","AHM93901.1","A172V","bird","humFit",-0.486369165207567
"1902","AHM93901.1","A172V","bird","birFit",-1.42174258236153
"1903","AHM93901.1","V159A","bird","mosFit",-0.770188640378523
"1904","AHM93901.1","V159A","bird","humFit",-0.940724558026975
"1905","AHM93901.1","V159A","bird","birFit",-1.20669307556647
"1906","AHM93908.1","V159A","arth","mosFit",-0.770188640378523
"1907","AHM93908.1","V159A","arth","humFit",-0.940724558026975
"1908","AHM93908.1","V159A","arth","birFit",-1.20669307556647
"1909","AHM93915.1","V159A","bird","mosFit",-0.770188640378523
"1910","AHM93915.1","V159A","bird","humFit",-0.940724558026975
"1911","AHM93915.1","V159A","bird","birFit",-1.20669307556647
"1912","AHM93921.1","T410A","arth","mosFit",-0.77593426579808
"1913","AHM93921.1","T410A","arth","humFit",-0.756141180236415
"1914","AHM93921.1","T410A","arth","birFit",-0.743395749987262
"1915","AHM93921.1","V159A","arth","mosFit",-0.770188640378523
"1916","AHM93921.1","V159A","arth","humFit",-0.940724558026975
"1917","AHM93921.1","V159A","arth","birFit",-1.20669307556647
"1918","AHM93925.1","V159A","bird","mosFit",-0.770188640378523
"1919","AHM93925.1","V159A","bird","humFit",-0.940724558026975
"1920","AHM93925.1","V159A","bird","birFit",-1.20669307556647
"1921","AHM93928.1","V159A","arth","mosFit",-0.770188640378523
"1922","AHM93928.1","V159A","arth","humFit",-0.940724558026975
"1923","AHM93928.1","V159A","arth","birFit",-1.20669307556647
"1924","AHM93939.1","M46L","bird","mosFit",-1.28256888512887
"1925","AHM93939.1","M46L","bird","humFit",-1.18749493894857
"1926","AHM93939.1","M46L","bird","birFit",-1.65982613542028
"1927","AHM93939.1","V159A","bird","mosFit",-0.770188640378523
"1928","AHM93939.1","V159A","bird","humFit",-0.940724558026975
"1929","AHM93939.1","V159A","bird","birFit",-1.20669307556647
"1930","AHM93940.1","V159A","arth","mosFit",-0.770188640378523
"1931","AHM93940.1","V159A","arth","humFit",-0.940724558026975
"1932","AHM93940.1","V159A","arth","birFit",-1.20669307556647
"1933","AHM93942.1","V159A","arth","mosFit",-0.770188640378523
"1934","AHM93942.1","V159A","arth","humFit",-0.940724558026975
"1935","AHM93942.1","V159A","arth","birFit",-1.20669307556647
"1936","AHM93947.1","H396Y","arth","mosFit",-1.28153097287067
"1937","AHM93947.1","H396Y","arth","humFit",-1.61825696090759
"1938","AHM93947.1","H396Y","arth","birFit",-1.93801839617405
"1939","AHM93947.1","V159A","arth","mosFit",-0.770188640378523
"1940","AHM93947.1","V159A","arth","humFit",-0.940724558026975
"1941","AHM93947.1","V159A","arth","birFit",-1.20669307556647
"1942","AHM93949.1","N394S","arth","mosFit",-0.9700102032146
"1943","AHM93949.1","N394S","arth","humFit",-1.50753547171879
"1944","AHM93949.1","N394S","arth","birFit",-1.54936421419937
"1945","AHM93949.1","V159A","arth","mosFit",-0.770188640378523
"1946","AHM93949.1","V159A","arth","humFit",-0.940724558026975
"1947","AHM93949.1","V159A","arth","birFit",-1.20669307556647
"1948","AHM93952.1","V159A","arth","mosFit",-0.770188640378523
"1949","AHM93952.1","V159A","arth","humFit",-0.940724558026975
"1950","AHM93952.1","V159A","arth","birFit",-1.20669307556647
"1951","AHM93952.1","V188M","arth","mosFit",-1.03158322918261
"1952","AHM93952.1","V188M","arth","humFit",-0.774812134304375
"1953","AHM93952.1","V188M","arth","birFit",-1.22185690465314
"1954","AHM93960.1","V159A","arth","mosFit",-0.770188640378523
"1955","AHM93960.1","V159A","arth","humFit",-0.940724558026975
"1956","AHM93960.1","V159A","arth","birFit",-1.20669307556647
"1957","AHM93961.1","A161S","arth","mosFit",-1.39331331174182
"1958","AHM93961.1","A161S","arth","humFit",-1.27826703790939
"1959","AHM93961.1","A161S","arth","birFit",-1.50005156002247
"1960","AHM93961.1","V159A","arth","mosFit",-0.770188640378523
"1961","AHM93961.1","V159A","arth","humFit",-0.940724558026975
"1962","AHM93961.1","V159A","arth","birFit",-1.20669307556647
"1963","AHM93967.1","L312I","arth","mosFit",-1.58644000200588
"1964","AHM93967.1","L312I","arth","humFit",-2.03811578012771
"1965","AHM93967.1","L312I","arth","birFit",-1.53399061283722
"1966","AHM93967.1","V159A","arth","mosFit",-0.770188640378523
"1967","AHM93967.1","V159A","arth","humFit",-0.940724558026975
"1968","AHM93967.1","V159A","arth","birFit",-1.20669307556647
"1969","AHM93967.1","V206A","arth","mosFit",-0.762788108571796
"1970","AHM93967.1","V206A","arth","humFit",-0.878652573455538
"1971","AHM93967.1","V206A","arth","birFit",-1.71612963687793
"1972","AHM93968.1","A51V","arth","mosFit",-0.902067644511989
"1973","AHM93968.1","A51V","arth","humFit",-1.00081786543754
"1974","AHM93968.1","A51V","arth","birFit",-1.36242609486587
"1975","AHM93968.1","V159A","arth","mosFit",-0.770188640378523
"1976","AHM93968.1","V159A","arth","humFit",-0.940724558026975
"1977","AHM93968.1","V159A","arth","birFit",-1.20669307556647
"1978","AHM93978.1","A120T","arth","mosFit",-0.627541668375108
"1979","AHM93978.1","A120T","arth","humFit",-0.673342265036723
"1980","AHM93978.1","A120T","arth","birFit",-1.35754651162979
"1981","AHM93978.1","V159A","arth","mosFit",-0.770188640378523
"1982","AHM93978.1","V159A","arth","humFit",-0.940724558026975
"1983","AHM93978.1","V159A","arth","birFit",-1.20669307556647
"1984","AHM93983.1","A265S","arth","mosFit",-1.59899304076357
"1985","AHM93983.1","A265S","arth","humFit",-1.94656593193297
"1986","AHM93983.1","A265S","arth","birFit",-2.09347197113202
"1987","AHM93983.1","V159A","arth","mosFit",-0.770188640378523
"1988","AHM93983.1","V159A","arth","humFit",-0.940724558026975
"1989","AHM93983.1","V159A","arth","birFit",-1.20669307556647
"1990","AHM93984.1","K406E","arth","mosFit",-1.69107528366853
"1991","AHM93984.1","K406E","arth","humFit",-2.51068705005476
"1992","AHM93984.1","K406E","arth","birFit",-3.10438899547189
"1993","AHM93984.1","V159A","arth","mosFit",-0.770188640378523
"1994","AHM93984.1","V159A","arth","humFit",-0.940724558026975
"1995","AHM93984.1","V159A","arth","birFit",-1.20669307556647
"1996","AHM93989.1","V159A","arth","mosFit",-0.770188640378523
"1997","AHM93989.1","V159A","arth","humFit",-0.940724558026975
"1998","AHM93989.1","V159A","arth","birFit",-1.20669307556647
"1999","AHW48360.1","V159A","arth","mosFit",-0.770188640378523
"2000","AHW48360.1","V159A","arth","humFit",-0.940724558026975
"2001","AHW48360.1","V159A","arth","birFit",-1.20669307556647
"2002","AHW48361.1","V159A","arth","mosFit",-0.770188640378523
"2003","AHW48361.1","V159A","arth","humFit",-0.940724558026975
"2004","AHW48361.1","V159A","arth","birFit",-1.20669307556647
"2005","AHW48362.1","L483F","arth","mosFit",-1.19340480639413
"2006","AHW48362.1","L483F","arth","humFit",-1.48932760508031
"2007","AHW48362.1","L483F","arth","birFit",-1.55842109549271
"2008","AHW48362.1","V159A","arth","mosFit",-0.770188640378523
"2009","AHW48362.1","V159A","arth","humFit",-0.940724558026975
"2010","AHW48362.1","V159A","arth","birFit",-1.20669307556647
"2011","AHW48363.1","V159A","arth","mosFit",-0.770188640378523
"2012","AHW48363.1","V159A","arth","humFit",-0.940724558026975
"2013","AHW48363.1","V159A","arth","birFit",-1.20669307556647
"2014","AHW48364.1","V159A","arth","mosFit",-0.770188640378523
"2015","AHW48364.1","V159A","arth","humFit",-0.940724558026975
"2016","AHW48364.1","V159A","arth","birFit",-1.20669307556647
"2017","AHW48365.1","V159A","arth","mosFit",-0.770188640378523
"2018","AHW48365.1","V159A","arth","humFit",-0.940724558026975
"2019","AHW48365.1","V159A","arth","birFit",-1.20669307556647
"2020","AHW48367.1","V159A","arth","mosFit",-0.770188640378523
"2021","AHW48367.1","V159A","arth","humFit",-0.940724558026975
"2022","AHW48367.1","V159A","arth","birFit",-1.20669307556647
"2023","AHW48368.1","A89T","arth","mosFit",-1.30087885751106
"2024","AHW48368.1","A89T","arth","humFit",-1.11986453131386
"2025","AHW48368.1","A89T","arth","birFit",-1.54613784612408
"2026","AHW48368.1","V159A","arth","mosFit",-0.770188640378523
"2027","AHW48368.1","V159A","arth","humFit",-0.940724558026975
"2028","AHW48368.1","V159A","arth","birFit",-1.20669307556647
"2029","AHW48369.1","V159A","arth","mosFit",-0.770188640378523
"2030","AHW48369.1","V159A","arth","humFit",-0.940724558026975
"2031","AHW48369.1","V159A","arth","birFit",-1.20669307556647
"2032","AHW48370.1","R479K","arth","mosFit",-1.34639490384393
"2033","AHW48370.1","R479K","arth","humFit",-0.883881160197732
"2034","AHW48370.1","R479K","arth","birFit",-1.21606442119793
"2035","AHW48370.1","V159A","arth","mosFit",-0.770188640378523
"2036","AHW48370.1","V159A","arth","humFit",-0.940724558026975
"2037","AHW48370.1","V159A","arth","birFit",-1.20669307556647
"2038","AHW48372.1","V159A","arth","mosFit",-0.770188640378523
"2039","AHW48372.1","V159A","arth","humFit",-0.940724558026975
"2040","AHW48372.1","V159A","arth","birFit",-1.20669307556647
"2041","AHW48373.1","R479K","arth","mosFit",-1.34639490384393
"2042","AHW48373.1","R479K","arth","humFit",-0.883881160197732
"2043","AHW48373.1","R479K","arth","birFit",-1.21606442119793
"2044","AHW48373.1","V159A","arth","mosFit",-0.770188640378523
"2045","AHW48373.1","V159A","arth","humFit",-0.940724558026975
"2046","AHW48373.1","V159A","arth","birFit",-1.20669307556647
"2047","AHW48374.1","V159A","arth","mosFit",-0.770188640378523
"2048","AHW48374.1","V159A","arth","humFit",-0.940724558026975
"2049","AHW48374.1","V159A","arth","birFit",-1.20669307556647
"2050","AHW48375.1","V159A","arth","mosFit",-0.770188640378523
"2051","AHW48375.1","V159A","arth","humFit",-0.940724558026975
"2052","AHW48375.1","V159A","arth","birFit",-1.20669307556647
"2053","AHW48376.1","V159A","arth","mosFit",-0.770188640378523
"2054","AHW48376.1","V159A","arth","humFit",-0.940724558026975
"2055","AHW48376.1","V159A","arth","birFit",-1.20669307556647
"2056","AHW48377.1","V159A","arth","mosFit",-0.770188640378523
"2057","AHW48377.1","V159A","arth","humFit",-0.940724558026975
"2058","AHW48377.1","V159A","arth","birFit",-1.20669307556647
"2059","AHW48378.1","V159A","arth","mosFit",-0.770188640378523
"2060","AHW48378.1","V159A","arth","humFit",-0.940724558026975
"2061","AHW48378.1","V159A","arth","birFit",-1.20669307556647
"2062","AHW48380.1","V159A","arth","mosFit",-0.770188640378523
"2063","AHW48380.1","V159A","arth","humFit",-0.940724558026975
"2064","AHW48380.1","V159A","arth","birFit",-1.20669307556647
"2065","AHW48380.1","V431I","arth","mosFit",-1.5618331725051
"2066","AHW48380.1","V431I","arth","humFit",-1.65018063952008
"2067","AHW48380.1","V431I","arth","birFit",-1.4496843005941
"2068","AHW48381.1","V159A","arth","mosFit",-0.770188640378523
"2069","AHW48381.1","V159A","arth","humFit",-0.940724558026975
"2070","AHW48381.1","V159A","arth","birFit",-1.20669307556647
"2071","AHW48382.1","V159A","arth","mosFit",-0.770188640378523
"2072","AHW48382.1","V159A","arth","humFit",-0.940724558026975
"2073","AHW48382.1","V159A","arth","birFit",-1.20669307556647
"2074","AHW48384.1","V159A","arth","mosFit",-0.770188640378523
"2075","AHW48384.1","V159A","arth","humFit",-0.940724558026975
"2076","AHW48384.1","V159A","arth","birFit",-1.20669307556647
"2077","AHW48385.1","V159A","arth","mosFit",-0.770188640378523
"2078","AHW48385.1","V159A","arth","humFit",-0.940724558026975
"2079","AHW48385.1","V159A","arth","birFit",-1.20669307556647
"2080","AHW48388.1","V159A","arth","mosFit",-0.770188640378523
"2081","AHW48388.1","V159A","arth","humFit",-0.940724558026975
"2082","AHW48388.1","V159A","arth","birFit",-1.20669307556647
"2083","AHW48390.1","V159A","arth","mosFit",-0.770188640378523
"2084","AHW48390.1","V159A","arth","humFit",-0.940724558026975
"2085","AHW48390.1","V159A","arth","birFit",-1.20669307556647
"2086","AHW48391.1","V159A","arth","mosFit",-0.770188640378523
"2087","AHW48391.1","V159A","arth","humFit",-0.940724558026975
"2088","AHW48391.1","V159A","arth","birFit",-1.20669307556647
"2089","AHW48391.1","V431I","arth","mosFit",-1.5618331725051
"2090","AHW48391.1","V431I","arth","humFit",-1.65018063952008
"2091","AHW48391.1","V431I","arth","birFit",-1.4496843005941
"2092","AHW48392.1","R57S","arth","mosFit",-2.24648055876264
"2093","AHW48392.1","R57S","arth","humFit",-2.79182176543867
"2094","AHW48392.1","R57S","arth","birFit",-2.3695149172655
"2095","AHW48392.1","V159A","arth","mosFit",-0.770188640378523
"2096","AHW48392.1","V159A","arth","humFit",-0.940724558026975
"2097","AHW48392.1","V159A","arth","birFit",-1.20669307556647
"2098","AHW48393.1","V159A","arth","mosFit",-0.770188640378523
"2099","AHW48393.1","V159A","arth","humFit",-0.940724558026975
"2100","AHW48393.1","V159A","arth","birFit",-1.20669307556647
"2101","AHW48393.1","V431I","arth","mosFit",-1.5618331725051
"2102","AHW48393.1","V431I","arth","humFit",-1.65018063952008
"2103","AHW48393.1","V431I","arth","birFit",-1.4496843005941
"2104","AHW48394.1","V159A","arth","mosFit",-0.770188640378523
"2105","AHW48394.1","V159A","arth","humFit",-0.940724558026975
"2106","AHW48394.1","V159A","arth","birFit",-1.20669307556647
"2107","AHW48394.1","V431I","arth","mosFit",-1.5618331725051
"2108","AHW48394.1","V431I","arth","humFit",-1.65018063952008
"2109","AHW48394.1","V431I","arth","birFit",-1.4496843005941
"2110","AHW48396.1","V159A","arth","mosFit",-0.770188640378523
"2111","AHW48396.1","V159A","arth","humFit",-0.940724558026975
"2112","AHW48396.1","V159A","arth","birFit",-1.20669307556647
"2113","AHW48396.1","V431I","arth","mosFit",-1.5618331725051
"2114","AHW48396.1","V431I","arth","humFit",-1.65018063952008
"2115","AHW48396.1","V431I","arth","birFit",-1.4496843005941
"2116","AHW48397.1","T314P","arth","mosFit",-0.492053221984792
"2117","AHW48397.1","T314P","arth","humFit",-0.65620595150521
"2118","AHW48397.1","T314P","arth","birFit",-1.44166687833688
"2119","AHW48397.1","V159A","arth","mosFit",-0.770188640378523
"2120","AHW48397.1","V159A","arth","humFit",-0.940724558026975
"2121","AHW48397.1","V159A","arth","birFit",-1.20669307556647
"2122","AHW48397.1","V431I","arth","mosFit",-1.5618331725051
"2123","AHW48397.1","V431I","arth","humFit",-1.65018063952008
"2124","AHW48397.1","V431I","arth","birFit",-1.4496843005941
"2125","AHW48399.1","V24I","arth","mosFit",-0.696264322618001
"2126","AHW48399.1","V24I","arth","humFit",-0.63042658372981
"2127","AHW48399.1","V24I","arth","birFit",-0.460908983172413
"2128","AHW48399.1","V159A","arth","mosFit",-0.770188640378523
"2129","AHW48399.1","V159A","arth","humFit",-0.940724558026975
"2130","AHW48399.1","V159A","arth","birFit",-1.20669307556647
"2131","AHW48399.1","V431I","arth","mosFit",-1.5618331725051
"2132","AHW48399.1","V431I","arth","humFit",-1.65018063952008
"2133","AHW48399.1","V431I","arth","birFit",-1.4496843005941
"2134","AHW48400.1","V24I","arth","mosFit",-0.696264322618001
"2135","AHW48400.1","V24I","arth","humFit",-0.63042658372981
"2136","AHW48400.1","V24I","arth","birFit",-0.460908983172413
"2137","AHW48400.1","V159A","arth","mosFit",-0.770188640378523
"2138","AHW48400.1","V159A","arth","humFit",-0.940724558026975
"2139","AHW48400.1","V159A","arth","birFit",-1.20669307556647
"2140","AHW48400.1","V431I","arth","mosFit",-1.5618331725051
"2141","AHW48400.1","V431I","arth","humFit",-1.65018063952008
"2142","AHW48400.1","V431I","arth","birFit",-1.4496843005941
"2143","AHW48401.1","V24I","arth","mosFit",-0.696264322618001
"2144","AHW48401.1","V24I","arth","humFit",-0.63042658372981
"2145","AHW48401.1","V24I","arth","birFit",-0.460908983172413
"2146","AHW48401.1","V159A","arth","mosFit",-0.770188640378523
"2147","AHW48401.1","V159A","arth","humFit",-0.940724558026975
"2148","AHW48401.1","V159A","arth","birFit",-1.20669307556647
"2149","AHW48401.1","V431I","arth","mosFit",-1.5618331725051
"2150","AHW48401.1","V431I","arth","humFit",-1.65018063952008
"2151","AHW48401.1","V431I","arth","birFit",-1.4496843005941
"2152","AHW48402.1","V24I","arth","mosFit",-0.696264322618001
"2153","AHW48402.1","V24I","arth","humFit",-0.63042658372981
"2154","AHW48402.1","V24I","arth","birFit",-0.460908983172413
"2155","AHW48402.1","V159A","arth","mosFit",-0.770188640378523
"2156","AHW48402.1","V159A","arth","humFit",-0.940724558026975
"2157","AHW48402.1","V159A","arth","birFit",-1.20669307556647
"2158","AHW48402.1","V431I","arth","mosFit",-1.5618331725051
"2159","AHW48402.1","V431I","arth","humFit",-1.65018063952008
"2160","AHW48402.1","V431I","arth","birFit",-1.4496843005941
"2161","AHW48403.1","V159A","arth","mosFit",-0.770188640378523
"2162","AHW48403.1","V159A","arth","humFit",-0.940724558026975
"2163","AHW48403.1","V159A","arth","birFit",-1.20669307556647
"2164","AHW48403.1","V431I","arth","mosFit",-1.5618331725051
"2165","AHW48403.1","V431I","arth","humFit",-1.65018063952008
"2166","AHW48403.1","V431I","arth","birFit",-1.4496843005941
"2167","AHW48404.1","V24I","arth","mosFit",-0.696264322618001
"2168","AHW48404.1","V24I","arth","humFit",-0.63042658372981
"2169","AHW48404.1","V24I","arth","birFit",-0.460908983172413
"2170","AHW48404.1","V159A","arth","mosFit",-0.770188640378523
"2171","AHW48404.1","V159A","arth","humFit",-0.940724558026975
"2172","AHW48404.1","V159A","arth","birFit",-1.20669307556647
"2173","AHW48404.1","V431I","arth","mosFit",-1.5618331725051
"2174","AHW48404.1","V431I","arth","humFit",-1.65018063952008
"2175","AHW48404.1","V431I","arth","birFit",-1.4496843005941
"2176","AHW48405.1","V24I","arth","mosFit",-0.696264322618001
"2177","AHW48405.1","V24I","arth","humFit",-0.63042658372981
"2178","AHW48405.1","V24I","arth","birFit",-0.460908983172413
"2179","AHW48405.1","V159A","arth","mosFit",-0.770188640378523
"2180","AHW48405.1","V159A","arth","humFit",-0.940724558026975
"2181","AHW48405.1","V159A","arth","birFit",-1.20669307556647
"2182","AHW48405.1","V431I","arth","mosFit",-1.5618331725051
"2183","AHW48405.1","V431I","arth","humFit",-1.65018063952008
"2184","AHW48405.1","V431I","arth","birFit",-1.4496843005941
"2185","AHW48406.1","V24I","arth","mosFit",-0.696264322618001
"2186","AHW48406.1","V24I","arth","humFit",-0.63042658372981
"2187","AHW48406.1","V24I","arth","birFit",-0.460908983172413
"2188","AHW48406.1","V159A","arth","mosFit",-0.770188640378523
"2189","AHW48406.1","V159A","arth","humFit",-0.940724558026975
"2190","AHW48406.1","V159A","arth","birFit",-1.20669307556647
"2191","AHW48406.1","V431I","arth","mosFit",-1.5618331725051
"2192","AHW48406.1","V431I","arth","humFit",-1.65018063952008
"2193","AHW48406.1","V431I","arth","birFit",-1.4496843005941
"2194","AHW48407.1","V159A","arth","mosFit",-0.770188640378523
"2195","AHW48407.1","V159A","arth","humFit",-0.940724558026975
"2196","AHW48407.1","V159A","arth","birFit",-1.20669307556647
"2197","AHW48407.1","V431I","arth","mosFit",-1.5618331725051
"2198","AHW48407.1","V431I","arth","humFit",-1.65018063952008
"2199","AHW48407.1","V431I","arth","birFit",-1.4496843005941
"2200","AHW48408.1","V159A","arth","mosFit",-0.770188640378523
"2201","AHW48408.1","V159A","arth","humFit",-0.940724558026975
"2202","AHW48408.1","V159A","arth","birFit",-1.20669307556647
"2203","AHW48408.1","V431I","arth","mosFit",-1.5618331725051
"2204","AHW48408.1","V431I","arth","humFit",-1.65018063952008
"2205","AHW48408.1","V431I","arth","birFit",-1.4496843005941
"2206","AHW48409.1","V159A","arth","mosFit",-0.770188640378523
"2207","AHW48409.1","V159A","arth","humFit",-0.940724558026975
"2208","AHW48409.1","V159A","arth","birFit",-1.20669307556647
"2209","AHW48411.1","V159A","arth","mosFit",-0.770188640378523
"2210","AHW48411.1","V159A","arth","humFit",-0.940724558026975
"2211","AHW48411.1","V159A","arth","birFit",-1.20669307556647
"2212","AHW48411.1","V431I","arth","mosFit",-1.5618331725051
"2213","AHW48411.1","V431I","arth","humFit",-1.65018063952008
"2214","AHW48411.1","V431I","arth","birFit",-1.4496843005941
"2215","AHW48412.1","V159A","arth","mosFit",-0.770188640378523
"2216","AHW48412.1","V159A","arth","humFit",-0.940724558026975
"2217","AHW48412.1","V159A","arth","birFit",-1.20669307556647
"2218","AHW48412.1","V431I","arth","mosFit",-1.5618331725051
"2219","AHW48412.1","V431I","arth","humFit",-1.65018063952008
"2220","AHW48412.1","V431I","arth","birFit",-1.4496843005941
"2221","AHW48412.1","V488I","arth","mosFit",-1.31964273869515
"2222","AHW48412.1","V488I","arth","humFit",-0.8797962367099
"2223","AHW48412.1","V488I","arth","birFit",-1.01403221118434
"2224","AHW48413.1","V159A","arth","mosFit",-0.770188640378523
"2225","AHW48413.1","V159A","arth","humFit",-0.940724558026975
"2226","AHW48413.1","V159A","arth","birFit",-1.20669307556647
"2227","AHW48413.1","V431I","arth","mosFit",-1.5618331725051
"2228","AHW48413.1","V431I","arth","humFit",-1.65018063952008
"2229","AHW48413.1","V431I","arth","birFit",-1.4496843005941
"2230","AHW48413.1","V488I","arth","mosFit",-1.31964273869515
"2231","AHW48413.1","V488I","arth","humFit",-0.8797962367099
"2232","AHW48413.1","V488I","arth","birFit",-1.01403221118434
"2233","AHW48414.1","V159A","arth","mosFit",-0.770188640378523
"2234","AHW48414.1","V159A","arth","humFit",-0.940724558026975
"2235","AHW48414.1","V159A","arth","birFit",-1.20669307556647
"2236","AHW48414.1","V431I","arth","mosFit",-1.5618331725051
"2237","AHW48414.1","V431I","arth","humFit",-1.65018063952008
"2238","AHW48414.1","V431I","arth","birFit",-1.4496843005941
"2239","AHW48414.1","V488I","arth","mosFit",-1.31964273869515
"2240","AHW48414.1","V488I","arth","humFit",-0.8797962367099
"2241","AHW48414.1","V488I","arth","birFit",-1.01403221118434
"2242","AHW48415.1","V159A","arth","mosFit",-0.770188640378523
"2243","AHW48415.1","V159A","arth","humFit",-0.940724558026975
"2244","AHW48415.1","V159A","arth","birFit",-1.20669307556647
"2245","AHW48416.1","V159A","arth","mosFit",-0.770188640378523
"2246","AHW48416.1","V159A","arth","humFit",-0.940724558026975
"2247","AHW48416.1","V159A","arth","birFit",-1.20669307556647
"2248","AHW48417.1","A51T","arth","mosFit",-1.05030646712279
"2249","AHW48417.1","A51T","arth","humFit",-1.29546657960075
"2250","AHW48417.1","A51T","arth","birFit",-1.72619783601487
"2251","AHW48417.1","A120T","arth","mosFit",-0.627541668375108
"2252","AHW48417.1","A120T","arth","humFit",-0.673342265036723
"2253","AHW48417.1","A120T","arth","birFit",-1.35754651162979
"2254","AHW48417.1","V159A","arth","mosFit",-0.770188640378523
"2255","AHW48417.1","V159A","arth","humFit",-0.940724558026975
"2256","AHW48417.1","V159A","arth","birFit",-1.20669307556647
"2257","AHW48419.1","V159A","arth","mosFit",-0.770188640378523
"2258","AHW48419.1","V159A","arth","humFit",-0.940724558026975
"2259","AHW48419.1","V159A","arth","birFit",-1.20669307556647
"2260","AHW48420.1","P88S","arth","mosFit",-1.27462641388404
"2261","AHW48420.1","P88S","arth","humFit",-1.89267703063558
"2262","AHW48420.1","P88S","arth","birFit",-2.02412027375089
"2263","AHW48420.1","V159A","arth","mosFit",-0.770188640378523
"2264","AHW48420.1","V159A","arth","humFit",-0.940724558026975
"2265","AHW48420.1","V159A","arth","birFit",-1.20669307556647
"2266","AHW48421.1","Q416R","arth","mosFit",-1.03847549462169
"2267","AHW48421.1","Q416R","arth","humFit",-1.34660755163865
"2268","AHW48421.1","Q416R","arth","birFit",-0.937712072263872
"2269","AHW48421.1","V159A","arth","mosFit",-0.770188640378523
"2270","AHW48421.1","V159A","arth","humFit",-0.940724558026975
"2271","AHW48421.1","V159A","arth","birFit",-1.20669307556647
"2272","AHW48422.1","V159A","arth","mosFit",-0.770188640378523
"2273","AHW48422.1","V159A","arth","humFit",-0.940724558026975
"2274","AHW48422.1","V159A","arth","birFit",-1.20669307556647
"2275","AHW48423.1","V159A","arth","mosFit",-0.770188640378523
"2276","AHW48423.1","V159A","arth","humFit",-0.940724558026975
"2277","AHW48423.1","V159A","arth","birFit",-1.20669307556647
"2278","AHW48424.1","V159A","arth","mosFit",-0.770188640378523
"2279","AHW48424.1","V159A","arth","humFit",-0.940724558026975
"2280","AHW48424.1","V159A","arth","birFit",-1.20669307556647
"2281","AHW48425.1","V159A","arth","mosFit",-0.770188640378523
"2282","AHW48425.1","V159A","arth","humFit",-0.940724558026975
"2283","AHW48425.1","V159A","arth","birFit",-1.20669307556647
"2284","AHW48426.1","V159A","arth","mosFit",-0.770188640378523
"2285","AHW48426.1","V159A","arth","humFit",-0.940724558026975
"2286","AHW48426.1","V159A","arth","birFit",-1.20669307556647
"2287","AHW48427.1","V159A","arth","mosFit",-0.770188640378523
"2288","AHW48427.1","V159A","arth","humFit",-0.940724558026975
"2289","AHW48427.1","V159A","arth","birFit",-1.20669307556647
"2290","AHW48428.1","V159A","arth","mosFit",-0.770188640378523
"2291","AHW48428.1","V159A","arth","humFit",-0.940724558026975
"2292","AHW48428.1","V159A","arth","birFit",-1.20669307556647
"2293","AHW48429.1","V159A","arth","mosFit",-0.770188640378523
"2294","AHW48429.1","V159A","arth","humFit",-0.940724558026975
"2295","AHW48429.1","V159A","arth","birFit",-1.20669307556647
"2296","AHW48430.1","V159A","arth","mosFit",-0.770188640378523
"2297","AHW48430.1","V159A","arth","humFit",-0.940724558026975
"2298","AHW48430.1","V159A","arth","birFit",-1.20669307556647
"2299","AHW48432.1","V159A","arth","mosFit",-0.770188640378523
"2300","AHW48432.1","V159A","arth","humFit",-0.940724558026975
"2301","AHW48432.1","V159A","arth","birFit",-1.20669307556647
"2302","AHW48433.1","V159A","arth","mosFit",-0.770188640378523
"2303","AHW48433.1","V159A","arth","humFit",-0.940724558026975
"2304","AHW48433.1","V159A","arth","birFit",-1.20669307556647
"2305","AHW48434.1","L312I","arth","mosFit",-1.58644000200588
"2306","AHW48434.1","L312I","arth","humFit",-2.03811578012771
"2307","AHW48434.1","L312I","arth","birFit",-1.53399061283722
"2308","AHW48434.1","V159A","arth","mosFit",-0.770188640378523
"2309","AHW48434.1","V159A","arth","humFit",-0.940724558026975
"2310","AHW48434.1","V159A","arth","birFit",-1.20669307556647
"2311","AHW48435.1","V159A","arth","mosFit",-0.770188640378523
"2312","AHW48435.1","V159A","arth","humFit",-0.940724558026975
"2313","AHW48435.1","V159A","arth","birFit",-1.20669307556647
"2314","AHW48436.1","V159A","arth","mosFit",-0.770188640378523
"2315","AHW48436.1","V159A","arth","humFit",-0.940724558026975
"2316","AHW48436.1","V159A","arth","birFit",-1.20669307556647
"2317","AHW48437.1","V159A","arth","mosFit",-0.770188640378523
"2318","AHW48437.1","V159A","arth","humFit",-0.940724558026975
"2319","AHW48437.1","V159A","arth","birFit",-1.20669307556647
"2320","AHW48438.1","V159A","arth","mosFit",-0.770188640378523
"2321","AHW48438.1","V159A","arth","humFit",-0.940724558026975
"2322","AHW48438.1","V159A","arth","birFit",-1.20669307556647
"2323","AHW48439.1","A419V","arth","mosFit",-0.341154153525198
"2324","AHW48439.1","A419V","arth","humFit",-0.870462503324831
"2325","AHW48439.1","A419V","arth","birFit",-0.858693196025458
"2326","AHW48439.1","V159A","arth","mosFit",-0.770188640378523
"2327","AHW48439.1","V159A","arth","humFit",-0.940724558026975
"2328","AHW48439.1","V159A","arth","birFit",-1.20669307556647
"2329","AHW48440.1","V159A","arth","mosFit",-0.770188640378523
"2330","AHW48440.1","V159A","arth","humFit",-0.940724558026975
"2331","AHW48440.1","V159A","arth","birFit",-1.20669307556647
"2332","AHW48441.1","V159A","arth","mosFit",-0.770188640378523
"2333","AHW48441.1","V159A","arth","humFit",-0.940724558026975
"2334","AHW48441.1","V159A","arth","birFit",-1.20669307556647
"2335","AHW48442.1","V159A","arth","mosFit",-0.770188640378523
"2336","AHW48442.1","V159A","arth","humFit",-0.940724558026975
"2337","AHW48442.1","V159A","arth","birFit",-1.20669307556647
"2338","AHW48443.1","V159A","arth","mosFit",-0.770188640378523
"2339","AHW48443.1","V159A","arth","humFit",-0.940724558026975
"2340","AHW48443.1","V159A","arth","birFit",-1.20669307556647
"2341","AHW48444.1","V159A","arth","mosFit",-0.770188640378523
"2342","AHW48444.1","V159A","arth","humFit",-0.940724558026975
"2343","AHW48444.1","V159A","arth","birFit",-1.20669307556647
"2344","AHW48445.1","V159A","arth","mosFit",-0.770188640378523
"2345","AHW48445.1","V159A","arth","humFit",-0.940724558026975
"2346","AHW48445.1","V159A","arth","birFit",-1.20669307556647
"2347","AHW48445.1","V488I","arth","mosFit",-1.31964273869515
"2348","AHW48445.1","V488I","arth","humFit",-0.8797962367099
"2349","AHW48445.1","V488I","arth","birFit",-1.01403221118434
"2350","AHW48446.1","V159A","arth","mosFit",-0.770188640378523
"2351","AHW48446.1","V159A","arth","humFit",-0.940724558026975
"2352","AHW48446.1","V159A","arth","birFit",-1.20669307556647
"2353","AHW48447.1","V159A","arth","mosFit",-0.770188640378523
"2354","AHW48447.1","V159A","arth","humFit",-0.940724558026975
"2355","AHW48447.1","V159A","arth","birFit",-1.20669307556647
"2356","AHW48448.1","V159A","arth","mosFit",-0.770188640378523
"2357","AHW48448.1","V159A","arth","humFit",-0.940724558026975
"2358","AHW48448.1","V159A","arth","birFit",-1.20669307556647
"2359","AHW48449.1","V159A","arth","mosFit",-0.770188640378523
"2360","AHW48449.1","V159A","arth","humFit",-0.940724558026975
"2361","AHW48449.1","V159A","arth","birFit",-1.20669307556647
"2362","AHW48450.1","V159A","arth","mosFit",-0.770188640378523
"2363","AHW48450.1","V159A","arth","humFit",-0.940724558026975
"2364","AHW48450.1","V159A","arth","birFit",-1.20669307556647
"2365","AHW48451.1","V159A","arth","mosFit",-0.770188640378523
"2366","AHW48451.1","V159A","arth","humFit",-0.940724558026975
"2367","AHW48451.1","V159A","arth","birFit",-1.20669307556647
"2368","AHW48452.1","V159A","arth","mosFit",-0.770188640378523
"2369","AHW48452.1","V159A","arth","humFit",-0.940724558026975
"2370","AHW48452.1","V159A","arth","birFit",-1.20669307556647
"2371","AHW48453.1","V159A","arth","mosFit",-0.770188640378523
"2372","AHW48453.1","V159A","arth","humFit",-0.940724558026975
"2373","AHW48453.1","V159A","arth","birFit",-1.20669307556647
"2374","AHW48455.1","V159A","arth","mosFit",-0.770188640378523
"2375","AHW48455.1","V159A","arth","humFit",-0.940724558026975
"2376","AHW48455.1","V159A","arth","birFit",-1.20669307556647
"2377","AHW48456.1","V159A","arth","mosFit",-0.770188640378523
"2378","AHW48456.1","V159A","arth","humFit",-0.940724558026975
"2379","AHW48456.1","V159A","arth","birFit",-1.20669307556647
"2380","AHW48457.1","V159A","arth","mosFit",-0.770188640378523
"2381","AHW48457.1","V159A","arth","humFit",-0.940724558026975
"2382","AHW48457.1","V159A","arth","birFit",-1.20669307556647
"2383","AHW48458.1","V159A","arth","mosFit",-0.770188640378523
"2384","AHW48458.1","V159A","arth","humFit",-0.940724558026975
"2385","AHW48458.1","V159A","arth","birFit",-1.20669307556647
"2386","AHW48459.1","V159A","arth","mosFit",-0.770188640378523
"2387","AHW48459.1","V159A","arth","humFit",-0.940724558026975
"2388","AHW48459.1","V159A","arth","birFit",-1.20669307556647
"2389","AHW48460.1","V159A","arth","mosFit",-0.770188640378523
"2390","AHW48460.1","V159A","arth","humFit",-0.940724558026975
"2391","AHW48460.1","V159A","arth","birFit",-1.20669307556647
"2392","AHW48460.1","V488I","arth","mosFit",-1.31964273869515
"2393","AHW48460.1","V488I","arth","humFit",-0.8797962367099
"2394","AHW48460.1","V488I","arth","birFit",-1.01403221118434
"2395","AHW48461.1","V159A","arth","mosFit",-0.770188640378523
"2396","AHW48461.1","V159A","arth","humFit",-0.940724558026975
"2397","AHW48461.1","V159A","arth","birFit",-1.20669307556647
"2398","AHW48461.1","V488I","arth","mosFit",-1.31964273869515
"2399","AHW48461.1","V488I","arth","humFit",-0.8797962367099
"2400","AHW48461.1","V488I","arth","birFit",-1.01403221118434
"2401","AHW48462.1","V159A","arth","mosFit",-0.770188640378523
"2402","AHW48462.1","V159A","arth","humFit",-0.940724558026975
"2403","AHW48462.1","V159A","arth","birFit",-1.20669307556647
"2404","AHW48462.1","V488I","arth","mosFit",-1.31964273869515
"2405","AHW48462.1","V488I","arth","humFit",-0.8797962367099
"2406","AHW48462.1","V488I","arth","birFit",-1.01403221118434
"2407","AHW48463.1","V159A","arth","mosFit",-0.770188640378523
"2408","AHW48463.1","V159A","arth","humFit",-0.940724558026975
"2409","AHW48463.1","V159A","arth","birFit",-1.20669307556647
"2410","AHW48465.1","V24I","arth","mosFit",-0.696264322618001
"2411","AHW48465.1","V24I","arth","humFit",-0.63042658372981
"2412","AHW48465.1","V24I","arth","birFit",-0.460908983172413
"2413","AHW48465.1","V159A","arth","mosFit",-0.770188640378523
"2414","AHW48465.1","V159A","arth","humFit",-0.940724558026975
"2415","AHW48465.1","V159A","arth","birFit",-1.20669307556647
"2416","AHW48465.1","V431I","arth","mosFit",-1.5618331725051
"2417","AHW48465.1","V431I","arth","humFit",-1.65018063952008
"2418","AHW48465.1","V431I","arth","birFit",-1.4496843005941
"2419","AHW48466.1","V159A","arth","mosFit",-0.770188640378523
"2420","AHW48466.1","V159A","arth","humFit",-0.940724558026975
"2421","AHW48466.1","V159A","arth","birFit",-1.20669307556647
"2422","AHW48467.1","V159A","arth","mosFit",-0.770188640378523
"2423","AHW48467.1","V159A","arth","humFit",-0.940724558026975
"2424","AHW48467.1","V159A","arth","birFit",-1.20669307556647
"2425","AHW48468.1","V159A","arth","mosFit",-0.770188640378523
"2426","AHW48468.1","V159A","arth","humFit",-0.940724558026975
"2427","AHW48468.1","V159A","arth","birFit",-1.20669307556647
"2428","AHW48469.1","V159A","arth","mosFit",-0.770188640378523
"2429","AHW48469.1","V159A","arth","humFit",-0.940724558026975
"2430","AHW48469.1","V159A","arth","birFit",-1.20669307556647
"2431","AHW48470.1","V159A","arth","mosFit",-0.770188640378523
"2432","AHW48470.1","V159A","arth","humFit",-0.940724558026975
"2433","AHW48470.1","V159A","arth","birFit",-1.20669307556647
"2434","AHW48471.1","I460L","arth","mosFit",-1.91929017954616
"2435","AHW48471.1","I460L","arth","humFit",-1.67102546864733
"2436","AHW48471.1","I460L","arth","birFit",-1.98469035132318
"2437","AHW48471.1","V159A","arth","mosFit",-0.770188640378523
"2438","AHW48471.1","V159A","arth","humFit",-0.940724558026975
"2439","AHW48471.1","V159A","arth","birFit",-1.20669307556647
"2440","AHW48473.1","V159A","arth","mosFit",-0.770188640378523
"2441","AHW48473.1","V159A","arth","humFit",-0.940724558026975
"2442","AHW48473.1","V159A","arth","birFit",-1.20669307556647
"2443","AHW48474.1","V159A","arth","mosFit",-0.770188640378523
"2444","AHW48474.1","V159A","arth","humFit",-0.940724558026975
"2445","AHW48474.1","V159A","arth","birFit",-1.20669307556647
"2446","AHW48475.1","K71R","arth","mosFit",-0.649995956031295
"2447","AHW48475.1","K71R","arth","humFit",-0.838634812807761
"2448","AHW48475.1","K71R","arth","birFit",-1.87348861748912
"2449","AHW48475.1","V159A","arth","mosFit",-0.770188640378523
"2450","AHW48475.1","V159A","arth","humFit",-0.940724558026975
"2451","AHW48475.1","V159A","arth","birFit",-1.20669307556647
"2452","AHW48477.1","V159A","arth","mosFit",-0.770188640378523
"2453","AHW48477.1","V159A","arth","humFit",-0.940724558026975
"2454","AHW48477.1","V159A","arth","birFit",-1.20669307556647
"2455","AHW48478.1","V159A","arth","mosFit",-0.770188640378523
"2456","AHW48478.1","V159A","arth","humFit",-0.940724558026975
"2457","AHW48478.1","V159A","arth","birFit",-1.20669307556647
"2458","AHW48480.1","T123N","arth","mosFit",-0.14848344037329
"2459","AHW48480.1","T123N","arth","humFit",0.364382738576224
"2460","AHW48480.1","T123N","arth","birFit",-0.482392159907358
"2461","AHW48480.1","V159A","arth","mosFit",-0.770188640378523
"2462","AHW48480.1","V159A","arth","humFit",-0.940724558026975
"2463","AHW48480.1","V159A","arth","birFit",-1.20669307556647
"2464","AHW48481.1","V159A","arth","mosFit",-0.770188640378523
"2465","AHW48481.1","V159A","arth","humFit",-0.940724558026975
"2466","AHW48481.1","V159A","arth","birFit",-1.20669307556647
"2467","AHW48482.1","V159A","arth","mosFit",-0.770188640378523
"2468","AHW48482.1","V159A","arth","humFit",-0.940724558026975
"2469","AHW48482.1","V159A","arth","birFit",-1.20669307556647
"2470","AHW48484.1","V159A","arth","mosFit",-0.770188640378523
"2471","AHW48484.1","V159A","arth","humFit",-0.940724558026975
"2472","AHW48484.1","V159A","arth","birFit",-1.20669307556647
"2473","AHW48485.1","V159A","arth","mosFit",-0.770188640378523
"2474","AHW48485.1","V159A","arth","humFit",-0.940724558026975
"2475","AHW48485.1","V159A","arth","birFit",-1.20669307556647
"2476","AHW48487.1","V159A","arth","mosFit",-0.770188640378523
"2477","AHW48487.1","V159A","arth","humFit",-0.940724558026975
"2478","AHW48487.1","V159A","arth","birFit",-1.20669307556647
"2479","AHW48487.1","V304I","arth","mosFit",-0.800370255200614
"2480","AHW48487.1","V304I","arth","humFit",-0.558903162713406
"2481","AHW48487.1","V304I","arth","birFit",-1.21325860097435
"2482","AHW48488.1","E293G","arth","mosFit",-0.416794598704496
"2483","AHW48488.1","E293G","arth","humFit",-0.201067412937516
"2484","AHW48488.1","E293G","arth","birFit",-0.27038668011542
"2485","AHW48488.1","V159A","arth","mosFit",-0.770188640378523
"2486","AHW48488.1","V159A","arth","humFit",-0.940724558026975
"2487","AHW48488.1","V159A","arth","birFit",-1.20669307556647
"2488","AHW48489.1","K179R","arth","mosFit",-0.541298996496757
"2489","AHW48489.1","K179R","arth","humFit",-0.296487176548762
"2490","AHW48489.1","K179R","arth","birFit",-1.42143961060032
"2491","AHW48489.1","V159A","arth","mosFit",-0.770188640378523
"2492","AHW48489.1","V159A","arth","humFit",-0.940724558026975
"2493","AHW48489.1","V159A","arth","birFit",-1.20669307556647
"2494","AHW48490.1","V159A","arth","mosFit",-0.770188640378523
"2495","AHW48490.1","V159A","arth","humFit",-0.940724558026975
"2496","AHW48490.1","V159A","arth","birFit",-1.20669307556647
"2497","AHW48492.1","V159A","arth","mosFit",-0.770188640378523
"2498","AHW48492.1","V159A","arth","humFit",-0.940724558026975
"2499","AHW48492.1","V159A","arth","birFit",-1.20669307556647
"2500","AHW48492.1","V304I","arth","mosFit",-0.800370255200614
"2501","AHW48492.1","V304I","arth","humFit",-0.558903162713406
"2502","AHW48492.1","V304I","arth","birFit",-1.21325860097435
"2503","AHW48493.1","V159A","arth","mosFit",-0.770188640378523
"2504","AHW48493.1","V159A","arth","humFit",-0.940724558026975
"2505","AHW48493.1","V159A","arth","birFit",-1.20669307556647
"2506","AHW48493.1","V304I","arth","mosFit",-0.800370255200614
"2507","AHW48493.1","V304I","arth","humFit",-0.558903162713406
"2508","AHW48493.1","V304I","arth","birFit",-1.21325860097435
"2509","AHW48494.1","T123N","arth","mosFit",-0.14848344037329
"2510","AHW48494.1","T123N","arth","humFit",0.364382738576224
"2511","AHW48494.1","T123N","arth","birFit",-0.482392159907358
"2512","AHW48494.1","V159A","arth","mosFit",-0.770188640378523
"2513","AHW48494.1","V159A","arth","humFit",-0.940724558026975
"2514","AHW48494.1","V159A","arth","birFit",-1.20669307556647
"2515","AHW48495.1","V159A","arth","mosFit",-0.770188640378523
"2516","AHW48495.1","V159A","arth","humFit",-0.940724558026975
"2517","AHW48495.1","V159A","arth","birFit",-1.20669307556647
"2518","AHW48496.1","V159A","arth","mosFit",-0.770188640378523
"2519","AHW48496.1","V159A","arth","humFit",-0.940724558026975
"2520","AHW48496.1","V159A","arth","birFit",-1.20669307556647
"2521","AHW48498.1","M34I","bird","mosFit",-1.1706220736279
"2522","AHW48498.1","M34I","bird","humFit",-1.01811259707687
"2523","AHW48498.1","M34I","bird","birFit",-1.66095009309799
"2524","AHW48500.1","V159A","bird","mosFit",-0.770188640378523
"2525","AHW48500.1","V159A","bird","humFit",-0.940724558026975
"2526","AHW48500.1","V159A","bird","birFit",-1.20669307556647
"2527","AHW48502.1","V159A","bird","mosFit",-0.770188640378523
"2528","AHW48502.1","V159A","bird","humFit",-0.940724558026975
"2529","AHW48502.1","V159A","bird","birFit",-1.20669307556647
"2530","AHW48503.1","V159A","bird","mosFit",-0.770188640378523
"2531","AHW48503.1","V159A","bird","humFit",-0.940724558026975
"2532","AHW48503.1","V159A","bird","birFit",-1.20669307556647
"2533","AHW48504.1","K71R","bird","mosFit",-0.649995956031295
"2534","AHW48504.1","K71R","bird","humFit",-0.838634812807761
"2535","AHW48504.1","K71R","bird","birFit",-1.87348861748912
"2536","AHW48504.1","V159A","bird","mosFit",-0.770188640378523
"2537","AHW48504.1","V159A","bird","humFit",-0.940724558026975
"2538","AHW48504.1","V159A","bird","birFit",-1.20669307556647
"2539","AHW48505.1","V159A","bird","mosFit",-0.770188640378523
"2540","AHW48505.1","V159A","bird","humFit",-0.940724558026975
"2541","AHW48505.1","V159A","bird","birFit",-1.20669307556647
"2542","AHW48506.1","V159A","bird","mosFit",-0.770188640378523
"2543","AHW48506.1","V159A","bird","humFit",-0.940724558026975
"2544","AHW48506.1","V159A","bird","birFit",-1.20669307556647
"2545","AHW48507.1","V159A","bird","mosFit",-0.770188640378523
"2546","AHW48507.1","V159A","bird","humFit",-0.940724558026975
"2547","AHW48507.1","V159A","bird","birFit",-1.20669307556647
"2548","AHW48509.1","V159A","bird","mosFit",-0.770188640378523
"2549","AHW48509.1","V159A","bird","humFit",-0.940724558026975
"2550","AHW48509.1","V159A","bird","birFit",-1.20669307556647
"2551","AHW48512.1","S251F","bird","mosFit",-0.203409378289658
"2552","AHW48512.1","S251F","bird","humFit",-1.53133431447884
"2553","AHW48512.1","S251F","bird","birFit",-0.920592388914562
"2554","AHW48512.1","V159A","bird","mosFit",-0.770188640378523
"2555","AHW48512.1","V159A","bird","humFit",-0.940724558026975
"2556","AHW48512.1","V159A","bird","birFit",-1.20669307556647
"2557","AHW48513.1","V159A","bird","mosFit",-0.770188640378523
"2558","AHW48513.1","V159A","bird","humFit",-0.940724558026975
"2559","AHW48513.1","V159A","bird","birFit",-1.20669307556647
"2560","AHW48513.1","Y176H","bird","mosFit",-0.384822626975956
"2561","AHW48513.1","Y176H","bird","humFit",-0.593918837077759
"2562","AHW48513.1","Y176H","bird","birFit",-0.89306289148201
"2563","AHW48514.1","L312I","bird","mosFit",-1.58644000200588
"2564","AHW48514.1","L312I","bird","humFit",-2.03811578012771
"2565","AHW48514.1","L312I","bird","birFit",-1.53399061283722
"2566","AHW48514.1","V159A","bird","mosFit",-0.770188640378523
"2567","AHW48514.1","V159A","bird","humFit",-0.940724558026975
"2568","AHW48514.1","V159A","bird","birFit",-1.20669307556647
"2569","AHW48515.1","V159A","bird","mosFit",-0.770188640378523
"2570","AHW48515.1","V159A","bird","humFit",-0.940724558026975
"2571","AHW48515.1","V159A","bird","birFit",-1.20669307556647
"2572","AHW48516.1","V159A","bird","mosFit",-0.770188640378523
"2573","AHW48516.1","V159A","bird","humFit",-0.940724558026975
"2574","AHW48516.1","V159A","bird","birFit",-1.20669307556647
"2575","AHW48517.1","V159A","bird","mosFit",-0.770188640378523
"2576","AHW48517.1","V159A","bird","humFit",-0.940724558026975
"2577","AHW48517.1","V159A","bird","birFit",-1.20669307556647
"2578","AHW48518.1","V159A","bird","mosFit",-0.770188640378523
"2579","AHW48518.1","V159A","bird","humFit",-0.940724558026975
"2580","AHW48518.1","V159A","bird","birFit",-1.20669307556647
"2581","AHW48519.1","V159A","bird","mosFit",-0.770188640378523
"2582","AHW48519.1","V159A","bird","humFit",-0.940724558026975
"2583","AHW48519.1","V159A","bird","birFit",-1.20669307556647
"2584","AHW48520.1","V159A","bird","mosFit",-0.770188640378523
"2585","AHW48520.1","V159A","bird","humFit",-0.940724558026975
"2586","AHW48520.1","V159A","bird","birFit",-1.20669307556647
"2587","AHW48521.1","V159A","bird","mosFit",-0.770188640378523
"2588","AHW48521.1","V159A","bird","humFit",-0.940724558026975
"2589","AHW48521.1","V159A","bird","birFit",-1.20669307556647
"2590","AHW48522.1","V159A","bird","mosFit",-0.770188640378523
"2591","AHW48522.1","V159A","bird","humFit",-0.940724558026975
"2592","AHW48522.1","V159A","bird","birFit",-1.20669307556647
"2593","AHW48523.1","V159A","bird","mosFit",-0.770188640378523
"2594","AHW48523.1","V159A","bird","humFit",-0.940724558026975
"2595","AHW48523.1","V159A","bird","birFit",-1.20669307556647
"2596","AHW48524.1","V159A","bird","mosFit",-0.770188640378523
"2597","AHW48524.1","V159A","bird","humFit",-0.940724558026975
"2598","AHW48524.1","V159A","bird","birFit",-1.20669307556647
"2599","AHW48525.1","V159A","bird","mosFit",-0.770188640378523
"2600","AHW48525.1","V159A","bird","humFit",-0.940724558026975
"2601","AHW48525.1","V159A","bird","birFit",-1.20669307556647
"2602","AHW48527.1","V159A","bird","mosFit",-0.770188640378523
"2603","AHW48527.1","V159A","bird","humFit",-0.940724558026975
"2604","AHW48527.1","V159A","bird","birFit",-1.20669307556647
"2605","AHW48529.1","A487T","bird","mosFit",-1.57174586815761
"2606","AHW48529.1","A487T","bird","humFit",-1.55106125449027
"2607","AHW48529.1","A487T","bird","birFit",-1.81280402415934
"2608","AHW48529.1","V159A","bird","mosFit",-0.770188640378523
"2609","AHW48529.1","V159A","bird","humFit",-0.940724558026975
"2610","AHW48529.1","V159A","bird","birFit",-1.20669307556647
"2611","AHW48530.1","V159A","bird","mosFit",-0.770188640378523
"2612","AHW48530.1","V159A","bird","humFit",-0.940724558026975
"2613","AHW48530.1","V159A","bird","birFit",-1.20669307556647
"2614","AHW48531.1","V159A","bird","mosFit",-0.770188640378523
"2615","AHW48531.1","V159A","bird","humFit",-0.940724558026975
"2616","AHW48531.1","V159A","bird","birFit",-1.20669307556647
"2617","AHW48534.1","L178Q","bird","mosFit",-1.19865401619306
"2618","AHW48534.1","L178Q","bird","humFit",-1.08906226042071
"2619","AHW48534.1","L178Q","bird","birFit",-1.0526624488974
"2620","AHW48538.1","V159A","bird","mosFit",-0.770188640378523
"2621","AHW48538.1","V159A","bird","humFit",-0.940724558026975
"2622","AHW48538.1","V159A","bird","birFit",-1.20669307556647
"2623","AHW48543.1","V290M","bird","mosFit",-0.738400780458981
"2624","AHW48543.1","V290M","bird","humFit",-0.260288941803777
"2625","AHW48543.1","V290M","bird","birFit",-2.36710254882393
"2626","AHW48544.1","V159A","bird","mosFit",-0.770188640378523
"2627","AHW48544.1","V159A","bird","humFit",-0.940724558026975
"2628","AHW48544.1","V159A","bird","birFit",-1.20669307556647
"2629","AHW48544.1","V488I","bird","mosFit",-1.31964273869515
"2630","AHW48544.1","V488I","bird","humFit",-0.8797962367099
"2631","AHW48544.1","V488I","bird","birFit",-1.01403221118434
"2632","AHW48549.1","V159A","bird","mosFit",-0.770188640378523
"2633","AHW48549.1","V159A","bird","humFit",-0.940724558026975
"2634","AHW48549.1","V159A","bird","birFit",-1.20669307556647
"2635","AHW48549.1","V364A","bird","mosFit",-0.551365245776147
"2636","AHW48549.1","V364A","bird","humFit",-0.78389079627748
"2637","AHW48549.1","V364A","bird","birFit",-0.964953388702924
"2638","AHW48552.1","V290M","bird","mosFit",-0.738400780458981
"2639","AHW48552.1","V290M","bird","humFit",-0.260288941803777
"2640","AHW48552.1","V290M","bird","birFit",-2.36710254882393
"2641","AHW48553.1","V290M","bird","mosFit",-0.738400780458981
"2642","AHW48553.1","V290M","bird","humFit",-0.260288941803777
"2643","AHW48553.1","V290M","bird","birFit",-2.36710254882393
"2644","AHW48555.1","V159A","bird","mosFit",-0.770188640378523
"2645","AHW48555.1","V159A","bird","humFit",-0.940724558026975
"2646","AHW48555.1","V159A","bird","birFit",-1.20669307556647
"2647","AHW48557.1","Y176H","bird","mosFit",-0.384822626975956
"2648","AHW48557.1","Y176H","bird","humFit",-0.593918837077759
"2649","AHW48557.1","Y176H","bird","birFit",-0.89306289148201
"2650","AHW48558.1","V159A","bird","mosFit",-0.770188640378523
"2651","AHW48558.1","V159A","bird","humFit",-0.940724558026975
"2652","AHW48558.1","V159A","bird","birFit",-1.20669307556647
"2653","AHW48559.1","V159A","bird","mosFit",-0.770188640378523
"2654","AHW48559.1","V159A","bird","humFit",-0.940724558026975
"2655","AHW48559.1","V159A","bird","birFit",-1.20669307556647
"2656","AHW48562.1","V159A","bird","mosFit",-0.770188640378523
"2657","AHW48562.1","V159A","bird","humFit",-0.940724558026975
"2658","AHW48562.1","V159A","bird","birFit",-1.20669307556647
"2659","AHW48563.1","V290M","bird","mosFit",-0.738400780458981
"2660","AHW48563.1","V290M","bird","humFit",-0.260288941803777
"2661","AHW48563.1","V290M","bird","birFit",-2.36710254882393
"2662","AHW48564.1","V159A","bird","mosFit",-0.770188640378523
"2663","AHW48564.1","V159A","bird","humFit",-0.940724558026975
"2664","AHW48564.1","V159A","bird","birFit",-1.20669307556647
"2665","AHW48567.1","V159A","bird","mosFit",-0.770188640378523
"2666","AHW48567.1","V159A","bird","humFit",-0.940724558026975
"2667","AHW48567.1","V159A","bird","birFit",-1.20669307556647
"2668","AHW48568.1","K291R","bird","mosFit",-0.496647807363062
"2669","AHW48568.1","K291R","bird","humFit",-0.616029436357184
"2670","AHW48568.1","K291R","bird","birFit",-0.558852876461663
"2671","AHW48568.1","V159A","bird","mosFit",-0.770188640378523
"2672","AHW48568.1","V159A","bird","humFit",-0.940724558026975
"2673","AHW48568.1","V159A","bird","birFit",-1.20669307556647
"2674","AHW48570.1","V159A","bird","mosFit",-0.770188640378523
"2675","AHW48570.1","V159A","bird","humFit",-0.940724558026975
"2676","AHW48570.1","V159A","bird","birFit",-1.20669307556647
"2677","AHW48571.1","V159A","bird","mosFit",-0.770188640378523
"2678","AHW48571.1","V159A","bird","humFit",-0.940724558026975
"2679","AHW48571.1","V159A","bird","birFit",-1.20669307556647
"2680","AHW48572.1","H320Y","bird","mosFit",-0.723790937736794
"2681","AHW48572.1","H320Y","bird","humFit",-0.901915293381678
"2682","AHW48572.1","H320Y","bird","birFit",-1.70320885893527
"2683","AHW48572.1","V159A","bird","mosFit",-0.770188640378523
"2684","AHW48572.1","V159A","bird","humFit",-0.940724558026975
"2685","AHW48572.1","V159A","bird","birFit",-1.20669307556647
"2686","AHW48573.1","V159A","bird","mosFit",-0.770188640378523
"2687","AHW48573.1","V159A","bird","humFit",-0.940724558026975
"2688","AHW48573.1","V159A","bird","birFit",-1.20669307556647
"2689","AHW48574.1","V159A","bird","mosFit",-0.770188640378523
"2690","AHW48574.1","V159A","bird","humFit",-0.940724558026975
"2691","AHW48574.1","V159A","bird","birFit",-1.20669307556647
"2692","AHW48576.1","V159A","bird","mosFit",-0.770188640378523
"2693","AHW48576.1","V159A","bird","humFit",-0.940724558026975
"2694","AHW48576.1","V159A","bird","birFit",-1.20669307556647
"2695","AHW48577.1","Y176H","bird","mosFit",-0.384822626975956
"2696","AHW48577.1","Y176H","bird","humFit",-0.593918837077759
"2697","AHW48577.1","Y176H","bird","birFit",-0.89306289148201
"2698","AHW48579.1","V159A","bird","mosFit",-0.770188640378523
"2699","AHW48579.1","V159A","bird","humFit",-0.940724558026975
"2700","AHW48579.1","V159A","bird","birFit",-1.20669307556647
"2701","AHW48580.1","V159A","bird","mosFit",-0.770188640378523
"2702","AHW48580.1","V159A","bird","humFit",-0.940724558026975
"2703","AHW48580.1","V159A","bird","birFit",-1.20669307556647
"2704","AHW48582.1","V290M","bird","mosFit",-0.738400780458981
"2705","AHW48582.1","V290M","bird","humFit",-0.260288941803777
"2706","AHW48582.1","V290M","bird","birFit",-2.36710254882393
"2707","AHW48584.1","V159A","bird","mosFit",-0.770188640378523
"2708","AHW48584.1","V159A","bird","humFit",-0.940724558026975
"2709","AHW48584.1","V159A","bird","birFit",-1.20669307556647
"2710","AHW48585.1","V159A","bird","mosFit",-0.770188640378523
"2711","AHW48585.1","V159A","bird","humFit",-0.940724558026975
"2712","AHW48585.1","V159A","bird","birFit",-1.20669307556647
"2713","AHW48586.1","V159A","bird","mosFit",-0.770188640378523
"2714","AHW48586.1","V159A","bird","humFit",-0.940724558026975
"2715","AHW48586.1","V159A","bird","birFit",-1.20669307556647
"2716","AHW48587.1","V159A","bird","mosFit",-0.770188640378523
"2717","AHW48587.1","V159A","bird","humFit",-0.940724558026975
"2718","AHW48587.1","V159A","bird","birFit",-1.20669307556647
"2719","AHW48588.1","V159A","bird","mosFit",-0.770188640378523
"2720","AHW48588.1","V159A","bird","humFit",-0.940724558026975
"2721","AHW48588.1","V159A","bird","birFit",-1.20669307556647
"2722","AHW48590.1","V159A","bird","mosFit",-0.770188640378523
"2723","AHW48590.1","V159A","bird","humFit",-0.940724558026975
"2724","AHW48590.1","V159A","bird","birFit",-1.20669307556647
"2725","AHW48591.1","V159A","bird","mosFit",-0.770188640378523
"2726","AHW48591.1","V159A","bird","humFit",-0.940724558026975
"2727","AHW48591.1","V159A","bird","birFit",-1.20669307556647
"2728","AHW48592.1","V159A","bird","mosFit",-0.770188640378523
"2729","AHW48592.1","V159A","bird","humFit",-0.940724558026975
"2730","AHW48592.1","V159A","bird","birFit",-1.20669307556647
"2731","AHW48593.1","V159A","bird","mosFit",-0.770188640378523
"2732","AHW48593.1","V159A","bird","humFit",-0.940724558026975
"2733","AHW48593.1","V159A","bird","birFit",-1.20669307556647
"2734","AHW48594.1","I460L","bird","mosFit",-1.91929017954616
"2735","AHW48594.1","I460L","bird","humFit",-1.67102546864733
"2736","AHW48594.1","I460L","bird","birFit",-1.98469035132318
"2737","AHW48594.1","V159A","bird","mosFit",-0.770188640378523
"2738","AHW48594.1","V159A","bird","humFit",-0.940724558026975
"2739","AHW48594.1","V159A","bird","birFit",-1.20669307556647
"2740","AHW48595.1","V159A","bird","mosFit",-0.770188640378523
"2741","AHW48595.1","V159A","bird","humFit",-0.940724558026975
"2742","AHW48595.1","V159A","bird","birFit",-1.20669307556647
"2743","AHW48596.1","A89V","bird","mosFit",-1.23654462617329
"2744","AHW48596.1","A89V","bird","humFit",-1.02678797105557
"2745","AHW48596.1","A89V","bird","birFit",-1.69067188292992
"2746","AHW48597.1","V159A","bird","mosFit",-0.770188640378523
"2747","AHW48597.1","V159A","bird","humFit",-0.940724558026975
"2748","AHW48597.1","V159A","bird","birFit",-1.20669307556647
"2749","AHW48598.1","V159A","bird","mosFit",-0.770188640378523
"2750","AHW48598.1","V159A","bird","humFit",-0.940724558026975
"2751","AHW48598.1","V159A","bird","birFit",-1.20669307556647
"2752","AHW48599.1","V159A","bird","mosFit",-0.770188640378523
"2753","AHW48599.1","V159A","bird","humFit",-0.940724558026975
"2754","AHW48599.1","V159A","bird","birFit",-1.20669307556647
"2755","AHW48600.1","V159A","bird","mosFit",-0.770188640378523
"2756","AHW48600.1","V159A","bird","humFit",-0.940724558026975
"2757","AHW48600.1","V159A","bird","birFit",-1.20669307556647
"2758","AHW48602.1","V159A","bird","mosFit",-0.770188640378523
"2759","AHW48602.1","V159A","bird","humFit",-0.940724558026975
"2760","AHW48602.1","V159A","bird","birFit",-1.20669307556647
"2761","AHW48603.1","V159A","bird","mosFit",-0.770188640378523
"2762","AHW48603.1","V159A","bird","humFit",-0.940724558026975
"2763","AHW48603.1","V159A","bird","birFit",-1.20669307556647
"2764","AHW48603.1","V488I","bird","mosFit",-1.31964273869515
"2765","AHW48603.1","V488I","bird","humFit",-0.8797962367099
"2766","AHW48603.1","V488I","bird","birFit",-1.01403221118434
"2767","AHW48604.1","D478E","bird","mosFit",-1.42303211583673
"2768","AHW48604.1","D478E","bird","humFit",-1.96270949838755
"2769","AHW48604.1","D478E","bird","birFit",-1.68065510288582
"2770","AHW48604.1","V159A","bird","mosFit",-0.770188640378523
"2771","AHW48604.1","V159A","bird","humFit",-0.940724558026975
"2772","AHW48604.1","V159A","bird","birFit",-1.20669307556647
"2773","AHW48605.1","V159A","bird","mosFit",-0.770188640378523
"2774","AHW48605.1","V159A","bird","humFit",-0.940724558026975
"2775","AHW48605.1","V159A","bird","birFit",-1.20669307556647
"2776","AHW48607.1","V290M","bird","mosFit",-0.738400780458981
"2777","AHW48607.1","V290M","bird","humFit",-0.260288941803777
"2778","AHW48607.1","V290M","bird","birFit",-2.36710254882393
"2779","AHW48608.1","V290M","bird","mosFit",-0.738400780458981
"2780","AHW48608.1","V290M","bird","humFit",-0.260288941803777
"2781","AHW48608.1","V290M","bird","birFit",-2.36710254882393
"2782","AHW48610.1","V159A","bird","mosFit",-0.770188640378523
"2783","AHW48610.1","V159A","bird","humFit",-0.940724558026975
"2784","AHW48610.1","V159A","bird","birFit",-1.20669307556647
"2785","AHW48613.1","V159A","bird","mosFit",-0.770188640378523
"2786","AHW48613.1","V159A","bird","humFit",-0.940724558026975
"2787","AHW48613.1","V159A","bird","birFit",-1.20669307556647
"2788","AHW48614.1","V159A","bird","mosFit",-0.770188640378523
"2789","AHW48614.1","V159A","bird","humFit",-0.940724558026975
"2790","AHW48614.1","V159A","bird","birFit",-1.20669307556647
"2791","AHW48615.1","S275L","bird","mosFit",-1.17160088639465
"2792","AHW48615.1","S275L","bird","humFit",-1.53877089976741
"2793","AHW48615.1","S275L","bird","birFit",-1.8801184250739
"2794","AHW48615.1","V159A","bird","mosFit",-0.770188640378523
"2795","AHW48615.1","V159A","bird","humFit",-0.940724558026975
"2796","AHW48615.1","V159A","bird","birFit",-1.20669307556647
"2797","AHW48616.1","F485S","bird","mosFit",-1.0224421792229
"2798","AHW48616.1","F485S","bird","humFit",-1.35323248208926
"2799","AHW48616.1","F485S","bird","birFit",-1.51893895867119
"2800","AHW48616.1","V159A","bird","mosFit",-0.770188640378523
"2801","AHW48616.1","V159A","bird","humFit",-0.940724558026975
"2802","AHW48616.1","V159A","bird","birFit",-1.20669307556647
"2803","AHW48617.1","V159A","bird","mosFit",-0.770188640378523
"2804","AHW48617.1","V159A","bird","humFit",-0.940724558026975
"2805","AHW48617.1","V159A","bird","birFit",-1.20669307556647
"2806","AHW48619.1","V159A","bird","mosFit",-0.770188640378523
"2807","AHW48619.1","V159A","bird","humFit",-0.940724558026975
"2808","AHW48619.1","V159A","bird","birFit",-1.20669307556647
"2809","AHW48620.1","V159A","bird","mosFit",-0.770188640378523
"2810","AHW48620.1","V159A","bird","humFit",-0.940724558026975
"2811","AHW48620.1","V159A","bird","birFit",-1.20669307556647
"2812","AHW48620.1","V438F","bird","mosFit",-1.7784002914995
"2813","AHW48620.1","V438F","bird","humFit",-1.88449546982101
"2814","AHW48620.1","V438F","bird","birFit",-1.67279574939141
"2815","AHW48621.1","I135V","bird","mosFit",-1.01634111797992
"2816","AHW48621.1","I135V","bird","humFit",-1.39522899908133
"2817","AHW48621.1","I135V","bird","birFit",-1.57247286018612
"2818","AHW48621.1","V159A","bird","mosFit",-0.770188640378523
"2819","AHW48621.1","V159A","bird","humFit",-0.940724558026975
"2820","AHW48621.1","V159A","bird","birFit",-1.20669307556647
"2821","AHW48621.1","V438F","bird","mosFit",-1.7784002914995
"2822","AHW48621.1","V438F","bird","humFit",-1.88449546982101
"2823","AHW48621.1","V438F","bird","birFit",-1.67279574939141
"2824","AHW48622.1","V159A","bird","mosFit",-0.770188640378523
"2825","AHW48622.1","V159A","bird","humFit",-0.940724558026975
"2826","AHW48622.1","V159A","bird","birFit",-1.20669307556647
"2827","AHW48623.1","M48V","bird","mosFit",-0.84448851246942
"2828","AHW48623.1","M48V","bird","humFit",-0.557762309513389
"2829","AHW48623.1","M48V","bird","birFit",-1.27828677371236
"2830","AHW48623.1","V159A","bird","mosFit",-0.770188640378523
"2831","AHW48623.1","V159A","bird","humFit",-0.940724558026975
"2832","AHW48623.1","V159A","bird","birFit",-1.20669307556647
"2833","AHW48625.1","F408L","bird","mosFit",-1.59318168630409
"2834","AHW48625.1","F408L","bird","humFit",-2.3322530674698
"2835","AHW48625.1","F408L","bird","birFit",-1.99644226838202
"2836","AHW48625.1","V159A","bird","mosFit",-0.770188640378523
"2837","AHW48625.1","V159A","bird","humFit",-0.940724558026975
"2838","AHW48625.1","V159A","bird","birFit",-1.20669307556647
"2839","AHW48628.1","V159A","bird","mosFit",-0.770188640378523
"2840","AHW48628.1","V159A","bird","humFit",-0.940724558026975
"2841","AHW48628.1","V159A","bird","birFit",-1.20669307556647
"2842","AHW48629.1","K291R","bird","mosFit",-0.496647807363062
"2843","AHW48629.1","K291R","bird","humFit",-0.616029436357184
"2844","AHW48629.1","K291R","bird","birFit",-0.558852876461663
"2845","AHW48629.1","V159A","bird","mosFit",-0.770188640378523
"2846","AHW48629.1","V159A","bird","humFit",-0.940724558026975
"2847","AHW48629.1","V159A","bird","birFit",-1.20669307556647
"2848","AHW48630.1","V159A","bird","mosFit",-0.770188640378523
"2849","AHW48630.1","V159A","bird","humFit",-0.940724558026975
"2850","AHW48630.1","V159A","bird","birFit",-1.20669307556647
"2851","AHW48631.1","F274L","bird","mosFit",-0.940232053419907
"2852","AHW48631.1","F274L","bird","humFit",-1.33949887288833
"2853","AHW48631.1","F274L","bird","birFit",-1.49666358799873
"2854","AHW48631.1","V159A","bird","mosFit",-0.770188640378523
"2855","AHW48631.1","V159A","bird","humFit",-0.940724558026975
"2856","AHW48631.1","V159A","bird","birFit",-1.20669307556647
"2857","AHW48632.1","V159A","bird","mosFit",-0.770188640378523
"2858","AHW48632.1","V159A","bird","humFit",-0.940724558026975
"2859","AHW48632.1","V159A","bird","birFit",-1.20669307556647
"2860","AHW48633.1","V159A","bird","mosFit",-0.770188640378523
"2861","AHW48633.1","V159A","bird","humFit",-0.940724558026975
"2862","AHW48633.1","V159A","bird","birFit",-1.20669307556647
"2863","AHW48634.1","L312F","bird","mosFit",-0.49588534589211
"2864","AHW48634.1","L312F","bird","humFit",-0.653681829821839
"2865","AHW48634.1","L312F","bird","birFit",-0.691281508845258
"2866","AHW48634.1","V159A","bird","mosFit",-0.770188640378523
"2867","AHW48634.1","V159A","bird","humFit",-0.940724558026975
"2868","AHW48634.1","V159A","bird","birFit",-1.20669307556647
"2869","AHW48635.1","V159A","bird","mosFit",-0.770188640378523
"2870","AHW48635.1","V159A","bird","humFit",-0.940724558026975
"2871","AHW48635.1","V159A","bird","birFit",-1.20669307556647
"2872","AHW48636.1","V159A","bird","mosFit",-0.770188640378523
"2873","AHW48636.1","V159A","bird","humFit",-0.940724558026975
"2874","AHW48636.1","V159A","bird","birFit",-1.20669307556647
"2875","AHW48638.1","L178Q","bird","mosFit",-1.19865401619306
"2876","AHW48638.1","L178Q","bird","humFit",-1.08906226042071
"2877","AHW48638.1","L178Q","bird","birFit",-1.0526624488974
"2878","AHW48640.1","V159A","bird","mosFit",-0.770188640378523
"2879","AHW48640.1","V159A","bird","humFit",-0.940724558026975
"2880","AHW48640.1","V159A","bird","birFit",-1.20669307556647
"2881","AHW48641.1","V159A","bird","mosFit",-0.770188640378523
"2882","AHW48641.1","V159A","bird","humFit",-0.940724558026975
"2883","AHW48641.1","V159A","bird","birFit",-1.20669307556647
"2884","AHW48644.1","V159A","bird","mosFit",-0.770188640378523
"2885","AHW48644.1","V159A","bird","humFit",-0.940724558026975
"2886","AHW48644.1","V159A","bird","birFit",-1.20669307556647
"2887","AHW48645.1","L312I","bird","mosFit",-1.58644000200588
"2888","AHW48645.1","L312I","bird","humFit",-2.03811578012771
"2889","AHW48645.1","L312I","bird","birFit",-1.53399061283722
"2890","AHW48645.1","V159A","bird","mosFit",-0.770188640378523
"2891","AHW48645.1","V159A","bird","humFit",-0.940724558026975
"2892","AHW48645.1","V159A","bird","birFit",-1.20669307556647
"2893","AHW48646.1","V159A","bird","mosFit",-0.770188640378523
"2894","AHW48646.1","V159A","bird","humFit",-0.940724558026975
"2895","AHW48646.1","V159A","bird","birFit",-1.20669307556647
"2896","AHW48648.1","V159A","bird","mosFit",-0.770188640378523
"2897","AHW48648.1","V159A","bird","humFit",-0.940724558026975
"2898","AHW48648.1","V159A","bird","birFit",-1.20669307556647
"2899","AHW48649.1","V159A","bird","mosFit",-0.770188640378523
"2900","AHW48649.1","V159A","bird","humFit",-0.940724558026975
"2901","AHW48649.1","V159A","bird","birFit",-1.20669307556647
"2902","AHW48651.1","V159A","bird","mosFit",-0.770188640378523
"2903","AHW48651.1","V159A","bird","humFit",-0.940724558026975
"2904","AHW48651.1","V159A","bird","birFit",-1.20669307556647
"2905","AHW48652.1","A164V","bird","mosFit",-1.18149841822877
"2906","AHW48652.1","A164V","bird","humFit",-0.905754035784054
"2907","AHW48652.1","A164V","bird","birFit",-2.02481333072498
"2908","AHW48652.1","V159A","bird","mosFit",-0.770188640378523
"2909","AHW48652.1","V159A","bird","humFit",-0.940724558026975
"2910","AHW48652.1","V159A","bird","birFit",-1.20669307556647
"2911","AHW48653.1","V159A","bird","mosFit",-0.770188640378523
"2912","AHW48653.1","V159A","bird","humFit",-0.940724558026975
"2913","AHW48653.1","V159A","bird","birFit",-1.20669307556647
"2914","AHW48654.1","V159A","bird","mosFit",-0.770188640378523
"2915","AHW48654.1","V159A","bird","humFit",-0.940724558026975
"2916","AHW48654.1","V159A","bird","birFit",-1.20669307556647
"2917","AHW48656.1","V159A","bird","mosFit",-0.770188640378523
"2918","AHW48656.1","V159A","bird","humFit",-0.940724558026975
"2919","AHW48656.1","V159A","bird","birFit",-1.20669307556647
"2920","AHW48657.1","T409I","bird","mosFit",-1.02027417176903
"2921","AHW48657.1","T409I","bird","humFit",-1.04535720391532
"2922","AHW48657.1","T409I","bird","birFit",-1.01669059742538
"2923","AHW48660.1","V159A","bird","mosFit",-0.770188640378523
"2924","AHW48660.1","V159A","bird","humFit",-0.940724558026975
"2925","AHW48660.1","V159A","bird","birFit",-1.20669307556647
"2926","AHW48661.1","V21M","bird","mosFit",-0.905418687891744
"2927","AHW48661.1","V21M","bird","humFit",-0.276791088177575
"2928","AHW48661.1","V21M","bird","birFit",-1.05272705756679
"2929","AHW48661.1","V159A","bird","mosFit",-0.770188640378523
"2930","AHW48661.1","V159A","bird","humFit",-0.940724558026975
"2931","AHW48661.1","V159A","bird","birFit",-1.20669307556647
"2932","AHW48662.1","M46T","bird","mosFit",-0.934712485511977
"2933","AHW48662.1","M46T","bird","humFit",-1.12471706319057
"2934","AHW48662.1","M46T","bird","birFit",-2.70215115611387
"2935","AHW48662.1","V159A","bird","mosFit",-0.770188640378523
"2936","AHW48662.1","V159A","bird","humFit",-0.940724558026975
"2937","AHW48662.1","V159A","bird","birFit",-1.20669307556647
"2938","AHW48663.1","V159A","bird","mosFit",-0.770188640378523
"2939","AHW48663.1","V159A","bird","humFit",-0.940724558026975
"2940","AHW48663.1","V159A","bird","birFit",-1.20669307556647
"2941","AHW48666.1","V159A","bird","mosFit",-0.770188640378523
"2942","AHW48666.1","V159A","bird","humFit",-0.940724558026975
"2943","AHW48666.1","V159A","bird","birFit",-1.20669307556647
"2944","AHW48667.1","A482T","bird","mosFit",-1.42640485944647
"2945","AHW48667.1","A482T","bird","humFit",-2.22424867515161
"2946","AHW48667.1","A482T","bird","birFit",-2.04581848732218
"2947","AHW48667.1","V159A","bird","mosFit",-0.770188640378523
"2948","AHW48667.1","V159A","bird","humFit",-0.940724558026975
"2949","AHW48667.1","V159A","bird","birFit",-1.20669307556647
"2950","AHW48668.1","V159A","bird","mosFit",-0.770188640378523
"2951","AHW48668.1","V159A","bird","humFit",-0.940724558026975
"2952","AHW48668.1","V159A","bird","birFit",-1.20669307556647
"2953","AHW48669.1","V159A","bird","mosFit",-0.770188640378523
"2954","AHW48669.1","V159A","bird","humFit",-0.940724558026975
"2955","AHW48669.1","V159A","bird","birFit",-1.20669307556647
"2956","AHW48670.1","I460L","bird","mosFit",-1.91929017954616
"2957","AHW48670.1","I460L","bird","humFit",-1.67102546864733
"2958","AHW48670.1","I460L","bird","birFit",-1.98469035132318
"2959","AHW48670.1","V159A","bird","mosFit",-0.770188640378523
"2960","AHW48670.1","V159A","bird","humFit",-0.940724558026975
"2961","AHW48670.1","V159A","bird","birFit",-1.20669307556647
"2962","AHW48671.1","I460L","bird","mosFit",-1.91929017954616
"2963","AHW48671.1","I460L","bird","humFit",-1.67102546864733
"2964","AHW48671.1","I460L","bird","birFit",-1.98469035132318
"2965","AHW48671.1","V159A","bird","mosFit",-0.770188640378523
"2966","AHW48671.1","V159A","bird","humFit",-0.940724558026975
"2967","AHW48671.1","V159A","bird","birFit",-1.20669307556647
"2968","AHW48674.1","V159A","bird","mosFit",-0.770188640378523
"2969","AHW48674.1","V159A","bird","humFit",-0.940724558026975
"2970","AHW48674.1","V159A","bird","birFit",-1.20669307556647
"2971","AHW48675.1","V159A","bird","mosFit",-0.770188640378523
"2972","AHW48675.1","V159A","bird","humFit",-0.940724558026975
"2973","AHW48675.1","V159A","bird","birFit",-1.20669307556647
"2974","AHW48677.1","V159A","bird","mosFit",-0.770188640378523
"2975","AHW48677.1","V159A","bird","humFit",-0.940724558026975
"2976","AHW48677.1","V159A","bird","birFit",-1.20669307556647
"2977","AHW48678.1","V159A","bird","mosFit",-0.770188640378523
"2978","AHW48678.1","V159A","bird","humFit",-0.940724558026975
"2979","AHW48678.1","V159A","bird","birFit",-1.20669307556647
"2980","AHW48679.1","V159A","bird","mosFit",-0.770188640378523
"2981","AHW48679.1","V159A","bird","humFit",-0.940724558026975
"2982","AHW48679.1","V159A","bird","birFit",-1.20669307556647
"2983","AHW48680.1","K71R","bird","mosFit",-0.649995956031295
"2984","AHW48680.1","K71R","bird","humFit",-0.838634812807761
"2985","AHW48680.1","K71R","bird","birFit",-1.87348861748912
"2986","AHW48680.1","V159A","bird","mosFit",-0.770188640378523
"2987","AHW48680.1","V159A","bird","humFit",-0.940724558026975
"2988","AHW48680.1","V159A","bird","birFit",-1.20669307556647
"2989","AHW48681.1","V159A","bird","mosFit",-0.770188640378523
"2990","AHW48681.1","V159A","bird","humFit",-0.940724558026975
"2991","AHW48681.1","V159A","bird","birFit",-1.20669307556647
"2992","AHW48682.1","G456S","bird","mosFit",-2.28788754670102
"2993","AHW48682.1","G456S","bird","humFit",-2.93452986808838
"2994","AHW48682.1","G456S","bird","birFit",-2.87337288019257
"2995","AHW48682.1","V159A","bird","mosFit",-0.770188640378523
"2996","AHW48682.1","V159A","bird","humFit",-0.940724558026975
"2997","AHW48682.1","V159A","bird","birFit",-1.20669307556647
"2998","AHW48684.1","V159A","bird","mosFit",-0.770188640378523
"2999","AHW48684.1","V159A","bird","humFit",-0.940724558026975
"3000","AHW48684.1","V159A","bird","birFit",-1.20669307556647
"3001","AHW48685.1","V159A","bird","mosFit",-0.770188640378523
"3002","AHW48685.1","V159A","bird","humFit",-0.940724558026975
"3003","AHW48685.1","V159A","bird","birFit",-1.20669307556647
"3004","AHW48686.1","V159A","bird","mosFit",-0.770188640378523
"3005","AHW48686.1","V159A","bird","humFit",-0.940724558026975
"3006","AHW48686.1","V159A","bird","birFit",-1.20669307556647
"3007","AHW48688.1","V159A","bird","mosFit",-0.770188640378523
"3008","AHW48688.1","V159A","bird","humFit",-0.940724558026975
"3009","AHW48688.1","V159A","bird","birFit",-1.20669307556647
"3010","AHW48689.1","V159A","bird","mosFit",-0.770188640378523
"3011","AHW48689.1","V159A","bird","humFit",-0.940724558026975
"3012","AHW48689.1","V159A","bird","birFit",-1.20669307556647
"3013","AHW48690.1","V159A","bird","mosFit",-0.770188640378523
"3014","AHW48690.1","V159A","bird","humFit",-0.940724558026975
"3015","AHW48690.1","V159A","bird","birFit",-1.20669307556647
"3016","AHW48691.1","V159A","bird","mosFit",-0.770188640378523
"3017","AHW48691.1","V159A","bird","humFit",-0.940724558026975
"3018","AHW48691.1","V159A","bird","birFit",-1.20669307556647
"3019","AHW48691.1","V358A","bird","mosFit",-0.512391618058144
"3020","AHW48691.1","V358A","bird","humFit",-0.40508132406976
"3021","AHW48691.1","V358A","bird","birFit",-0.897797931747872
"3022","AHW48692.1","V159A","bird","mosFit",-0.770188640378523
"3023","AHW48692.1","V159A","bird","humFit",-0.940724558026975
"3024","AHW48692.1","V159A","bird","birFit",-1.20669307556647
"3025","AHW48693.1","D37G","bird","mosFit",-1.25178471202145
"3026","AHW48693.1","D37G","bird","humFit",-1.5057336314744
"3027","AHW48693.1","D37G","bird","birFit",-1.56025110616882
"3028","AHW48693.1","V159A","bird","mosFit",-0.770188640378523
"3029","AHW48693.1","V159A","bird","humFit",-0.940724558026975
"3030","AHW48693.1","V159A","bird","birFit",-1.20669307556647
"3031","AHW48694.1","V159A","bird","mosFit",-0.770188640378523
"3032","AHW48694.1","V159A","bird","humFit",-0.940724558026975
"3033","AHW48694.1","V159A","bird","birFit",-1.20669307556647
"3034","AHW48695.1","V159A","bird","mosFit",-0.770188640378523
"3035","AHW48695.1","V159A","bird","humFit",-0.940724558026975
"3036","AHW48695.1","V159A","bird","birFit",-1.20669307556647
"3037","AHW48696.1","V159A","bird","mosFit",-0.770188640378523
"3038","AHW48696.1","V159A","bird","humFit",-0.940724558026975
"3039","AHW48696.1","V159A","bird","birFit",-1.20669307556647
"3040","AHW48697.1","V159A","bird","mosFit",-0.770188640378523
"3041","AHW48697.1","V159A","bird","humFit",-0.940724558026975
"3042","AHW48697.1","V159A","bird","birFit",-1.20669307556647
"3043","AHW48698.1","V159A","bird","mosFit",-0.770188640378523
"3044","AHW48698.1","V159A","bird","humFit",-0.940724558026975
"3045","AHW48698.1","V159A","bird","birFit",-1.20669307556647
"3046","AHW48699.1","V159A","bird","mosFit",-0.770188640378523
"3047","AHW48699.1","V159A","bird","humFit",-0.940724558026975
"3048","AHW48699.1","V159A","bird","birFit",-1.20669307556647
"3049","AHW48700.1","V159A","bird","mosFit",-0.770188640378523
"3050","AHW48700.1","V159A","bird","humFit",-0.940724558026975
"3051","AHW48700.1","V159A","bird","birFit",-1.20669307556647
"3052","AHW48701.1","V159A","bird","mosFit",-0.770188640378523
"3053","AHW48701.1","V159A","bird","humFit",-0.940724558026975
"3054","AHW48701.1","V159A","bird","birFit",-1.20669307556647
"3055","AHW48702.1","V159A","bird","mosFit",-0.770188640378523
"3056","AHW48702.1","V159A","bird","humFit",-0.940724558026975
"3057","AHW48702.1","V159A","bird","birFit",-1.20669307556647
"3058","AHW48703.1","E293G","bird","mosFit",-0.416794598704496
"3059","AHW48703.1","E293G","bird","humFit",-0.201067412937516
"3060","AHW48703.1","E293G","bird","birFit",-0.27038668011542
"3061","AHW48703.1","V159A","bird","mosFit",-0.770188640378523
"3062","AHW48703.1","V159A","bird","humFit",-0.940724558026975
"3063","AHW48703.1","V159A","bird","birFit",-1.20669307556647
"3064","AHW48704.1","V159A","bird","mosFit",-0.770188640378523
"3065","AHW48704.1","V159A","bird","humFit",-0.940724558026975
"3066","AHW48704.1","V159A","bird","birFit",-1.20669307556647
"3067","AHW48705.1","V159A","bird","mosFit",-0.770188640378523
"3068","AHW48705.1","V159A","bird","humFit",-0.940724558026975
"3069","AHW48705.1","V159A","bird","birFit",-1.20669307556647
"3070","AHW48706.1","V159A","bird","mosFit",-0.770188640378523
"3071","AHW48706.1","V159A","bird","humFit",-0.940724558026975
"3072","AHW48706.1","V159A","bird","birFit",-1.20669307556647
"3073","AHW48708.1","V159A","bird","mosFit",-0.770188640378523
"3074","AHW48708.1","V159A","bird","humFit",-0.940724558026975
"3075","AHW48708.1","V159A","bird","birFit",-1.20669307556647
"3076","AHW48710.1","V159A","bird","mosFit",-0.770188640378523
"3077","AHW48710.1","V159A","bird","humFit",-0.940724558026975
"3078","AHW48710.1","V159A","bird","birFit",-1.20669307556647
"3079","AHW48711.1","V159A","bird","mosFit",-0.770188640378523
"3080","AHW48711.1","V159A","bird","humFit",-0.940724558026975
"3081","AHW48711.1","V159A","bird","birFit",-1.20669307556647
"3082","AHW48714.1","V159A","bird","mosFit",-0.770188640378523
"3083","AHW48714.1","V159A","bird","humFit",-0.940724558026975
"3084","AHW48714.1","V159A","bird","birFit",-1.20669307556647
"3085","AHW48715.1","V159A","bird","mosFit",-0.770188640378523
"3086","AHW48715.1","V159A","bird","humFit",-0.940724558026975
"3087","AHW48715.1","V159A","bird","birFit",-1.20669307556647
"3088","AHW48716.1","V159A","bird","mosFit",-0.770188640378523
"3089","AHW48716.1","V159A","bird","humFit",-0.940724558026975
"3090","AHW48716.1","V159A","bird","birFit",-1.20669307556647
"3091","AHW48717.1","V159A","bird","mosFit",-0.770188640378523
"3092","AHW48717.1","V159A","bird","humFit",-0.940724558026975
"3093","AHW48717.1","V159A","bird","birFit",-1.20669307556647
"3094","AHW48720.1","V159A","bird","mosFit",-0.770188640378523
"3095","AHW48720.1","V159A","bird","humFit",-0.940724558026975
"3096","AHW48720.1","V159A","bird","birFit",-1.20669307556647
"3097","AHW48721.1","E293G","bird","mosFit",-0.416794598704496
"3098","AHW48721.1","E293G","bird","humFit",-0.201067412937516
"3099","AHW48721.1","E293G","bird","birFit",-0.27038668011542
"3100","AHW48721.1","V159A","bird","mosFit",-0.770188640378523
"3101","AHW48721.1","V159A","bird","humFit",-0.940724558026975
"3102","AHW48721.1","V159A","bird","birFit",-1.20669307556647
"3103","AHW48722.1","V159A","bird","mosFit",-0.770188640378523
"3104","AHW48722.1","V159A","bird","humFit",-0.940724558026975
"3105","AHW48722.1","V159A","bird","birFit",-1.20669307556647
"3106","AHW48725.1","V159A","bird","mosFit",-0.770188640378523
"3107","AHW48725.1","V159A","bird","humFit",-0.940724558026975
"3108","AHW48725.1","V159A","bird","birFit",-1.20669307556647
"3109","AHW48726.1","V159A","bird","mosFit",-0.770188640378523
"3110","AHW48726.1","V159A","bird","humFit",-0.940724558026975
"3111","AHW48726.1","V159A","bird","birFit",-1.20669307556647
"3112","AHW48730.1","V159A","bird","mosFit",-0.770188640378523
"3113","AHW48730.1","V159A","bird","humFit",-0.940724558026975
"3114","AHW48730.1","V159A","bird","birFit",-1.20669307556647
"3115","AHW48731.1","V159A","bird","mosFit",-0.770188640378523
"3116","AHW48731.1","V159A","bird","humFit",-0.940724558026975
"3117","AHW48731.1","V159A","bird","birFit",-1.20669307556647
"3118","AHW48733.1","V159A","bird","mosFit",-0.770188640378523
"3119","AHW48733.1","V159A","bird","humFit",-0.940724558026975
"3120","AHW48733.1","V159A","bird","birFit",-1.20669307556647
"3121","AHW48734.1","V159A","bird","mosFit",-0.770188640378523
"3122","AHW48734.1","V159A","bird","humFit",-0.940724558026975
"3123","AHW48734.1","V159A","bird","birFit",-1.20669307556647
"3124","AHW48735.1","V159A","bird","mosFit",-0.770188640378523
"3125","AHW48735.1","V159A","bird","humFit",-0.940724558026975
"3126","AHW48735.1","V159A","bird","birFit",-1.20669307556647
"3127","AHW48736.1","V159A","bird","mosFit",-0.770188640378523
"3128","AHW48736.1","V159A","bird","humFit",-0.940724558026975
"3129","AHW48736.1","V159A","bird","birFit",-1.20669307556647
"3130","AHW48736.1","V488I","bird","mosFit",-1.31964273869515
"3131","AHW48736.1","V488I","bird","humFit",-0.8797962367099
"3132","AHW48736.1","V488I","bird","birFit",-1.01403221118434
"3133","AHW48738.1","V159A","bird","mosFit",-0.770188640378523
"3134","AHW48738.1","V159A","bird","humFit",-0.940724558026975
"3135","AHW48738.1","V159A","bird","birFit",-1.20669307556647
"3136","AHW48739.1","V159A","bird","mosFit",-0.770188640378523
"3137","AHW48739.1","V159A","bird","humFit",-0.940724558026975
"3138","AHW48739.1","V159A","bird","birFit",-1.20669307556647
"3139","AHW48743.1","V159A","bird","mosFit",-0.770188640378523
"3140","AHW48743.1","V159A","bird","humFit",-0.940724558026975
"3141","AHW48743.1","V159A","bird","birFit",-1.20669307556647
"3142","AHW48744.1","Y176H","bird","mosFit",-0.384822626975956
"3143","AHW48744.1","Y176H","bird","humFit",-0.593918837077759
"3144","AHW48744.1","Y176H","bird","birFit",-0.89306289148201
"3145","AHW48745.1","V159A","bird","mosFit",-0.770188640378523
"3146","AHW48745.1","V159A","bird","humFit",-0.940724558026975
"3147","AHW48745.1","V159A","bird","birFit",-1.20669307556647
"3148","AHW48747.1","V159A","bird","mosFit",-0.770188640378523
"3149","AHW48747.1","V159A","bird","humFit",-0.940724558026975
"3150","AHW48747.1","V159A","bird","birFit",-1.20669307556647
"3151","AHW48748.1","V159A","bird","mosFit",-0.770188640378523
"3152","AHW48748.1","V159A","bird","humFit",-0.940724558026975
"3153","AHW48748.1","V159A","bird","birFit",-1.20669307556647
"3154","AHW48751.1","V159A","bird","mosFit",-0.770188640378523
"3155","AHW48751.1","V159A","bird","humFit",-0.940724558026975
"3156","AHW48751.1","V159A","bird","birFit",-1.20669307556647
"3157","AHW48752.1","V159A","bird","mosFit",-0.770188640378523
"3158","AHW48752.1","V159A","bird","humFit",-0.940724558026975
"3159","AHW48752.1","V159A","bird","birFit",-1.20669307556647
"3160","AHW48754.1","V159A","bird","mosFit",-0.770188640378523
"3161","AHW48754.1","V159A","bird","humFit",-0.940724558026975
"3162","AHW48754.1","V159A","bird","birFit",-1.20669307556647
"3163","AHW48755.1","V159A","bird","mosFit",-0.770188640378523
"3164","AHW48755.1","V159A","bird","humFit",-0.940724558026975
"3165","AHW48755.1","V159A","bird","birFit",-1.20669307556647
"3166","AHW48759.1","V159A","bird","mosFit",-0.770188640378523
"3167","AHW48759.1","V159A","bird","humFit",-0.940724558026975
"3168","AHW48759.1","V159A","bird","birFit",-1.20669307556647
"3169","AHW48761.1","V159A","bird","mosFit",-0.770188640378523
"3170","AHW48761.1","V159A","bird","humFit",-0.940724558026975
"3171","AHW48761.1","V159A","bird","birFit",-1.20669307556647
"3172","AHW48762.1","V159A","bird","mosFit",-0.770188640378523
"3173","AHW48762.1","V159A","bird","humFit",-0.940724558026975
"3174","AHW48762.1","V159A","bird","birFit",-1.20669307556647
"3175","AHW48763.1","V159A","bird","mosFit",-0.770188640378523
"3176","AHW48763.1","V159A","bird","humFit",-0.940724558026975
"3177","AHW48763.1","V159A","bird","birFit",-1.20669307556647
"3178","AHW48763.1","Y176H","bird","mosFit",-0.384822626975956
"3179","AHW48763.1","Y176H","bird","humFit",-0.593918837077759
"3180","AHW48763.1","Y176H","bird","birFit",-0.89306289148201
"3181","AHW48764.1","V159A","bird","mosFit",-0.770188640378523
"3182","AHW48764.1","V159A","bird","humFit",-0.940724558026975
"3183","AHW48764.1","V159A","bird","birFit",-1.20669307556647
"3184","AHW48767.1","V159A","bird","mosFit",-0.770188640378523
"3185","AHW48767.1","V159A","bird","humFit",-0.940724558026975
"3186","AHW48767.1","V159A","bird","birFit",-1.20669307556647
"3187","AHW48768.1","V159A","bird","mosFit",-0.770188640378523
"3188","AHW48768.1","V159A","bird","humFit",-0.940724558026975
"3189","AHW48768.1","V159A","bird","birFit",-1.20669307556647
"3190","AHW48769.1","V159A","bird","mosFit",-0.770188640378523
"3191","AHW48769.1","V159A","bird","humFit",-0.940724558026975
"3192","AHW48769.1","V159A","bird","birFit",-1.20669307556647
"3193","AHW48770.1","V159A","bird","mosFit",-0.770188640378523
"3194","AHW48770.1","V159A","bird","humFit",-0.940724558026975
"3195","AHW48770.1","V159A","bird","birFit",-1.20669307556647
"3196","AHW48772.1","V159A","bird","mosFit",-0.770188640378523
"3197","AHW48772.1","V159A","bird","humFit",-0.940724558026975
"3198","AHW48772.1","V159A","bird","birFit",-1.20669307556647
"3199","AHW48773.1","V159A","bird","mosFit",-0.770188640378523
"3200","AHW48773.1","V159A","bird","humFit",-0.940724558026975
"3201","AHW48773.1","V159A","bird","birFit",-1.20669307556647
"3202","AHW48777.1","V159A","bird","mosFit",-0.770188640378523
"3203","AHW48777.1","V159A","bird","humFit",-0.940724558026975
"3204","AHW48777.1","V159A","bird","birFit",-1.20669307556647
"3205","AHW48782.1","V159A","bird","mosFit",-0.770188640378523
"3206","AHW48782.1","V159A","bird","humFit",-0.940724558026975
"3207","AHW48782.1","V159A","bird","birFit",-1.20669307556647
"3208","AHW48785.1","V159A","bird","mosFit",-0.770188640378523
"3209","AHW48785.1","V159A","bird","humFit",-0.940724558026975
"3210","AHW48785.1","V159A","bird","birFit",-1.20669307556647
"3211","AHW48787.1","V159A","bird","mosFit",-0.770188640378523
"3212","AHW48787.1","V159A","bird","humFit",-0.940724558026975
"3213","AHW48787.1","V159A","bird","birFit",-1.20669307556647
"3214","AHW48788.1","V159A","bird","mosFit",-0.770188640378523
"3215","AHW48788.1","V159A","bird","humFit",-0.940724558026975
"3216","AHW48788.1","V159A","bird","birFit",-1.20669307556647
"3217","AHW48789.1","V159A","bird","mosFit",-0.770188640378523
"3218","AHW48789.1","V159A","bird","humFit",-0.940724558026975
"3219","AHW48789.1","V159A","bird","birFit",-1.20669307556647
"3220","AHW48790.1","V159A","bird","mosFit",-0.770188640378523
"3221","AHW48790.1","V159A","bird","humFit",-0.940724558026975
"3222","AHW48790.1","V159A","bird","birFit",-1.20669307556647
"3223","AHW48791.1","V159A","bird","mosFit",-0.770188640378523
"3224","AHW48791.1","V159A","bird","humFit",-0.940724558026975
"3225","AHW48791.1","V159A","bird","birFit",-1.20669307556647
"3226","AHW48792.1","V159A","bird","mosFit",-0.770188640378523
"3227","AHW48792.1","V159A","bird","humFit",-0.940724558026975
"3228","AHW48792.1","V159A","bird","birFit",-1.20669307556647
"3229","AHW48794.1","V159A","bird","mosFit",-0.770188640378523
"3230","AHW48794.1","V159A","bird","humFit",-0.940724558026975
"3231","AHW48794.1","V159A","bird","birFit",-1.20669307556647
"3232","AHW48795.1","V159A","arth","mosFit",-0.770188640378523
"3233","AHW48795.1","V159A","arth","humFit",-0.940724558026975
"3234","AHW48795.1","V159A","arth","birFit",-1.20669307556647
"3235","AHW48796.1","V159A","arth","mosFit",-0.770188640378523
"3236","AHW48796.1","V159A","arth","humFit",-0.940724558026975
"3237","AHW48796.1","V159A","arth","birFit",-1.20669307556647
"3238","AHW48797.1","V159A","arth","mosFit",-0.770188640378523
"3239","AHW48797.1","V159A","arth","humFit",-0.940724558026975
"3240","AHW48797.1","V159A","arth","birFit",-1.20669307556647
"3241","AHW48801.1","V159A","arth","mosFit",-0.770188640378523
"3242","AHW48801.1","V159A","arth","humFit",-0.940724558026975
"3243","AHW48801.1","V159A","arth","birFit",-1.20669307556647
"3244","AHW48802.1","V159A","arth","mosFit",-0.770188640378523
"3245","AHW48802.1","V159A","arth","humFit",-0.940724558026975
"3246","AHW48802.1","V159A","arth","birFit",-1.20669307556647
"3247","AIY22509.1","I253V","bird","mosFit",-0.455691384386623
"3248","AIY22509.1","I253V","bird","humFit",-0.729982454491307
"3249","AIY22509.1","I253V","bird","birFit",-0.519315986787255
"3250","AIY22509.1","V159A","bird","mosFit",-0.770188640378523
"3251","AIY22509.1","V159A","bird","humFit",-0.940724558026975
"3252","AIY22509.1","V159A","bird","birFit",-1.20669307556647
"3253","AIY22510.1","V159A","bird","mosFit",-0.770188640378523
"3254","AIY22510.1","V159A","bird","humFit",-0.940724558026975
"3255","AIY22510.1","V159A","bird","birFit",-1.20669307556647
"3256","AIY22515.1","H396Y","mam","mosFit",-1.28153097287067
"3257","AIY22515.1","H396Y","mam","humFit",-1.61825696090759
"3258","AIY22515.1","H396Y","mam","birFit",-1.93801839617405
"3259","AJW59216.1","V159A","mam","mosFit",-0.770188640378523
"3260","AJW59216.1","V159A","mam","humFit",-0.940724558026975
"3261","AJW59216.1","V159A","mam","birFit",-1.20669307556647
"3262","AJW59217.1","V159A","mam","mosFit",-0.770188640378523
"3263","AJW59217.1","V159A","mam","humFit",-0.940724558026975
"3264","AJW59217.1","V159A","mam","birFit",-1.20669307556647
"3265","AJW59218.1","V159A","mam","mosFit",-0.770188640378523
"3266","AJW59218.1","V159A","mam","humFit",-0.940724558026975
"3267","AJW59218.1","V159A","mam","birFit",-1.20669307556647
"3268","AJW59219.1","V159A","mam","mosFit",-0.770188640378523
"3269","AJW59219.1","V159A","mam","humFit",-0.940724558026975
"3270","AJW59219.1","V159A","mam","birFit",-1.20669307556647
"3271","AJW59219.1","V442I","mam","mosFit",-0.937211495918475
"3272","AJW59219.1","V442I","mam","humFit",-1.34236389037224
"3273","AJW59219.1","V442I","mam","birFit",-1.02314618212327
"3274","AJW59221.1","V159A","mam","mosFit",-0.770188640378523
"3275","AJW59221.1","V159A","mam","humFit",-0.940724558026975
"3276","AJW59221.1","V159A","mam","birFit",-1.20669307556647
"3277","AJW59222.1","V159A","mam","mosFit",-0.770188640378523
"3278","AJW59222.1","V159A","mam","humFit",-0.940724558026975
"3279","AJW59222.1","V159A","mam","birFit",-1.20669307556647
"3280","AJW59223.1","V159A","mam","mosFit",-0.770188640378523
"3281","AJW59223.1","V159A","mam","humFit",-0.940724558026975
"3282","AJW59223.1","V159A","mam","birFit",-1.20669307556647
"3283","AJW59224.1","V159A","mam","mosFit",-0.770188640378523
"3284","AJW59224.1","V159A","mam","humFit",-0.940724558026975
"3285","AJW59224.1","V159A","mam","birFit",-1.20669307556647
"3286","AJW59225.1","V159A","mam","mosFit",-0.770188640378523
"3287","AJW59225.1","V159A","mam","humFit",-0.940724558026975
"3288","AJW59225.1","V159A","mam","birFit",-1.20669307556647
"3289","AJW59226.1","V159A","mam","mosFit",-0.770188640378523
"3290","AJW59226.1","V159A","mam","humFit",-0.940724558026975
"3291","AJW59226.1","V159A","mam","birFit",-1.20669307556647
"3292","AJW59227.1","T64A","mam","mosFit",-0.746764698739062
"3293","AJW59227.1","T64A","mam","humFit",-1.15899110670822
"3294","AJW59227.1","T64A","mam","birFit",-0.738531064120427
"3295","AJW59227.1","V159A","mam","mosFit",-0.770188640378523
"3296","AJW59227.1","V159A","mam","humFit",-0.940724558026975
"3297","AJW59227.1","V159A","mam","birFit",-1.20669307556647
"3298","AJW59228.1","V159A","mam","mosFit",-0.770188640378523
"3299","AJW59228.1","V159A","mam","humFit",-0.940724558026975
"3300","AJW59228.1","V159A","mam","birFit",-1.20669307556647
"3301","AJW59228.1","Y201H","mam","mosFit",-0.520495399900026
"3302","AJW59228.1","Y201H","mam","humFit",-0.985822618898827
"3303","AJW59228.1","Y201H","mam","birFit",-0.846090870721601
"3304","AJW59229.1","V159A","mam","mosFit",-0.770188640378523
"3305","AJW59229.1","V159A","mam","humFit",-0.940724558026975
"3306","AJW59229.1","V159A","mam","birFit",-1.20669307556647
"3307","AJW59230.1","V159A","mam","mosFit",-0.770188640378523
"3308","AJW59230.1","V159A","mam","humFit",-0.940724558026975
"3309","AJW59230.1","V159A","mam","birFit",-1.20669307556647
"3310","AJW59231.1","V159A","mam","mosFit",-0.770188640378523
"3311","AJW59231.1","V159A","mam","humFit",-0.940724558026975
"3312","AJW59231.1","V159A","mam","birFit",-1.20669307556647
"3313","AJW59232.1","V159A","mam","mosFit",-0.770188640378523
"3314","AJW59232.1","V159A","mam","humFit",-0.940724558026975
"3315","AJW59232.1","V159A","mam","birFit",-1.20669307556647
"3316","AJW59233.1","V159A","mam","mosFit",-0.770188640378523
"3317","AJW59233.1","V159A","mam","humFit",-0.940724558026975
"3318","AJW59233.1","V159A","mam","birFit",-1.20669307556647
"3319","AJW59234.1","V159A","mam","mosFit",-0.770188640378523
"3320","AJW59234.1","V159A","mam","humFit",-0.940724558026975
"3321","AJW59234.1","V159A","mam","birFit",-1.20669307556647
"3322","AKT95059.1","V159A","arth","mosFit",-0.770188640378523
"3323","AKT95059.1","V159A","arth","humFit",-0.940724558026975
"3324","AKT95059.1","V159A","arth","birFit",-1.20669307556647
"3325","AKT95066.1","A89T","arth","mosFit",-1.30087885751106
"3326","AKT95066.1","A89T","arth","humFit",-1.11986453131386
"3327","AKT95066.1","A89T","arth","birFit",-1.54613784612408
"3328","AKT95066.1","V159A","arth","mosFit",-0.770188640378523
"3329","AKT95066.1","V159A","arth","humFit",-0.940724558026975
"3330","AKT95066.1","V159A","arth","birFit",-1.20669307556647
"3331","AKT95074.1","V159A","arth","mosFit",-0.770188640378523
"3332","AKT95074.1","V159A","arth","humFit",-0.940724558026975
"3333","AKT95074.1","V159A","arth","birFit",-1.20669307556647
"3334","AKT95075.1","V159A","arth","mosFit",-0.770188640378523
"3335","AKT95075.1","V159A","arth","humFit",-0.940724558026975
"3336","AKT95075.1","V159A","arth","birFit",-1.20669307556647
"3337","AKT95078.1","V159A","arth","mosFit",-0.770188640378523
"3338","AKT95078.1","V159A","arth","humFit",-0.940724558026975
"3339","AKT95078.1","V159A","arth","birFit",-1.20669307556647
"3340","AKT95078.1","V431I","arth","mosFit",-1.5618331725051
"3341","AKT95078.1","V431I","arth","humFit",-1.65018063952008
"3342","AKT95078.1","V431I","arth","birFit",-1.4496843005941
"3343","AKT95080.1","V159A","arth","mosFit",-0.770188640378523
"3344","AKT95080.1","V159A","arth","humFit",-0.940724558026975
"3345","AKT95080.1","V159A","arth","birFit",-1.20669307556647
"3346","AKT95090.1","V159A","arth","mosFit",-0.770188640378523
"3347","AKT95090.1","V159A","arth","humFit",-0.940724558026975
"3348","AKT95090.1","V159A","arth","birFit",-1.20669307556647
"3349","AKT95097.1","L493I","arth","mosFit",-1.45342706758799
"3350","AKT95097.1","L493I","arth","humFit",-1.91085708210595
"3351","AKT95097.1","L493I","arth","birFit",-2.7725142066748
"3352","AKT95097.1","V159A","arth","mosFit",-0.770188640378523
"3353","AKT95097.1","V159A","arth","humFit",-0.940724558026975
"3354","AKT95097.1","V159A","arth","birFit",-1.20669307556647
"3355","AKT95100.1","V24I","arth","mosFit",-0.696264322618001
"3356","AKT95100.1","V24I","arth","humFit",-0.63042658372981
"3357","AKT95100.1","V24I","arth","birFit",-0.460908983172413
"3358","AKT95100.1","V159A","arth","mosFit",-0.770188640378523
"3359","AKT95100.1","V159A","arth","humFit",-0.940724558026975
"3360","AKT95100.1","V159A","arth","birFit",-1.20669307556647
"3361","AKT95100.1","V431I","arth","mosFit",-1.5618331725051
"3362","AKT95100.1","V431I","arth","humFit",-1.65018063952008
"3363","AKT95100.1","V431I","arth","birFit",-1.4496843005941
"3364","AKT95101.1","V24I","arth","mosFit",-0.696264322618001
"3365","AKT95101.1","V24I","arth","humFit",-0.63042658372981
"3366","AKT95101.1","V24I","arth","birFit",-0.460908983172413
"3367","AKT95101.1","V159A","arth","mosFit",-0.770188640378523
"3368","AKT95101.1","V159A","arth","humFit",-0.940724558026975
"3369","AKT95101.1","V159A","arth","birFit",-1.20669307556647
"3370","AKT95101.1","V431I","arth","mosFit",-1.5618331725051
"3371","AKT95101.1","V431I","arth","humFit",-1.65018063952008
"3372","AKT95101.1","V431I","arth","birFit",-1.4496843005941
"3373","AKT95108.1","V159A","arth","mosFit",-0.770188640378523
"3374","AKT95108.1","V159A","arth","humFit",-0.940724558026975
"3375","AKT95108.1","V159A","arth","birFit",-1.20669307556647
"3376","AKT95111.1","V159A","arth","mosFit",-0.770188640378523
"3377","AKT95111.1","V159A","arth","humFit",-0.940724558026975
"3378","AKT95111.1","V159A","arth","birFit",-1.20669307556647
"3379","AKT95111.1","V431I","arth","mosFit",-1.5618331725051
"3380","AKT95111.1","V431I","arth","humFit",-1.65018063952008
"3381","AKT95111.1","V431I","arth","birFit",-1.4496843005941
"3382","AKT95111.1","V488I","arth","mosFit",-1.31964273869515
"3383","AKT95111.1","V488I","arth","humFit",-0.8797962367099
"3384","AKT95111.1","V488I","arth","birFit",-1.01403221118434
"3385","AKT95113.1","V159A","arth","mosFit",-0.770188640378523
"3386","AKT95113.1","V159A","arth","humFit",-0.940724558026975
"3387","AKT95113.1","V159A","arth","birFit",-1.20669307556647
"3388","AKT95113.1","V431I","arth","mosFit",-1.5618331725051
"3389","AKT95113.1","V431I","arth","humFit",-1.65018063952008
"3390","AKT95113.1","V431I","arth","birFit",-1.4496843005941
"3391","AKT95116.1","V159A","arth","mosFit",-0.770188640378523
"3392","AKT95116.1","V159A","arth","humFit",-0.940724558026975
"3393","AKT95116.1","V159A","arth","birFit",-1.20669307556647
"3394","AKT95117.1","V159A","arth","mosFit",-0.770188640378523
"3395","AKT95117.1","V159A","arth","humFit",-0.940724558026975
"3396","AKT95117.1","V159A","arth","birFit",-1.20669307556647
"3397","AKT95121.1","P88S","arth","mosFit",-1.27462641388404
"3398","AKT95121.1","P88S","arth","humFit",-1.89267703063558
"3399","AKT95121.1","P88S","arth","birFit",-2.02412027375089
"3400","AKT95121.1","V159A","arth","mosFit",-0.770188640378523
"3401","AKT95121.1","V159A","arth","humFit",-0.940724558026975
"3402","AKT95121.1","V159A","arth","birFit",-1.20669307556647
"3403","AKT95122.1","Q416R","arth","mosFit",-1.03847549462169
"3404","AKT95122.1","Q416R","arth","humFit",-1.34660755163865
"3405","AKT95122.1","Q416R","arth","birFit",-0.937712072263872
"3406","AKT95122.1","V159A","arth","mosFit",-0.770188640378523
"3407","AKT95122.1","V159A","arth","humFit",-0.940724558026975
"3408","AKT95122.1","V159A","arth","birFit",-1.20669307556647
"3409","AKT95123.1","V159A","arth","mosFit",-0.770188640378523
"3410","AKT95123.1","V159A","arth","humFit",-0.940724558026975
"3411","AKT95123.1","V159A","arth","birFit",-1.20669307556647
"3412","AKT95124.1","V159A","arth","mosFit",-0.770188640378523
"3413","AKT95124.1","V159A","arth","humFit",-0.940724558026975
"3414","AKT95124.1","V159A","arth","birFit",-1.20669307556647
"3415","AKT95125.1","V159A","arth","mosFit",-0.770188640378523
"3416","AKT95125.1","V159A","arth","humFit",-0.940724558026975
"3417","AKT95125.1","V159A","arth","birFit",-1.20669307556647
"3418","AKT95126.1","V159A","arth","mosFit",-0.770188640378523
"3419","AKT95126.1","V159A","arth","humFit",-0.940724558026975
"3420","AKT95126.1","V159A","arth","birFit",-1.20669307556647
"3421","AKT95127.1","V159A","arth","mosFit",-0.770188640378523
"3422","AKT95127.1","V159A","arth","humFit",-0.940724558026975
"3423","AKT95127.1","V159A","arth","birFit",-1.20669307556647
"3424","AKT95128.1","V159A","arth","mosFit",-0.770188640378523
"3425","AKT95128.1","V159A","arth","humFit",-0.940724558026975
"3426","AKT95128.1","V159A","arth","birFit",-1.20669307556647
"3427","AKT95130.1","V159A","arth","mosFit",-0.770188640378523
"3428","AKT95130.1","V159A","arth","humFit",-0.940724558026975
"3429","AKT95130.1","V159A","arth","birFit",-1.20669307556647
"3430","AKT95131.1","V159A","arth","mosFit",-0.770188640378523
"3431","AKT95131.1","V159A","arth","humFit",-0.940724558026975
"3432","AKT95131.1","V159A","arth","birFit",-1.20669307556647
"3433","AKT95132.1","T231N","arth","mosFit",0.118154635066281
"3434","AKT95132.1","T231N","arth","humFit",0.125323518640107
"3435","AKT95132.1","T231N","arth","birFit",0.530946710735417
"3436","AKT95132.1","V159A","arth","mosFit",-0.770188640378523
"3437","AKT95132.1","V159A","arth","humFit",-0.940724558026975
"3438","AKT95132.1","V159A","arth","birFit",-1.20669307556647
"3439","AKT95134.1","V159A","arth","mosFit",-0.770188640378523
"3440","AKT95134.1","V159A","arth","humFit",-0.940724558026975
"3441","AKT95134.1","V159A","arth","birFit",-1.20669307556647
"3442","AKT95135.1","L312I","arth","mosFit",-1.58644000200588
"3443","AKT95135.1","L312I","arth","humFit",-2.03811578012771
"3444","AKT95135.1","L312I","arth","birFit",-1.53399061283722
"3445","AKT95135.1","V159A","arth","mosFit",-0.770188640378523
"3446","AKT95135.1","V159A","arth","humFit",-0.940724558026975
"3447","AKT95135.1","V159A","arth","birFit",-1.20669307556647
"3448","AKT95136.1","V159A","arth","mosFit",-0.770188640378523
"3449","AKT95136.1","V159A","arth","humFit",-0.940724558026975
"3450","AKT95136.1","V159A","arth","birFit",-1.20669307556647
"3451","AKT95137.1","V159A","arth","mosFit",-0.770188640378523
"3452","AKT95137.1","V159A","arth","humFit",-0.940724558026975
"3453","AKT95137.1","V159A","arth","birFit",-1.20669307556647
"3454","AKT95139.1","V159A","arth","mosFit",-0.770188640378523
"3455","AKT95139.1","V159A","arth","humFit",-0.940724558026975
"3456","AKT95139.1","V159A","arth","birFit",-1.20669307556647
"3457","AKT95140.1","V159A","arth","mosFit",-0.770188640378523
"3458","AKT95140.1","V159A","arth","humFit",-0.940724558026975
"3459","AKT95140.1","V159A","arth","birFit",-1.20669307556647
"3460","AKT95141.1","A419V","arth","mosFit",-0.341154153525198
"3461","AKT95141.1","A419V","arth","humFit",-0.870462503324831
"3462","AKT95141.1","A419V","arth","birFit",-0.858693196025458
"3463","AKT95141.1","V159A","arth","mosFit",-0.770188640378523
"3464","AKT95141.1","V159A","arth","humFit",-0.940724558026975
"3465","AKT95141.1","V159A","arth","birFit",-1.20669307556647
"3466","AKT95142.1","V159A","arth","mosFit",-0.770188640378523
"3467","AKT95142.1","V159A","arth","humFit",-0.940724558026975
"3468","AKT95142.1","V159A","arth","birFit",-1.20669307556647
"3469","AKT95143.1","V159A","arth","mosFit",-0.770188640378523
"3470","AKT95143.1","V159A","arth","humFit",-0.940724558026975
"3471","AKT95143.1","V159A","arth","birFit",-1.20669307556647
"3472","AKT95144.1","V159A","arth","mosFit",-0.770188640378523
"3473","AKT95144.1","V159A","arth","humFit",-0.940724558026975
"3474","AKT95144.1","V159A","arth","birFit",-1.20669307556647
"3475","AKT95145.1","V159A","arth","mosFit",-0.770188640378523
"3476","AKT95145.1","V159A","arth","humFit",-0.940724558026975
"3477","AKT95145.1","V159A","arth","birFit",-1.20669307556647
"3478","AKT95146.1","V159A","arth","mosFit",-0.770188640378523
"3479","AKT95146.1","V159A","arth","humFit",-0.940724558026975
"3480","AKT95146.1","V159A","arth","birFit",-1.20669307556647
"3481","AKT95149.1","V159A","arth","mosFit",-0.770188640378523
"3482","AKT95149.1","V159A","arth","humFit",-0.940724558026975
"3483","AKT95149.1","V159A","arth","birFit",-1.20669307556647
"3484","AKT95151.1","V159A","arth","mosFit",-0.770188640378523
"3485","AKT95151.1","V159A","arth","humFit",-0.940724558026975
"3486","AKT95151.1","V159A","arth","birFit",-1.20669307556647
"3487","AKT95153.1","V159A","arth","mosFit",-0.770188640378523
"3488","AKT95153.1","V159A","arth","humFit",-0.940724558026975
"3489","AKT95153.1","V159A","arth","birFit",-1.20669307556647
"3490","AKT95154.1","V159A","arth","mosFit",-0.770188640378523
"3491","AKT95154.1","V159A","arth","humFit",-0.940724558026975
"3492","AKT95154.1","V159A","arth","birFit",-1.20669307556647
"3493","AKT95155.1","V159A","arth","mosFit",-0.770188640378523
"3494","AKT95155.1","V159A","arth","humFit",-0.940724558026975
"3495","AKT95155.1","V159A","arth","birFit",-1.20669307556647
"3496","AKT95156.1","V159A","arth","mosFit",-0.770188640378523
"3497","AKT95156.1","V159A","arth","humFit",-0.940724558026975
"3498","AKT95156.1","V159A","arth","birFit",-1.20669307556647
"3499","AKT95157.1","V159A","arth","mosFit",-0.770188640378523
"3500","AKT95157.1","V159A","arth","humFit",-0.940724558026975
"3501","AKT95157.1","V159A","arth","birFit",-1.20669307556647
"3502","AKT95158.1","V159A","arth","mosFit",-0.770188640378523
"3503","AKT95158.1","V159A","arth","humFit",-0.940724558026975
"3504","AKT95158.1","V159A","arth","birFit",-1.20669307556647
"3505","AKT95159.1","V159A","arth","mosFit",-0.770188640378523
"3506","AKT95159.1","V159A","arth","humFit",-0.940724558026975
"3507","AKT95159.1","V159A","arth","birFit",-1.20669307556647
"3508","AKT95161.1","V159A","arth","mosFit",-0.770188640378523
"3509","AKT95161.1","V159A","arth","humFit",-0.940724558026975
"3510","AKT95161.1","V159A","arth","birFit",-1.20669307556647
"3511","AKT95164.1","V24I","arth","mosFit",-0.696264322618001
"3512","AKT95164.1","V24I","arth","humFit",-0.63042658372981
"3513","AKT95164.1","V24I","arth","birFit",-0.460908983172413
"3514","AKT95164.1","V159A","arth","mosFit",-0.770188640378523
"3515","AKT95164.1","V159A","arth","humFit",-0.940724558026975
"3516","AKT95164.1","V159A","arth","birFit",-1.20669307556647
"3517","AKT95164.1","V431I","arth","mosFit",-1.5618331725051
"3518","AKT95164.1","V431I","arth","humFit",-1.65018063952008
"3519","AKT95164.1","V431I","arth","birFit",-1.4496843005941
"3520","AKT95165.1","V159A","arth","mosFit",-0.770188640378523
"3521","AKT95165.1","V159A","arth","humFit",-0.940724558026975
"3522","AKT95165.1","V159A","arth","birFit",-1.20669307556647
"3523","AKT95166.1","V159A","arth","mosFit",-0.770188640378523
"3524","AKT95166.1","V159A","arth","humFit",-0.940724558026975
"3525","AKT95166.1","V159A","arth","birFit",-1.20669307556647
"3526","AKT95167.1","V159A","arth","mosFit",-0.770188640378523
"3527","AKT95167.1","V159A","arth","humFit",-0.940724558026975
"3528","AKT95167.1","V159A","arth","birFit",-1.20669307556647
"3529","AKT95168.1","V159A","arth","mosFit",-0.770188640378523
"3530","AKT95168.1","V159A","arth","humFit",-0.940724558026975
"3531","AKT95168.1","V159A","arth","birFit",-1.20669307556647
"3532","ALK82295.1","V159A","arth","mosFit",-0.770188640378523
"3533","ALK82295.1","V159A","arth","humFit",-0.940724558026975
"3534","ALK82295.1","V159A","arth","birFit",-1.20669307556647
"3535","ALK82295.1","V304I","arth","mosFit",-0.800370255200614
"3536","ALK82295.1","V304I","arth","humFit",-0.558903162713406
"3537","ALK82295.1","V304I","arth","birFit",-1.21325860097435
"3538","ALM30290.1","V159A","mam","mosFit",-0.770188640378523
"3539","ALM30290.1","V159A","mam","humFit",-0.940724558026975
"3540","ALM30290.1","V159A","mam","birFit",-1.20669307556647
"3541","ANW68426.1","V159A","arth","mosFit",-0.770188640378523
"3542","ANW68426.1","V159A","arth","humFit",-0.940724558026975
"3543","ANW68426.1","V159A","arth","birFit",-1.20669307556647
"3544","ANW68427.1","V159A","arth","mosFit",-0.770188640378523
"3545","ANW68427.1","V159A","arth","humFit",-0.940724558026975
"3546","ANW68427.1","V159A","arth","birFit",-1.20669307556647
"3547","ANW68430.1","V159A","bird","mosFit",-0.770188640378523
"3548","ANW68430.1","V159A","bird","humFit",-0.940724558026975
"3549","ANW68430.1","V159A","bird","birFit",-1.20669307556647
"3550","ANW68431.1","V159A","bird","mosFit",-0.770188640378523
"3551","ANW68431.1","V159A","bird","humFit",-0.940724558026975
"3552","ANW68431.1","V159A","bird","birFit",-1.20669307556647
"3553","ANW68432.1","V159A","mam","mosFit",-0.770188640378523
"3554","ANW68432.1","V159A","mam","humFit",-0.940724558026975
"3555","ANW68432.1","V159A","mam","birFit",-1.20669307556647
"3556","ANW68433.1","V159A","mam","mosFit",-0.770188640378523
"3557","ANW68433.1","V159A","mam","humFit",-0.940724558026975
"3558","ANW68433.1","V159A","mam","birFit",-1.20669307556647
"3559","ANW68435.1","V159A","arth","mosFit",-0.770188640378523
"3560","ANW68435.1","V159A","arth","humFit",-0.940724558026975
"3561","ANW68435.1","V159A","arth","birFit",-1.20669307556647
"3562","ANW68436.1","V159A","arth","mosFit",-0.770188640378523
"3563","ANW68436.1","V159A","arth","humFit",-0.940724558026975
"3564","ANW68436.1","V159A","arth","birFit",-1.20669307556647
"3565","ANW68437.1","V159A","arth","mosFit",-0.770188640378523
"3566","ANW68437.1","V159A","arth","humFit",-0.940724558026975
"3567","ANW68437.1","V159A","arth","birFit",-1.20669307556647
"3568","ANW68438.1","V159A","bird","mosFit",-0.770188640378523
"3569","ANW68438.1","V159A","bird","humFit",-0.940724558026975
"3570","ANW68438.1","V159A","bird","birFit",-1.20669307556647
"3571","ANW68439.1","V159A","bird","mosFit",-0.770188640378523
"3572","ANW68439.1","V159A","bird","humFit",-0.940724558026975
"3573","ANW68439.1","V159A","bird","birFit",-1.20669307556647
"3574","ANW68440.1","V159A","bird","mosFit",-0.770188640378523
"3575","ANW68440.1","V159A","bird","humFit",-0.940724558026975
"3576","ANW68440.1","V159A","bird","birFit",-1.20669307556647
"3577","ANW68441.1","V159A","arth","mosFit",-0.770188640378523
"3578","ANW68441.1","V159A","arth","humFit",-0.940724558026975
"3579","ANW68441.1","V159A","arth","birFit",-1.20669307556647
"3580","ANW68442.1","V159A","arth","mosFit",-0.770188640378523
"3581","ANW68442.1","V159A","arth","humFit",-0.940724558026975
"3582","ANW68442.1","V159A","arth","birFit",-1.20669307556647
"3583","ANW68443.1","V159A","arth","mosFit",-0.770188640378523
"3584","ANW68443.1","V159A","arth","humFit",-0.940724558026975
"3585","ANW68443.1","V159A","arth","birFit",-1.20669307556647
"3586","ANW68444.1","V159A","arth","mosFit",-0.770188640378523
"3587","ANW68444.1","V159A","arth","humFit",-0.940724558026975
"3588","ANW68444.1","V159A","arth","birFit",-1.20669307556647
"3589","ANW68445.1","V159A","arth","mosFit",-0.770188640378523
"3590","ANW68445.1","V159A","arth","humFit",-0.940724558026975
"3591","ANW68445.1","V159A","arth","birFit",-1.20669307556647
"3592","ANW68447.1","V159A","arth","mosFit",-0.770188640378523
"3593","ANW68447.1","V159A","arth","humFit",-0.940724558026975
"3594","ANW68447.1","V159A","arth","birFit",-1.20669307556647
"3595","ANW68448.1","V159A","arth","mosFit",-0.770188640378523
"3596","ANW68448.1","V159A","arth","humFit",-0.940724558026975
"3597","ANW68448.1","V159A","arth","birFit",-1.20669307556647
"3598","ANW68449.1","V159A","arth","mosFit",-0.770188640378523
"3599","ANW68449.1","V159A","arth","humFit",-0.940724558026975
"3600","ANW68449.1","V159A","arth","birFit",-1.20669307556647
"3601","ANW68450.1","V159A","bird","mosFit",-0.770188640378523
"3602","ANW68450.1","V159A","bird","humFit",-0.940724558026975
"3603","ANW68450.1","V159A","bird","birFit",-1.20669307556647
"3604","ANW68451.1","V159A","bird","mosFit",-0.770188640378523
"3605","ANW68451.1","V159A","bird","humFit",-0.940724558026975
"3606","ANW68451.1","V159A","bird","birFit",-1.20669307556647
"3607","ANW68452.1","V159A","bird","mosFit",-0.770188640378523
"3608","ANW68452.1","V159A","bird","humFit",-0.940724558026975
"3609","ANW68452.1","V159A","bird","birFit",-1.20669307556647
"3610","ANW68454.1","V159A","bird","mosFit",-0.770188640378523
"3611","ANW68454.1","V159A","bird","humFit",-0.940724558026975
"3612","ANW68454.1","V159A","bird","birFit",-1.20669307556647
"3613","ANW68456.1","T314A","arth","mosFit",-0.494459940208309
"3614","ANW68456.1","T314A","arth","humFit",-0.600063402312103
"3615","ANW68456.1","T314A","arth","birFit",-1.13599358861951
"3616","ANW68456.1","V159A","arth","mosFit",-0.770188640378523
"3617","ANW68456.1","V159A","arth","humFit",-0.940724558026975
"3618","ANW68456.1","V159A","arth","birFit",-1.20669307556647
"3619","ANW68457.1","T314A","arth","mosFit",-0.494459940208309
"3620","ANW68457.1","T314A","arth","humFit",-0.600063402312103
"3621","ANW68457.1","T314A","arth","birFit",-1.13599358861951
"3622","ANW68457.1","V159A","arth","mosFit",-0.770188640378523
"3623","ANW68457.1","V159A","arth","humFit",-0.940724558026975
"3624","ANW68457.1","V159A","arth","birFit",-1.20669307556647
"3625","ANW68458.1","T314A","arth","mosFit",-0.494459940208309
"3626","ANW68458.1","T314A","arth","humFit",-0.600063402312103
"3627","ANW68458.1","T314A","arth","birFit",-1.13599358861951
"3628","ANW68458.1","V159A","arth","mosFit",-0.770188640378523
"3629","ANW68458.1","V159A","arth","humFit",-0.940724558026975
"3630","ANW68458.1","V159A","arth","birFit",-1.20669307556647
"3631","ANW68459.1","V159A","arth","mosFit",-0.770188640378523
"3632","ANW68459.1","V159A","arth","humFit",-0.940724558026975
"3633","ANW68459.1","V159A","arth","birFit",-1.20669307556647
"3634","ANW68460.1","V159A","arth","mosFit",-0.770188640378523
"3635","ANW68460.1","V159A","arth","humFit",-0.940724558026975
"3636","ANW68460.1","V159A","arth","birFit",-1.20669307556647
"3637","ANW68461.1","V159A","arth","mosFit",-0.770188640378523
"3638","ANW68461.1","V159A","arth","humFit",-0.940724558026975
"3639","ANW68461.1","V159A","arth","birFit",-1.20669307556647
"3640","ANW68463.1","V159A","arth","mosFit",-0.770188640378523
"3641","ANW68463.1","V159A","arth","humFit",-0.940724558026975
"3642","ANW68463.1","V159A","arth","birFit",-1.20669307556647
"3643","ANW68464.1","V159A","arth","mosFit",-0.770188640378523
"3644","ANW68464.1","V159A","arth","humFit",-0.940724558026975
"3645","ANW68464.1","V159A","arth","birFit",-1.20669307556647
"3646","ANW68465.1","V159A","arth","mosFit",-0.770188640378523
"3647","ANW68465.1","V159A","arth","humFit",-0.940724558026975
"3648","ANW68465.1","V159A","arth","birFit",-1.20669307556647
"3649","ANW68466.1","V159A","arth","mosFit",-0.770188640378523
"3650","ANW68466.1","V159A","arth","humFit",-0.940724558026975
"3651","ANW68466.1","V159A","arth","birFit",-1.20669307556647
"3652","ANW68467.1","V159A","arth","mosFit",-0.770188640378523
"3653","ANW68467.1","V159A","arth","humFit",-0.940724558026975
"3654","ANW68467.1","V159A","arth","birFit",-1.20669307556647
"3655","ANW68468.1","L178Q","bird","mosFit",-1.19865401619306
"3656","ANW68468.1","L178Q","bird","humFit",-1.08906226042071
"3657","ANW68468.1","L178Q","bird","birFit",-1.0526624488974
"3658","ANW68469.1","L178Q","bird","mosFit",-1.19865401619306
"3659","ANW68469.1","L178Q","bird","humFit",-1.08906226042071
"3660","ANW68469.1","L178Q","bird","birFit",-1.0526624488974
"3661","ANW68470.1","L178Q","bird","mosFit",-1.19865401619306
"3662","ANW68470.1","L178Q","bird","humFit",-1.08906226042071
"3663","ANW68470.1","L178Q","bird","birFit",-1.0526624488974
"3664","ANW68472.1","V159A","bird","mosFit",-0.770188640378523
"3665","ANW68472.1","V159A","bird","humFit",-0.940724558026975
"3666","ANW68472.1","V159A","bird","birFit",-1.20669307556647
"3667","ANW68474.1","S66G","bird","mosFit",-0.778854116728024
"3668","ANW68474.1","S66G","bird","humFit",-0.479922878114544
"3669","ANW68474.1","S66G","bird","birFit",-1.16136423922161
"3670","ANW68474.1","V159A","bird","mosFit",-0.770188640378523
"3671","ANW68474.1","V159A","bird","humFit",-0.940724558026975
"3672","ANW68474.1","V159A","bird","birFit",-1.20669307556647
"3673","ANW68475.1","S66G","bird","mosFit",-0.778854116728024
"3674","ANW68475.1","S66G","bird","humFit",-0.479922878114544
"3675","ANW68475.1","S66G","bird","birFit",-1.16136423922161
"3676","ANW68475.1","V159A","bird","mosFit",-0.770188640378523
"3677","ANW68475.1","V159A","bird","humFit",-0.940724558026975
"3678","ANW68475.1","V159A","bird","birFit",-1.20669307556647
"3679","ANW68476.1","S66G","bird","mosFit",-0.778854116728024
"3680","ANW68476.1","S66G","bird","humFit",-0.479922878114544
"3681","ANW68476.1","S66G","bird","birFit",-1.16136423922161
"3682","ANW68476.1","V159A","bird","mosFit",-0.770188640378523
"3683","ANW68476.1","V159A","bird","humFit",-0.940724558026975
"3684","ANW68476.1","V159A","bird","birFit",-1.20669307556647
"3685","ANW68478.1","V159A","arth","mosFit",-0.770188640378523
"3686","ANW68478.1","V159A","arth","humFit",-0.940724558026975
"3687","ANW68478.1","V159A","arth","birFit",-1.20669307556647
"3688","ANW68479.1","V159A","arth","mosFit",-0.770188640378523
"3689","ANW68479.1","V159A","arth","humFit",-0.940724558026975
"3690","ANW68479.1","V159A","arth","birFit",-1.20669307556647
"3691","ANW68481.1","V159A","arth","mosFit",-0.770188640378523
"3692","ANW68481.1","V159A","arth","humFit",-0.940724558026975
"3693","ANW68481.1","V159A","arth","birFit",-1.20669307556647
"3694","ANW68482.1","V159A","arth","mosFit",-0.770188640378523
"3695","ANW68482.1","V159A","arth","humFit",-0.940724558026975
"3696","ANW68482.1","V159A","arth","birFit",-1.20669307556647
"3697","ANW68484.1","V159A","arth","mosFit",-0.770188640378523
"3698","ANW68484.1","V159A","arth","humFit",-0.940724558026975
"3699","ANW68484.1","V159A","arth","birFit",-1.20669307556647
"3700","ANW68485.1","V159A","arth","mosFit",-0.770188640378523
"3701","ANW68485.1","V159A","arth","humFit",-0.940724558026975
"3702","ANW68485.1","V159A","arth","birFit",-1.20669307556647
"3703","ANW68486.1","V159A","arth","mosFit",-0.770188640378523
"3704","ANW68486.1","V159A","arth","humFit",-0.940724558026975
"3705","ANW68486.1","V159A","arth","birFit",-1.20669307556647
"3706","ANW68487.1","V159A","arth","mosFit",-0.770188640378523
"3707","ANW68487.1","V159A","arth","humFit",-0.940724558026975
"3708","ANW68487.1","V159A","arth","birFit",-1.20669307556647
"3709","ANW68488.1","V159A","arth","mosFit",-0.770188640378523
"3710","ANW68488.1","V159A","arth","humFit",-0.940724558026975
"3711","ANW68488.1","V159A","arth","birFit",-1.20669307556647
"3712","ANW68490.1","V159A","arth","mosFit",-0.770188640378523
"3713","ANW68490.1","V159A","arth","humFit",-0.940724558026975
"3714","ANW68490.1","V159A","arth","birFit",-1.20669307556647
"3715","ANW68491.1","V159A","arth","mosFit",-0.770188640378523
"3716","ANW68491.1","V159A","arth","humFit",-0.940724558026975
"3717","ANW68491.1","V159A","arth","birFit",-1.20669307556647
"3718","ANW68493.1","V159A","bird","mosFit",-0.770188640378523
"3719","ANW68493.1","V159A","bird","humFit",-0.940724558026975
"3720","ANW68493.1","V159A","bird","birFit",-1.20669307556647
"3721","ANW68494.1","V159A","bird","mosFit",-0.770188640378523
"3722","ANW68494.1","V159A","bird","humFit",-0.940724558026975
"3723","ANW68494.1","V159A","bird","birFit",-1.20669307556647
"3724","ANW68495.1","V159A","arth","mosFit",-0.770188640378523
"3725","ANW68495.1","V159A","arth","humFit",-0.940724558026975
"3726","ANW68495.1","V159A","arth","birFit",-1.20669307556647
"3727","ANW68496.1","V159A","arth","mosFit",-0.770188640378523
"3728","ANW68496.1","V159A","arth","humFit",-0.940724558026975
"3729","ANW68496.1","V159A","arth","birFit",-1.20669307556647
"3730","ANW68497.1","V159A","arth","mosFit",-0.770188640378523
"3731","ANW68497.1","V159A","arth","humFit",-0.940724558026975
"3732","ANW68497.1","V159A","arth","birFit",-1.20669307556647
"3733","ANW68498.1","M46V","arth","mosFit",-1.00943575214848
"3734","ANW68498.1","M46V","arth","humFit",-1.50794548780793
"3735","ANW68498.1","M46V","arth","birFit",-1.25836013036508
"3736","ANW68498.1","V159A","arth","mosFit",-0.770188640378523
"3737","ANW68498.1","V159A","arth","humFit",-0.940724558026975
"3738","ANW68498.1","V159A","arth","birFit",-1.20669307556647
"3739","ANW68499.1","M46V","arth","mosFit",-1.00943575214848
"3740","ANW68499.1","M46V","arth","humFit",-1.50794548780793
"3741","ANW68499.1","M46V","arth","birFit",-1.25836013036508
"3742","ANW68499.1","V159A","arth","mosFit",-0.770188640378523
"3743","ANW68499.1","V159A","arth","humFit",-0.940724558026975
"3744","ANW68499.1","V159A","arth","birFit",-1.20669307556647
"3745","ANW68500.1","M46V","arth","mosFit",-1.00943575214848
"3746","ANW68500.1","M46V","arth","humFit",-1.50794548780793
"3747","ANW68500.1","M46V","arth","birFit",-1.25836013036508
"3748","ANW68500.1","V159A","arth","mosFit",-0.770188640378523
"3749","ANW68500.1","V159A","arth","humFit",-0.940724558026975
"3750","ANW68500.1","V159A","arth","birFit",-1.20669307556647
"3751","ANW68502.1","V159A","arth","mosFit",-0.770188640378523
"3752","ANW68502.1","V159A","arth","humFit",-0.940724558026975
"3753","ANW68502.1","V159A","arth","birFit",-1.20669307556647
"3754","ANW68505.1","V159A","arth","mosFit",-0.770188640378523
"3755","ANW68505.1","V159A","arth","humFit",-0.940724558026975
"3756","ANW68505.1","V159A","arth","birFit",-1.20669307556647
"3757","ANW68508.1","V159A","arth","mosFit",-0.770188640378523
"3758","ANW68508.1","V159A","arth","humFit",-0.940724558026975
"3759","ANW68508.1","V159A","arth","birFit",-1.20669307556647
"3760","ANW68509.1","V159A","arth","mosFit",-0.770188640378523
"3761","ANW68509.1","V159A","arth","humFit",-0.940724558026975
"3762","ANW68509.1","V159A","arth","birFit",-1.20669307556647
"3763","ANW68510.1","V159A","arth","mosFit",-0.770188640378523
"3764","ANW68510.1","V159A","arth","humFit",-0.940724558026975
"3765","ANW68510.1","V159A","arth","birFit",-1.20669307556647
"3766","ANW68511.1","V159A","arth","mosFit",-0.770188640378523
"3767","ANW68511.1","V159A","arth","humFit",-0.940724558026975
"3768","ANW68511.1","V159A","arth","birFit",-1.20669307556647
"3769","ANW68512.1","V159A","arth","mosFit",-0.770188640378523
"3770","ANW68512.1","V159A","arth","humFit",-0.940724558026975
"3771","ANW68512.1","V159A","arth","birFit",-1.20669307556647
"3772","ANW68513.1","L178Q","bird","mosFit",-1.19865401619306
"3773","ANW68513.1","L178Q","bird","humFit",-1.08906226042071
"3774","ANW68513.1","L178Q","bird","birFit",-1.0526624488974
"3775","ANW68514.1","L178Q","bird","mosFit",-1.19865401619306
"3776","ANW68514.1","L178Q","bird","humFit",-1.08906226042071
"3777","ANW68514.1","L178Q","bird","birFit",-1.0526624488974
"3778","ANW68515.1","L178Q","bird","mosFit",-1.19865401619306
"3779","ANW68515.1","L178Q","bird","humFit",-1.08906226042071
"3780","ANW68515.1","L178Q","bird","birFit",-1.0526624488974
"3781","ANW68517.1","V159A","bird","mosFit",-0.770188640378523
"3782","ANW68517.1","V159A","bird","humFit",-0.940724558026975
"3783","ANW68517.1","V159A","bird","birFit",-1.20669307556647
"3784","ANW68518.1","V159A","bird","mosFit",-0.770188640378523
"3785","ANW68518.1","V159A","bird","humFit",-0.940724558026975
"3786","ANW68518.1","V159A","bird","birFit",-1.20669307556647
"3787","ANW68520.1","V159A","arth","mosFit",-0.770188640378523
"3788","ANW68520.1","V159A","arth","humFit",-0.940724558026975
"3789","ANW68520.1","V159A","arth","birFit",-1.20669307556647
"3790","ANW68522.1","H500Y","bird","mosFit",-1.47374258772705
"3791","ANW68522.1","H500Y","bird","humFit",-1.67963980096095
"3792","ANW68522.1","H500Y","bird","birFit",-1.39549264557976
"3793","ANW68522.1","V159A","bird","mosFit",-0.770188640378523
"3794","ANW68522.1","V159A","bird","humFit",-0.940724558026975
"3795","ANW68522.1","V159A","bird","birFit",-1.20669307556647
"3796","ANW68523.1","H500Y","bird","mosFit",-1.47374258772705
"3797","ANW68523.1","H500Y","bird","humFit",-1.67963980096095
"3798","ANW68523.1","H500Y","bird","birFit",-1.39549264557976
"3799","ANW68523.1","V159A","bird","mosFit",-0.770188640378523
"3800","ANW68523.1","V159A","bird","humFit",-0.940724558026975
"3801","ANW68523.1","V159A","bird","birFit",-1.20669307556647
"3802","ANW68524.1","H500Y","bird","mosFit",-1.47374258772705
"3803","ANW68524.1","H500Y","bird","humFit",-1.67963980096095
"3804","ANW68524.1","H500Y","bird","birFit",-1.39549264557976
"3805","ANW68524.1","V159A","bird","mosFit",-0.770188640378523
"3806","ANW68524.1","V159A","bird","humFit",-0.940724558026975
"3807","ANW68524.1","V159A","bird","birFit",-1.20669307556647
"3808","ANW68525.1","V159A","arth","mosFit",-0.770188640378523
"3809","ANW68525.1","V159A","arth","humFit",-0.940724558026975
"3810","ANW68525.1","V159A","arth","birFit",-1.20669307556647
"3811","ANW68526.1","V159A","arth","mosFit",-0.770188640378523
"3812","ANW68526.1","V159A","arth","humFit",-0.940724558026975
"3813","ANW68526.1","V159A","arth","birFit",-1.20669307556647
"3814","ANW68527.1","V159A","arth","mosFit",-0.770188640378523
"3815","ANW68527.1","V159A","arth","humFit",-0.940724558026975
"3816","ANW68527.1","V159A","arth","birFit",-1.20669307556647
"3817","ANW68529.1","V159A","arth","mosFit",-0.770188640378523
"3818","ANW68529.1","V159A","arth","humFit",-0.940724558026975
"3819","ANW68529.1","V159A","arth","birFit",-1.20669307556647
"3820","ANW68535.1","V159A","arth","mosFit",-0.770188640378523
"3821","ANW68535.1","V159A","arth","humFit",-0.940724558026975
"3822","ANW68535.1","V159A","arth","birFit",-1.20669307556647
"3823","ANW68537.1","V159A","bird","mosFit",-0.770188640378523
"3824","ANW68537.1","V159A","bird","humFit",-0.940724558026975
"3825","ANW68537.1","V159A","bird","birFit",-1.20669307556647
"3826","ANW68538.1","V159A","bird","mosFit",-0.770188640378523
"3827","ANW68538.1","V159A","bird","humFit",-0.940724558026975
"3828","ANW68538.1","V159A","bird","birFit",-1.20669307556647
"3829","ANW68539.1","V159A","bird","mosFit",-0.770188640378523
"3830","ANW68539.1","V159A","bird","humFit",-0.940724558026975
"3831","ANW68539.1","V159A","bird","birFit",-1.20669307556647
"3832","ANW68547.1","V159A","arth","mosFit",-0.770188640378523
"3833","ANW68547.1","V159A","arth","humFit",-0.940724558026975
"3834","ANW68547.1","V159A","arth","birFit",-1.20669307556647
"3835","ANW68550.1","A365S","arth","mosFit",-0.587129969548876
"3836","ANW68550.1","A365S","arth","humFit",-0.661084416588615
"3837","ANW68550.1","A365S","arth","birFit",-0.919248377416798
"3838","ANW68550.1","T129I","arth","mosFit",-0.797590415990801
"3839","ANW68550.1","T129I","arth","humFit",-0.713749910313215
"3840","ANW68550.1","T129I","arth","birFit",-0.566935795076255
"3841","ANW68550.1","V159A","arth","mosFit",-0.770188640378523
"3842","ANW68550.1","V159A","arth","humFit",-0.940724558026975
"3843","ANW68550.1","V159A","arth","birFit",-1.20669307556647
"3844","ANW68551.1","A365S","arth","mosFit",-0.587129969548876
"3845","ANW68551.1","A365S","arth","humFit",-0.661084416588615
"3846","ANW68551.1","A365S","arth","birFit",-0.919248377416798
"3847","ANW68551.1","T129I","arth","mosFit",-0.797590415990801
"3848","ANW68551.1","T129I","arth","humFit",-0.713749910313215
"3849","ANW68551.1","T129I","arth","birFit",-0.566935795076255
"3850","ANW68551.1","V159A","arth","mosFit",-0.770188640378523
"3851","ANW68551.1","V159A","arth","humFit",-0.940724558026975
"3852","ANW68551.1","V159A","arth","birFit",-1.20669307556647
"3853","ANW68553.1","V159A","bird","mosFit",-0.770188640378523
"3854","ANW68553.1","V159A","bird","humFit",-0.940724558026975
"3855","ANW68553.1","V159A","bird","birFit",-1.20669307556647
"3856","ANW68556.1","V159A","arth","mosFit",-0.770188640378523
"3857","ANW68556.1","V159A","arth","humFit",-0.940724558026975
"3858","ANW68556.1","V159A","arth","birFit",-1.20669307556647
"3859","ANW68557.1","V159A","arth","mosFit",-0.770188640378523
"3860","ANW68557.1","V159A","arth","humFit",-0.940724558026975
"3861","ANW68557.1","V159A","arth","birFit",-1.20669307556647
"3862","ANW68559.1","V159A","bird","mosFit",-0.770188640378523
"3863","ANW68559.1","V159A","bird","humFit",-0.940724558026975
"3864","ANW68559.1","V159A","bird","birFit",-1.20669307556647
"3865","ANW68560.1","V159A","bird","mosFit",-0.770188640378523
"3866","ANW68560.1","V159A","bird","humFit",-0.940724558026975
"3867","ANW68560.1","V159A","bird","birFit",-1.20669307556647
"3868","ANW68564.1","V24I","bird","mosFit",-0.696264322618001
"3869","ANW68564.1","V24I","bird","humFit",-0.63042658372981
"3870","ANW68564.1","V24I","bird","birFit",-0.460908983172413
"3871","ANW68564.1","V159A","bird","mosFit",-0.770188640378523
"3872","ANW68564.1","V159A","bird","humFit",-0.940724558026975
"3873","ANW68564.1","V159A","bird","birFit",-1.20669307556647
"3874","ANW68565.1","V24I","bird","mosFit",-0.696264322618001
"3875","ANW68565.1","V24I","bird","humFit",-0.63042658372981
"3876","ANW68565.1","V24I","bird","birFit",-0.460908983172413
"3877","ANW68565.1","V159A","bird","mosFit",-0.770188640378523
"3878","ANW68565.1","V159A","bird","humFit",-0.940724558026975
"3879","ANW68565.1","V159A","bird","birFit",-1.20669307556647
"3880","ANW68566.1","V24I","bird","mosFit",-0.696264322618001
"3881","ANW68566.1","V24I","bird","humFit",-0.63042658372981
"3882","ANW68566.1","V24I","bird","birFit",-0.460908983172413
"3883","ANW68566.1","V159A","bird","mosFit",-0.770188640378523
"3884","ANW68566.1","V159A","bird","humFit",-0.940724558026975
"3885","ANW68566.1","V159A","bird","birFit",-1.20669307556647
"3886","ANW68567.1","V159A","arth","mosFit",-0.770188640378523
"3887","ANW68567.1","V159A","arth","humFit",-0.940724558026975
"3888","ANW68567.1","V159A","arth","birFit",-1.20669307556647
"3889","ANW68568.1","V159A","arth","mosFit",-0.770188640378523
"3890","ANW68568.1","V159A","arth","humFit",-0.940724558026975
"3891","ANW68568.1","V159A","arth","birFit",-1.20669307556647
"3892","ANW68569.1","V159A","arth","mosFit",-0.770188640378523
"3893","ANW68569.1","V159A","arth","humFit",-0.940724558026975
"3894","ANW68569.1","V159A","arth","birFit",-1.20669307556647
"3895","ANW68574.1","V159A","bird","mosFit",-0.770188640378523
"3896","ANW68574.1","V159A","bird","humFit",-0.940724558026975
"3897","ANW68574.1","V159A","bird","birFit",-1.20669307556647
"3898","ANW68575.1","V159A","bird","mosFit",-0.770188640378523
"3899","ANW68575.1","V159A","bird","humFit",-0.940724558026975
"3900","ANW68575.1","V159A","bird","birFit",-1.20669307556647
"3901","ANW68578.1","A51T","arth","mosFit",-1.05030646712279
"3902","ANW68578.1","A51T","arth","humFit",-1.29546657960075
"3903","ANW68578.1","A51T","arth","birFit",-1.72619783601487
"3904","ANW68578.1","V159A","arth","mosFit",-0.770188640378523
"3905","ANW68578.1","V159A","arth","humFit",-0.940724558026975
"3906","ANW68578.1","V159A","arth","birFit",-1.20669307556647
"3907","ANW68578.1","V364M","arth","mosFit",-1.20940676708476
"3908","ANW68578.1","V364M","arth","humFit",-1.01608166227727
"3909","ANW68578.1","V364M","arth","birFit",-2.28402331626182
"3910","ANW68580.1","V159A","arth","mosFit",-0.770188640378523
"3911","ANW68580.1","V159A","arth","humFit",-0.940724558026975
"3912","ANW68580.1","V159A","arth","birFit",-1.20669307556647
"3913","ANW68582.1","V56I","bird","mosFit",-1.2886678873275
"3914","ANW68582.1","V56I","bird","humFit",-0.871149637245476
"3915","ANW68582.1","V56I","bird","birFit",-1.12707085099211
"3916","ANW68582.1","V159A","bird","mosFit",-0.770188640378523
"3917","ANW68582.1","V159A","bird","humFit",-0.940724558026975
"3918","ANW68582.1","V159A","bird","birFit",-1.20669307556647
"3919","ANW68583.1","V56I","bird","mosFit",-1.2886678873275
"3920","ANW68583.1","V56I","bird","humFit",-0.871149637245476
"3921","ANW68583.1","V56I","bird","birFit",-1.12707085099211
"3922","ANW68583.1","V159A","bird","mosFit",-0.770188640378523
"3923","ANW68583.1","V159A","bird","humFit",-0.940724558026975
"3924","ANW68583.1","V159A","bird","birFit",-1.20669307556647
"3925","ANW68584.1","V56I","bird","mosFit",-1.2886678873275
"3926","ANW68584.1","V56I","bird","humFit",-0.871149637245476
"3927","ANW68584.1","V56I","bird","birFit",-1.12707085099211
"3928","ANW68584.1","V159A","bird","mosFit",-0.770188640378523
"3929","ANW68584.1","V159A","bird","humFit",-0.940724558026975
"3930","ANW68584.1","V159A","bird","birFit",-1.20669307556647
"3931","ANW68586.1","V159A","arth","mosFit",-0.770188640378523
"3932","ANW68586.1","V159A","arth","humFit",-0.940724558026975
"3933","ANW68586.1","V159A","arth","birFit",-1.20669307556647
"3934","ANW68588.1","E293G","arth","mosFit",-0.416794598704496
"3935","ANW68588.1","E293G","arth","humFit",-0.201067412937516
"3936","ANW68588.1","E293G","arth","birFit",-0.27038668011542
"3937","ANW68588.1","V159A","arth","mosFit",-0.770188640378523
"3938","ANW68588.1","V159A","arth","humFit",-0.940724558026975
"3939","ANW68588.1","V159A","arth","birFit",-1.20669307556647
"3940","ANW68589.1","E293G","arth","mosFit",-0.416794598704496
"3941","ANW68589.1","E293G","arth","humFit",-0.201067412937516
"3942","ANW68589.1","E293G","arth","birFit",-0.27038668011542
"3943","ANW68589.1","V159A","arth","mosFit",-0.770188640378523
"3944","ANW68589.1","V159A","arth","humFit",-0.940724558026975
"3945","ANW68589.1","V159A","arth","birFit",-1.20669307556647
"3946","ANW68590.1","E293G","arth","mosFit",-0.416794598704496
"3947","ANW68590.1","E293G","arth","humFit",-0.201067412937516
"3948","ANW68590.1","E293G","arth","birFit",-0.27038668011542
"3949","ANW68590.1","V159A","arth","mosFit",-0.770188640378523
"3950","ANW68590.1","V159A","arth","humFit",-0.940724558026975
"3951","ANW68590.1","V159A","arth","birFit",-1.20669307556647
"3952","ANW68591.1","V159A","arth","mosFit",-0.770188640378523
"3953","ANW68591.1","V159A","arth","humFit",-0.940724558026975
"3954","ANW68591.1","V159A","arth","birFit",-1.20669307556647
"3955","ANW68592.1","V159A","arth","mosFit",-0.770188640378523
"3956","ANW68592.1","V159A","arth","humFit",-0.940724558026975
"3957","ANW68592.1","V159A","arth","birFit",-1.20669307556647
"3958","ANW68593.1","V159A","arth","mosFit",-0.770188640378523
"3959","ANW68593.1","V159A","arth","humFit",-0.940724558026975
"3960","ANW68593.1","V159A","arth","birFit",-1.20669307556647
"3961","ANW68594.1","V159A","arth","mosFit",-0.770188640378523
"3962","ANW68594.1","V159A","arth","humFit",-0.940724558026975
"3963","ANW68594.1","V159A","arth","birFit",-1.20669307556647
"3964","ANW68595.1","V159A","arth","mosFit",-0.770188640378523
"3965","ANW68595.1","V159A","arth","humFit",-0.940724558026975
"3966","ANW68595.1","V159A","arth","birFit",-1.20669307556647
"3967","ANW68596.1","V159A","arth","mosFit",-0.770188640378523
"3968","ANW68596.1","V159A","arth","humFit",-0.940724558026975
"3969","ANW68596.1","V159A","arth","birFit",-1.20669307556647
"3970","ANW68598.1","V159A","arth","mosFit",-0.770188640378523
"3971","ANW68598.1","V159A","arth","humFit",-0.940724558026975
"3972","ANW68598.1","V159A","arth","birFit",-1.20669307556647
"3973","ANW68599.1","V159A","arth","mosFit",-0.770188640378523
"3974","ANW68599.1","V159A","arth","humFit",-0.940724558026975
"3975","ANW68599.1","V159A","arth","birFit",-1.20669307556647
"3976","ANW68600.1","V159A","bird","mosFit",-0.770188640378523
"3977","ANW68600.1","V159A","bird","humFit",-0.940724558026975
"3978","ANW68600.1","V159A","bird","birFit",-1.20669307556647
"3979","ANW68601.1","V159A","bird","mosFit",-0.770188640378523
"3980","ANW68601.1","V159A","bird","humFit",-0.940724558026975
"3981","ANW68601.1","V159A","bird","birFit",-1.20669307556647
"3982","ANW68602.1","V159A","bird","mosFit",-0.770188640378523
"3983","ANW68602.1","V159A","bird","humFit",-0.940724558026975
"3984","ANW68602.1","V159A","bird","birFit",-1.20669307556647
"3985","ANW68605.1","V159A","arth","mosFit",-0.770188640378523
"3986","ANW68605.1","V159A","arth","humFit",-0.940724558026975
"3987","ANW68605.1","V159A","arth","birFit",-1.20669307556647
"3988","ANW68608.1","A51T","arth","mosFit",-1.05030646712279
"3989","ANW68608.1","A51T","arth","humFit",-1.29546657960075
"3990","ANW68608.1","A51T","arth","birFit",-1.72619783601487
"3991","ANW68608.1","N47S","arth","mosFit",-0.740273228963189
"3992","ANW68608.1","N47S","arth","humFit",-0.704834494728292
"3993","ANW68608.1","N47S","arth","birFit",-0.724806818336994
"3994","ANW68608.1","V159A","arth","mosFit",-0.770188640378523
"3995","ANW68608.1","V159A","arth","humFit",-0.940724558026975
"3996","ANW68608.1","V159A","arth","birFit",-1.20669307556647
"3997","ANW68609.1","L312H","arth","mosFit",-1.15465333727224
"3998","ANW68609.1","L312H","arth","humFit",-2.40510447705357
"3999","ANW68609.1","L312H","arth","birFit",-0.269731106239869
"4000","ANW68609.1","V159A","arth","mosFit",-0.770188640378523
"4001","ANW68609.1","V159A","arth","humFit",-0.940724558026975
"4002","ANW68609.1","V159A","arth","birFit",-1.20669307556647
"4003","ANW68610.1","L312H","arth","mosFit",-1.15465333727224
"4004","ANW68610.1","L312H","arth","humFit",-2.40510447705357
"4005","ANW68610.1","L312H","arth","birFit",-0.269731106239869
"4006","ANW68610.1","V159A","arth","mosFit",-0.770188640378523
"4007","ANW68610.1","V159A","arth","humFit",-0.940724558026975
"4008","ANW68610.1","V159A","arth","birFit",-1.20669307556647
"4009","ANW68611.1","L312H","arth","mosFit",-1.15465333727224
"4010","ANW68611.1","L312H","arth","humFit",-2.40510447705357
"4011","ANW68611.1","L312H","arth","birFit",-0.269731106239869
"4012","ANW68611.1","V159A","arth","mosFit",-0.770188640378523
"4013","ANW68611.1","V159A","arth","humFit",-0.940724558026975
"4014","ANW68611.1","V159A","arth","birFit",-1.20669307556647
"4015","ANW68612.1","T366A","arth","mosFit",-0.762015985029108
"4016","ANW68612.1","T366A","arth","humFit",-0.814749328165478
"4017","ANW68612.1","T366A","arth","birFit",-1.75382394612925
"4018","ANW68612.1","V159A","arth","mosFit",-0.770188640378523
"4019","ANW68612.1","V159A","arth","humFit",-0.940724558026975
"4020","ANW68612.1","V159A","arth","birFit",-1.20669307556647
"4021","ANW68613.1","T366A","arth","mosFit",-0.762015985029108
"4022","ANW68613.1","T366A","arth","humFit",-0.814749328165478
"4023","ANW68613.1","T366A","arth","birFit",-1.75382394612925
"4024","ANW68613.1","V159A","arth","mosFit",-0.770188640378523
"4025","ANW68613.1","V159A","arth","humFit",-0.940724558026975
"4026","ANW68613.1","V159A","arth","birFit",-1.20669307556647
"4027","ANW68614.1","T366A","arth","mosFit",-0.762015985029108
"4028","ANW68614.1","T366A","arth","humFit",-0.814749328165478
"4029","ANW68614.1","T366A","arth","birFit",-1.75382394612925
"4030","ANW68614.1","V159A","arth","mosFit",-0.770188640378523
"4031","ANW68614.1","V159A","arth","humFit",-0.940724558026975
"4032","ANW68614.1","V159A","arth","birFit",-1.20669307556647
"4033","ANW68618.1","V159A","bird","mosFit",-0.770188640378523
"4034","ANW68618.1","V159A","bird","humFit",-0.940724558026975
"4035","ANW68618.1","V159A","bird","birFit",-1.20669307556647
"4036","ANW68619.1","V159A","bird","mosFit",-0.770188640378523
"4037","ANW68619.1","V159A","bird","humFit",-0.940724558026975
"4038","ANW68619.1","V159A","bird","birFit",-1.20669307556647
"4039","ANW68620.1","V159A","bird","mosFit",-0.770188640378523
"4040","ANW68620.1","V159A","bird","humFit",-0.940724558026975
"4041","ANW68620.1","V159A","bird","birFit",-1.20669307556647
"4042","ANW68622.1","V159A","arth","mosFit",-0.770188640378523
"4043","ANW68622.1","V159A","arth","humFit",-0.940724558026975
"4044","ANW68622.1","V159A","arth","birFit",-1.20669307556647
"4045","ANW68624.1","L312I","arth","mosFit",-1.58644000200588
"4046","ANW68624.1","L312I","arth","humFit",-2.03811578012771
"4047","ANW68624.1","L312I","arth","birFit",-1.53399061283722
"4048","ANW68624.1","V159A","arth","mosFit",-0.770188640378523
"4049","ANW68624.1","V159A","arth","humFit",-0.940724558026975
"4050","ANW68624.1","V159A","arth","birFit",-1.20669307556647
"4051","ANW68625.1","L312I","arth","mosFit",-1.58644000200588
"4052","ANW68625.1","L312I","arth","humFit",-2.03811578012771
"4053","ANW68625.1","L312I","arth","birFit",-1.53399061283722
"4054","ANW68625.1","V159A","arth","mosFit",-0.770188640378523
"4055","ANW68625.1","V159A","arth","humFit",-0.940724558026975
"4056","ANW68625.1","V159A","arth","birFit",-1.20669307556647
"4057","ANW68626.1","L312I","arth","mosFit",-1.58644000200588
"4058","ANW68626.1","L312I","arth","humFit",-2.03811578012771
"4059","ANW68626.1","L312I","arth","birFit",-1.53399061283722
"4060","ANW68626.1","V159A","arth","mosFit",-0.770188640378523
"4061","ANW68626.1","V159A","arth","humFit",-0.940724558026975
"4062","ANW68626.1","V159A","arth","birFit",-1.20669307556647
"4063","ANW68627.1","T330A","bird","mosFit",-0.211430563973266
"4064","ANW68627.1","T330A","bird","humFit",-0.429882042087603
"4065","ANW68627.1","T330A","bird","birFit",-0.331762522661518
"4066","ANW68627.1","V159A","bird","mosFit",-0.770188640378523
"4067","ANW68627.1","V159A","bird","humFit",-0.940724558026975
"4068","ANW68627.1","V159A","bird","birFit",-1.20669307556647
"4069","ANW68628.1","T330A","bird","mosFit",-0.211430563973266
"4070","ANW68628.1","T330A","bird","humFit",-0.429882042087603
"4071","ANW68628.1","T330A","bird","birFit",-0.331762522661518
"4072","ANW68628.1","V159A","bird","mosFit",-0.770188640378523
"4073","ANW68628.1","V159A","bird","humFit",-0.940724558026975
"4074","ANW68628.1","V159A","bird","birFit",-1.20669307556647
"4075","ANW68629.1","T330A","bird","mosFit",-0.211430563973266
"4076","ANW68629.1","T330A","bird","humFit",-0.429882042087603
"4077","ANW68629.1","T330A","bird","birFit",-0.331762522661518
"4078","ANW68629.1","V159A","bird","mosFit",-0.770188640378523
"4079","ANW68629.1","V159A","bird","humFit",-0.940724558026975
"4080","ANW68629.1","V159A","bird","birFit",-1.20669307556647
"4081","ANW68634.1","V159A","arth","mosFit",-0.770188640378523
"4082","ANW68634.1","V159A","arth","humFit",-0.940724558026975
"4083","ANW68634.1","V159A","arth","birFit",-1.20669307556647
"4084","ANW68636.1","I126L","arth","mosFit",-0.474848664490465
"4085","ANW68636.1","I126L","arth","humFit",-0.917755401504516
"4086","ANW68636.1","I126L","arth","birFit",-0.792776668420882
"4087","ANW68636.1","V159A","arth","mosFit",-0.770188640378523
"4088","ANW68636.1","V159A","arth","humFit",-0.940724558026975
"4089","ANW68636.1","V159A","arth","birFit",-1.20669307556647
"4090","ANW68637.1","I126L","arth","mosFit",-0.474848664490465
"4091","ANW68637.1","I126L","arth","humFit",-0.917755401504516
"4092","ANW68637.1","I126L","arth","birFit",-0.792776668420882
"4093","ANW68637.1","V159A","arth","mosFit",-0.770188640378523
"4094","ANW68637.1","V159A","arth","humFit",-0.940724558026975
"4095","ANW68637.1","V159A","arth","birFit",-1.20669307556647
"4096","ANW68638.1","I126L","arth","mosFit",-0.474848664490465
"4097","ANW68638.1","I126L","arth","humFit",-0.917755401504516
"4098","ANW68638.1","I126L","arth","birFit",-0.792776668420882
"4099","ANW68638.1","V159A","arth","mosFit",-0.770188640378523
"4100","ANW68638.1","V159A","arth","humFit",-0.940724558026975
"4101","ANW68638.1","V159A","arth","birFit",-1.20669307556647
"4102","ANW68639.1","V159A","arth","mosFit",-0.770188640378523
"4103","ANW68639.1","V159A","arth","humFit",-0.940724558026975
"4104","ANW68639.1","V159A","arth","birFit",-1.20669307556647
"4105","ANW68640.1","V159A","arth","mosFit",-0.770188640378523
"4106","ANW68640.1","V159A","arth","humFit",-0.940724558026975
"4107","ANW68640.1","V159A","arth","birFit",-1.20669307556647
"4108","ANW68641.1","V159A","arth","mosFit",-0.770188640378523
"4109","ANW68641.1","V159A","arth","humFit",-0.940724558026975
"4110","ANW68641.1","V159A","arth","birFit",-1.20669307556647
"4111","ANW68642.1","Q296R","bird","mosFit",1.02105617017203
"4112","ANW68642.1","Q296R","bird","humFit",0.907624560969056
"4113","ANW68642.1","Q296R","bird","birFit",0.837946597397293
"4114","ANW68642.1","V159A","bird","mosFit",-0.770188640378523
"4115","ANW68642.1","V159A","bird","humFit",-0.940724558026975
"4116","ANW68642.1","V159A","bird","birFit",-1.20669307556647
"4117","ANW68643.1","Q296R","bird","mosFit",1.02105617017203
"4118","ANW68643.1","Q296R","bird","humFit",0.907624560969056
"4119","ANW68643.1","Q296R","bird","birFit",0.837946597397293
"4120","ANW68643.1","V159A","bird","mosFit",-0.770188640378523
"4121","ANW68643.1","V159A","bird","humFit",-0.940724558026975
"4122","ANW68643.1","V159A","bird","birFit",-1.20669307556647
"4123","ANW68644.1","Q296R","bird","mosFit",1.02105617017203
"4124","ANW68644.1","Q296R","bird","humFit",0.907624560969056
"4125","ANW68644.1","Q296R","bird","birFit",0.837946597397293
"4126","ANW68644.1","V159A","bird","mosFit",-0.770188640378523
"4127","ANW68644.1","V159A","bird","humFit",-0.940724558026975
"4128","ANW68644.1","V159A","bird","birFit",-1.20669307556647
"4129","ANW68645.1","V159A","bird","mosFit",-0.770188640378523
"4130","ANW68645.1","V159A","bird","humFit",-0.940724558026975
"4131","ANW68645.1","V159A","bird","birFit",-1.20669307556647
"4132","ANW68646.1","V159A","bird","mosFit",-0.770188640378523
"4133","ANW68646.1","V159A","bird","humFit",-0.940724558026975
"4134","ANW68646.1","V159A","bird","birFit",-1.20669307556647
"4135","ANW68647.1","V159A","bird","mosFit",-0.770188640378523
"4136","ANW68647.1","V159A","bird","humFit",-0.940724558026975
"4137","ANW68647.1","V159A","bird","birFit",-1.20669307556647
"4138","ANW68649.1","V159A","arth","mosFit",-0.770188640378523
"4139","ANW68649.1","V159A","arth","humFit",-0.940724558026975
"4140","ANW68649.1","V159A","arth","birFit",-1.20669307556647
"4141","ANW68651.1","V159A","arth","mosFit",-0.770188640378523
"4142","ANW68651.1","V159A","arth","humFit",-0.940724558026975
"4143","ANW68651.1","V159A","arth","birFit",-1.20669307556647
"4144","ANW68652.1","V159A","arth","mosFit",-0.770188640378523
"4145","ANW68652.1","V159A","arth","humFit",-0.940724558026975
"4146","ANW68652.1","V159A","arth","birFit",-1.20669307556647
"4147","ANW68653.1","V159A","arth","mosFit",-0.770188640378523
"4148","ANW68653.1","V159A","arth","humFit",-0.940724558026975
"4149","ANW68653.1","V159A","arth","birFit",-1.20669307556647
"4150","ANW68654.1","V159A","arth","mosFit",-0.770188640378523
"4151","ANW68654.1","V159A","arth","humFit",-0.940724558026975
"4152","ANW68654.1","V159A","arth","birFit",-1.20669307556647
"4153","ANW68655.1","V159A","arth","mosFit",-0.770188640378523
"4154","ANW68655.1","V159A","arth","humFit",-0.940724558026975
"4155","ANW68655.1","V159A","arth","birFit",-1.20669307556647
"4156","ANW68656.1","V159A","arth","mosFit",-0.770188640378523
"4157","ANW68656.1","V159A","arth","humFit",-0.940724558026975
"4158","ANW68656.1","V159A","arth","birFit",-1.20669307556647
"4159","ANW68660.1","V159A","bird","mosFit",-0.770188640378523
"4160","ANW68660.1","V159A","bird","humFit",-0.940724558026975
"4161","ANW68660.1","V159A","bird","birFit",-1.20669307556647
"4162","ANW68661.1","V159A","bird","mosFit",-0.770188640378523
"4163","ANW68661.1","V159A","bird","humFit",-0.940724558026975
"4164","ANW68661.1","V159A","bird","birFit",-1.20669307556647
"4165","ANW68662.1","V159A","bird","mosFit",-0.770188640378523
"4166","ANW68662.1","V159A","bird","humFit",-0.940724558026975
"4167","ANW68662.1","V159A","bird","birFit",-1.20669307556647
"4168","ANW68664.1","V159A","bird","mosFit",-0.770188640378523
"4169","ANW68664.1","V159A","bird","humFit",-0.940724558026975
"4170","ANW68664.1","V159A","bird","birFit",-1.20669307556647
"4171","ANW68665.1","V159A","bird","mosFit",-0.770188640378523
"4172","ANW68665.1","V159A","bird","humFit",-0.940724558026975
"4173","ANW68665.1","V159A","bird","birFit",-1.20669307556647
"4174","ANW68666.1","V159A","arth","mosFit",-0.770188640378523
"4175","ANW68666.1","V159A","arth","humFit",-0.940724558026975
"4176","ANW68666.1","V159A","arth","birFit",-1.20669307556647
"4177","ANW68667.1","V159A","arth","mosFit",-0.770188640378523
"4178","ANW68667.1","V159A","arth","humFit",-0.940724558026975
"4179","ANW68667.1","V159A","arth","birFit",-1.20669307556647
"4180","ANW68668.1","V159A","arth","mosFit",-0.770188640378523
"4181","ANW68668.1","V159A","arth","humFit",-0.940724558026975
"4182","ANW68668.1","V159A","arth","birFit",-1.20669307556647
"4183","ANW68670.1","V159A","bird","mosFit",-0.770188640378523
"4184","ANW68670.1","V159A","bird","humFit",-0.940724558026975
"4185","ANW68670.1","V159A","bird","birFit",-1.20669307556647
"4186","ANW68671.1","V159A","bird","mosFit",-0.770188640378523
"4187","ANW68671.1","V159A","bird","humFit",-0.940724558026975
"4188","ANW68671.1","V159A","bird","birFit",-1.20669307556647
"4189","ANW68673.1","V159A","arth","mosFit",-0.770188640378523
"4190","ANW68673.1","V159A","arth","humFit",-0.940724558026975
"4191","ANW68673.1","V159A","arth","birFit",-1.20669307556647
"4192","ANW68674.1","V159A","arth","mosFit",-0.770188640378523
"4193","ANW68674.1","V159A","arth","humFit",-0.940724558026975
"4194","ANW68674.1","V159A","arth","birFit",-1.20669307556647
"4195","ANW68676.1","V159A","arth","mosFit",-0.770188640378523
"4196","ANW68676.1","V159A","arth","humFit",-0.940724558026975
"4197","ANW68676.1","V159A","arth","birFit",-1.20669307556647
"4198","ANW68678.1","V159A","bird","mosFit",-0.770188640378523
"4199","ANW68678.1","V159A","bird","humFit",-0.940724558026975
"4200","ANW68678.1","V159A","bird","birFit",-1.20669307556647
"4201","ANW68679.1","V159A","bird","mosFit",-0.770188640378523
"4202","ANW68679.1","V159A","bird","humFit",-0.940724558026975
"4203","ANW68679.1","V159A","bird","birFit",-1.20669307556647
"4204","ANW68680.1","V159A","bird","mosFit",-0.770188640378523
"4205","ANW68680.1","V159A","bird","humFit",-0.940724558026975
"4206","ANW68680.1","V159A","bird","birFit",-1.20669307556647
"4207","ANW68681.1","V159A","bird","mosFit",-0.770188640378523
"4208","ANW68681.1","V159A","bird","humFit",-0.940724558026975
"4209","ANW68681.1","V159A","bird","birFit",-1.20669307556647
"4210","ANW68682.1","V159A","bird","mosFit",-0.770188640378523
"4211","ANW68682.1","V159A","bird","humFit",-0.940724558026975
"4212","ANW68682.1","V159A","bird","birFit",-1.20669307556647
"4213","ANW68683.1","V159A","bird","mosFit",-0.770188640378523
"4214","ANW68683.1","V159A","bird","humFit",-0.940724558026975
"4215","ANW68683.1","V159A","bird","birFit",-1.20669307556647
"4216","ANW68691.1","V159A","bird","mosFit",-0.770188640378523
"4217","ANW68691.1","V159A","bird","humFit",-0.940724558026975
"4218","ANW68691.1","V159A","bird","birFit",-1.20669307556647
"4219","ANW68692.1","V159A","bird","mosFit",-0.770188640378523
"4220","ANW68692.1","V159A","bird","humFit",-0.940724558026975
"4221","ANW68692.1","V159A","bird","birFit",-1.20669307556647
"4222","ANW68693.1","S226N","arth","mosFit",-0.94254795899538
"4223","ANW68693.1","S226N","arth","humFit",-1.14697531227274
"4224","ANW68693.1","S226N","arth","birFit",-1.38324392812303
"4225","ANW68693.1","V159A","arth","mosFit",-0.770188640378523
"4226","ANW68693.1","V159A","arth","humFit",-0.940724558026975
"4227","ANW68693.1","V159A","arth","birFit",-1.20669307556647
"4228","ANW68694.1","S226N","arth","mosFit",-0.94254795899538
"4229","ANW68694.1","S226N","arth","humFit",-1.14697531227274
"4230","ANW68694.1","S226N","arth","birFit",-1.38324392812303
"4231","ANW68694.1","V159A","arth","mosFit",-0.770188640378523
"4232","ANW68694.1","V159A","arth","humFit",-0.940724558026975
"4233","ANW68694.1","V159A","arth","birFit",-1.20669307556647
"4234","ANW68695.1","S226N","arth","mosFit",-0.94254795899538
"4235","ANW68695.1","S226N","arth","humFit",-1.14697531227274
"4236","ANW68695.1","S226N","arth","birFit",-1.38324392812303
"4237","ANW68695.1","V159A","arth","mosFit",-0.770188640378523
"4238","ANW68695.1","V159A","arth","humFit",-0.940724558026975
"4239","ANW68695.1","V159A","arth","birFit",-1.20669307556647
"4240","ANW68697.1","V159A","arth","mosFit",-0.770188640378523
"4241","ANW68697.1","V159A","arth","humFit",-0.940724558026975
"4242","ANW68697.1","V159A","arth","birFit",-1.20669307556647
"4243","ANW68700.1","V159A","arth","mosFit",-0.770188640378523
"4244","ANW68700.1","V159A","arth","humFit",-0.940724558026975
"4245","ANW68700.1","V159A","arth","birFit",-1.20669307556647
"4246","ANW68701.1","V159A","arth","mosFit",-0.770188640378523
"4247","ANW68701.1","V159A","arth","humFit",-0.940724558026975
"4248","ANW68701.1","V159A","arth","birFit",-1.20669307556647
"4249","ANW68703.1","V159A","arth","mosFit",-0.770188640378523
"4250","ANW68703.1","V159A","arth","humFit",-0.940724558026975
"4251","ANW68703.1","V159A","arth","birFit",-1.20669307556647
"4252","ANW68706.1","V159A","bird","mosFit",-0.770188640378523
"4253","ANW68706.1","V159A","bird","humFit",-0.940724558026975
"4254","ANW68706.1","V159A","bird","birFit",-1.20669307556647
"4255","ANW68707.1","V159A","bird","mosFit",-0.770188640378523
"4256","ANW68707.1","V159A","bird","humFit",-0.940724558026975
"4257","ANW68707.1","V159A","bird","birFit",-1.20669307556647
"4258","ANW68708.1","V159A","bird","mosFit",-0.770188640378523
"4259","ANW68708.1","V159A","bird","humFit",-0.940724558026975
"4260","ANW68708.1","V159A","bird","birFit",-1.20669307556647
"4261","ANW68709.1","V159A","bird","mosFit",-0.770188640378523
"4262","ANW68709.1","V159A","bird","humFit",-0.940724558026975
"4263","ANW68709.1","V159A","bird","birFit",-1.20669307556647
"4264","ANW68710.1","V159A","bird","mosFit",-0.770188640378523
"4265","ANW68710.1","V159A","bird","humFit",-0.940724558026975
"4266","ANW68710.1","V159A","bird","birFit",-1.20669307556647
"4267","ANW68712.1","L312I","bird","mosFit",-1.58644000200588
"4268","ANW68712.1","L312I","bird","humFit",-2.03811578012771
"4269","ANW68712.1","L312I","bird","birFit",-1.53399061283722
"4270","ANW68712.1","V159A","bird","mosFit",-0.770188640378523
"4271","ANW68712.1","V159A","bird","humFit",-0.940724558026975
"4272","ANW68712.1","V159A","bird","birFit",-1.20669307556647
"4273","ANW68713.1","L312I","bird","mosFit",-1.58644000200588
"4274","ANW68713.1","L312I","bird","humFit",-2.03811578012771
"4275","ANW68713.1","L312I","bird","birFit",-1.53399061283722
"4276","ANW68713.1","V159A","bird","mosFit",-0.770188640378523
"4277","ANW68713.1","V159A","bird","humFit",-0.940724558026975
"4278","ANW68713.1","V159A","bird","birFit",-1.20669307556647
"4279","ANW68714.1","L178Q","bird","mosFit",-1.19865401619306
"4280","ANW68714.1","L178Q","bird","humFit",-1.08906226042071
"4281","ANW68714.1","L178Q","bird","birFit",-1.0526624488974
"4282","ANW68714.1","V497A","bird","mosFit",-1.5156161441078
"4283","ANW68714.1","V497A","bird","humFit",-1.79417969744371
"4284","ANW68714.1","V497A","bird","birFit",-1.74448132836479
"4285","ANW68715.1","L178Q","bird","mosFit",-1.19865401619306
"4286","ANW68715.1","L178Q","bird","humFit",-1.08906226042071
"4287","ANW68715.1","L178Q","bird","birFit",-1.0526624488974
"4288","ANW68715.1","V497A","bird","mosFit",-1.5156161441078
"4289","ANW68715.1","V497A","bird","humFit",-1.79417969744371
"4290","ANW68715.1","V497A","bird","birFit",-1.74448132836479
"4291","ANW68716.1","L178Q","bird","mosFit",-1.19865401619306
"4292","ANW68716.1","L178Q","bird","humFit",-1.08906226042071
"4293","ANW68716.1","L178Q","bird","birFit",-1.0526624488974
"4294","ANW68716.1","V497A","bird","mosFit",-1.5156161441078
"4295","ANW68716.1","V497A","bird","humFit",-1.79417969744371
"4296","ANW68716.1","V497A","bird","birFit",-1.74448132836479
"4297","ANW68717.1","K406R","bird","mosFit",-1.15752113140315
"4298","ANW68717.1","K406R","bird","humFit",-1.6173848786295
"4299","ANW68717.1","K406R","bird","birFit",-1.53539811225105
"4300","ANW68717.1","V159A","bird","mosFit",-0.770188640378523
"4301","ANW68717.1","V159A","bird","humFit",-0.940724558026975
"4302","ANW68717.1","V159A","bird","birFit",-1.20669307556647
"4303","ANW68718.1","K406R","bird","mosFit",-1.15752113140315
"4304","ANW68718.1","K406R","bird","humFit",-1.6173848786295
"4305","ANW68718.1","K406R","bird","birFit",-1.53539811225105
"4306","ANW68718.1","V159A","bird","mosFit",-0.770188640378523
"4307","ANW68718.1","V159A","bird","humFit",-0.940724558026975
"4308","ANW68718.1","V159A","bird","birFit",-1.20669307556647
"4309","ANW68719.1","K406R","bird","mosFit",-1.15752113140315
"4310","ANW68719.1","K406R","bird","humFit",-1.6173848786295
"4311","ANW68719.1","K406R","bird","birFit",-1.53539811225105
"4312","ANW68719.1","V159A","bird","mosFit",-0.770188640378523
"4313","ANW68719.1","V159A","bird","humFit",-0.940724558026975
"4314","ANW68719.1","V159A","bird","birFit",-1.20669307556647
"4315","ANW68721.1","V159A","bird","mosFit",-0.770188640378523
"4316","ANW68721.1","V159A","bird","humFit",-0.940724558026975
"4317","ANW68721.1","V159A","bird","birFit",-1.20669307556647
"4318","ANW68722.1","V159A","bird","mosFit",-0.770188640378523
"4319","ANW68722.1","V159A","bird","humFit",-0.940724558026975
"4320","ANW68722.1","V159A","bird","birFit",-1.20669307556647
"4321","ANW68723.1","V159A","bird","mosFit",-0.770188640378523
"4322","ANW68723.1","V159A","bird","humFit",-0.940724558026975
"4323","ANW68723.1","V159A","bird","birFit",-1.20669307556647
"4324","ANW68724.1","V159A","bird","mosFit",-0.770188640378523
"4325","ANW68724.1","V159A","bird","humFit",-0.940724558026975
"4326","ANW68724.1","V159A","bird","birFit",-1.20669307556647
"4327","ANW68725.1","V159A","bird","mosFit",-0.770188640378523
"4328","ANW68725.1","V159A","bird","humFit",-0.940724558026975
"4329","ANW68725.1","V159A","bird","birFit",-1.20669307556647
"4330","ANW68726.1","A161S","bird","mosFit",-1.39331331174182
"4331","ANW68726.1","A161S","bird","humFit",-1.27826703790939
"4332","ANW68726.1","A161S","bird","birFit",-1.50005156002247
"4333","ANW68726.1","V159A","bird","mosFit",-0.770188640378523
"4334","ANW68726.1","V159A","bird","humFit",-0.940724558026975
"4335","ANW68726.1","V159A","bird","birFit",-1.20669307556647
"4336","ANW68727.1","A161S","bird","mosFit",-1.39331331174182
"4337","ANW68727.1","A161S","bird","humFit",-1.27826703790939
"4338","ANW68727.1","A161S","bird","birFit",-1.50005156002247
"4339","ANW68727.1","V159A","bird","mosFit",-0.770188640378523
"4340","ANW68727.1","V159A","bird","humFit",-0.940724558026975
"4341","ANW68727.1","V159A","bird","birFit",-1.20669307556647
"4342","ANW68728.1","A161S","bird","mosFit",-1.39331331174182
"4343","ANW68728.1","A161S","bird","humFit",-1.27826703790939
"4344","ANW68728.1","A161S","bird","birFit",-1.50005156002247
"4345","ANW68728.1","V159A","bird","mosFit",-0.770188640378523
"4346","ANW68728.1","V159A","bird","humFit",-0.940724558026975
"4347","ANW68728.1","V159A","bird","birFit",-1.20669307556647
"4348","ANW68733.1","V159A","bird","mosFit",-0.770188640378523
"4349","ANW68733.1","V159A","bird","humFit",-0.940724558026975
"4350","ANW68733.1","V159A","bird","birFit",-1.20669307556647
"4351","ANW68736.1","V159A","arth","mosFit",-0.770188640378523
"4352","ANW68736.1","V159A","arth","humFit",-0.940724558026975
"4353","ANW68736.1","V159A","arth","birFit",-1.20669307556647
"4354","ANW68737.1","V159A","arth","mosFit",-0.770188640378523
"4355","ANW68737.1","V159A","arth","humFit",-0.940724558026975
"4356","ANW68737.1","V159A","arth","birFit",-1.20669307556647
"4357","ANW68739.1","V159A","arth","mosFit",-0.770188640378523
"4358","ANW68739.1","V159A","arth","humFit",-0.940724558026975
"4359","ANW68739.1","V159A","arth","birFit",-1.20669307556647
"4360","ANW68740.1","V159A","arth","mosFit",-0.770188640378523
"4361","ANW68740.1","V159A","arth","humFit",-0.940724558026975
"4362","ANW68740.1","V159A","arth","birFit",-1.20669307556647
"4363","ANW68742.1","V159A","bird","mosFit",-0.770188640378523
"4364","ANW68742.1","V159A","bird","humFit",-0.940724558026975
"4365","ANW68742.1","V159A","bird","birFit",-1.20669307556647
"4366","ANW68743.1","V159A","bird","mosFit",-0.770188640378523
"4367","ANW68743.1","V159A","bird","humFit",-0.940724558026975
"4368","ANW68743.1","V159A","bird","birFit",-1.20669307556647
"4369","ANW68744.1","T205N","bird","mosFit",-0.148153954738111
"4370","ANW68744.1","T205N","bird","humFit",-1.52062149662323
"4371","ANW68744.1","T205N","bird","birFit",-3.03627061019788
"4372","ANW68744.1","V159A","bird","mosFit",-0.770188640378523
"4373","ANW68744.1","V159A","bird","humFit",-0.940724558026975
"4374","ANW68744.1","V159A","bird","birFit",-1.20669307556647
"4375","ANW68745.1","T205N","bird","mosFit",-0.148153954738111
"4376","ANW68745.1","T205N","bird","humFit",-1.52062149662323
"4377","ANW68745.1","T205N","bird","birFit",-3.03627061019788
"4378","ANW68745.1","V159A","bird","mosFit",-0.770188640378523
"4379","ANW68745.1","V159A","bird","humFit",-0.940724558026975
"4380","ANW68745.1","V159A","bird","birFit",-1.20669307556647
"4381","ANW68746.1","T205N","bird","mosFit",-0.148153954738111
"4382","ANW68746.1","T205N","bird","humFit",-1.52062149662323
"4383","ANW68746.1","T205N","bird","birFit",-3.03627061019788
"4384","ANW68746.1","V159A","bird","mosFit",-0.770188640378523
"4385","ANW68746.1","V159A","bird","humFit",-0.940724558026975
"4386","ANW68746.1","V159A","bird","birFit",-1.20669307556647
"4387","ANW68750.1","V159A","arth","mosFit",-0.770188640378523
"4388","ANW68750.1","V159A","arth","humFit",-0.940724558026975
"4389","ANW68750.1","V159A","arth","birFit",-1.20669307556647
"4390","ANW68752.1","V159A","arth","mosFit",-0.770188640378523
"4391","ANW68752.1","V159A","arth","humFit",-0.940724558026975
"4392","ANW68752.1","V159A","arth","birFit",-1.20669307556647
"4393","ANW68753.1","V159A","arth","mosFit",-0.770188640378523
"4394","ANW68753.1","V159A","arth","humFit",-0.940724558026975
"4395","ANW68753.1","V159A","arth","birFit",-1.20669307556647
"4396","ANW68753.1","V491I","arth","mosFit",-0.814756482670367
"4397","ANW68753.1","V491I","arth","humFit",-0.714914308092557
"4398","ANW68753.1","V491I","arth","birFit",-0.801895953896601
"4399","ANW68754.1","V159A","arth","mosFit",-0.770188640378523
"4400","ANW68754.1","V159A","arth","humFit",-0.940724558026975
"4401","ANW68754.1","V159A","arth","birFit",-1.20669307556647
"4402","ANW68754.1","V491I","arth","mosFit",-0.814756482670367
"4403","ANW68754.1","V491I","arth","humFit",-0.714914308092557
"4404","ANW68754.1","V491I","arth","birFit",-0.801895953896601
"4405","ANW68755.1","V159A","arth","mosFit",-0.770188640378523
"4406","ANW68755.1","V159A","arth","humFit",-0.940724558026975
"4407","ANW68755.1","V159A","arth","birFit",-1.20669307556647
"4408","ANW68755.1","V491I","arth","mosFit",-0.814756482670367
"4409","ANW68755.1","V491I","arth","humFit",-0.714914308092557
"4410","ANW68755.1","V491I","arth","birFit",-0.801895953896601
"4411","ANW68756.1","V159A","bird","mosFit",-0.770188640378523
"4412","ANW68756.1","V159A","bird","humFit",-0.940724558026975
"4413","ANW68756.1","V159A","bird","birFit",-1.20669307556647
"4414","ANW68757.1","V159A","bird","mosFit",-0.770188640378523
"4415","ANW68757.1","V159A","bird","humFit",-0.940724558026975
"4416","ANW68757.1","V159A","bird","birFit",-1.20669307556647
"4417","ANW68758.1","V159A","bird","mosFit",-0.770188640378523
"4418","ANW68758.1","V159A","bird","humFit",-0.940724558026975
"4419","ANW68758.1","V159A","bird","birFit",-1.20669307556647
"4420","ANW68760.1","V159A","arth","mosFit",-0.770188640378523
"4421","ANW68760.1","V159A","arth","humFit",-0.940724558026975
"4422","ANW68760.1","V159A","arth","birFit",-1.20669307556647
"4423","ANW68761.1","V159A","arth","mosFit",-0.770188640378523
"4424","ANW68761.1","V159A","arth","humFit",-0.940724558026975
"4425","ANW68761.1","V159A","arth","birFit",-1.20669307556647
"4426","ANW68762.1","V159A","arth","mosFit",-0.770188640378523
"4427","ANW68762.1","V159A","arth","humFit",-0.940724558026975
"4428","ANW68762.1","V159A","arth","birFit",-1.20669307556647
"4429","ANW68763.1","V159A","arth","mosFit",-0.770188640378523
"4430","ANW68763.1","V159A","arth","humFit",-0.940724558026975
"4431","ANW68763.1","V159A","arth","birFit",-1.20669307556647
"4432","ANW68764.1","V159A","arth","mosFit",-0.770188640378523
"4433","ANW68764.1","V159A","arth","humFit",-0.940724558026975
"4434","ANW68764.1","V159A","arth","birFit",-1.20669307556647
"4435","ANW68766.1","V159A","bird","mosFit",-0.770188640378523
"4436","ANW68766.1","V159A","bird","humFit",-0.940724558026975
"4437","ANW68766.1","V159A","bird","birFit",-1.20669307556647
"4438","ANW68767.1","V159A","bird","mosFit",-0.770188640378523
"4439","ANW68767.1","V159A","bird","humFit",-0.940724558026975
"4440","ANW68767.1","V159A","bird","birFit",-1.20669307556647
"4441","ANW68769.1","V159A","arth","mosFit",-0.770188640378523
"4442","ANW68769.1","V159A","arth","humFit",-0.940724558026975
"4443","ANW68769.1","V159A","arth","birFit",-1.20669307556647
"4444","ANW68770.1","V159A","arth","mosFit",-0.770188640378523
"4445","ANW68770.1","V159A","arth","humFit",-0.940724558026975
"4446","ANW68770.1","V159A","arth","birFit",-1.20669307556647
"4447","ANW68772.1","V159A","arth","mosFit",-0.770188640378523
"4448","ANW68772.1","V159A","arth","humFit",-0.940724558026975
"4449","ANW68772.1","V159A","arth","birFit",-1.20669307556647
"4450","ANW68773.1","V159A","arth","mosFit",-0.770188640378523
"4451","ANW68773.1","V159A","arth","humFit",-0.940724558026975
"4452","ANW68773.1","V159A","arth","birFit",-1.20669307556647
"4453","ANW68774.1","K36R","bird","mosFit",-0.829277362509697
"4454","ANW68774.1","K36R","bird","humFit",-0.869185414181371
"4455","ANW68774.1","K36R","bird","birFit",-1.23155725119658
"4456","ANW68774.1","V159A","bird","mosFit",-0.770188640378523
"4457","ANW68774.1","V159A","bird","humFit",-0.940724558026975
"4458","ANW68774.1","V159A","bird","birFit",-1.20669307556647
"4459","ANW68775.1","K36R","bird","mosFit",-0.829277362509697
"4460","ANW68775.1","K36R","bird","humFit",-0.869185414181371
"4461","ANW68775.1","K36R","bird","birFit",-1.23155725119658
"4462","ANW68775.1","V159A","bird","mosFit",-0.770188640378523
"4463","ANW68775.1","V159A","bird","humFit",-0.940724558026975
"4464","ANW68775.1","V159A","bird","birFit",-1.20669307556647
"4465","ANW68778.1","V159A","bird","mosFit",-0.770188640378523
"4466","ANW68778.1","V159A","bird","humFit",-0.940724558026975
"4467","ANW68778.1","V159A","bird","birFit",-1.20669307556647
"4468","ANW68779.1","V159A","bird","mosFit",-0.770188640378523
"4469","ANW68779.1","V159A","bird","humFit",-0.940724558026975
"4470","ANW68779.1","V159A","bird","birFit",-1.20669307556647
"4471","ANW68780.1","E273D","arth","mosFit",-0.806146113684042
"4472","ANW68780.1","E273D","arth","humFit",-0.761733019466031
"4473","ANW68780.1","E273D","arth","birFit",-1.67931262500353
"4474","ANW68780.1","V159A","arth","mosFit",-0.770188640378523
"4475","ANW68780.1","V159A","arth","humFit",-0.940724558026975
"4476","ANW68780.1","V159A","arth","birFit",-1.20669307556647
"4477","ANW68781.1","E273D","arth","mosFit",-0.806146113684042
"4478","ANW68781.1","E273D","arth","humFit",-0.761733019466031
"4479","ANW68781.1","E273D","arth","birFit",-1.67931262500353
"4480","ANW68781.1","V159A","arth","mosFit",-0.770188640378523
"4481","ANW68781.1","V159A","arth","humFit",-0.940724558026975
"4482","ANW68781.1","V159A","arth","birFit",-1.20669307556647
"4483","ANW68782.1","E273D","arth","mosFit",-0.806146113684042
"4484","ANW68782.1","E273D","arth","humFit",-0.761733019466031
"4485","ANW68782.1","E273D","arth","birFit",-1.67931262500353
"4486","ANW68782.1","V159A","arth","mosFit",-0.770188640378523
"4487","ANW68782.1","V159A","arth","humFit",-0.940724558026975
"4488","ANW68782.1","V159A","arth","birFit",-1.20669307556647
"4489","ANW68783.1","I460L","arth","mosFit",-1.91929017954616
"4490","ANW68783.1","I460L","arth","humFit",-1.67102546864733
"4491","ANW68783.1","I460L","arth","birFit",-1.98469035132318
"4492","ANW68783.1","V159A","arth","mosFit",-0.770188640378523
"4493","ANW68783.1","V159A","arth","humFit",-0.940724558026975
"4494","ANW68783.1","V159A","arth","birFit",-1.20669307556647
"4495","ANW68784.1","I460L","arth","mosFit",-1.91929017954616
"4496","ANW68784.1","I460L","arth","humFit",-1.67102546864733
"4497","ANW68784.1","I460L","arth","birFit",-1.98469035132318
"4498","ANW68784.1","V159A","arth","mosFit",-0.770188640378523
"4499","ANW68784.1","V159A","arth","humFit",-0.940724558026975
"4500","ANW68784.1","V159A","arth","birFit",-1.20669307556647
"4501","ANW68785.1","I460L","arth","mosFit",-1.91929017954616
"4502","ANW68785.1","I460L","arth","humFit",-1.67102546864733
"4503","ANW68785.1","I460L","arth","birFit",-1.98469035132318
"4504","ANW68785.1","V159A","arth","mosFit",-0.770188640378523
"4505","ANW68785.1","V159A","arth","humFit",-0.940724558026975
"4506","ANW68785.1","V159A","arth","birFit",-1.20669307556647
"4507","ANW68787.1","V159A","bird","mosFit",-0.770188640378523
"4508","ANW68787.1","V159A","bird","humFit",-0.940724558026975
"4509","ANW68787.1","V159A","bird","birFit",-1.20669307556647
"4510","ANW68788.1","V159A","bird","mosFit",-0.770188640378523
"4511","ANW68788.1","V159A","bird","humFit",-0.940724558026975
"4512","ANW68788.1","V159A","bird","birFit",-1.20669307556647
"4513","ANW68789.1","V159A","arth","mosFit",-0.770188640378523
"4514","ANW68789.1","V159A","arth","humFit",-0.940724558026975
"4515","ANW68789.1","V159A","arth","birFit",-1.20669307556647
"4516","ANW68790.1","V159A","arth","mosFit",-0.770188640378523
"4517","ANW68790.1","V159A","arth","humFit",-0.940724558026975
"4518","ANW68790.1","V159A","arth","birFit",-1.20669307556647
"4519","ANW68791.1","V159A","arth","mosFit",-0.770188640378523
"4520","ANW68791.1","V159A","arth","humFit",-0.940724558026975
"4521","ANW68791.1","V159A","arth","birFit",-1.20669307556647
"4522","ANW68792.1","V159A","bird","mosFit",-0.770188640378523
"4523","ANW68792.1","V159A","bird","humFit",-0.940724558026975
"4524","ANW68792.1","V159A","bird","birFit",-1.20669307556647
"4525","ANW68793.1","V159A","bird","mosFit",-0.770188640378523
"4526","ANW68793.1","V159A","bird","humFit",-0.940724558026975
"4527","ANW68793.1","V159A","bird","birFit",-1.20669307556647
"4528","ANW68795.1","V159A","bird","mosFit",-0.770188640378523
"4529","ANW68795.1","V159A","bird","humFit",-0.940724558026975
"4530","ANW68795.1","V159A","bird","birFit",-1.20669307556647
"4531","ANW68796.1","V159A","bird","mosFit",-0.770188640378523
"4532","ANW68796.1","V159A","bird","humFit",-0.940724558026975
"4533","ANW68796.1","V159A","bird","birFit",-1.20669307556647
"4534","ANW68797.1","V159A","bird","mosFit",-0.770188640378523
"4535","ANW68797.1","V159A","bird","humFit",-0.940724558026975
"4536","ANW68797.1","V159A","bird","birFit",-1.20669307556647
"4537","ANW68799.1","V159A","bird","mosFit",-0.770188640378523
"4538","ANW68799.1","V159A","bird","humFit",-0.940724558026975
"4539","ANW68799.1","V159A","bird","birFit",-1.20669307556647
"4540","ANW68800.1","V159A","bird","mosFit",-0.770188640378523
"4541","ANW68800.1","V159A","bird","humFit",-0.940724558026975
"4542","ANW68800.1","V159A","bird","birFit",-1.20669307556647
"4543","ANW68801.1","V159A","bird","mosFit",-0.770188640378523
"4544","ANW68801.1","V159A","bird","humFit",-0.940724558026975
"4545","ANW68801.1","V159A","bird","birFit",-1.20669307556647
"4546","ANW68802.1","V159A","bird","mosFit",-0.770188640378523
"4547","ANW68802.1","V159A","bird","humFit",-0.940724558026975
"4548","ANW68802.1","V159A","bird","birFit",-1.20669307556647
"4549","ANW68804.1","V159A","arth","mosFit",-0.770188640378523
"4550","ANW68804.1","V159A","arth","humFit",-0.940724558026975
"4551","ANW68804.1","V159A","arth","birFit",-1.20669307556647
"4552","ANW68805.1","V159A","arth","mosFit",-0.770188640378523
"4553","ANW68805.1","V159A","arth","humFit",-0.940724558026975
"4554","ANW68805.1","V159A","arth","birFit",-1.20669307556647
"4555","ANW68806.1","V159A","arth","mosFit",-0.770188640378523
"4556","ANW68806.1","V159A","arth","humFit",-0.940724558026975
"4557","ANW68806.1","V159A","arth","birFit",-1.20669307556647
"4558","ANW68807.1","V159A","arth","mosFit",-0.770188640378523
"4559","ANW68807.1","V159A","arth","humFit",-0.940724558026975
"4560","ANW68807.1","V159A","arth","birFit",-1.20669307556647
"4561","ANW68808.1","V159A","arth","mosFit",-0.770188640378523
"4562","ANW68808.1","V159A","arth","humFit",-0.940724558026975
"4563","ANW68808.1","V159A","arth","birFit",-1.20669307556647
"4564","ANW68809.1","V159A","arth","mosFit",-0.770188640378523
"4565","ANW68809.1","V159A","arth","humFit",-0.940724558026975
"4566","ANW68809.1","V159A","arth","birFit",-1.20669307556647
"4567","ANW68810.1","V159A","arth","mosFit",-0.770188640378523
"4568","ANW68810.1","V159A","arth","humFit",-0.940724558026975
"4569","ANW68810.1","V159A","arth","birFit",-1.20669307556647
"4570","ANW68811.1","V159A","arth","mosFit",-0.770188640378523
"4571","ANW68811.1","V159A","arth","humFit",-0.940724558026975
"4572","ANW68811.1","V159A","arth","birFit",-1.20669307556647
"4573","ANW68812.1","V159A","arth","mosFit",-0.770188640378523
"4574","ANW68812.1","V159A","arth","humFit",-0.940724558026975
"4575","ANW68812.1","V159A","arth","birFit",-1.20669307556647
"4576","ANW68813.1","A51T","arth","mosFit",-1.05030646712279
"4577","ANW68813.1","A51T","arth","humFit",-1.29546657960075
"4578","ANW68813.1","A51T","arth","birFit",-1.72619783601487
"4579","ANW68813.1","V159A","arth","mosFit",-0.770188640378523
"4580","ANW68813.1","V159A","arth","humFit",-0.940724558026975
"4581","ANW68813.1","V159A","arth","birFit",-1.20669307556647
"4582","ANW68814.1","A51T","arth","mosFit",-1.05030646712279
"4583","ANW68814.1","A51T","arth","humFit",-1.29546657960075
"4584","ANW68814.1","A51T","arth","birFit",-1.72619783601487
"4585","ANW68814.1","V159A","arth","mosFit",-0.770188640378523
"4586","ANW68814.1","V159A","arth","humFit",-0.940724558026975
"4587","ANW68814.1","V159A","arth","birFit",-1.20669307556647
"4588","ANW68815.1","A51T","arth","mosFit",-1.05030646712279
"4589","ANW68815.1","A51T","arth","humFit",-1.29546657960075
"4590","ANW68815.1","A51T","arth","birFit",-1.72619783601487
"4591","ANW68815.1","V159A","arth","mosFit",-0.770188640378523
"4592","ANW68815.1","V159A","arth","humFit",-0.940724558026975
"4593","ANW68815.1","V159A","arth","birFit",-1.20669307556647
"4594","ANW68816.1","V159A","arth","mosFit",-0.770188640378523
"4595","ANW68816.1","V159A","arth","humFit",-0.940724558026975
"4596","ANW68816.1","V159A","arth","birFit",-1.20669307556647
"4597","ANW68817.1","V159A","arth","mosFit",-0.770188640378523
"4598","ANW68817.1","V159A","arth","humFit",-0.940724558026975
"4599","ANW68817.1","V159A","arth","birFit",-1.20669307556647
"4600","ANW68819.1","V159A","bird","mosFit",-0.770188640378523
"4601","ANW68819.1","V159A","bird","humFit",-0.940724558026975
"4602","ANW68819.1","V159A","bird","birFit",-1.20669307556647
"4603","ANW68820.1","V159A","bird","mosFit",-0.770188640378523
"4604","ANW68820.1","V159A","bird","humFit",-0.940724558026975
"4605","ANW68820.1","V159A","bird","birFit",-1.20669307556647
"4606","ANW68821.1","V159A","bird","mosFit",-0.770188640378523
"4607","ANW68821.1","V159A","bird","humFit",-0.940724558026975
"4608","ANW68821.1","V159A","bird","birFit",-1.20669307556647
"4609","ANW68822.1","V159A","bird","mosFit",-0.770188640378523
"4610","ANW68822.1","V159A","bird","humFit",-0.940724558026975
"4611","ANW68822.1","V159A","bird","birFit",-1.20669307556647
"4612","ANW68823.1","V159A","bird","mosFit",-0.770188640378523
"4613","ANW68823.1","V159A","bird","humFit",-0.940724558026975
"4614","ANW68823.1","V159A","bird","birFit",-1.20669307556647
"4615","ANW68825.1","V159A","arth","mosFit",-0.770188640378523
"4616","ANW68825.1","V159A","arth","humFit",-0.940724558026975
"4617","ANW68825.1","V159A","arth","birFit",-1.20669307556647
"4618","ANW68826.1","V159A","arth","mosFit",-0.770188640378523
"4619","ANW68826.1","V159A","arth","humFit",-0.940724558026975
"4620","ANW68826.1","V159A","arth","birFit",-1.20669307556647
"4621","ANW68827.1","V159A","arth","mosFit",-0.770188640378523
"4622","ANW68827.1","V159A","arth","humFit",-0.940724558026975
"4623","ANW68827.1","V159A","arth","birFit",-1.20669307556647
"4624","ANW68829.1","H500Y","bird","mosFit",-1.47374258772705
"4625","ANW68829.1","H500Y","bird","humFit",-1.67963980096095
"4626","ANW68829.1","H500Y","bird","birFit",-1.39549264557976
"4627","ANW68829.1","V159A","bird","mosFit",-0.770188640378523
"4628","ANW68829.1","V159A","bird","humFit",-0.940724558026975
"4629","ANW68829.1","V159A","bird","birFit",-1.20669307556647
"4630","ANW68830.1","H500Y","bird","mosFit",-1.47374258772705
"4631","ANW68830.1","H500Y","bird","humFit",-1.67963980096095
"4632","ANW68830.1","H500Y","bird","birFit",-1.39549264557976
"4633","ANW68830.1","V159A","bird","mosFit",-0.770188640378523
"4634","ANW68830.1","V159A","bird","humFit",-0.940724558026975
"4635","ANW68830.1","V159A","bird","birFit",-1.20669307556647
"4636","ANW68838.1","V159A","bird","mosFit",-0.770188640378523
"4637","ANW68838.1","V159A","bird","humFit",-0.940724558026975
"4638","ANW68838.1","V159A","bird","birFit",-1.20669307556647
"4639","ANW68839.1","V159A","bird","mosFit",-0.770188640378523
"4640","ANW68839.1","V159A","bird","humFit",-0.940724558026975
"4641","ANW68839.1","V159A","bird","birFit",-1.20669307556647
"4642","ANW68841.1","V159A","arth","mosFit",-0.770188640378523
"4643","ANW68841.1","V159A","arth","humFit",-0.940724558026975
"4644","ANW68841.1","V159A","arth","birFit",-1.20669307556647
"4645","ANW68842.1","V159A","arth","mosFit",-0.770188640378523
"4646","ANW68842.1","V159A","arth","humFit",-0.940724558026975
"4647","ANW68842.1","V159A","arth","birFit",-1.20669307556647
"4648","ANW68844.1","V159A","bird","mosFit",-0.770188640378523
"4649","ANW68844.1","V159A","bird","humFit",-0.940724558026975
"4650","ANW68844.1","V159A","bird","birFit",-1.20669307556647
"4651","ANW68847.1","V159A","bird","mosFit",-0.770188640378523
"4652","ANW68847.1","V159A","bird","humFit",-0.940724558026975
"4653","ANW68847.1","V159A","bird","birFit",-1.20669307556647
"4654","ANW68848.1","V159A","bird","mosFit",-0.770188640378523
"4655","ANW68848.1","V159A","bird","humFit",-0.940724558026975
"4656","ANW68848.1","V159A","bird","birFit",-1.20669307556647
"4657","ANW68850.1","V159A","arth","mosFit",-0.770188640378523
"4658","ANW68850.1","V159A","arth","humFit",-0.940724558026975
"4659","ANW68850.1","V159A","arth","birFit",-1.20669307556647
"4660","ANW68851.1","V159A","arth","mosFit",-0.770188640378523
"4661","ANW68851.1","V159A","arth","humFit",-0.940724558026975
"4662","ANW68851.1","V159A","arth","birFit",-1.20669307556647
"4663","ANW68853.1","V159A","bird","mosFit",-0.770188640378523
"4664","ANW68853.1","V159A","bird","humFit",-0.940724558026975
"4665","ANW68853.1","V159A","bird","birFit",-1.20669307556647
"4666","ANW68854.1","V159A","bird","mosFit",-0.770188640378523
"4667","ANW68854.1","V159A","bird","humFit",-0.940724558026975
"4668","ANW68854.1","V159A","bird","birFit",-1.20669307556647
"4669","ANW68855.1","I474V","bird","mosFit",-1.03874185083062
"4670","ANW68855.1","I474V","bird","humFit",-1.42957333041047
"4671","ANW68855.1","I474V","bird","birFit",-1.30810769595927
"4672","ANW68855.1","V159A","bird","mosFit",-0.770188640378523
"4673","ANW68855.1","V159A","bird","humFit",-0.940724558026975
"4674","ANW68855.1","V159A","bird","birFit",-1.20669307556647
"4675","ANW68856.1","I474V","bird","mosFit",-1.03874185083062
"4676","ANW68856.1","I474V","bird","humFit",-1.42957333041047
"4677","ANW68856.1","I474V","bird","birFit",-1.30810769595927
"4678","ANW68856.1","V159A","bird","mosFit",-0.770188640378523
"4679","ANW68856.1","V159A","bird","humFit",-0.940724558026975
"4680","ANW68856.1","V159A","bird","birFit",-1.20669307556647
"4681","ANW68857.1","I474V","bird","mosFit",-1.03874185083062
"4682","ANW68857.1","I474V","bird","humFit",-1.42957333041047
"4683","ANW68857.1","I474V","bird","birFit",-1.30810769595927
"4684","ANW68857.1","V159A","bird","mosFit",-0.770188640378523
"4685","ANW68857.1","V159A","bird","humFit",-0.940724558026975
"4686","ANW68857.1","V159A","bird","birFit",-1.20669307556647
"4687","ANW68858.1","V159A","bird","mosFit",-0.770188640378523
"4688","ANW68858.1","V159A","bird","humFit",-0.940724558026975
"4689","ANW68858.1","V159A","bird","birFit",-1.20669307556647
"4690","ANW68859.1","V159A","bird","mosFit",-0.770188640378523
"4691","ANW68859.1","V159A","bird","humFit",-0.940724558026975
"4692","ANW68859.1","V159A","bird","birFit",-1.20669307556647
"4693","ANW68860.1","V159A","bird","mosFit",-0.770188640378523
"4694","ANW68860.1","V159A","bird","humFit",-0.940724558026975
"4695","ANW68860.1","V159A","bird","birFit",-1.20669307556647
"4696","ANW68861.1","V159A","arth","mosFit",-0.770188640378523
"4697","ANW68861.1","V159A","arth","humFit",-0.940724558026975
"4698","ANW68861.1","V159A","arth","birFit",-1.20669307556647
"4699","ANW68862.1","V159A","arth","mosFit",-0.770188640378523
"4700","ANW68862.1","V159A","arth","humFit",-0.940724558026975
"4701","ANW68862.1","V159A","arth","birFit",-1.20669307556647
"4702","ANW68868.1","V159A","bird","mosFit",-0.770188640378523
"4703","ANW68868.1","V159A","bird","humFit",-0.940724558026975
"4704","ANW68868.1","V159A","bird","birFit",-1.20669307556647
"4705","ANW68869.1","V159A","bird","mosFit",-0.770188640378523
"4706","ANW68869.1","V159A","bird","humFit",-0.940724558026975
"4707","ANW68869.1","V159A","bird","birFit",-1.20669307556647
"4708","ANW68870.1","N347S","bird","mosFit",-0.448049549277471
"4709","ANW68870.1","N347S","bird","humFit",-0.504961766882462
"4710","ANW68870.1","N347S","bird","birFit",-0.382211805060756
"4711","ANW68870.1","V159A","bird","mosFit",-0.770188640378523
"4712","ANW68870.1","V159A","bird","humFit",-0.940724558026975
"4713","ANW68870.1","V159A","bird","birFit",-1.20669307556647
"4714","ANW68871.1","N347S","bird","mosFit",-0.448049549277471
"4715","ANW68871.1","N347S","bird","humFit",-0.504961766882462
"4716","ANW68871.1","N347S","bird","birFit",-0.382211805060756
"4717","ANW68871.1","V159A","bird","mosFit",-0.770188640378523
"4718","ANW68871.1","V159A","bird","humFit",-0.940724558026975
"4719","ANW68871.1","V159A","bird","birFit",-1.20669307556647
"4720","ANW68872.1","N347S","bird","mosFit",-0.448049549277471
"4721","ANW68872.1","N347S","bird","humFit",-0.504961766882462
"4722","ANW68872.1","N347S","bird","birFit",-0.382211805060756
"4723","ANW68872.1","V159A","bird","mosFit",-0.770188640378523
"4724","ANW68872.1","V159A","bird","humFit",-0.940724558026975
"4725","ANW68872.1","V159A","bird","birFit",-1.20669307556647
"4726","ANW68876.1","V159A","arth","mosFit",-0.770188640378523
"4727","ANW68876.1","V159A","arth","humFit",-0.940724558026975
"4728","ANW68876.1","V159A","arth","birFit",-1.20669307556647
"4729","ANW68877.1","V159A","arth","mosFit",-0.770188640378523
"4730","ANW68877.1","V159A","arth","humFit",-0.940724558026975
"4731","ANW68877.1","V159A","arth","birFit",-1.20669307556647
"4732","ANW68882.1","K124N","bird","mosFit",-0.428947425860832
"4733","ANW68882.1","K124N","bird","humFit",-0.942303112207202
"4734","ANW68882.1","K124N","bird","birFit",-2.47399893292351
"4735","ANW68882.1","V159A","bird","mosFit",-0.770188640378523
"4736","ANW68882.1","V159A","bird","humFit",-0.940724558026975
"4737","ANW68882.1","V159A","bird","birFit",-1.20669307556647
"4738","ANW68883.1","K124N","bird","mosFit",-0.428947425860832
"4739","ANW68883.1","K124N","bird","humFit",-0.942303112207202
"4740","ANW68883.1","K124N","bird","birFit",-2.47399893292351
"4741","ANW68883.1","V159A","bird","mosFit",-0.770188640378523
"4742","ANW68883.1","V159A","bird","humFit",-0.940724558026975
"4743","ANW68883.1","V159A","bird","birFit",-1.20669307556647
"4744","ANW68884.1","K124N","bird","mosFit",-0.428947425860832
"4745","ANW68884.1","K124N","bird","humFit",-0.942303112207202
"4746","ANW68884.1","K124N","bird","birFit",-2.47399893292351
"4747","ANW68884.1","V159A","bird","mosFit",-0.770188640378523
"4748","ANW68884.1","V159A","bird","humFit",-0.940724558026975
"4749","ANW68884.1","V159A","bird","birFit",-1.20669307556647
"4750","ANW68885.1","V159A","bird","mosFit",-0.770188640378523
"4751","ANW68885.1","V159A","bird","humFit",-0.940724558026975
"4752","ANW68885.1","V159A","bird","birFit",-1.20669307556647
"4753","ANW68886.1","V159A","bird","mosFit",-0.770188640378523
"4754","ANW68886.1","V159A","bird","humFit",-0.940724558026975
"4755","ANW68886.1","V159A","bird","birFit",-1.20669307556647
"4756","ANW68887.1","V159A","bird","mosFit",-0.770188640378523
"4757","ANW68887.1","V159A","bird","humFit",-0.940724558026975
"4758","ANW68887.1","V159A","bird","birFit",-1.20669307556647
"4759","ANW68888.1","V159A","bird","mosFit",-0.770188640378523
"4760","ANW68888.1","V159A","bird","humFit",-0.940724558026975
"4761","ANW68888.1","V159A","bird","birFit",-1.20669307556647
"4762","ANW68889.1","V159A","bird","mosFit",-0.770188640378523
"4763","ANW68889.1","V159A","bird","humFit",-0.940724558026975
"4764","ANW68889.1","V159A","bird","birFit",-1.20669307556647
"4765","ANW68890.1","V159A","bird","mosFit",-0.770188640378523
"4766","ANW68890.1","V159A","bird","humFit",-0.940724558026975
"4767","ANW68890.1","V159A","bird","birFit",-1.20669307556647
"4768","ANW68891.1","Y176H","bird","mosFit",-0.384822626975956
"4769","ANW68891.1","Y176H","bird","humFit",-0.593918837077759
"4770","ANW68891.1","Y176H","bird","birFit",-0.89306289148201
"4771","ANW68892.1","Y176H","bird","mosFit",-0.384822626975956
"4772","ANW68892.1","Y176H","bird","humFit",-0.593918837077759
"4773","ANW68892.1","Y176H","bird","birFit",-0.89306289148201
"4774","ANW68893.1","Y176H","bird","mosFit",-0.384822626975956
"4775","ANW68893.1","Y176H","bird","humFit",-0.593918837077759
"4776","ANW68893.1","Y176H","bird","birFit",-0.89306289148201
"4777","ANW68894.1","V159A","bird","mosFit",-0.770188640378523
"4778","ANW68894.1","V159A","bird","humFit",-0.940724558026975
"4779","ANW68894.1","V159A","bird","birFit",-1.20669307556647
"4780","ANW68895.1","V159A","bird","mosFit",-0.770188640378523
"4781","ANW68895.1","V159A","bird","humFit",-0.940724558026975
"4782","ANW68895.1","V159A","bird","birFit",-1.20669307556647
"4783","ANW68896.1","V159A","bird","mosFit",-0.770188640378523
"4784","ANW68896.1","V159A","bird","humFit",-0.940724558026975
"4785","ANW68896.1","V159A","bird","birFit",-1.20669307556647
"4786","ANW68897.1","K310E","arth","mosFit",-0.0265409468235134
"4787","ANW68897.1","K310E","arth","humFit",-0.818605787627015
"4788","ANW68897.1","K310E","arth","birFit",-1.42133694949413
"4789","ANW68898.1","K310E","arth","mosFit",-0.0265409468235134
"4790","ANW68898.1","K310E","arth","humFit",-0.818605787627015
"4791","ANW68898.1","K310E","arth","birFit",-1.42133694949413
"4792","ANW68899.1","K310E","arth","mosFit",-0.0265409468235134
"4793","ANW68899.1","K310E","arth","humFit",-0.818605787627015
"4794","ANW68899.1","K310E","arth","birFit",-1.42133694949413
"4795","ANW68901.1","V159A","arth","mosFit",-0.770188640378523
"4796","ANW68901.1","V159A","arth","humFit",-0.940724558026975
"4797","ANW68901.1","V159A","arth","birFit",-1.20669307556647
"4798","ANW68903.1","V159A","arth","mosFit",-0.770188640378523
"4799","ANW68903.1","V159A","arth","humFit",-0.940724558026975
"4800","ANW68903.1","V159A","arth","birFit",-1.20669307556647
"4801","ANW68904.1","V159A","arth","mosFit",-0.770188640378523
"4802","ANW68904.1","V159A","arth","humFit",-0.940724558026975
"4803","ANW68904.1","V159A","arth","birFit",-1.20669307556647
"4804","ANW68905.1","V159A","arth","mosFit",-0.770188640378523
"4805","ANW68905.1","V159A","arth","humFit",-0.940724558026975
"4806","ANW68905.1","V159A","arth","birFit",-1.20669307556647
"4807","ANW68907.1","V159A","arth","mosFit",-0.770188640378523
"4808","ANW68907.1","V159A","arth","humFit",-0.940724558026975
"4809","ANW68907.1","V159A","arth","birFit",-1.20669307556647
"4810","ANW68908.1","V159A","arth","mosFit",-0.770188640378523
"4811","ANW68908.1","V159A","arth","humFit",-0.940724558026975
"4812","ANW68908.1","V159A","arth","birFit",-1.20669307556647
"4813","ANW68909.1","V159A","arth","mosFit",-0.770188640378523
"4814","ANW68909.1","V159A","arth","humFit",-0.940724558026975
"4815","ANW68909.1","V159A","arth","birFit",-1.20669307556647
"4816","ANW68910.1","V159A","arth","mosFit",-0.770188640378523
"4817","ANW68910.1","V159A","arth","humFit",-0.940724558026975
"4818","ANW68910.1","V159A","arth","birFit",-1.20669307556647
"4819","ANW68911.1","V159A","arth","mosFit",-0.770188640378523
"4820","ANW68911.1","V159A","arth","humFit",-0.940724558026975
"4821","ANW68911.1","V159A","arth","birFit",-1.20669307556647
"4822","ANW68912.1","V159A","bird","mosFit",-0.770188640378523
"4823","ANW68912.1","V159A","bird","humFit",-0.940724558026975
"4824","ANW68912.1","V159A","bird","birFit",-1.20669307556647
"4825","ANW68913.1","V159A","bird","mosFit",-0.770188640378523
"4826","ANW68913.1","V159A","bird","humFit",-0.940724558026975
"4827","ANW68913.1","V159A","bird","birFit",-1.20669307556647
"4828","ANW68914.1","V159A","bird","mosFit",-0.770188640378523
"4829","ANW68914.1","V159A","bird","humFit",-0.940724558026975
"4830","ANW68914.1","V159A","bird","birFit",-1.20669307556647
"4831","ANW68916.1","V159A","arth","mosFit",-0.770188640378523
"4832","ANW68916.1","V159A","arth","humFit",-0.940724558026975
"4833","ANW68916.1","V159A","arth","birFit",-1.20669307556647
"4834","ANW68921.1","V159A","arth","mosFit",-0.770188640378523
"4835","ANW68921.1","V159A","arth","humFit",-0.940724558026975
"4836","ANW68921.1","V159A","arth","birFit",-1.20669307556647
"4837","ANW68922.1","V159A","arth","mosFit",-0.770188640378523
"4838","ANW68922.1","V159A","arth","humFit",-0.940724558026975
"4839","ANW68922.1","V159A","arth","birFit",-1.20669307556647
"4840","ANW68923.1","V159A","arth","mosFit",-0.770188640378523
"4841","ANW68923.1","V159A","arth","humFit",-0.940724558026975
"4842","ANW68923.1","V159A","arth","birFit",-1.20669307556647
"4843","ANW68925.1","V159A","bird","mosFit",-0.770188640378523
"4844","ANW68925.1","V159A","bird","humFit",-0.940724558026975
"4845","ANW68925.1","V159A","bird","birFit",-1.20669307556647
"4846","ANW68926.1","V159A","bird","mosFit",-0.770188640378523
"4847","ANW68926.1","V159A","bird","humFit",-0.940724558026975
"4848","ANW68926.1","V159A","bird","birFit",-1.20669307556647
"4849","ANW68928.1","V159A","bird","mosFit",-0.770188640378523
"4850","ANW68928.1","V159A","bird","humFit",-0.940724558026975
"4851","ANW68928.1","V159A","bird","birFit",-1.20669307556647
"4852","ANW68929.1","V159A","bird","mosFit",-0.770188640378523
"4853","ANW68929.1","V159A","bird","humFit",-0.940724558026975
"4854","ANW68929.1","V159A","bird","birFit",-1.20669307556647
"4855","ANW68930.1","V159A","arth","mosFit",-0.770188640378523
"4856","ANW68930.1","V159A","arth","humFit",-0.940724558026975
"4857","ANW68930.1","V159A","arth","birFit",-1.20669307556647
"4858","ANW68931.1","V159A","arth","mosFit",-0.770188640378523
"4859","ANW68931.1","V159A","arth","humFit",-0.940724558026975
"4860","ANW68931.1","V159A","arth","birFit",-1.20669307556647
"4861","ANW68932.1","V159A","arth","mosFit",-0.770188640378523
"4862","ANW68932.1","V159A","arth","humFit",-0.940724558026975
"4863","ANW68932.1","V159A","arth","birFit",-1.20669307556647
"4864","ANW68934.1","V159A","arth","mosFit",-0.770188640378523
"4865","ANW68934.1","V159A","arth","humFit",-0.940724558026975
"4866","ANW68934.1","V159A","arth","birFit",-1.20669307556647
"4867","ANW68935.1","V159A","arth","mosFit",-0.770188640378523
"4868","ANW68935.1","V159A","arth","humFit",-0.940724558026975
"4869","ANW68935.1","V159A","arth","birFit",-1.20669307556647
"4870","ANW68936.1","A344V","arth","mosFit",-0.616843832636142
"4871","ANW68936.1","A344V","arth","humFit",-0.688530361589519
"4872","ANW68936.1","A344V","arth","birFit",-0.927326518194183
"4873","ANW68936.1","V159A","arth","mosFit",-0.770188640378523
"4874","ANW68936.1","V159A","arth","humFit",-0.940724558026975
"4875","ANW68936.1","V159A","arth","birFit",-1.20669307556647
"4876","ANW68937.1","A344V","arth","mosFit",-0.616843832636142
"4877","ANW68937.1","A344V","arth","humFit",-0.688530361589519
"4878","ANW68937.1","A344V","arth","birFit",-0.927326518194183
"4879","ANW68937.1","V159A","arth","mosFit",-0.770188640378523
"4880","ANW68937.1","V159A","arth","humFit",-0.940724558026975
"4881","ANW68937.1","V159A","arth","birFit",-1.20669307556647
"4882","ANW68938.1","A344V","arth","mosFit",-0.616843832636142
"4883","ANW68938.1","A344V","arth","humFit",-0.688530361589519
"4884","ANW68938.1","A344V","arth","birFit",-0.927326518194183
"4885","ANW68938.1","V159A","arth","mosFit",-0.770188640378523
"4886","ANW68938.1","V159A","arth","humFit",-0.940724558026975
"4887","ANW68938.1","V159A","arth","birFit",-1.20669307556647
"4888","ANW68940.1","V159A","bird","mosFit",-0.770188640378523
"4889","ANW68940.1","V159A","bird","humFit",-0.940724558026975
"4890","ANW68940.1","V159A","bird","birFit",-1.20669307556647
"4891","ANW68941.1","V159A","bird","mosFit",-0.770188640378523
"4892","ANW68941.1","V159A","bird","humFit",-0.940724558026975
"4893","ANW68941.1","V159A","bird","birFit",-1.20669307556647
"4894","ANW68943.1","V159A","arth","mosFit",-0.770188640378523
"4895","ANW68943.1","V159A","arth","humFit",-0.940724558026975
"4896","ANW68943.1","V159A","arth","birFit",-1.20669307556647
"4897","ANW68945.1","M46L","bird","mosFit",-1.28256888512887
"4898","ANW68945.1","M46L","bird","humFit",-1.18749493894857
"4899","ANW68945.1","M46L","bird","birFit",-1.65982613542028
"4900","ANW68945.1","V159A","bird","mosFit",-0.770188640378523
"4901","ANW68945.1","V159A","bird","humFit",-0.940724558026975
"4902","ANW68945.1","V159A","bird","birFit",-1.20669307556647
"4903","ANW68947.1","M46L","bird","mosFit",-1.28256888512887
"4904","ANW68947.1","M46L","bird","humFit",-1.18749493894857
"4905","ANW68947.1","M46L","bird","birFit",-1.65982613542028
"4906","ANW68947.1","V159A","bird","mosFit",-0.770188640378523
"4907","ANW68947.1","V159A","bird","humFit",-0.940724558026975
"4908","ANW68947.1","V159A","bird","birFit",-1.20669307556647
"4909","ANW68949.1","V159A","bird","mosFit",-0.770188640378523
"4910","ANW68949.1","V159A","bird","humFit",-0.940724558026975
"4911","ANW68949.1","V159A","bird","birFit",-1.20669307556647
"4912","ANW68951.1","V159A","arth","mosFit",-0.770188640378523
"4913","ANW68951.1","V159A","arth","humFit",-0.940724558026975
"4914","ANW68951.1","V159A","arth","birFit",-1.20669307556647
"4915","ANW68952.1","V159A","arth","mosFit",-0.770188640378523
"4916","ANW68952.1","V159A","arth","humFit",-0.940724558026975
"4917","ANW68952.1","V159A","arth","birFit",-1.20669307556647
"4918","ANW68953.1","V159A","arth","mosFit",-0.770188640378523
"4919","ANW68953.1","V159A","arth","humFit",-0.940724558026975
"4920","ANW68953.1","V159A","arth","birFit",-1.20669307556647
"4921","ANW68954.1","V159A","bird","mosFit",-0.770188640378523
"4922","ANW68954.1","V159A","bird","humFit",-0.940724558026975
"4923","ANW68954.1","V159A","bird","birFit",-1.20669307556647
"4924","ANW68955.1","V159A","bird","mosFit",-0.770188640378523
"4925","ANW68955.1","V159A","bird","humFit",-0.940724558026975
"4926","ANW68955.1","V159A","bird","birFit",-1.20669307556647
"4927","ANW68956.1","V159A","bird","mosFit",-0.770188640378523
"4928","ANW68956.1","V159A","bird","humFit",-0.940724558026975
"4929","ANW68956.1","V159A","bird","birFit",-1.20669307556647
"4930","ANW68957.1","V159A","arth","mosFit",-0.770188640378523
"4931","ANW68957.1","V159A","arth","humFit",-0.940724558026975
"4932","ANW68957.1","V159A","arth","birFit",-1.20669307556647
"4933","ANW68958.1","V159A","arth","mosFit",-0.770188640378523
"4934","ANW68958.1","V159A","arth","humFit",-0.940724558026975
"4935","ANW68958.1","V159A","arth","birFit",-1.20669307556647
"4936","ANW68959.1","V159A","arth","mosFit",-0.770188640378523
"4937","ANW68959.1","V159A","arth","humFit",-0.940724558026975
"4938","ANW68959.1","V159A","arth","birFit",-1.20669307556647
"4939","ANW68960.1","V159A","arth","mosFit",-0.770188640378523
"4940","ANW68960.1","V159A","arth","humFit",-0.940724558026975
"4941","ANW68960.1","V159A","arth","birFit",-1.20669307556647
"4942","ANW68961.1","V159A","arth","mosFit",-0.770188640378523
"4943","ANW68961.1","V159A","arth","humFit",-0.940724558026975
"4944","ANW68961.1","V159A","arth","birFit",-1.20669307556647
"4945","ANW68962.1","V159A","arth","mosFit",-0.770188640378523
"4946","ANW68962.1","V159A","arth","humFit",-0.940724558026975
"4947","ANW68962.1","V159A","arth","birFit",-1.20669307556647
"4948","ANW68963.1","V159A","arth","mosFit",-0.770188640378523
"4949","ANW68963.1","V159A","arth","humFit",-0.940724558026975
"4950","ANW68963.1","V159A","arth","birFit",-1.20669307556647
"4951","ANW68964.1","V159A","arth","mosFit",-0.770188640378523
"4952","ANW68964.1","V159A","arth","humFit",-0.940724558026975
"4953","ANW68964.1","V159A","arth","birFit",-1.20669307556647
"4954","ANW68965.1","V159A","arth","mosFit",-0.770188640378523
"4955","ANW68965.1","V159A","arth","humFit",-0.940724558026975
"4956","ANW68965.1","V159A","arth","birFit",-1.20669307556647
"4957","ANW68966.1","V159A","bird","mosFit",-0.770188640378523
"4958","ANW68966.1","V159A","bird","humFit",-0.940724558026975
"4959","ANW68966.1","V159A","bird","birFit",-1.20669307556647
"4960","ANW68967.1","V159A","bird","mosFit",-0.770188640378523
"4961","ANW68967.1","V159A","bird","humFit",-0.940724558026975
"4962","ANW68967.1","V159A","bird","birFit",-1.20669307556647
"4963","ANW68968.1","V159A","bird","mosFit",-0.770188640378523
"4964","ANW68968.1","V159A","bird","humFit",-0.940724558026975
"4965","ANW68968.1","V159A","bird","birFit",-1.20669307556647
"4966","ANW68969.1","V159A","bird","mosFit",-0.770188640378523
"4967","ANW68969.1","V159A","bird","humFit",-0.940724558026975
"4968","ANW68969.1","V159A","bird","birFit",-1.20669307556647
"4969","ANW68970.1","V159A","bird","mosFit",-0.770188640378523
"4970","ANW68970.1","V159A","bird","humFit",-0.940724558026975
"4971","ANW68970.1","V159A","bird","birFit",-1.20669307556647
"4972","ANW68971.1","V159A","bird","mosFit",-0.770188640378523
"4973","ANW68971.1","V159A","bird","humFit",-0.940724558026975
"4974","ANW68971.1","V159A","bird","birFit",-1.20669307556647
"4975","ANW68975.1","V159A","arth","mosFit",-0.770188640378523
"4976","ANW68975.1","V159A","arth","humFit",-0.940724558026975
"4977","ANW68975.1","V159A","arth","birFit",-1.20669307556647
"4978","ANW68976.1","V159A","arth","mosFit",-0.770188640378523
"4979","ANW68976.1","V159A","arth","humFit",-0.940724558026975
"4980","ANW68976.1","V159A","arth","birFit",-1.20669307556647
"4981","ANW68977.1","V159A","arth","mosFit",-0.770188640378523
"4982","ANW68977.1","V159A","arth","humFit",-0.940724558026975
"4983","ANW68977.1","V159A","arth","birFit",-1.20669307556647
"4984","ANW68978.1","V159A","arth","mosFit",-0.770188640378523
"4985","ANW68978.1","V159A","arth","humFit",-0.940724558026975
"4986","ANW68978.1","V159A","arth","birFit",-1.20669307556647
"4987","ANW68979.1","V159A","arth","mosFit",-0.770188640378523
"4988","ANW68979.1","V159A","arth","humFit",-0.940724558026975
"4989","ANW68979.1","V159A","arth","birFit",-1.20669307556647
"4990","ANW68980.1","V159A","arth","mosFit",-0.770188640378523
"4991","ANW68980.1","V159A","arth","humFit",-0.940724558026975
"4992","ANW68980.1","V159A","arth","birFit",-1.20669307556647
"4993","ANW68984.1","V159A","arth","mosFit",-0.770188640378523
"4994","ANW68984.1","V159A","arth","humFit",-0.940724558026975
"4995","ANW68984.1","V159A","arth","birFit",-1.20669307556647
"4996","ANW68985.1","V159A","arth","mosFit",-0.770188640378523
"4997","ANW68985.1","V159A","arth","humFit",-0.940724558026975
"4998","ANW68985.1","V159A","arth","birFit",-1.20669307556647
"4999","ANW68986.1","V159A","arth","mosFit",-0.770188640378523
"5000","ANW68986.1","V159A","arth","humFit",-0.940724558026975
"5001","ANW68986.1","V159A","arth","birFit",-1.20669307556647
"5002","ANW68988.1","V159A","arth","mosFit",-0.770188640378523
"5003","ANW68988.1","V159A","arth","humFit",-0.940724558026975
"5004","ANW68988.1","V159A","arth","birFit",-1.20669307556647
"5005","ANW68989.1","V159A","arth","mosFit",-0.770188640378523
"5006","ANW68989.1","V159A","arth","humFit",-0.940724558026975
"5007","ANW68989.1","V159A","arth","birFit",-1.20669307556647
"5008","ANW68990.1","M34L","arth","mosFit",-1.20278419774816
"5009","ANW68990.1","M34L","arth","humFit",-1.34384037043061
"5010","ANW68990.1","M34L","arth","birFit",-1.45344422791519
"5011","ANW68991.1","M34L","arth","mosFit",-1.20278419774816
"5012","ANW68991.1","M34L","arth","humFit",-1.34384037043061
"5013","ANW68991.1","M34L","arth","birFit",-1.45344422791519
"5014","ANW68992.1","M34L","arth","mosFit",-1.20278419774816
"5015","ANW68992.1","M34L","arth","humFit",-1.34384037043061
"5016","ANW68992.1","M34L","arth","birFit",-1.45344422791519
"5017","ANW68993.1","V159A","bird","mosFit",-0.770188640378523
"5018","ANW68993.1","V159A","bird","humFit",-0.940724558026975
"5019","ANW68993.1","V159A","bird","birFit",-1.20669307556647
"5020","ANW68994.1","V159A","bird","mosFit",-0.770188640378523
"5021","ANW68994.1","V159A","bird","humFit",-0.940724558026975
"5022","ANW68994.1","V159A","bird","birFit",-1.20669307556647
"5023","ANW68995.1","V159A","bird","mosFit",-0.770188640378523
"5024","ANW68995.1","V159A","bird","humFit",-0.940724558026975
"5025","ANW68995.1","V159A","bird","birFit",-1.20669307556647
"5026","ANW68997.1","V159A","bird","mosFit",-0.770188640378523
"5027","ANW68997.1","V159A","bird","humFit",-0.940724558026975
"5028","ANW68997.1","V159A","bird","birFit",-1.20669307556647
"5029","ANW68998.1","V159A","bird","mosFit",-0.770188640378523
"5030","ANW68998.1","V159A","bird","humFit",-0.940724558026975
"5031","ANW68998.1","V159A","bird","birFit",-1.20669307556647
"5032","ANW68999.1","K294R","arth","mosFit",-0.516255939445715
"5033","ANW68999.1","K294R","arth","humFit",-0.188280719287076
"5034","ANW68999.1","K294R","arth","birFit",-1.00109534714835
"5035","ANW68999.1","V159A","arth","mosFit",-0.770188640378523
"5036","ANW68999.1","V159A","arth","humFit",-0.940724558026975
"5037","ANW68999.1","V159A","arth","birFit",-1.20669307556647
"5038","ANW69000.1","K294R","arth","mosFit",-0.516255939445715
"5039","ANW69000.1","K294R","arth","humFit",-0.188280719287076
"5040","ANW69000.1","K294R","arth","birFit",-1.00109534714835
"5041","ANW69000.1","V159A","arth","mosFit",-0.770188640378523
"5042","ANW69000.1","V159A","arth","humFit",-0.940724558026975
"5043","ANW69000.1","V159A","arth","birFit",-1.20669307556647
"5044","ANW69001.1","K294R","arth","mosFit",-0.516255939445715
"5045","ANW69001.1","K294R","arth","humFit",-0.188280719287076
"5046","ANW69001.1","K294R","arth","birFit",-1.00109534714835
"5047","ANW69001.1","V159A","arth","mosFit",-0.770188640378523
"5048","ANW69001.1","V159A","arth","humFit",-0.940724558026975
"5049","ANW69001.1","V159A","arth","birFit",-1.20669307556647
"5050","ANW69003.1","V159A","arth","mosFit",-0.770188640378523
"5051","ANW69003.1","V159A","arth","humFit",-0.940724558026975
"5052","ANW69003.1","V159A","arth","birFit",-1.20669307556647
"5053","ANW69004.1","V159A","arth","mosFit",-0.770188640378523
"5054","ANW69004.1","V159A","arth","humFit",-0.940724558026975
"5055","ANW69004.1","V159A","arth","birFit",-1.20669307556647
"5056","ANW69005.1","L483F","arth","mosFit",-1.19340480639413
"5057","ANW69005.1","L483F","arth","humFit",-1.48932760508031
"5058","ANW69005.1","L483F","arth","birFit",-1.55842109549271
"5059","ANW69005.1","V159A","arth","mosFit",-0.770188640378523
"5060","ANW69005.1","V159A","arth","humFit",-0.940724558026975
"5061","ANW69005.1","V159A","arth","birFit",-1.20669307556647
"5062","ANW69006.1","L483F","arth","mosFit",-1.19340480639413
"5063","ANW69006.1","L483F","arth","humFit",-1.48932760508031
"5064","ANW69006.1","L483F","arth","birFit",-1.55842109549271
"5065","ANW69006.1","V159A","arth","mosFit",-0.770188640378523
"5066","ANW69006.1","V159A","arth","humFit",-0.940724558026975
"5067","ANW69006.1","V159A","arth","birFit",-1.20669307556647
"5068","ANW69007.1","L483F","arth","mosFit",-1.19340480639413
"5069","ANW69007.1","L483F","arth","humFit",-1.48932760508031
"5070","ANW69007.1","L483F","arth","birFit",-1.55842109549271
"5071","ANW69007.1","V159A","arth","mosFit",-0.770188640378523
"5072","ANW69007.1","V159A","arth","humFit",-0.940724558026975
"5073","ANW69007.1","V159A","arth","birFit",-1.20669307556647
"5074","ANW69009.1","V159A","bird","mosFit",-0.770188640378523
"5075","ANW69009.1","V159A","bird","humFit",-0.940724558026975
"5076","ANW69009.1","V159A","bird","birFit",-1.20669307556647
"5077","ANW69010.1","V159A","bird","mosFit",-0.770188640378523
"5078","ANW69010.1","V159A","bird","humFit",-0.940724558026975
"5079","ANW69010.1","V159A","bird","birFit",-1.20669307556647
"5080","ANW69011.1","I126V","bird","mosFit",-0.638126186245388
"5081","ANW69011.1","I126V","bird","humFit",-1.03939699431101
"5082","ANW69011.1","I126V","bird","birFit",-0.614499386478914
"5083","ANW69011.1","V159A","bird","mosFit",-0.770188640378523
"5084","ANW69011.1","V159A","bird","humFit",-0.940724558026975
"5085","ANW69011.1","V159A","bird","birFit",-1.20669307556647
"5086","ANW69012.1","I126V","bird","mosFit",-0.638126186245388
"5087","ANW69012.1","I126V","bird","humFit",-1.03939699431101
"5088","ANW69012.1","I126V","bird","birFit",-0.614499386478914
"5089","ANW69012.1","V159A","bird","mosFit",-0.770188640378523
"5090","ANW69012.1","V159A","bird","humFit",-0.940724558026975
"5091","ANW69012.1","V159A","bird","birFit",-1.20669307556647
"5092","ANW69014.1","R93K","arth","mosFit",-1.16620801408455
"5093","ANW69014.1","R93K","arth","humFit",-1.6946246386064
"5094","ANW69014.1","R93K","arth","birFit",-1.65437780402793
"5095","ANW69014.1","V159A","arth","mosFit",-0.770188640378523
"5096","ANW69014.1","V159A","arth","humFit",-0.940724558026975
"5097","ANW69014.1","V159A","arth","birFit",-1.20669307556647
"5098","ANW69015.1","R93K","arth","mosFit",-1.16620801408455
"5099","ANW69015.1","R93K","arth","humFit",-1.6946246386064
"5100","ANW69015.1","R93K","arth","birFit",-1.65437780402793
"5101","ANW69015.1","V159A","arth","mosFit",-0.770188640378523
"5102","ANW69015.1","V159A","arth","humFit",-0.940724558026975
"5103","ANW69015.1","V159A","arth","birFit",-1.20669307556647
"5104","ANW69016.1","R93K","arth","mosFit",-1.16620801408455
"5105","ANW69016.1","R93K","arth","humFit",-1.6946246386064
"5106","ANW69016.1","R93K","arth","birFit",-1.65437780402793
"5107","ANW69016.1","V159A","arth","mosFit",-0.770188640378523
"5108","ANW69016.1","V159A","arth","humFit",-0.940724558026975
"5109","ANW69016.1","V159A","arth","birFit",-1.20669307556647
"5110","ANW69018.1","V159A","arth","mosFit",-0.770188640378523
"5111","ANW69018.1","V159A","arth","humFit",-0.940724558026975
"5112","ANW69018.1","V159A","arth","birFit",-1.20669307556647
"5113","ANW69021.1","E293G","arth","mosFit",-0.416794598704496
"5114","ANW69021.1","E293G","arth","humFit",-0.201067412937516
"5115","ANW69021.1","E293G","arth","birFit",-0.27038668011542
"5116","ANW69021.1","V159A","arth","mosFit",-0.770188640378523
"5117","ANW69021.1","V159A","arth","humFit",-0.940724558026975
"5118","ANW69021.1","V159A","arth","birFit",-1.20669307556647
"5119","ANW69022.1","E293G","arth","mosFit",-0.416794598704496
"5120","ANW69022.1","E293G","arth","humFit",-0.201067412937516
"5121","ANW69022.1","E293G","arth","birFit",-0.27038668011542
"5122","ANW69022.1","V159A","arth","mosFit",-0.770188640378523
"5123","ANW69022.1","V159A","arth","humFit",-0.940724558026975
"5124","ANW69022.1","V159A","arth","birFit",-1.20669307556647
"5125","ANW69024.1","V159A","arth","mosFit",-0.770188640378523
"5126","ANW69024.1","V159A","arth","humFit",-0.940724558026975
"5127","ANW69024.1","V159A","arth","birFit",-1.20669307556647
"5128","ANW69025.1","V159A","arth","mosFit",-0.770188640378523
"5129","ANW69025.1","V159A","arth","humFit",-0.940724558026975
"5130","ANW69025.1","V159A","arth","birFit",-1.20669307556647
"5131","ANW69026.1","A161S","bird","mosFit",-1.39331331174182
"5132","ANW69026.1","A161S","bird","humFit",-1.27826703790939
"5133","ANW69026.1","A161S","bird","birFit",-1.50005156002247
"5134","ANW69026.1","V159A","bird","mosFit",-0.770188640378523
"5135","ANW69026.1","V159A","bird","humFit",-0.940724558026975
"5136","ANW69026.1","V159A","bird","birFit",-1.20669307556647
"5137","ANW69027.1","A161S","bird","mosFit",-1.39331331174182
"5138","ANW69027.1","A161S","bird","humFit",-1.27826703790939
"5139","ANW69027.1","A161S","bird","birFit",-1.50005156002247
"5140","ANW69027.1","V159A","bird","mosFit",-0.770188640378523
"5141","ANW69027.1","V159A","bird","humFit",-0.940724558026975
"5142","ANW69027.1","V159A","bird","birFit",-1.20669307556647
"5143","ANW69033.1","V159A","bird","mosFit",-0.770188640378523
"5144","ANW69033.1","V159A","bird","humFit",-0.940724558026975
"5145","ANW69033.1","V159A","bird","birFit",-1.20669307556647
"5146","ANW69034.1","V159A","bird","mosFit",-0.770188640378523
"5147","ANW69034.1","V159A","bird","humFit",-0.940724558026975
"5148","ANW69034.1","V159A","bird","birFit",-1.20669307556647
"5149","ANW69041.1","V159A","arth","mosFit",-0.770188640378523
"5150","ANW69041.1","V159A","arth","humFit",-0.940724558026975
"5151","ANW69041.1","V159A","arth","birFit",-1.20669307556647
"5152","ANW69042.1","V159A","arth","mosFit",-0.770188640378523
"5153","ANW69042.1","V159A","arth","humFit",-0.940724558026975
"5154","ANW69042.1","V159A","arth","birFit",-1.20669307556647
"5155","ANW69043.1","V159A","arth","mosFit",-0.770188640378523
"5156","ANW69043.1","V159A","arth","humFit",-0.940724558026975
"5157","ANW69043.1","V159A","arth","birFit",-1.20669307556647
"5158","ANW69044.1","V159A","bird","mosFit",-0.770188640378523
"5159","ANW69044.1","V159A","bird","humFit",-0.940724558026975
"5160","ANW69044.1","V159A","bird","birFit",-1.20669307556647
"5161","ANW69045.1","V159A","bird","mosFit",-0.770188640378523
"5162","ANW69045.1","V159A","bird","humFit",-0.940724558026975
"5163","ANW69045.1","V159A","bird","birFit",-1.20669307556647
"5164","ANW69047.1","V159A","bird","mosFit",-0.770188640378523
"5165","ANW69047.1","V159A","bird","humFit",-0.940724558026975
"5166","ANW69047.1","V159A","bird","birFit",-1.20669307556647
"5167","ANW69048.1","V159A","bird","mosFit",-0.770188640378523
"5168","ANW69048.1","V159A","bird","humFit",-0.940724558026975
"5169","ANW69048.1","V159A","bird","birFit",-1.20669307556647
"5170","ANW69049.1","V159A","bird","mosFit",-0.770188640378523
"5171","ANW69049.1","V159A","bird","humFit",-0.940724558026975
"5172","ANW69049.1","V159A","bird","birFit",-1.20669307556647
"5173","ANW69051.1","V159A","bird","mosFit",-0.770188640378523
"5174","ANW69051.1","V159A","bird","humFit",-0.940724558026975
"5175","ANW69051.1","V159A","bird","birFit",-1.20669307556647
"5176","ANW69052.1","V159A","bird","mosFit",-0.770188640378523
"5177","ANW69052.1","V159A","bird","humFit",-0.940724558026975
"5178","ANW69052.1","V159A","bird","birFit",-1.20669307556647
"5179","ANW69054.1","V159A","arth","mosFit",-0.770188640378523
"5180","ANW69054.1","V159A","arth","humFit",-0.940724558026975
"5181","ANW69054.1","V159A","arth","birFit",-1.20669307556647
"5182","ANW69055.1","V159A","arth","mosFit",-0.770188640378523
"5183","ANW69055.1","V159A","arth","humFit",-0.940724558026975
"5184","ANW69055.1","V159A","arth","birFit",-1.20669307556647
"5185","ANW69057.1","V159A","arth","mosFit",-0.770188640378523
"5186","ANW69057.1","V159A","arth","humFit",-0.940724558026975
"5187","ANW69057.1","V159A","arth","birFit",-1.20669307556647
"5188","ANW69059.1","V159A","arth","mosFit",-0.770188640378523
"5189","ANW69059.1","V159A","arth","humFit",-0.940724558026975
"5190","ANW69059.1","V159A","arth","birFit",-1.20669307556647
"5191","ANW69060.1","V159A","arth","mosFit",-0.770188640378523
"5192","ANW69060.1","V159A","arth","humFit",-0.940724558026975
"5193","ANW69060.1","V159A","arth","birFit",-1.20669307556647
"5194","ANW69061.1","V159A","arth","mosFit",-0.770188640378523
"5195","ANW69061.1","V159A","arth","humFit",-0.940724558026975
"5196","ANW69061.1","V159A","arth","birFit",-1.20669307556647
"5197","ANW69063.1","V159A","arth","mosFit",-0.770188640378523
"5198","ANW69063.1","V159A","arth","humFit",-0.940724558026975
"5199","ANW69063.1","V159A","arth","birFit",-1.20669307556647
"5200","ANW69068.1","V159A","arth","mosFit",-0.770188640378523
"5201","ANW69068.1","V159A","arth","humFit",-0.940724558026975
"5202","ANW69068.1","V159A","arth","birFit",-1.20669307556647
"5203","ANW69069.1","V159A","arth","mosFit",-0.770188640378523
"5204","ANW69069.1","V159A","arth","humFit",-0.940724558026975
"5205","ANW69069.1","V159A","arth","birFit",-1.20669307556647
"5206","ANW69070.1","V159A","arth","mosFit",-0.770188640378523
"5207","ANW69070.1","V159A","arth","humFit",-0.940724558026975
"5208","ANW69070.1","V159A","arth","birFit",-1.20669307556647
"5209","ANW69072.1","V159A","arth","mosFit",-0.770188640378523
"5210","ANW69072.1","V159A","arth","humFit",-0.940724558026975
"5211","ANW69072.1","V159A","arth","birFit",-1.20669307556647
"5212","ANW69075.1","V159A","bird","mosFit",-0.770188640378523
"5213","ANW69075.1","V159A","bird","humFit",-0.940724558026975
"5214","ANW69075.1","V159A","bird","birFit",-1.20669307556647
"5215","ANW69081.1","V159A","arth","mosFit",-0.770188640378523
"5216","ANW69081.1","V159A","arth","humFit",-0.940724558026975
"5217","ANW69081.1","V159A","arth","birFit",-1.20669307556647
"5218","ANW69082.1","V159A","arth","mosFit",-0.770188640378523
"5219","ANW69082.1","V159A","arth","humFit",-0.940724558026975
"5220","ANW69082.1","V159A","arth","birFit",-1.20669307556647
"5221","ANW69084.1","V159A","bird","mosFit",-0.770188640378523
"5222","ANW69084.1","V159A","bird","humFit",-0.940724558026975
"5223","ANW69084.1","V159A","bird","birFit",-1.20669307556647
"5224","ANW69085.1","V159A","bird","mosFit",-0.770188640378523
"5225","ANW69085.1","V159A","bird","humFit",-0.940724558026975
"5226","ANW69085.1","V159A","bird","birFit",-1.20669307556647
"5227","ANW69093.1","V159A","arth","mosFit",-0.770188640378523
"5228","ANW69093.1","V159A","arth","humFit",-0.940724558026975
"5229","ANW69093.1","V159A","arth","birFit",-1.20669307556647
"5230","ANW69094.1","V159A","arth","mosFit",-0.770188640378523
"5231","ANW69094.1","V159A","arth","humFit",-0.940724558026975
"5232","ANW69094.1","V159A","arth","birFit",-1.20669307556647
"5233","ANW69095.1","I126V","arth","mosFit",-0.638126186245388
"5234","ANW69095.1","I126V","arth","humFit",-1.03939699431101
"5235","ANW69095.1","I126V","arth","birFit",-0.614499386478914
"5236","ANW69095.1","V159A","arth","mosFit",-0.770188640378523
"5237","ANW69095.1","V159A","arth","humFit",-0.940724558026975
"5238","ANW69095.1","V159A","arth","birFit",-1.20669307556647
"5239","ANW69096.1","I126V","arth","mosFit",-0.638126186245388
"5240","ANW69096.1","I126V","arth","humFit",-1.03939699431101
"5241","ANW69096.1","I126V","arth","birFit",-0.614499386478914
"5242","ANW69096.1","V159A","arth","mosFit",-0.770188640378523
"5243","ANW69096.1","V159A","arth","humFit",-0.940724558026975
"5244","ANW69096.1","V159A","arth","birFit",-1.20669307556647
"5245","ANW69097.1","I126V","arth","mosFit",-0.638126186245388
"5246","ANW69097.1","I126V","arth","humFit",-1.03939699431101
"5247","ANW69097.1","I126V","arth","birFit",-0.614499386478914
"5248","ANW69097.1","V159A","arth","mosFit",-0.770188640378523
"5249","ANW69097.1","V159A","arth","humFit",-0.940724558026975
"5250","ANW69097.1","V159A","arth","birFit",-1.20669307556647
"5251","ANW69098.1","V159A","arth","mosFit",-0.770188640378523
"5252","ANW69098.1","V159A","arth","humFit",-0.940724558026975
"5253","ANW69098.1","V159A","arth","birFit",-1.20669307556647
"5254","ANW69099.1","V159A","arth","mosFit",-0.770188640378523
"5255","ANW69099.1","V159A","arth","humFit",-0.940724558026975
"5256","ANW69099.1","V159A","arth","birFit",-1.20669307556647
"5257","ANW69100.1","V159A","arth","mosFit",-0.770188640378523
"5258","ANW69100.1","V159A","arth","humFit",-0.940724558026975
"5259","ANW69100.1","V159A","arth","birFit",-1.20669307556647
"5260","ANW69106.1","V159A","arth","mosFit",-0.770188640378523
"5261","ANW69106.1","V159A","arth","humFit",-0.940724558026975
"5262","ANW69106.1","V159A","arth","birFit",-1.20669307556647
"5263","ANW69108.1","V159A","arth","mosFit",-0.770188640378523
"5264","ANW69108.1","V159A","arth","humFit",-0.940724558026975
"5265","ANW69108.1","V159A","arth","birFit",-1.20669307556647
"5266","ANW69109.1","V159A","arth","mosFit",-0.770188640378523
"5267","ANW69109.1","V159A","arth","humFit",-0.940724558026975
"5268","ANW69109.1","V159A","arth","birFit",-1.20669307556647
"5269","ANW69115.1","T205N","arth","mosFit",-0.148153954738111
"5270","ANW69115.1","T205N","arth","humFit",-1.52062149662323
"5271","ANW69115.1","T205N","arth","birFit",-3.03627061019788
"5272","ANW69115.1","V159A","arth","mosFit",-0.770188640378523
"5273","ANW69115.1","V159A","arth","humFit",-0.940724558026975
"5274","ANW69115.1","V159A","arth","birFit",-1.20669307556647
"5275","ANW69122.1","V159A","bird","mosFit",-0.770188640378523
"5276","ANW69122.1","V159A","bird","humFit",-0.940724558026975
"5277","ANW69122.1","V159A","bird","birFit",-1.20669307556647
"5278","ANW69123.1","V159A","bird","mosFit",-0.770188640378523
"5279","ANW69123.1","V159A","bird","humFit",-0.940724558026975
"5280","ANW69123.1","V159A","bird","birFit",-1.20669307556647
"5281","ANW69124.1","V159A","bird","mosFit",-0.770188640378523
"5282","ANW69124.1","V159A","bird","humFit",-0.940724558026975
"5283","ANW69124.1","V159A","bird","birFit",-1.20669307556647
"5284","ANW69128.1","V159A","arth","mosFit",-0.770188640378523
"5285","ANW69128.1","V159A","arth","humFit",-0.940724558026975
"5286","ANW69128.1","V159A","arth","birFit",-1.20669307556647
"5287","ANW69129.1","V159A","arth","mosFit",-0.770188640378523
"5288","ANW69129.1","V159A","arth","humFit",-0.940724558026975
"5289","ANW69129.1","V159A","arth","birFit",-1.20669307556647
"5290","ANW69130.1","V159A","arth","mosFit",-0.770188640378523
"5291","ANW69130.1","V159A","arth","humFit",-0.940724558026975
"5292","ANW69130.1","V159A","arth","birFit",-1.20669307556647
"5293","ANW69132.1","V159A","bird","mosFit",-0.770188640378523
"5294","ANW69132.1","V159A","bird","humFit",-0.940724558026975
"5295","ANW69132.1","V159A","bird","birFit",-1.20669307556647
"5296","ANW69133.1","V159A","bird","mosFit",-0.770188640378523
"5297","ANW69133.1","V159A","bird","humFit",-0.940724558026975
"5298","ANW69133.1","V159A","bird","birFit",-1.20669307556647
"5299","ANW69135.1","A161S","arth","mosFit",-1.39331331174182
"5300","ANW69135.1","A161S","arth","humFit",-1.27826703790939
"5301","ANW69135.1","A161S","arth","birFit",-1.50005156002247
"5302","ANW69135.1","V159A","arth","mosFit",-0.770188640378523
"5303","ANW69135.1","V159A","arth","humFit",-0.940724558026975
"5304","ANW69135.1","V159A","arth","birFit",-1.20669307556647
"5305","ANW69136.1","A161S","arth","mosFit",-1.39331331174182
"5306","ANW69136.1","A161S","arth","humFit",-1.27826703790939
"5307","ANW69136.1","A161S","arth","birFit",-1.50005156002247
"5308","ANW69136.1","V159A","arth","mosFit",-0.770188640378523
"5309","ANW69136.1","V159A","arth","humFit",-0.940724558026975
"5310","ANW69136.1","V159A","arth","birFit",-1.20669307556647
"5311","ANW69137.1","F485L","arth","mosFit",-1.26189255064487
"5312","ANW69137.1","F485L","arth","humFit",-1.24856204747086
"5313","ANW69137.1","F485L","arth","birFit",-1.29654709798891
"5314","ANW69137.1","V159A","arth","mosFit",-0.770188640378523
"5315","ANW69137.1","V159A","arth","humFit",-0.940724558026975
"5316","ANW69137.1","V159A","arth","birFit",-1.20669307556647
"5317","ANW69138.1","F485L","arth","mosFit",-1.26189255064487
"5318","ANW69138.1","F485L","arth","humFit",-1.24856204747086
"5319","ANW69138.1","F485L","arth","birFit",-1.29654709798891
"5320","ANW69138.1","V159A","arth","mosFit",-0.770188640378523
"5321","ANW69138.1","V159A","arth","humFit",-0.940724558026975
"5322","ANW69138.1","V159A","arth","birFit",-1.20669307556647
"5323","ANW69139.1","F485L","arth","mosFit",-1.26189255064487
"5324","ANW69139.1","F485L","arth","humFit",-1.24856204747086
"5325","ANW69139.1","F485L","arth","birFit",-1.29654709798891
"5326","ANW69139.1","V159A","arth","mosFit",-0.770188640378523
"5327","ANW69139.1","V159A","arth","humFit",-0.940724558026975
"5328","ANW69139.1","V159A","arth","birFit",-1.20669307556647
"5329","ANW69140.1","V159A","bird","mosFit",-0.770188640378523
"5330","ANW69140.1","V159A","bird","humFit",-0.940724558026975
"5331","ANW69140.1","V159A","bird","birFit",-1.20669307556647
"5332","ANW69141.1","V159A","bird","mosFit",-0.770188640378523
"5333","ANW69141.1","V159A","bird","humFit",-0.940724558026975
"5334","ANW69141.1","V159A","bird","birFit",-1.20669307556647
"5335","ANW69142.1","V159A","bird","mosFit",-0.770188640378523
"5336","ANW69142.1","V159A","bird","humFit",-0.940724558026975
"5337","ANW69142.1","V159A","bird","birFit",-1.20669307556647
"5338","ANW69143.1","V159A","bird","mosFit",-0.770188640378523
"5339","ANW69143.1","V159A","bird","humFit",-0.940724558026975
"5340","ANW69143.1","V159A","bird","birFit",-1.20669307556647
"5341","ANW69146.1","V159A","bird","mosFit",-0.770188640378523
"5342","ANW69146.1","V159A","bird","humFit",-0.940724558026975
"5343","ANW69146.1","V159A","bird","birFit",-1.20669307556647
"5344","ANW69146.1","V431A","bird","mosFit",-1.52978656828343
"5345","ANW69146.1","V431A","bird","humFit",-2.30032835041758
"5346","ANW69146.1","V431A","bird","birFit",-1.71348262306286
"5347","ANW69147.1","V159A","bird","mosFit",-0.770188640378523
"5348","ANW69147.1","V159A","bird","humFit",-0.940724558026975
"5349","ANW69147.1","V159A","bird","birFit",-1.20669307556647
"5350","ANW69147.1","V431A","bird","mosFit",-1.52978656828343
"5351","ANW69147.1","V431A","bird","humFit",-2.30032835041758
"5352","ANW69147.1","V431A","bird","birFit",-1.71348262306286
"5353","ANW69148.1","V159A","bird","mosFit",-0.770188640378523
"5354","ANW69148.1","V159A","bird","humFit",-0.940724558026975
"5355","ANW69148.1","V159A","bird","birFit",-1.20669307556647
"5356","ANW69148.1","V431A","bird","mosFit",-1.52978656828343
"5357","ANW69148.1","V431A","bird","humFit",-2.30032835041758
"5358","ANW69148.1","V431A","bird","birFit",-1.71348262306286
"5359","ANW69149.1","V159A","arth","mosFit",-0.770188640378523
"5360","ANW69149.1","V159A","arth","humFit",-0.940724558026975
"5361","ANW69149.1","V159A","arth","birFit",-1.20669307556647
"5362","ANW69150.1","V159A","arth","mosFit",-0.770188640378523
"5363","ANW69150.1","V159A","arth","humFit",-0.940724558026975
"5364","ANW69150.1","V159A","arth","birFit",-1.20669307556647
"5365","ANW69151.1","V159A","arth","mosFit",-0.770188640378523
"5366","ANW69151.1","V159A","arth","humFit",-0.940724558026975
"5367","ANW69151.1","V159A","arth","birFit",-1.20669307556647
"5368","ANW69158.1","V159A","bird","mosFit",-0.770188640378523
"5369","ANW69158.1","V159A","bird","humFit",-0.940724558026975
"5370","ANW69158.1","V159A","bird","birFit",-1.20669307556647
"5371","ANW69159.1","V159A","bird","mosFit",-0.770188640378523
"5372","ANW69159.1","V159A","bird","humFit",-0.940724558026975
"5373","ANW69159.1","V159A","bird","birFit",-1.20669307556647
"5374","ANW69160.1","V159A","bird","mosFit",-0.770188640378523
"5375","ANW69160.1","V159A","bird","humFit",-0.940724558026975
"5376","ANW69160.1","V159A","bird","birFit",-1.20669307556647
"5377","ANW69161.1","V159A","arth","mosFit",-0.770188640378523
"5378","ANW69161.1","V159A","arth","humFit",-0.940724558026975
"5379","ANW69161.1","V159A","arth","birFit",-1.20669307556647
"5380","ANW69162.1","V159A","arth","mosFit",-0.770188640378523
"5381","ANW69162.1","V159A","arth","humFit",-0.940724558026975
"5382","ANW69162.1","V159A","arth","birFit",-1.20669307556647
"5383","ANW69163.1","V159A","arth","mosFit",-0.770188640378523
"5384","ANW69163.1","V159A","arth","humFit",-0.940724558026975
"5385","ANW69163.1","V159A","arth","birFit",-1.20669307556647
"5386","ANW69164.1","V159A","arth","mosFit",-0.770188640378523
"5387","ANW69164.1","V159A","arth","humFit",-0.940724558026975
"5388","ANW69164.1","V159A","arth","birFit",-1.20669307556647
"5389","ANW69165.1","V159A","arth","mosFit",-0.770188640378523
"5390","ANW69165.1","V159A","arth","humFit",-0.940724558026975
"5391","ANW69165.1","V159A","arth","birFit",-1.20669307556647
"5392","ANW69166.1","V159A","arth","mosFit",-0.770188640378523
"5393","ANW69166.1","V159A","arth","humFit",-0.940724558026975
"5394","ANW69166.1","V159A","arth","birFit",-1.20669307556647
"5395","ANW69170.1","V159A","bird","mosFit",-0.770188640378523
"5396","ANW69170.1","V159A","bird","humFit",-0.940724558026975
"5397","ANW69170.1","V159A","bird","birFit",-1.20669307556647
"5398","ANW69171.1","V159A","bird","mosFit",-0.770188640378523
"5399","ANW69171.1","V159A","bird","humFit",-0.940724558026975
"5400","ANW69171.1","V159A","bird","birFit",-1.20669307556647
"5401","ANW69172.1","V159A","bird","mosFit",-0.770188640378523
"5402","ANW69172.1","V159A","bird","humFit",-0.940724558026975
"5403","ANW69172.1","V159A","bird","birFit",-1.20669307556647
"5404","ANW69176.1","N199D","bird","mosFit",-0.379974942515885
"5405","ANW69176.1","N199D","bird","humFit",-0.915217090772863
"5406","ANW69176.1","N199D","bird","birFit",-0.0244383611631738
"5407","ANW69176.1","V159A","bird","mosFit",-0.770188640378523
"5408","ANW69176.1","V159A","bird","humFit",-0.940724558026975
"5409","ANW69176.1","V159A","bird","birFit",-1.20669307556647
"5410","ANW69177.1","N199D","bird","mosFit",-0.379974942515885
"5411","ANW69177.1","N199D","bird","humFit",-0.915217090772863
"5412","ANW69177.1","N199D","bird","birFit",-0.0244383611631738
"5413","ANW69177.1","V159A","bird","mosFit",-0.770188640378523
"5414","ANW69177.1","V159A","bird","humFit",-0.940724558026975
"5415","ANW69177.1","V159A","bird","birFit",-1.20669307556647
"5416","ANW69178.1","N199D","bird","mosFit",-0.379974942515885
"5417","ANW69178.1","N199D","bird","humFit",-0.915217090772863
"5418","ANW69178.1","N199D","bird","birFit",-0.0244383611631738
"5419","ANW69178.1","V159A","bird","mosFit",-0.770188640378523
"5420","ANW69178.1","V159A","bird","humFit",-0.940724558026975
"5421","ANW69178.1","V159A","bird","birFit",-1.20669307556647
"5422","ANW69183.1","V159A","arth","mosFit",-0.770188640378523
"5423","ANW69183.1","V159A","arth","humFit",-0.940724558026975
"5424","ANW69183.1","V159A","arth","birFit",-1.20669307556647
"5425","ANW69185.1","V159A","arth","mosFit",-0.770188640378523
"5426","ANW69185.1","V159A","arth","humFit",-0.940724558026975
"5427","ANW69185.1","V159A","arth","birFit",-1.20669307556647
"5428","ANW69186.1","V159A","arth","mosFit",-0.770188640378523
"5429","ANW69186.1","V159A","arth","humFit",-0.940724558026975
"5430","ANW69186.1","V159A","arth","birFit",-1.20669307556647
"5431","ANW69187.1","V159A","arth","mosFit",-0.770188640378523
"5432","ANW69187.1","V159A","arth","humFit",-0.940724558026975
"5433","ANW69187.1","V159A","arth","birFit",-1.20669307556647
"5434","ANW69188.1","T231A","bird","mosFit",-0.452238561166002
"5435","ANW69188.1","T231A","bird","humFit",-0.459251975530497
"5436","ANW69188.1","T231A","bird","birFit",-0.408039846727231
"5437","ANW69188.1","V159A","bird","mosFit",-0.770188640378523
"5438","ANW69188.1","V159A","bird","humFit",-0.940724558026975
"5439","ANW69188.1","V159A","bird","birFit",-1.20669307556647
"5440","ANW69189.1","T231A","bird","mosFit",-0.452238561166002
"5441","ANW69189.1","T231A","bird","humFit",-0.459251975530497
"5442","ANW69189.1","T231A","bird","birFit",-0.408039846727231
"5443","ANW69189.1","V159A","bird","mosFit",-0.770188640378523
"5444","ANW69189.1","V159A","bird","humFit",-0.940724558026975
"5445","ANW69189.1","V159A","bird","birFit",-1.20669307556647
"5446","ANW69195.1","V159A","bird","mosFit",-0.770188640378523
"5447","ANW69195.1","V159A","bird","humFit",-0.940724558026975
"5448","ANW69195.1","V159A","bird","birFit",-1.20669307556647
"5449","ANW69201.1","V159A","bird","mosFit",-0.770188640378523
"5450","ANW69201.1","V159A","bird","humFit",-0.940724558026975
"5451","ANW69201.1","V159A","bird","birFit",-1.20669307556647
"5452","ANW69203.1","T76A","bird","mosFit",-0.811773193699928
"5453","ANW69203.1","T76A","bird","humFit",-1.13116156237413
"5454","ANW69203.1","T76A","bird","birFit",-1.45767266996865
"5455","ANW69203.1","V159A","bird","mosFit",-0.770188640378523
"5456","ANW69203.1","V159A","bird","humFit",-0.940724558026975
"5457","ANW69203.1","V159A","bird","birFit",-1.20669307556647
"5458","ANW69204.1","T76A","bird","mosFit",-0.811773193699928
"5459","ANW69204.1","T76A","bird","humFit",-1.13116156237413
"5460","ANW69204.1","T76A","bird","birFit",-1.45767266996865
"5461","ANW69204.1","V159A","bird","mosFit",-0.770188640378523
"5462","ANW69204.1","V159A","bird","humFit",-0.940724558026975
"5463","ANW69204.1","V159A","bird","birFit",-1.20669307556647
"5464","ANW69205.1","T76A","bird","mosFit",-0.811773193699928
"5465","ANW69205.1","T76A","bird","humFit",-1.13116156237413
"5466","ANW69205.1","T76A","bird","birFit",-1.45767266996865
"5467","ANW69205.1","V159A","bird","mosFit",-0.770188640378523
"5468","ANW69205.1","V159A","bird","humFit",-0.940724558026975
"5469","ANW69205.1","V159A","bird","birFit",-1.20669307556647
"5470","ANW69206.1","V159A","bird","mosFit",-0.770188640378523
"5471","ANW69206.1","V159A","bird","humFit",-0.940724558026975
"5472","ANW69206.1","V159A","bird","birFit",-1.20669307556647
"5473","ANW69207.1","V159A","bird","mosFit",-0.770188640378523
"5474","ANW69207.1","V159A","bird","humFit",-0.940724558026975
"5475","ANW69207.1","V159A","bird","birFit",-1.20669307556647
"5476","ANW69208.1","V159A","bird","mosFit",-0.770188640378523
"5477","ANW69208.1","V159A","bird","humFit",-0.940724558026975
"5478","ANW69208.1","V159A","bird","birFit",-1.20669307556647
"5479","ANW69210.1","V159A","arth","mosFit",-0.770188640378523
"5480","ANW69210.1","V159A","arth","humFit",-0.940724558026975
"5481","ANW69210.1","V159A","arth","birFit",-1.20669307556647
"5482","ANW69211.1","V159A","arth","mosFit",-0.770188640378523
"5483","ANW69211.1","V159A","arth","humFit",-0.940724558026975
"5484","ANW69211.1","V159A","arth","birFit",-1.20669307556647
"5485","ANW69212.1","V159A","bird","mosFit",-0.770188640378523
"5486","ANW69212.1","V159A","bird","humFit",-0.940724558026975
"5487","ANW69212.1","V159A","bird","birFit",-1.20669307556647
"5488","ANW69213.1","V159A","bird","mosFit",-0.770188640378523
"5489","ANW69213.1","V159A","bird","humFit",-0.940724558026975
"5490","ANW69213.1","V159A","bird","birFit",-1.20669307556647
"5491","ANW69214.1","V159A","bird","mosFit",-0.770188640378523
"5492","ANW69214.1","V159A","bird","humFit",-0.940724558026975
"5493","ANW69214.1","V159A","bird","birFit",-1.20669307556647
"5494","ANW69218.1","V159A","arth","mosFit",-0.770188640378523
"5495","ANW69218.1","V159A","arth","humFit",-0.940724558026975
"5496","ANW69218.1","V159A","arth","birFit",-1.20669307556647
"5497","ANW69219.1","V159A","arth","mosFit",-0.770188640378523
"5498","ANW69219.1","V159A","arth","humFit",-0.940724558026975
"5499","ANW69219.1","V159A","arth","birFit",-1.20669307556647
"5500","ANW69221.1","T129I","arth","mosFit",-0.797590415990801
"5501","ANW69221.1","T129I","arth","humFit",-0.713749910313215
"5502","ANW69221.1","T129I","arth","birFit",-0.566935795076255
"5503","ANW69221.1","V159A","arth","mosFit",-0.770188640378523
"5504","ANW69221.1","V159A","arth","humFit",-0.940724558026975
"5505","ANW69221.1","V159A","arth","birFit",-1.20669307556647
"5506","ANW69222.1","T129I","arth","mosFit",-0.797590415990801
"5507","ANW69222.1","T129I","arth","humFit",-0.713749910313215
"5508","ANW69222.1","T129I","arth","birFit",-0.566935795076255
"5509","ANW69222.1","V159A","arth","mosFit",-0.770188640378523
"5510","ANW69222.1","V159A","arth","humFit",-0.940724558026975
"5511","ANW69222.1","V159A","arth","birFit",-1.20669307556647
"5512","ANW69223.1","T129I","arth","mosFit",-0.797590415990801
"5513","ANW69223.1","T129I","arth","humFit",-0.713749910313215
"5514","ANW69223.1","T129I","arth","birFit",-0.566935795076255
"5515","ANW69223.1","V159A","arth","mosFit",-0.770188640378523
"5516","ANW69223.1","V159A","arth","humFit",-0.940724558026975
"5517","ANW69223.1","V159A","arth","birFit",-1.20669307556647
"5518","ANW69234.1","V159A","arth","mosFit",-0.770188640378523
"5519","ANW69234.1","V159A","arth","humFit",-0.940724558026975
"5520","ANW69234.1","V159A","arth","birFit",-1.20669307556647
"5521","ANW69235.1","V159A","arth","mosFit",-0.770188640378523
"5522","ANW69235.1","V159A","arth","humFit",-0.940724558026975
"5523","ANW69235.1","V159A","arth","birFit",-1.20669307556647
"5524","ANW69240.1","V159A","arth","mosFit",-0.770188640378523
"5525","ANW69240.1","V159A","arth","humFit",-0.940724558026975
"5526","ANW69240.1","V159A","arth","birFit",-1.20669307556647
"5527","ANW69243.1","V159A","arth","mosFit",-0.770188640378523
"5528","ANW69243.1","V159A","arth","humFit",-0.940724558026975
"5529","ANW69243.1","V159A","arth","birFit",-1.20669307556647
"5530","ANW69246.1","V159A","arth","mosFit",-0.770188640378523
"5531","ANW69246.1","V159A","arth","humFit",-0.940724558026975
"5532","ANW69246.1","V159A","arth","birFit",-1.20669307556647
"5533","ANW69247.1","V159A","arth","mosFit",-0.770188640378523
"5534","ANW69247.1","V159A","arth","humFit",-0.940724558026975
"5535","ANW69247.1","V159A","arth","birFit",-1.20669307556647
"5536","ANW69249.1","V159A","bird","mosFit",-0.770188640378523
"5537","ANW69249.1","V159A","bird","humFit",-0.940724558026975
"5538","ANW69249.1","V159A","bird","birFit",-1.20669307556647
"5539","ANW69250.1","V159A","bird","mosFit",-0.770188640378523
"5540","ANW69250.1","V159A","bird","humFit",-0.940724558026975
"5541","ANW69250.1","V159A","bird","birFit",-1.20669307556647
"5542","ANW69251.1","A161S","bird","mosFit",-1.39331331174182
"5543","ANW69251.1","A161S","bird","humFit",-1.27826703790939
"5544","ANW69251.1","A161S","bird","birFit",-1.50005156002247
"5545","ANW69251.1","V159A","bird","mosFit",-0.770188640378523
"5546","ANW69251.1","V159A","bird","humFit",-0.940724558026975
"5547","ANW69251.1","V159A","bird","birFit",-1.20669307556647
"5548","ANW69252.1","A161S","bird","mosFit",-1.39331331174182
"5549","ANW69252.1","A161S","bird","humFit",-1.27826703790939
"5550","ANW69252.1","A161S","bird","birFit",-1.50005156002247
"5551","ANW69252.1","V159A","bird","mosFit",-0.770188640378523
"5552","ANW69252.1","V159A","bird","humFit",-0.940724558026975
"5553","ANW69252.1","V159A","bird","birFit",-1.20669307556647
"5554","ANW69253.1","A161S","bird","mosFit",-1.39331331174182
"5555","ANW69253.1","A161S","bird","humFit",-1.27826703790939
"5556","ANW69253.1","A161S","bird","birFit",-1.50005156002247
"5557","ANW69253.1","V159A","bird","mosFit",-0.770188640378523
"5558","ANW69253.1","V159A","bird","humFit",-0.940724558026975
"5559","ANW69253.1","V159A","bird","birFit",-1.20669307556647
"5560","ANW69255.1","V159A","bird","mosFit",-0.770188640378523
"5561","ANW69255.1","V159A","bird","humFit",-0.940724558026975
"5562","ANW69255.1","V159A","bird","birFit",-1.20669307556647
"5563","ANW69256.1","V159A","bird","mosFit",-0.770188640378523
"5564","ANW69256.1","V159A","bird","humFit",-0.940724558026975
"5565","ANW69256.1","V159A","bird","birFit",-1.20669307556647
"5566","ANW69258.1","V159A","arth","mosFit",-0.770188640378523
"5567","ANW69258.1","V159A","arth","humFit",-0.940724558026975
"5568","ANW69258.1","V159A","arth","birFit",-1.20669307556647
"5569","ANW69259.1","V159A","arth","mosFit",-0.770188640378523
"5570","ANW69259.1","V159A","arth","humFit",-0.940724558026975
"5571","ANW69259.1","V159A","arth","birFit",-1.20669307556647
"5572","ANW69261.1","V159A","arth","mosFit",-0.770188640378523
"5573","ANW69261.1","V159A","arth","humFit",-0.940724558026975
"5574","ANW69261.1","V159A","arth","birFit",-1.20669307556647
"5575","ANW69262.1","V159A","arth","mosFit",-0.770188640378523
"5576","ANW69262.1","V159A","arth","humFit",-0.940724558026975
"5577","ANW69262.1","V159A","arth","birFit",-1.20669307556647
"5578","ANW69266.1","I253V","arth","mosFit",-0.455691384386623
"5579","ANW69266.1","I253V","arth","humFit",-0.729982454491307
"5580","ANW69266.1","I253V","arth","birFit",-0.519315986787255
"5581","ANW69266.1","V159A","arth","mosFit",-0.770188640378523
"5582","ANW69266.1","V159A","arth","humFit",-0.940724558026975
"5583","ANW69266.1","V159A","arth","birFit",-1.20669307556647
"5584","ANW69267.1","I253V","arth","mosFit",-0.455691384386623
"5585","ANW69267.1","I253V","arth","humFit",-0.729982454491307
"5586","ANW69267.1","I253V","arth","birFit",-0.519315986787255
"5587","ANW69267.1","V159A","arth","mosFit",-0.770188640378523
"5588","ANW69267.1","V159A","arth","humFit",-0.940724558026975
"5589","ANW69267.1","V159A","arth","birFit",-1.20669307556647
"5590","ANW69268.1","I253V","arth","mosFit",-0.455691384386623
"5591","ANW69268.1","I253V","arth","humFit",-0.729982454491307
"5592","ANW69268.1","I253V","arth","birFit",-0.519315986787255
"5593","ANW69268.1","V159A","arth","mosFit",-0.770188640378523
"5594","ANW69268.1","V159A","arth","humFit",-0.940724558026975
"5595","ANW69268.1","V159A","arth","birFit",-1.20669307556647
"5596","ANW69269.1","V159A","bird","mosFit",-0.770188640378523
"5597","ANW69269.1","V159A","bird","humFit",-0.940724558026975
"5598","ANW69269.1","V159A","bird","birFit",-1.20669307556647
"5599","ANW69270.1","V159A","bird","mosFit",-0.770188640378523
"5600","ANW69270.1","V159A","bird","humFit",-0.940724558026975
"5601","ANW69270.1","V159A","bird","birFit",-1.20669307556647
"5602","ANW69271.1","V159A","bird","mosFit",-0.770188640378523
"5603","ANW69271.1","V159A","bird","humFit",-0.940724558026975
"5604","ANW69271.1","V159A","bird","birFit",-1.20669307556647
"5605","ANW69272.1","V159A","bird","mosFit",-0.770188640378523
"5606","ANW69272.1","V159A","bird","humFit",-0.940724558026975
"5607","ANW69272.1","V159A","bird","birFit",-1.20669307556647
"5608","ANW69273.1","V159A","bird","mosFit",-0.770188640378523
"5609","ANW69273.1","V159A","bird","humFit",-0.940724558026975
"5610","ANW69273.1","V159A","bird","birFit",-1.20669307556647
"5611","ANW69274.1","V159A","bird","mosFit",-0.770188640378523
"5612","ANW69274.1","V159A","bird","humFit",-0.940724558026975
"5613","ANW69274.1","V159A","bird","birFit",-1.20669307556647
"5614","ANW69276.1","V159A","bird","mosFit",-0.770188640378523
"5615","ANW69276.1","V159A","bird","humFit",-0.940724558026975
"5616","ANW69276.1","V159A","bird","birFit",-1.20669307556647
"5617","ANW69278.1","A164V","arth","mosFit",-1.18149841822877
"5618","ANW69278.1","A164V","arth","humFit",-0.905754035784054
"5619","ANW69278.1","A164V","arth","birFit",-2.02481333072498
"5620","ANW69278.1","V159A","arth","mosFit",-0.770188640378523
"5621","ANW69278.1","V159A","arth","humFit",-0.940724558026975
"5622","ANW69278.1","V159A","arth","birFit",-1.20669307556647
"5623","ANW69279.1","A164V","arth","mosFit",-1.18149841822877
"5624","ANW69279.1","A164V","arth","humFit",-0.905754035784054
"5625","ANW69279.1","A164V","arth","birFit",-2.02481333072498
"5626","ANW69279.1","V159A","arth","mosFit",-0.770188640378523
"5627","ANW69279.1","V159A","arth","humFit",-0.940724558026975
"5628","ANW69279.1","V159A","arth","birFit",-1.20669307556647
"5629","ANW69280.1","A164V","arth","mosFit",-1.18149841822877
"5630","ANW69280.1","A164V","arth","humFit",-0.905754035784054
"5631","ANW69280.1","A164V","arth","birFit",-2.02481333072498
"5632","ANW69280.1","V159A","arth","mosFit",-0.770188640378523
"5633","ANW69280.1","V159A","arth","humFit",-0.940724558026975
"5634","ANW69280.1","V159A","arth","birFit",-1.20669307556647
"5635","ANW69282.1","V159A","arth","mosFit",-0.770188640378523
"5636","ANW69282.1","V159A","arth","humFit",-0.940724558026975
"5637","ANW69282.1","V159A","arth","birFit",-1.20669307556647
"5638","ANW69283.1","V159A","arth","mosFit",-0.770188640378523
"5639","ANW69283.1","V159A","arth","humFit",-0.940724558026975
"5640","ANW69283.1","V159A","arth","birFit",-1.20669307556647
"5641","ANW69285.1","V159A","bird","mosFit",-0.770188640378523
"5642","ANW69285.1","V159A","bird","humFit",-0.940724558026975
"5643","ANW69285.1","V159A","bird","birFit",-1.20669307556647
"5644","ANW69286.1","V159A","bird","mosFit",-0.770188640378523
"5645","ANW69286.1","V159A","bird","humFit",-0.940724558026975
"5646","ANW69286.1","V159A","bird","birFit",-1.20669307556647
"5647","ANW69288.1","V159A","bird","mosFit",-0.770188640378523
"5648","ANW69288.1","V159A","bird","humFit",-0.940724558026975
"5649","ANW69288.1","V159A","bird","birFit",-1.20669307556647
"5650","ANW69289.1","V159A","bird","mosFit",-0.770188640378523
"5651","ANW69289.1","V159A","bird","humFit",-0.940724558026975
"5652","ANW69289.1","V159A","bird","birFit",-1.20669307556647
"5653","ANW69290.1","V159A","bird","mosFit",-0.770188640378523
"5654","ANW69290.1","V159A","bird","humFit",-0.940724558026975
"5655","ANW69290.1","V159A","bird","birFit",-1.20669307556647
"5656","ANW69291.1","V159A","bird","mosFit",-0.770188640378523
"5657","ANW69291.1","V159A","bird","humFit",-0.940724558026975
"5658","ANW69291.1","V159A","bird","birFit",-1.20669307556647
"5659","ANW69292.1","V159A","bird","mosFit",-0.770188640378523
"5660","ANW69292.1","V159A","bird","humFit",-0.940724558026975
"5661","ANW69292.1","V159A","bird","birFit",-1.20669307556647
"5662","ANW69297.1","V159A","arth","mosFit",-0.770188640378523
"5663","ANW69297.1","V159A","arth","humFit",-0.940724558026975
"5664","ANW69297.1","V159A","arth","birFit",-1.20669307556647
"5665","ANW69298.1","V159A","arth","mosFit",-0.770188640378523
"5666","ANW69298.1","V159A","arth","humFit",-0.940724558026975
"5667","ANW69298.1","V159A","arth","birFit",-1.20669307556647
"5668","ANW69302.1","I474T","bird","mosFit",-1.03199639041328
"5669","ANW69302.1","I474T","bird","humFit",-1.56580231094834
"5670","ANW69302.1","I474T","bird","birFit",-1.63722337141217
"5671","ANW69302.1","V159A","bird","mosFit",-0.770188640378523
"5672","ANW69302.1","V159A","bird","humFit",-0.940724558026975
"5673","ANW69302.1","V159A","bird","birFit",-1.20669307556647
"5674","ANW69303.1","I474T","bird","mosFit",-1.03199639041328
"5675","ANW69303.1","I474T","bird","humFit",-1.56580231094834
"5676","ANW69303.1","I474T","bird","birFit",-1.63722337141217
"5677","ANW69303.1","V159A","bird","mosFit",-0.770188640378523
"5678","ANW69303.1","V159A","bird","humFit",-0.940724558026975
"5679","ANW69303.1","V159A","bird","birFit",-1.20669307556647
"5680","ANW69308.1","V159A","arth","mosFit",-0.770188640378523
"5681","ANW69308.1","V159A","arth","humFit",-0.940724558026975
"5682","ANW69308.1","V159A","arth","birFit",-1.20669307556647
"5683","ANW69309.1","V159A","arth","mosFit",-0.770188640378523
"5684","ANW69309.1","V159A","arth","humFit",-0.940724558026975
"5685","ANW69309.1","V159A","arth","birFit",-1.20669307556647
"5686","ANW69310.1","V159A","arth","mosFit",-0.770188640378523
"5687","ANW69310.1","V159A","arth","humFit",-0.940724558026975
"5688","ANW69310.1","V159A","arth","birFit",-1.20669307556647
"5689","ANW69311.1","V159A","bird","mosFit",-0.770188640378523
"5690","ANW69311.1","V159A","bird","humFit",-0.940724558026975
"5691","ANW69311.1","V159A","bird","birFit",-1.20669307556647
"5692","ANW69314.1","S7G","bird","mosFit",-0.815326839920627
"5693","ANW69314.1","S7G","bird","humFit",-0.617191461587733
"5694","ANW69314.1","S7G","bird","birFit",-1.15919874313601
"5695","ANW69314.1","V159A","bird","mosFit",-0.770188640378523
"5696","ANW69314.1","V159A","bird","humFit",-0.940724558026975
"5697","ANW69314.1","V159A","bird","birFit",-1.20669307556647
"5698","ANW69315.1","S7G","bird","mosFit",-0.815326839920627
"5699","ANW69315.1","S7G","bird","humFit",-0.617191461587733
"5700","ANW69315.1","S7G","bird","birFit",-1.15919874313601
"5701","ANW69315.1","V159A","bird","mosFit",-0.770188640378523
"5702","ANW69315.1","V159A","bird","humFit",-0.940724558026975
"5703","ANW69315.1","V159A","bird","birFit",-1.20669307556647
"5704","ANW69316.1","S7G","bird","mosFit",-0.815326839920627
"5705","ANW69316.1","S7G","bird","humFit",-0.617191461587733
"5706","ANW69316.1","S7G","bird","birFit",-1.15919874313601
"5707","ANW69316.1","V159A","bird","mosFit",-0.770188640378523
"5708","ANW69316.1","V159A","bird","humFit",-0.940724558026975
"5709","ANW69316.1","V159A","bird","birFit",-1.20669307556647
"5710","ANW69318.1","V159A","arth","mosFit",-0.770188640378523
"5711","ANW69318.1","V159A","arth","humFit",-0.940724558026975
"5712","ANW69318.1","V159A","arth","birFit",-1.20669307556647
"5713","ANW69319.1","V159A","arth","mosFit",-0.770188640378523
"5714","ANW69319.1","V159A","arth","humFit",-0.940724558026975
"5715","ANW69319.1","V159A","arth","birFit",-1.20669307556647
"5716","ANW69323.1","T231A","arth","mosFit",-0.452238561166002
"5717","ANW69323.1","T231A","arth","humFit",-0.459251975530497
"5718","ANW69323.1","T231A","arth","birFit",-0.408039846727231
"5719","ANW69323.1","V159A","arth","mosFit",-0.770188640378523
"5720","ANW69323.1","V159A","arth","humFit",-0.940724558026975
"5721","ANW69323.1","V159A","arth","birFit",-1.20669307556647
"5722","ANW69324.1","T231A","arth","mosFit",-0.452238561166002
"5723","ANW69324.1","T231A","arth","humFit",-0.459251975530497
"5724","ANW69324.1","T231A","arth","birFit",-0.408039846727231
"5725","ANW69324.1","V159A","arth","mosFit",-0.770188640378523
"5726","ANW69324.1","V159A","arth","humFit",-0.940724558026975
"5727","ANW69324.1","V159A","arth","birFit",-1.20669307556647
"5728","ANW69325.1","T231A","arth","mosFit",-0.452238561166002
"5729","ANW69325.1","T231A","arth","humFit",-0.459251975530497
"5730","ANW69325.1","T231A","arth","birFit",-0.408039846727231
"5731","ANW69325.1","V159A","arth","mosFit",-0.770188640378523
"5732","ANW69325.1","V159A","arth","humFit",-0.940724558026975
"5733","ANW69325.1","V159A","arth","birFit",-1.20669307556647
"5734","ANW69330.1","V159A","arth","mosFit",-0.770188640378523
"5735","ANW69330.1","V159A","arth","humFit",-0.940724558026975
"5736","ANW69330.1","V159A","arth","birFit",-1.20669307556647
"5737","ANW69331.1","V159A","arth","mosFit",-0.770188640378523
"5738","ANW69331.1","V159A","arth","humFit",-0.940724558026975
"5739","ANW69331.1","V159A","arth","birFit",-1.20669307556647
"5740","ANW69332.1","V159A","mam","mosFit",-0.770188640378523
"5741","ANW69332.1","V159A","mam","humFit",-0.940724558026975
"5742","ANW69332.1","V159A","mam","birFit",-1.20669307556647
"5743","ANW69333.1","V159A","mam","mosFit",-0.770188640378523
"5744","ANW69333.1","V159A","mam","humFit",-0.940724558026975
"5745","ANW69333.1","V159A","mam","birFit",-1.20669307556647
"5746","ANW69334.1","V159A","mam","mosFit",-0.770188640378523
"5747","ANW69334.1","V159A","mam","humFit",-0.940724558026975
"5748","ANW69334.1","V159A","mam","birFit",-1.20669307556647
"5749","ANW69336.1","V159A","bird","mosFit",-0.770188640378523
"5750","ANW69336.1","V159A","bird","humFit",-0.940724558026975
"5751","ANW69336.1","V159A","bird","birFit",-1.20669307556647
"5752","ANW69337.1","V159A","bird","mosFit",-0.770188640378523
"5753","ANW69337.1","V159A","bird","humFit",-0.940724558026975
"5754","ANW69337.1","V159A","bird","birFit",-1.20669307556647
"5755","ANW69338.1","V159A","arth","mosFit",-0.770188640378523
"5756","ANW69338.1","V159A","arth","humFit",-0.940724558026975
"5757","ANW69338.1","V159A","arth","birFit",-1.20669307556647
"5758","ANW69339.1","V159A","arth","mosFit",-0.770188640378523
"5759","ANW69339.1","V159A","arth","humFit",-0.940724558026975
"5760","ANW69339.1","V159A","arth","birFit",-1.20669307556647
"5761","ANW69340.1","V159A","arth","mosFit",-0.770188640378523
"5762","ANW69340.1","V159A","arth","humFit",-0.940724558026975
"5763","ANW69340.1","V159A","arth","birFit",-1.20669307556647
"5764","ANW69342.1","V159A","bird","mosFit",-0.770188640378523
"5765","ANW69342.1","V159A","bird","humFit",-0.940724558026975
"5766","ANW69342.1","V159A","bird","birFit",-1.20669307556647
"5767","ANW69343.1","V159A","bird","mosFit",-0.770188640378523
"5768","ANW69343.1","V159A","bird","humFit",-0.940724558026975
"5769","ANW69343.1","V159A","bird","birFit",-1.20669307556647
"5770","ANW69348.1","V159A","mam","mosFit",-0.770188640378523
"5771","ANW69348.1","V159A","mam","humFit",-0.940724558026975
"5772","ANW69348.1","V159A","mam","birFit",-1.20669307556647
"5773","ANW69349.1","V159A","mam","mosFit",-0.770188640378523
"5774","ANW69349.1","V159A","mam","humFit",-0.940724558026975
"5775","ANW69349.1","V159A","mam","birFit",-1.20669307556647
"5776","ANW69351.1","V159A","bird","mosFit",-0.770188640378523
"5777","ANW69351.1","V159A","bird","humFit",-0.940724558026975
"5778","ANW69351.1","V159A","bird","birFit",-1.20669307556647
"5779","ANW69353.1","V159A","bird","mosFit",-0.770188640378523
"5780","ANW69353.1","V159A","bird","humFit",-0.940724558026975
"5781","ANW69353.1","V159A","bird","birFit",-1.20669307556647
"5782","ANW69354.1","V159A","bird","mosFit",-0.770188640378523
"5783","ANW69354.1","V159A","bird","humFit",-0.940724558026975
"5784","ANW69354.1","V159A","bird","birFit",-1.20669307556647
"5785","ANW69355.1","V159A","bird","mosFit",-0.770188640378523
"5786","ANW69355.1","V159A","bird","humFit",-0.940724558026975
"5787","ANW69355.1","V159A","bird","birFit",-1.20669307556647
"5788","ANW69356.1","V159A","arth","mosFit",-0.770188640378523
"5789","ANW69356.1","V159A","arth","humFit",-0.940724558026975
"5790","ANW69356.1","V159A","arth","birFit",-1.20669307556647
"5791","ANW69357.1","V159A","arth","mosFit",-0.770188640378523
"5792","ANW69357.1","V159A","arth","humFit",-0.940724558026975
"5793","ANW69357.1","V159A","arth","birFit",-1.20669307556647
"5794","ANW69358.1","V159A","arth","mosFit",-0.770188640378523
"5795","ANW69358.1","V159A","arth","humFit",-0.940724558026975
"5796","ANW69358.1","V159A","arth","birFit",-1.20669307556647
"5797","ANW69363.1","V159A","arth","mosFit",-0.770188640378523
"5798","ANW69363.1","V159A","arth","humFit",-0.940724558026975
"5799","ANW69363.1","V159A","arth","birFit",-1.20669307556647
"5800","ANW69369.1","V159A","bird","mosFit",-0.770188640378523
"5801","ANW69369.1","V159A","bird","humFit",-0.940724558026975
"5802","ANW69369.1","V159A","bird","birFit",-1.20669307556647
"5803","ANW69370.1","V159A","bird","mosFit",-0.770188640378523
"5804","ANW69370.1","V159A","bird","humFit",-0.940724558026975
"5805","ANW69370.1","V159A","bird","birFit",-1.20669307556647
"5806","ANW69372.1","V159A","arth","mosFit",-0.770188640378523
"5807","ANW69372.1","V159A","arth","humFit",-0.940724558026975
"5808","ANW69372.1","V159A","arth","birFit",-1.20669307556647
"5809","ANW69373.1","V159A","arth","mosFit",-0.770188640378523
"5810","ANW69373.1","V159A","arth","humFit",-0.940724558026975
"5811","ANW69373.1","V159A","arth","birFit",-1.20669307556647
"5812","ANW69375.1","V159A","arth","mosFit",-0.770188640378523
"5813","ANW69375.1","V159A","arth","humFit",-0.940724558026975
"5814","ANW69375.1","V159A","arth","birFit",-1.20669307556647
"5815","ANW69376.1","V159A","arth","mosFit",-0.770188640378523
"5816","ANW69376.1","V159A","arth","humFit",-0.940724558026975
"5817","ANW69376.1","V159A","arth","birFit",-1.20669307556647
"5818","ANW69377.1","L178Q","bird","mosFit",-1.19865401619306
"5819","ANW69377.1","L178Q","bird","humFit",-1.08906226042071
"5820","ANW69377.1","L178Q","bird","birFit",-1.0526624488974
"5821","ANW69378.1","L178Q","bird","mosFit",-1.19865401619306
"5822","ANW69378.1","L178Q","bird","humFit",-1.08906226042071
"5823","ANW69378.1","L178Q","bird","birFit",-1.0526624488974
"5824","ANW69379.1","L178Q","bird","mosFit",-1.19865401619306
"5825","ANW69379.1","L178Q","bird","humFit",-1.08906226042071
"5826","ANW69379.1","L178Q","bird","birFit",-1.0526624488974
"5827","ANW69381.1","V159A","arth","mosFit",-0.770188640378523
"5828","ANW69381.1","V159A","arth","humFit",-0.940724558026975
"5829","ANW69381.1","V159A","arth","birFit",-1.20669307556647
"5830","ANW69382.1","V159A","arth","mosFit",-0.770188640378523
"5831","ANW69382.1","V159A","arth","humFit",-0.940724558026975
"5832","ANW69382.1","V159A","arth","birFit",-1.20669307556647
"5833","ANW69385.1","V159A","arth","mosFit",-0.770188640378523
"5834","ANW69385.1","V159A","arth","humFit",-0.940724558026975
"5835","ANW69385.1","V159A","arth","birFit",-1.20669307556647
"5836","ANW69387.1","V159A","bird","mosFit",-0.770188640378523
"5837","ANW69387.1","V159A","bird","humFit",-0.940724558026975
"5838","ANW69387.1","V159A","bird","birFit",-1.20669307556647
"5839","ANW69389.1","V159A","arth","mosFit",-0.770188640378523
"5840","ANW69389.1","V159A","arth","humFit",-0.940724558026975
"5841","ANW69389.1","V159A","arth","birFit",-1.20669307556647
"5842","ANW69390.1","V159A","arth","mosFit",-0.770188640378523
"5843","ANW69390.1","V159A","arth","humFit",-0.940724558026975
"5844","ANW69390.1","V159A","arth","birFit",-1.20669307556647
"5845","ANW69393.1","V159A","bird","mosFit",-0.770188640378523
"5846","ANW69393.1","V159A","bird","humFit",-0.940724558026975
"5847","ANW69393.1","V159A","bird","birFit",-1.20669307556647
"5848","ANW69398.1","V159A","bird","mosFit",-0.770188640378523
"5849","ANW69398.1","V159A","bird","humFit",-0.940724558026975
"5850","ANW69398.1","V159A","bird","birFit",-1.20669307556647
"5851","ANW69399.1","V159A","bird","mosFit",-0.770188640378523
"5852","ANW69399.1","V159A","bird","humFit",-0.940724558026975
"5853","ANW69399.1","V159A","bird","birFit",-1.20669307556647
"5854","ANW69400.1","V159A","bird","mosFit",-0.770188640378523
"5855","ANW69400.1","V159A","bird","humFit",-0.940724558026975
"5856","ANW69400.1","V159A","bird","birFit",-1.20669307556647
"5857","ANW69404.1","K132N","bird","mosFit",-1.11295969306381
"5858","ANW69404.1","K132N","bird","humFit",-1.12444448675344
"5859","ANW69404.1","K132N","bird","birFit",-2.42557101159638
"5860","ANW69404.1","V159A","bird","mosFit",-0.770188640378523
"5861","ANW69404.1","V159A","bird","humFit",-0.940724558026975
"5862","ANW69404.1","V159A","bird","birFit",-1.20669307556647
"5863","ANW69405.1","K132N","bird","mosFit",-1.11295969306381
"5864","ANW69405.1","K132N","bird","humFit",-1.12444448675344
"5865","ANW69405.1","K132N","bird","birFit",-2.42557101159638
"5866","ANW69405.1","V159A","bird","mosFit",-0.770188640378523
"5867","ANW69405.1","V159A","bird","humFit",-0.940724558026975
"5868","ANW69405.1","V159A","bird","birFit",-1.20669307556647
"5869","ANW69406.1","K132N","bird","mosFit",-1.11295969306381
"5870","ANW69406.1","K132N","bird","humFit",-1.12444448675344
"5871","ANW69406.1","K132N","bird","birFit",-2.42557101159638
"5872","ANW69406.1","V159A","bird","mosFit",-0.770188640378523
"5873","ANW69406.1","V159A","bird","humFit",-0.940724558026975
"5874","ANW69406.1","V159A","bird","birFit",-1.20669307556647
"5875","ANW69408.1","V159A","bird","mosFit",-0.770188640378523
"5876","ANW69408.1","V159A","bird","humFit",-0.940724558026975
"5877","ANW69408.1","V159A","bird","birFit",-1.20669307556647
"5878","ANW69409.1","V159A","bird","mosFit",-0.770188640378523
"5879","ANW69409.1","V159A","bird","humFit",-0.940724558026975
"5880","ANW69409.1","V159A","bird","birFit",-1.20669307556647
"5881","ANW69410.1","V159A","arth","mosFit",-0.770188640378523
"5882","ANW69410.1","V159A","arth","humFit",-0.940724558026975
"5883","ANW69410.1","V159A","arth","birFit",-1.20669307556647
"5884","ANW69411.1","V159A","arth","mosFit",-0.770188640378523
"5885","ANW69411.1","V159A","arth","humFit",-0.940724558026975
"5886","ANW69411.1","V159A","arth","birFit",-1.20669307556647
"5887","ANW69412.1","V159A","arth","mosFit",-0.770188640378523
"5888","ANW69412.1","V159A","arth","humFit",-0.940724558026975
"5889","ANW69412.1","V159A","arth","birFit",-1.20669307556647
"5890","ANW69416.1","V159A","arth","mosFit",-0.770188640378523
"5891","ANW69416.1","V159A","arth","humFit",-0.940724558026975
"5892","ANW69416.1","V159A","arth","birFit",-1.20669307556647
"5893","ANW69417.1","V159A","arth","mosFit",-0.770188640378523
"5894","ANW69417.1","V159A","arth","humFit",-0.940724558026975
"5895","ANW69417.1","V159A","arth","birFit",-1.20669307556647
"5896","ANW69418.1","V159A","arth","mosFit",-0.770188640378523
"5897","ANW69418.1","V159A","arth","humFit",-0.940724558026975
"5898","ANW69418.1","V159A","arth","birFit",-1.20669307556647
"5899","ANW69419.1","V159A","bird","mosFit",-0.770188640378523
"5900","ANW69419.1","V159A","bird","humFit",-0.940724558026975
"5901","ANW69419.1","V159A","bird","birFit",-1.20669307556647
"5902","ANW69420.1","V159A","bird","mosFit",-0.770188640378523
"5903","ANW69420.1","V159A","bird","humFit",-0.940724558026975
"5904","ANW69420.1","V159A","bird","birFit",-1.20669307556647
"5905","ANW69421.1","V159A","bird","mosFit",-0.770188640378523
"5906","ANW69421.1","V159A","bird","humFit",-0.940724558026975
"5907","ANW69421.1","V159A","bird","birFit",-1.20669307556647
"5908","ANW69428.1","V159A","bird","mosFit",-0.770188640378523
"5909","ANW69428.1","V159A","bird","humFit",-0.940724558026975
"5910","ANW69428.1","V159A","bird","birFit",-1.20669307556647
"5911","ANW69429.1","V159A","bird","mosFit",-0.770188640378523
"5912","ANW69429.1","V159A","bird","humFit",-0.940724558026975
"5913","ANW69429.1","V159A","bird","birFit",-1.20669307556647
"5914","ANW69430.1","V159A","bird","mosFit",-0.770188640378523
"5915","ANW69430.1","V159A","bird","humFit",-0.940724558026975
"5916","ANW69430.1","V159A","bird","birFit",-1.20669307556647
"5917","ANW69432.1","V159A","arth","mosFit",-0.770188640378523
"5918","ANW69432.1","V159A","arth","humFit",-0.940724558026975
"5919","ANW69432.1","V159A","arth","birFit",-1.20669307556647
"5920","ANW69433.1","V159A","arth","mosFit",-0.770188640378523
"5921","ANW69433.1","V159A","arth","humFit",-0.940724558026975
"5922","ANW69433.1","V159A","arth","birFit",-1.20669307556647
"5923","ANW69438.1","V159A","arth","mosFit",-0.770188640378523
"5924","ANW69438.1","V159A","arth","humFit",-0.940724558026975
"5925","ANW69438.1","V159A","arth","birFit",-1.20669307556647
"5926","ANW69440.1","V159A","arth","mosFit",-0.770188640378523
"5927","ANW69440.1","V159A","arth","humFit",-0.940724558026975
"5928","ANW69440.1","V159A","arth","birFit",-1.20669307556647
"5929","ANW69441.1","V159A","arth","mosFit",-0.770188640378523
"5930","ANW69441.1","V159A","arth","humFit",-0.940724558026975
"5931","ANW69441.1","V159A","arth","birFit",-1.20669307556647
"5932","ANW69442.1","V159A","arth","mosFit",-0.770188640378523
"5933","ANW69442.1","V159A","arth","humFit",-0.940724558026975
"5934","ANW69442.1","V159A","arth","birFit",-1.20669307556647
"5935","ANW69444.1","V159A","bird","mosFit",-0.770188640378523
"5936","ANW69444.1","V159A","bird","humFit",-0.940724558026975
"5937","ANW69444.1","V159A","bird","birFit",-1.20669307556647
"5938","ANW69445.1","V159A","bird","mosFit",-0.770188640378523
"5939","ANW69445.1","V159A","bird","humFit",-0.940724558026975
"5940","ANW69445.1","V159A","bird","birFit",-1.20669307556647
"5941","ANW69450.1","V159A","bird","mosFit",-0.770188640378523
"5942","ANW69450.1","V159A","bird","humFit",-0.940724558026975
"5943","ANW69450.1","V159A","bird","birFit",-1.20669307556647
"5944","ANW69452.1","L178Q","arth","mosFit",-1.19865401619306
"5945","ANW69452.1","L178Q","arth","humFit",-1.08906226042071
"5946","ANW69452.1","L178Q","arth","birFit",-1.0526624488974
"5947","ANW69453.1","L178Q","arth","mosFit",-1.19865401619306
"5948","ANW69453.1","L178Q","arth","humFit",-1.08906226042071
"5949","ANW69453.1","L178Q","arth","birFit",-1.0526624488974
"5950","ANW69454.1","L178Q","arth","mosFit",-1.19865401619306
"5951","ANW69454.1","L178Q","arth","humFit",-1.08906226042071
"5952","ANW69454.1","L178Q","arth","birFit",-1.0526624488974
"5953","ANW69455.1","V159A","arth","mosFit",-0.770188640378523
"5954","ANW69455.1","V159A","arth","humFit",-0.940724558026975
"5955","ANW69455.1","V159A","arth","birFit",-1.20669307556647
"5956","ANW69456.1","V159A","arth","mosFit",-0.770188640378523
"5957","ANW69456.1","V159A","arth","humFit",-0.940724558026975
"5958","ANW69456.1","V159A","arth","birFit",-1.20669307556647
"5959","ANW69457.1","V159A","arth","mosFit",-0.770188640378523
"5960","ANW69457.1","V159A","arth","humFit",-0.940724558026975
"5961","ANW69457.1","V159A","arth","birFit",-1.20669307556647
"5962","ANW69458.1","V159A","bird","mosFit",-0.770188640378523
"5963","ANW69458.1","V159A","bird","humFit",-0.940724558026975
"5964","ANW69458.1","V159A","bird","birFit",-1.20669307556647
"5965","ANW69459.1","V159A","bird","mosFit",-0.770188640378523
"5966","ANW69459.1","V159A","bird","humFit",-0.940724558026975
"5967","ANW69459.1","V159A","bird","birFit",-1.20669307556647
"5968","ANW69460.1","V159A","bird","mosFit",-0.770188640378523
"5969","ANW69460.1","V159A","bird","humFit",-0.940724558026975
"5970","ANW69460.1","V159A","bird","birFit",-1.20669307556647
"5971","ANW69461.1","V159A","bird","mosFit",-0.770188640378523
"5972","ANW69461.1","V159A","bird","humFit",-0.940724558026975
"5973","ANW69461.1","V159A","bird","birFit",-1.20669307556647
"5974","ANW69462.1","V159A","bird","mosFit",-0.770188640378523
"5975","ANW69462.1","V159A","bird","humFit",-0.940724558026975
"5976","ANW69462.1","V159A","bird","birFit",-1.20669307556647
"5977","ANW69463.1","V159A","bird","mosFit",-0.770188640378523
"5978","ANW69463.1","V159A","bird","humFit",-0.940724558026975
"5979","ANW69463.1","V159A","bird","birFit",-1.20669307556647
"5980","ANW69466.1","V159A","arth","mosFit",-0.770188640378523
"5981","ANW69466.1","V159A","arth","humFit",-0.940724558026975
"5982","ANW69466.1","V159A","arth","birFit",-1.20669307556647
"5983","ANW69467.1","V159A","arth","mosFit",-0.770188640378523
"5984","ANW69467.1","V159A","arth","humFit",-0.940724558026975
"5985","ANW69467.1","V159A","arth","birFit",-1.20669307556647
"5986","ANW69468.1","V159A","arth","mosFit",-0.770188640378523
"5987","ANW69468.1","V159A","arth","humFit",-0.940724558026975
"5988","ANW69468.1","V159A","arth","birFit",-1.20669307556647
"5989","ANW69469.1","V159A","arth","mosFit",-0.770188640378523
"5990","ANW69469.1","V159A","arth","humFit",-0.940724558026975
"5991","ANW69469.1","V159A","arth","birFit",-1.20669307556647
"5992","ANW69477.1","V159A","bird","mosFit",-0.770188640378523
"5993","ANW69477.1","V159A","bird","humFit",-0.940724558026975
"5994","ANW69477.1","V159A","bird","birFit",-1.20669307556647
"5995","ANW69478.1","V159A","bird","mosFit",-0.770188640378523
"5996","ANW69478.1","V159A","bird","humFit",-0.940724558026975
"5997","ANW69478.1","V159A","bird","birFit",-1.20669307556647
"5998","ANW69479.1","V159A","bird","mosFit",-0.770188640378523
"5999","ANW69479.1","V159A","bird","humFit",-0.940724558026975
"6000","ANW69479.1","V159A","bird","birFit",-1.20669307556647
"6001","ANW69480.1","V159A","bird","mosFit",-0.770188640378523
"6002","ANW69480.1","V159A","bird","humFit",-0.940724558026975
"6003","ANW69480.1","V159A","bird","birFit",-1.20669307556647
"6004","ANW69482.1","V290M","arth","mosFit",-0.738400780458981
"6005","ANW69482.1","V290M","arth","humFit",-0.260288941803777
"6006","ANW69482.1","V290M","arth","birFit",-2.36710254882393
"6007","ANW69483.1","V290M","arth","mosFit",-0.738400780458981
"6008","ANW69483.1","V290M","arth","humFit",-0.260288941803777
"6009","ANW69483.1","V290M","arth","birFit",-2.36710254882393
"6010","ANW69484.1","V290M","arth","mosFit",-0.738400780458981
"6011","ANW69484.1","V290M","arth","humFit",-0.260288941803777
"6012","ANW69484.1","V290M","arth","birFit",-2.36710254882393
"6013","ANW69486.1","V159A","arth","mosFit",-0.770188640378523
"6014","ANW69486.1","V159A","arth","humFit",-0.940724558026975
"6015","ANW69486.1","V159A","arth","birFit",-1.20669307556647
"6016","ANW69487.1","V159A","arth","mosFit",-0.770188640378523
"6017","ANW69487.1","V159A","arth","humFit",-0.940724558026975
"6018","ANW69487.1","V159A","arth","birFit",-1.20669307556647
"6019","ANW69488.1","L62V","bird","mosFit",-0.637994665874989
"6020","ANW69488.1","L62V","bird","humFit",-1.42897246769342
"6021","ANW69488.1","L62V","bird","birFit",0.174684672529752
"6022","ANW69488.1","V159A","bird","mosFit",-0.770188640378523
"6023","ANW69488.1","V159A","bird","humFit",-0.940724558026975
"6024","ANW69488.1","V159A","bird","birFit",-1.20669307556647
"6025","ANW69489.1","L62V","bird","mosFit",-0.637994665874989
"6026","ANW69489.1","L62V","bird","humFit",-1.42897246769342
"6027","ANW69489.1","L62V","bird","birFit",0.174684672529752
"6028","ANW69489.1","V159A","bird","mosFit",-0.770188640378523
"6029","ANW69489.1","V159A","bird","humFit",-0.940724558026975
"6030","ANW69489.1","V159A","bird","birFit",-1.20669307556647
"6031","ANW69490.1","L62V","bird","mosFit",-0.637994665874989
"6032","ANW69490.1","L62V","bird","humFit",-1.42897246769342
"6033","ANW69490.1","L62V","bird","birFit",0.174684672529752
"6034","ANW69490.1","V159A","bird","mosFit",-0.770188640378523
"6035","ANW69490.1","V159A","bird","humFit",-0.940724558026975
"6036","ANW69490.1","V159A","bird","birFit",-1.20669307556647
"6037","ANW69492.1","V159A","bird","mosFit",-0.770188640378523
"6038","ANW69492.1","V159A","bird","humFit",-0.940724558026975
"6039","ANW69492.1","V159A","bird","birFit",-1.20669307556647
"6040","ANW69493.1","V159A","bird","mosFit",-0.770188640378523
"6041","ANW69493.1","V159A","bird","humFit",-0.940724558026975
"6042","ANW69493.1","V159A","bird","birFit",-1.20669307556647
"6043","ANW69498.1","V159A","arth","mosFit",-0.770188640378523
"6044","ANW69498.1","V159A","arth","humFit",-0.940724558026975
"6045","ANW69498.1","V159A","arth","birFit",-1.20669307556647
"6046","ANW69499.1","V159A","arth","mosFit",-0.770188640378523
"6047","ANW69499.1","V159A","arth","humFit",-0.940724558026975
"6048","ANW69499.1","V159A","arth","birFit",-1.20669307556647
"6049","ANW69500.1","V159A","bird","mosFit",-0.770188640378523
"6050","ANW69500.1","V159A","bird","humFit",-0.940724558026975
"6051","ANW69500.1","V159A","bird","birFit",-1.20669307556647
"6052","ANW69501.1","V159A","bird","mosFit",-0.770188640378523
"6053","ANW69501.1","V159A","bird","humFit",-0.940724558026975
"6054","ANW69501.1","V159A","bird","birFit",-1.20669307556647
"6055","ANW69502.1","V159A","bird","mosFit",-0.770188640378523
"6056","ANW69502.1","V159A","bird","humFit",-0.940724558026975
"6057","ANW69502.1","V159A","bird","birFit",-1.20669307556647
"6058","ANW69503.1","V159A","arth","mosFit",-0.770188640378523
"6059","ANW69503.1","V159A","arth","humFit",-0.940724558026975
"6060","ANW69503.1","V159A","arth","birFit",-1.20669307556647
"6061","ANW69504.1","V159A","arth","mosFit",-0.770188640378523
"6062","ANW69504.1","V159A","arth","humFit",-0.940724558026975
"6063","ANW69504.1","V159A","arth","birFit",-1.20669307556647
"6064","ANW69505.1","V159A","arth","mosFit",-0.770188640378523
"6065","ANW69505.1","V159A","arth","humFit",-0.940724558026975
"6066","ANW69505.1","V159A","arth","birFit",-1.20669307556647
"6067","ANW69507.1","V159A","mam","mosFit",-0.770188640378523
"6068","ANW69507.1","V159A","mam","humFit",-0.940724558026975
"6069","ANW69507.1","V159A","mam","birFit",-1.20669307556647
"6070","ANW69508.1","V159A","mam","mosFit",-0.770188640378523
"6071","ANW69508.1","V159A","mam","humFit",-0.940724558026975
"6072","ANW69508.1","V159A","mam","birFit",-1.20669307556647
"6073","ANW69509.1","V159A","bird","mosFit",-0.770188640378523
"6074","ANW69509.1","V159A","bird","humFit",-0.940724558026975
"6075","ANW69509.1","V159A","bird","birFit",-1.20669307556647
"6076","ANW69510.1","V159A","bird","mosFit",-0.770188640378523
"6077","ANW69510.1","V159A","bird","humFit",-0.940724558026975
"6078","ANW69510.1","V159A","bird","birFit",-1.20669307556647
"6079","ANW69512.1","T64A","arth","mosFit",-0.746764698739062
"6080","ANW69512.1","T64A","arth","humFit",-1.15899110670822
"6081","ANW69512.1","T64A","arth","birFit",-0.738531064120427
"6082","ANW69512.1","V159A","arth","mosFit",-0.770188640378523
"6083","ANW69512.1","V159A","arth","humFit",-0.940724558026975
"6084","ANW69512.1","V159A","arth","birFit",-1.20669307556647
"6085","ANW69513.1","T64A","arth","mosFit",-0.746764698739062
"6086","ANW69513.1","T64A","arth","humFit",-1.15899110670822
"6087","ANW69513.1","T64A","arth","birFit",-0.738531064120427
"6088","ANW69513.1","V159A","arth","mosFit",-0.770188640378523
"6089","ANW69513.1","V159A","arth","humFit",-0.940724558026975
"6090","ANW69513.1","V159A","arth","birFit",-1.20669307556647
"6091","ANW69514.1","T64A","arth","mosFit",-0.746764698739062
"6092","ANW69514.1","T64A","arth","humFit",-1.15899110670822
"6093","ANW69514.1","T64A","arth","birFit",-0.738531064120427
"6094","ANW69514.1","V159A","arth","mosFit",-0.770188640378523
"6095","ANW69514.1","V159A","arth","humFit",-0.940724558026975
"6096","ANW69514.1","V159A","arth","birFit",-1.20669307556647
"6097","ANW69519.1","V159A","arth","mosFit",-0.770188640378523
"6098","ANW69519.1","V159A","arth","humFit",-0.940724558026975
"6099","ANW69519.1","V159A","arth","birFit",-1.20669307556647
"6100","ANW69522.1","V159A","bird","mosFit",-0.770188640378523
"6101","ANW69522.1","V159A","bird","humFit",-0.940724558026975
"6102","ANW69522.1","V159A","bird","birFit",-1.20669307556647
"6103","ANW69523.1","V159A","bird","mosFit",-0.770188640378523
"6104","ANW69523.1","V159A","bird","humFit",-0.940724558026975
"6105","ANW69523.1","V159A","bird","birFit",-1.20669307556647
"6106","ANW69529.1","V159A","bird","mosFit",-0.770188640378523
"6107","ANW69529.1","V159A","bird","humFit",-0.940724558026975
"6108","ANW69529.1","V159A","bird","birFit",-1.20669307556647
"6109","ANW69534.1","V159A","bird","mosFit",-0.770188640378523
"6110","ANW69534.1","V159A","bird","humFit",-0.940724558026975
"6111","ANW69534.1","V159A","bird","birFit",-1.20669307556647
"6112","ANW69535.1","V159A","bird","mosFit",-0.770188640378523
"6113","ANW69535.1","V159A","bird","humFit",-0.940724558026975
"6114","ANW69535.1","V159A","bird","birFit",-1.20669307556647
"6115","ANW69551.1","S363A","bird","mosFit",0.016442004637262
"6116","ANW69551.1","S363A","bird","humFit",-0.0510150993471086
"6117","ANW69551.1","S363A","bird","birFit",-1.89607572764443
"6118","ANW69551.1","V159A","bird","mosFit",-0.770188640378523
"6119","ANW69551.1","V159A","bird","humFit",-0.940724558026975
"6120","ANW69551.1","V159A","bird","birFit",-1.20669307556647
"6121","ANW69552.1","S363A","bird","mosFit",0.016442004637262
"6122","ANW69552.1","S363A","bird","humFit",-0.0510150993471086
"6123","ANW69552.1","S363A","bird","birFit",-1.89607572764443
"6124","ANW69552.1","V159A","bird","mosFit",-0.770188640378523
"6125","ANW69552.1","V159A","bird","humFit",-0.940724558026975
"6126","ANW69552.1","V159A","bird","birFit",-1.20669307556647
"6127","ANW69553.1","S363A","bird","mosFit",0.016442004637262
"6128","ANW69553.1","S363A","bird","humFit",-0.0510150993471086
"6129","ANW69553.1","S363A","bird","birFit",-1.89607572764443
"6130","ANW69553.1","V159A","bird","mosFit",-0.770188640378523
"6131","ANW69553.1","V159A","bird","humFit",-0.940724558026975
"6132","ANW69553.1","V159A","bird","birFit",-1.20669307556647
"6133","ANW69556.1","V159A","arth","mosFit",-0.770188640378523
"6134","ANW69556.1","V159A","arth","humFit",-0.940724558026975
"6135","ANW69556.1","V159A","arth","birFit",-1.20669307556647
"6136","ANW69557.1","L312I","bird","mosFit",-1.58644000200588
"6137","ANW69557.1","L312I","bird","humFit",-2.03811578012771
"6138","ANW69557.1","L312I","bird","birFit",-1.53399061283722
"6139","ANW69557.1","V159A","bird","mosFit",-0.770188640378523
"6140","ANW69557.1","V159A","bird","humFit",-0.940724558026975
"6141","ANW69557.1","V159A","bird","birFit",-1.20669307556647
"6142","ANW69558.1","L312I","bird","mosFit",-1.58644000200588
"6143","ANW69558.1","L312I","bird","humFit",-2.03811578012771
"6144","ANW69558.1","L312I","bird","birFit",-1.53399061283722
"6145","ANW69558.1","V159A","bird","mosFit",-0.770188640378523
"6146","ANW69558.1","V159A","bird","humFit",-0.940724558026975
"6147","ANW69558.1","V159A","bird","birFit",-1.20669307556647
"6148","ANW69559.1","L312I","bird","mosFit",-1.58644000200588
"6149","ANW69559.1","L312I","bird","humFit",-2.03811578012771
"6150","ANW69559.1","L312I","bird","birFit",-1.53399061283722
"6151","ANW69559.1","V159A","bird","mosFit",-0.770188640378523
"6152","ANW69559.1","V159A","bird","humFit",-0.940724558026975
"6153","ANW69559.1","V159A","bird","birFit",-1.20669307556647
"6154","ANW69560.1","V159A","bird","mosFit",-0.770188640378523
"6155","ANW69560.1","V159A","bird","humFit",-0.940724558026975
"6156","ANW69560.1","V159A","bird","birFit",-1.20669307556647
"6157","ANW69561.1","V159A","bird","mosFit",-0.770188640378523
"6158","ANW69561.1","V159A","bird","humFit",-0.940724558026975
"6159","ANW69561.1","V159A","bird","birFit",-1.20669307556647
"6160","ANW69562.1","V159A","bird","mosFit",-0.770188640378523
"6161","ANW69562.1","V159A","bird","humFit",-0.940724558026975
"6162","ANW69562.1","V159A","bird","birFit",-1.20669307556647
"6163","ANW69563.1","A51T","bird","mosFit",-1.05030646712279
"6164","ANW69563.1","A51T","bird","humFit",-1.29546657960075
"6165","ANW69563.1","A51T","bird","birFit",-1.72619783601487
"6166","ANW69563.1","V159A","bird","mosFit",-0.770188640378523
"6167","ANW69563.1","V159A","bird","humFit",-0.940724558026975
"6168","ANW69563.1","V159A","bird","birFit",-1.20669307556647
"6169","ANW69564.1","A51T","bird","mosFit",-1.05030646712279
"6170","ANW69564.1","A51T","bird","humFit",-1.29546657960075
"6171","ANW69564.1","A51T","bird","birFit",-1.72619783601487
"6172","ANW69564.1","V159A","bird","mosFit",-0.770188640378523
"6173","ANW69564.1","V159A","bird","humFit",-0.940724558026975
"6174","ANW69564.1","V159A","bird","birFit",-1.20669307556647
"6175","ANW69565.1","A51T","bird","mosFit",-1.05030646712279
"6176","ANW69565.1","A51T","bird","humFit",-1.29546657960075
"6177","ANW69565.1","A51T","bird","birFit",-1.72619783601487
"6178","ANW69565.1","V159A","bird","mosFit",-0.770188640378523
"6179","ANW69565.1","V159A","bird","humFit",-0.940724558026975
"6180","ANW69565.1","V159A","bird","birFit",-1.20669307556647
"6181","ANW69567.1","V159A","arth","mosFit",-0.770188640378523
"6182","ANW69567.1","V159A","arth","humFit",-0.940724558026975
"6183","ANW69567.1","V159A","arth","birFit",-1.20669307556647
"6184","ANW69568.1","V159A","arth","mosFit",-0.770188640378523
"6185","ANW69568.1","V159A","arth","humFit",-0.940724558026975
"6186","ANW69568.1","V159A","arth","birFit",-1.20669307556647
"6187","ANW69569.1","R479K","arth","mosFit",-1.34639490384393
"6188","ANW69569.1","R479K","arth","humFit",-0.883881160197732
"6189","ANW69569.1","R479K","arth","birFit",-1.21606442119793
"6190","ANW69569.1","V159A","arth","mosFit",-0.770188640378523
"6191","ANW69569.1","V159A","arth","humFit",-0.940724558026975
"6192","ANW69569.1","V159A","arth","birFit",-1.20669307556647
"6193","ANW69570.1","R479K","arth","mosFit",-1.34639490384393
"6194","ANW69570.1","R479K","arth","humFit",-0.883881160197732
"6195","ANW69570.1","R479K","arth","birFit",-1.21606442119793
"6196","ANW69570.1","V159A","arth","mosFit",-0.770188640378523
"6197","ANW69570.1","V159A","arth","humFit",-0.940724558026975
"6198","ANW69570.1","V159A","arth","birFit",-1.20669307556647
"6199","ANW69571.1","R479K","arth","mosFit",-1.34639490384393
"6200","ANW69571.1","R479K","arth","humFit",-0.883881160197732
"6201","ANW69571.1","R479K","arth","birFit",-1.21606442119793
"6202","ANW69571.1","V159A","arth","mosFit",-0.770188640378523
"6203","ANW69571.1","V159A","arth","humFit",-0.940724558026975
"6204","ANW69571.1","V159A","arth","birFit",-1.20669307556647
"6205","ANW69572.1","V159A","bird","mosFit",-0.770188640378523
"6206","ANW69572.1","V159A","bird","humFit",-0.940724558026975
"6207","ANW69572.1","V159A","bird","birFit",-1.20669307556647
"6208","ANW69573.1","V159A","bird","mosFit",-0.770188640378523
"6209","ANW69573.1","V159A","bird","humFit",-0.940724558026975
"6210","ANW69573.1","V159A","bird","birFit",-1.20669307556647
"6211","ANW69576.1","V159A","arth","mosFit",-0.770188640378523
"6212","ANW69576.1","V159A","arth","humFit",-0.940724558026975
"6213","ANW69576.1","V159A","arth","birFit",-1.20669307556647
"6214","ANW69577.1","V159A","arth","mosFit",-0.770188640378523
"6215","ANW69577.1","V159A","arth","humFit",-0.940724558026975
"6216","ANW69577.1","V159A","arth","birFit",-1.20669307556647
"6217","ANW69579.1","V159A","arth","mosFit",-0.770188640378523
"6218","ANW69579.1","V159A","arth","humFit",-0.940724558026975
"6219","ANW69579.1","V159A","arth","birFit",-1.20669307556647
"6220","ANW69580.1","V159A","arth","mosFit",-0.770188640378523
"6221","ANW69580.1","V159A","arth","humFit",-0.940724558026975
"6222","ANW69580.1","V159A","arth","birFit",-1.20669307556647
"6223","ANW69581.1","T436I","bird","mosFit",-1.42870805116865
"6224","ANW69581.1","T436I","bird","humFit",-1.44073626271806
"6225","ANW69581.1","T436I","bird","birFit",-2.05758626470288
"6226","ANW69581.1","V159A","bird","mosFit",-0.770188640378523
"6227","ANW69581.1","V159A","bird","humFit",-0.940724558026975
"6228","ANW69581.1","V159A","bird","birFit",-1.20669307556647
"6229","ANW69582.1","T436I","bird","mosFit",-1.42870805116865
"6230","ANW69582.1","T436I","bird","humFit",-1.44073626271806
"6231","ANW69582.1","T436I","bird","birFit",-2.05758626470288
"6232","ANW69582.1","V159A","bird","mosFit",-0.770188640378523
"6233","ANW69582.1","V159A","bird","humFit",-0.940724558026975
"6234","ANW69582.1","V159A","bird","birFit",-1.20669307556647
"6235","ANW69583.1","T436I","bird","mosFit",-1.42870805116865
"6236","ANW69583.1","T436I","bird","humFit",-1.44073626271806
"6237","ANW69583.1","T436I","bird","birFit",-2.05758626470288
"6238","ANW69583.1","V159A","bird","mosFit",-0.770188640378523
"6239","ANW69583.1","V159A","bird","humFit",-0.940724558026975
"6240","ANW69583.1","V159A","bird","birFit",-1.20669307556647
"6241","ANW69585.1","V159A","bird","mosFit",-0.770188640378523
"6242","ANW69585.1","V159A","bird","humFit",-0.940724558026975
"6243","ANW69585.1","V159A","bird","birFit",-1.20669307556647
"6244","ANW69586.1","V159A","bird","mosFit",-0.770188640378523
"6245","ANW69586.1","V159A","bird","humFit",-0.940724558026975
"6246","ANW69586.1","V159A","bird","birFit",-1.20669307556647
"6247","ANW69587.1","L178Q","bird","mosFit",-1.19865401619306
"6248","ANW69587.1","L178Q","bird","humFit",-1.08906226042071
"6249","ANW69587.1","L178Q","bird","birFit",-1.0526624488974
"6250","ANW69587.1","M34I","bird","mosFit",-1.1706220736279
"6251","ANW69587.1","M34I","bird","humFit",-1.01811259707687
"6252","ANW69587.1","M34I","bird","birFit",-1.66095009309799
"6253","ANW69588.1","L178Q","bird","mosFit",-1.19865401619306
"6254","ANW69588.1","L178Q","bird","humFit",-1.08906226042071
"6255","ANW69588.1","L178Q","bird","birFit",-1.0526624488974
"6256","ANW69588.1","M34I","bird","mosFit",-1.1706220736279
"6257","ANW69588.1","M34I","bird","humFit",-1.01811259707687
"6258","ANW69588.1","M34I","bird","birFit",-1.66095009309799
"6259","ANW69589.1","L178Q","bird","mosFit",-1.19865401619306
"6260","ANW69589.1","L178Q","bird","humFit",-1.08906226042071
"6261","ANW69589.1","L178Q","bird","birFit",-1.0526624488974
"6262","ANW69589.1","M34I","bird","mosFit",-1.1706220736279
"6263","ANW69589.1","M34I","bird","humFit",-1.01811259707687
"6264","ANW69589.1","M34I","bird","birFit",-1.66095009309799
"6265","ANW69590.1","V159A","arth","mosFit",-0.770188640378523
"6266","ANW69590.1","V159A","arth","humFit",-0.940724558026975
"6267","ANW69590.1","V159A","arth","birFit",-1.20669307556647
"6268","ANW69591.1","V159A","arth","mosFit",-0.770188640378523
"6269","ANW69591.1","V159A","arth","humFit",-0.940724558026975
"6270","ANW69591.1","V159A","arth","birFit",-1.20669307556647
"6271","ANW69592.1","V159A","arth","mosFit",-0.770188640378523
"6272","ANW69592.1","V159A","arth","humFit",-0.940724558026975
"6273","ANW69592.1","V159A","arth","birFit",-1.20669307556647
"6274","ANW69594.1","V159A","arth","mosFit",-0.770188640378523
"6275","ANW69594.1","V159A","arth","humFit",-0.940724558026975
"6276","ANW69594.1","V159A","arth","birFit",-1.20669307556647
"6277","ANW69595.1","V159A","arth","mosFit",-0.770188640378523
"6278","ANW69595.1","V159A","arth","humFit",-0.940724558026975
"6279","ANW69595.1","V159A","arth","birFit",-1.20669307556647
"6280","ANW69597.1","V159A","bird","mosFit",-0.770188640378523
"6281","ANW69597.1","V159A","bird","humFit",-0.940724558026975
"6282","ANW69597.1","V159A","bird","birFit",-1.20669307556647
"6283","ANW69598.1","V159A","bird","mosFit",-0.770188640378523
"6284","ANW69598.1","V159A","bird","humFit",-0.940724558026975
"6285","ANW69598.1","V159A","bird","birFit",-1.20669307556647
"6286","ANW69599.1","V159A","arth","mosFit",-0.770188640378523
"6287","ANW69599.1","V159A","arth","humFit",-0.940724558026975
"6288","ANW69599.1","V159A","arth","birFit",-1.20669307556647
"6289","ANW69600.1","V159A","arth","mosFit",-0.770188640378523
"6290","ANW69600.1","V159A","arth","humFit",-0.940724558026975
"6291","ANW69600.1","V159A","arth","birFit",-1.20669307556647
"6292","ANW69601.1","V159A","arth","mosFit",-0.770188640378523
"6293","ANW69601.1","V159A","arth","humFit",-0.940724558026975
"6294","ANW69601.1","V159A","arth","birFit",-1.20669307556647
"6295","ANW69604.1","V159A","arth","mosFit",-0.770188640378523
"6296","ANW69604.1","V159A","arth","humFit",-0.940724558026975
"6297","ANW69604.1","V159A","arth","birFit",-1.20669307556647
"6298","ANW69609.1","V159A","bird","mosFit",-0.770188640378523
"6299","ANW69609.1","V159A","bird","humFit",-0.940724558026975
"6300","ANW69609.1","V159A","bird","birFit",-1.20669307556647
"6301","ANW69610.1","V159A","bird","mosFit",-0.770188640378523
"6302","ANW69610.1","V159A","bird","humFit",-0.940724558026975
"6303","ANW69610.1","V159A","bird","birFit",-1.20669307556647
"6304","ANW69612.1","V159A","arth","mosFit",-0.770188640378523
"6305","ANW69612.1","V159A","arth","humFit",-0.940724558026975
"6306","ANW69612.1","V159A","arth","birFit",-1.20669307556647
"6307","ANW69613.1","V159A","arth","mosFit",-0.770188640378523
"6308","ANW69613.1","V159A","arth","humFit",-0.940724558026975
"6309","ANW69613.1","V159A","arth","birFit",-1.20669307556647
"6310","ANW69621.1","V159A","arth","mosFit",-0.770188640378523
"6311","ANW69621.1","V159A","arth","humFit",-0.940724558026975
"6312","ANW69621.1","V159A","arth","birFit",-1.20669307556647
"6313","ANW69622.1","V159A","arth","mosFit",-0.770188640378523
"6314","ANW69622.1","V159A","arth","humFit",-0.940724558026975
"6315","ANW69622.1","V159A","arth","birFit",-1.20669307556647
"6316","ANW69623.1","V159A","arth","mosFit",-0.770188640378523
"6317","ANW69623.1","V159A","arth","humFit",-0.940724558026975
"6318","ANW69623.1","V159A","arth","birFit",-1.20669307556647
"6319","ANW69624.1","V159A","arth","mosFit",-0.770188640378523
"6320","ANW69624.1","V159A","arth","humFit",-0.940724558026975
"6321","ANW69624.1","V159A","arth","birFit",-1.20669307556647
"6322","ANW69625.1","V159A","arth","mosFit",-0.770188640378523
"6323","ANW69625.1","V159A","arth","humFit",-0.940724558026975
"6324","ANW69625.1","V159A","arth","birFit",-1.20669307556647
"6325","ANW69627.1","V159A","bird","mosFit",-0.770188640378523
"6326","ANW69627.1","V159A","bird","humFit",-0.940724558026975
"6327","ANW69627.1","V159A","bird","birFit",-1.20669307556647
"6328","ANW69630.1","V159A","bird","mosFit",-0.770188640378523
"6329","ANW69630.1","V159A","bird","humFit",-0.940724558026975
"6330","ANW69630.1","V159A","bird","birFit",-1.20669307556647
"6331","ANW69631.1","V159A","bird","mosFit",-0.770188640378523
"6332","ANW69631.1","V159A","bird","humFit",-0.940724558026975
"6333","ANW69631.1","V159A","bird","birFit",-1.20669307556647
"6334","ANW69634.1","V159A","bird","mosFit",-0.770188640378523
"6335","ANW69634.1","V159A","bird","humFit",-0.940724558026975
"6336","ANW69634.1","V159A","bird","birFit",-1.20669307556647
"6337","ANW69636.1","V159A","bird","mosFit",-0.770188640378523
"6338","ANW69636.1","V159A","bird","humFit",-0.940724558026975
"6339","ANW69636.1","V159A","bird","birFit",-1.20669307556647
"6340","ANW69644.1","E49D","arth","mosFit",-1.204351759907
"6341","ANW69644.1","E49D","arth","humFit",-1.62112923409869
"6342","ANW69644.1","E49D","arth","birFit",-2.7977834317496
"6343","ANW69644.1","V159A","arth","mosFit",-0.770188640378523
"6344","ANW69644.1","V159A","arth","humFit",-0.940724558026975
"6345","ANW69644.1","V159A","arth","birFit",-1.20669307556647
"6346","ANW69645.1","E49D","arth","mosFit",-1.204351759907
"6347","ANW69645.1","E49D","arth","humFit",-1.62112923409869
"6348","ANW69645.1","E49D","arth","birFit",-2.7977834317496
"6349","ANW69645.1","V159A","arth","mosFit",-0.770188640378523
"6350","ANW69645.1","V159A","arth","humFit",-0.940724558026975
"6351","ANW69645.1","V159A","arth","birFit",-1.20669307556647
"6352","ANW69646.1","E49D","arth","mosFit",-1.204351759907
"6353","ANW69646.1","E49D","arth","humFit",-1.62112923409869
"6354","ANW69646.1","E49D","arth","birFit",-2.7977834317496
"6355","ANW69646.1","V159A","arth","mosFit",-0.770188640378523
"6356","ANW69646.1","V159A","arth","humFit",-0.940724558026975
"6357","ANW69646.1","V159A","arth","birFit",-1.20669307556647
"6358","ANW69650.1","V159A","arth","mosFit",-0.770188640378523
"6359","ANW69650.1","V159A","arth","humFit",-0.940724558026975
"6360","ANW69650.1","V159A","arth","birFit",-1.20669307556647
"6361","ANW69651.1","V159A","arth","mosFit",-0.770188640378523
"6362","ANW69651.1","V159A","arth","humFit",-0.940724558026975
"6363","ANW69651.1","V159A","arth","birFit",-1.20669307556647
"6364","ANW69652.1","V159A","arth","mosFit",-0.770188640378523
"6365","ANW69652.1","V159A","arth","humFit",-0.940724558026975
"6366","ANW69652.1","V159A","arth","birFit",-1.20669307556647
"6367","ANW69653.1","V159A","arth","mosFit",-0.770188640378523
"6368","ANW69653.1","V159A","arth","humFit",-0.940724558026975
"6369","ANW69653.1","V159A","arth","birFit",-1.20669307556647
"6370","ANW69654.1","V159A","arth","mosFit",-0.770188640378523
"6371","ANW69654.1","V159A","arth","humFit",-0.940724558026975
"6372","ANW69654.1","V159A","arth","birFit",-1.20669307556647
"6373","ANW69655.1","V159A","arth","mosFit",-0.770188640378523
"6374","ANW69655.1","V159A","arth","humFit",-0.940724558026975
"6375","ANW69655.1","V159A","arth","birFit",-1.20669307556647
"6376","ANW69658.1","V159A","bird","mosFit",-0.770188640378523
"6377","ANW69658.1","V159A","bird","humFit",-0.940724558026975
"6378","ANW69658.1","V159A","bird","birFit",-1.20669307556647
"6379","ANW69660.1","V159A","bird","mosFit",-0.770188640378523
"6380","ANW69660.1","V159A","bird","humFit",-0.940724558026975
"6381","ANW69660.1","V159A","bird","birFit",-1.20669307556647
"6382","ANW69661.1","V159A","bird","mosFit",-0.770188640378523
"6383","ANW69661.1","V159A","bird","humFit",-0.940724558026975
"6384","ANW69661.1","V159A","bird","birFit",-1.20669307556647
"6385","ANW69662.1","V159A","arth","mosFit",-0.770188640378523
"6386","ANW69662.1","V159A","arth","humFit",-0.940724558026975
"6387","ANW69662.1","V159A","arth","birFit",-1.20669307556647
"6388","ANW69669.1","V159A","arth","mosFit",-0.770188640378523
"6389","ANW69669.1","V159A","arth","humFit",-0.940724558026975
"6390","ANW69669.1","V159A","arth","birFit",-1.20669307556647
"6391","ANW69670.1","V159A","arth","mosFit",-0.770188640378523
"6392","ANW69670.1","V159A","arth","humFit",-0.940724558026975
"6393","ANW69670.1","V159A","arth","birFit",-1.20669307556647
"6394","ANW69674.1","Y176H","bird","mosFit",-0.384822626975956
"6395","ANW69674.1","Y176H","bird","humFit",-0.593918837077759
"6396","ANW69674.1","Y176H","bird","birFit",-0.89306289148201
"6397","ANW69675.1","Y176H","bird","mosFit",-0.384822626975956
"6398","ANW69675.1","Y176H","bird","humFit",-0.593918837077759
"6399","ANW69675.1","Y176H","bird","birFit",-0.89306289148201
"6400","ANW69676.1","Y176H","bird","mosFit",-0.384822626975956
"6401","ANW69676.1","Y176H","bird","humFit",-0.593918837077759
"6402","ANW69676.1","Y176H","bird","birFit",-0.89306289148201
"6403","ANW69677.1","V159A","bird","mosFit",-0.770188640378523
"6404","ANW69677.1","V159A","bird","humFit",-0.940724558026975
"6405","ANW69677.1","V159A","bird","birFit",-1.20669307556647
"6406","ANW69678.1","V159A","bird","mosFit",-0.770188640378523
"6407","ANW69678.1","V159A","bird","humFit",-0.940724558026975
"6408","ANW69678.1","V159A","bird","birFit",-1.20669307556647
"6409","ANW69679.1","V159A","bird","mosFit",-0.770188640378523
"6410","ANW69679.1","V159A","bird","humFit",-0.940724558026975
"6411","ANW69679.1","V159A","bird","birFit",-1.20669307556647
"6412","ANW69680.1","T409I","arth","mosFit",-1.02027417176903
"6413","ANW69680.1","T409I","arth","humFit",-1.04535720391532
"6414","ANW69680.1","T409I","arth","birFit",-1.01669059742538
"6415","ANW69680.1","V159A","arth","mosFit",-0.770188640378523
"6416","ANW69680.1","V159A","arth","humFit",-0.940724558026975
"6417","ANW69680.1","V159A","arth","birFit",-1.20669307556647
"6418","ANW69681.1","T409I","arth","mosFit",-1.02027417176903
"6419","ANW69681.1","T409I","arth","humFit",-1.04535720391532
"6420","ANW69681.1","T409I","arth","birFit",-1.01669059742538
"6421","ANW69681.1","V159A","arth","mosFit",-0.770188640378523
"6422","ANW69681.1","V159A","arth","humFit",-0.940724558026975
"6423","ANW69681.1","V159A","arth","birFit",-1.20669307556647
"6424","ANW69682.1","T409I","arth","mosFit",-1.02027417176903
"6425","ANW69682.1","T409I","arth","humFit",-1.04535720391532
"6426","ANW69682.1","T409I","arth","birFit",-1.01669059742538
"6427","ANW69682.1","V159A","arth","mosFit",-0.770188640378523
"6428","ANW69682.1","V159A","arth","humFit",-0.940724558026975
"6429","ANW69682.1","V159A","arth","birFit",-1.20669307556647
"6430","ANW69684.1","V159A","bird","mosFit",-0.770188640378523
"6431","ANW69684.1","V159A","bird","humFit",-0.940724558026975
"6432","ANW69684.1","V159A","bird","birFit",-1.20669307556647
"6433","ANW69685.1","V159A","bird","mosFit",-0.770188640378523
"6434","ANW69685.1","V159A","bird","humFit",-0.940724558026975
"6435","ANW69685.1","V159A","bird","birFit",-1.20669307556647
"6436","ANW69686.1","V159A","bird","mosFit",-0.770188640378523
"6437","ANW69686.1","V159A","bird","humFit",-0.940724558026975
"6438","ANW69686.1","V159A","bird","birFit",-1.20669307556647
"6439","ANW69687.1","V159A","bird","mosFit",-0.770188640378523
"6440","ANW69687.1","V159A","bird","humFit",-0.940724558026975
"6441","ANW69687.1","V159A","bird","birFit",-1.20669307556647
"6442","ANW69688.1","V159A","bird","mosFit",-0.770188640378523
"6443","ANW69688.1","V159A","bird","humFit",-0.940724558026975
"6444","ANW69688.1","V159A","bird","birFit",-1.20669307556647
"6445","ANW69693.1","V159A","bird","mosFit",-0.770188640378523
"6446","ANW69693.1","V159A","bird","humFit",-0.940724558026975
"6447","ANW69693.1","V159A","bird","birFit",-1.20669307556647
"6448","ANW69694.1","V159A","bird","mosFit",-0.770188640378523
"6449","ANW69694.1","V159A","bird","humFit",-0.940724558026975
"6450","ANW69694.1","V159A","bird","birFit",-1.20669307556647
"6451","ANW69695.1","S275P","bird","mosFit",-0.99076530841564
"6452","ANW69695.1","S275P","bird","humFit",-0.547085392103575
"6453","ANW69695.1","S275P","bird","birFit",-1.54289508488427
"6454","ANW69695.1","V159A","bird","mosFit",-0.770188640378523
"6455","ANW69695.1","V159A","bird","humFit",-0.940724558026975
"6456","ANW69695.1","V159A","bird","birFit",-1.20669307556647
"6457","ANW69696.1","S275P","bird","mosFit",-0.99076530841564
"6458","ANW69696.1","S275P","bird","humFit",-0.547085392103575
"6459","ANW69696.1","S275P","bird","birFit",-1.54289508488427
"6460","ANW69696.1","V159A","bird","mosFit",-0.770188640378523
"6461","ANW69696.1","V159A","bird","humFit",-0.940724558026975
"6462","ANW69696.1","V159A","bird","birFit",-1.20669307556647
"6463","ANW69699.1","V159A","arth","mosFit",-0.770188640378523
"6464","ANW69699.1","V159A","arth","humFit",-0.940724558026975
"6465","ANW69699.1","V159A","arth","birFit",-1.20669307556647
"6466","ANW69703.1","V159A","bird","mosFit",-0.770188640378523
"6467","ANW69703.1","V159A","bird","humFit",-0.940724558026975
"6468","ANW69703.1","V159A","bird","birFit",-1.20669307556647
"6469","ANW69704.1","A51T","arth","mosFit",-1.05030646712279
"6470","ANW69704.1","A51T","arth","humFit",-1.29546657960075
"6471","ANW69704.1","A51T","arth","birFit",-1.72619783601487
"6472","ANW69704.1","V159A","arth","mosFit",-0.770188640378523
"6473","ANW69704.1","V159A","arth","humFit",-0.940724558026975
"6474","ANW69704.1","V159A","arth","birFit",-1.20669307556647
"6475","ANW69705.1","A51T","arth","mosFit",-1.05030646712279
"6476","ANW69705.1","A51T","arth","humFit",-1.29546657960075
"6477","ANW69705.1","A51T","arth","birFit",-1.72619783601487
"6478","ANW69705.1","V159A","arth","mosFit",-0.770188640378523
"6479","ANW69705.1","V159A","arth","humFit",-0.940724558026975
"6480","ANW69705.1","V159A","arth","birFit",-1.20669307556647
"6481","ANW69706.1","A51T","arth","mosFit",-1.05030646712279
"6482","ANW69706.1","A51T","arth","humFit",-1.29546657960075
"6483","ANW69706.1","A51T","arth","birFit",-1.72619783601487
"6484","ANW69706.1","V159A","arth","mosFit",-0.770188640378523
"6485","ANW69706.1","V159A","arth","humFit",-0.940724558026975
"6486","ANW69706.1","V159A","arth","birFit",-1.20669307556647
"6487","ANW69714.1","V159A","bird","mosFit",-0.770188640378523
"6488","ANW69714.1","V159A","bird","humFit",-0.940724558026975
"6489","ANW69714.1","V159A","bird","birFit",-1.20669307556647
"6490","ANW69715.1","V159A","bird","mosFit",-0.770188640378523
"6491","ANW69715.1","V159A","bird","humFit",-0.940724558026975
"6492","ANW69715.1","V159A","bird","birFit",-1.20669307556647
"6493","ANW69720.1","I126V","arth","mosFit",-0.638126186245388
"6494","ANW69720.1","I126V","arth","humFit",-1.03939699431101
"6495","ANW69720.1","I126V","arth","birFit",-0.614499386478914
"6496","ANW69720.1","V159A","arth","mosFit",-0.770188640378523
"6497","ANW69720.1","V159A","arth","humFit",-0.940724558026975
"6498","ANW69720.1","V159A","arth","birFit",-1.20669307556647
"6499","ANW69721.1","I126V","arth","mosFit",-0.638126186245388
"6500","ANW69721.1","I126V","arth","humFit",-1.03939699431101
"6501","ANW69721.1","I126V","arth","birFit",-0.614499386478914
"6502","ANW69721.1","V159A","arth","mosFit",-0.770188640378523
"6503","ANW69721.1","V159A","arth","humFit",-0.940724558026975
"6504","ANW69721.1","V159A","arth","birFit",-1.20669307556647
"6505","ANW69723.1","V159A","bird","mosFit",-0.770188640378523
"6506","ANW69723.1","V159A","bird","humFit",-0.940724558026975
"6507","ANW69723.1","V159A","bird","birFit",-1.20669307556647
"6508","ANW69726.1","V159A","arth","mosFit",-0.770188640378523
"6509","ANW69726.1","V159A","arth","humFit",-0.940724558026975
"6510","ANW69726.1","V159A","arth","birFit",-1.20669307556647
"6511","ANW69727.1","V159A","arth","mosFit",-0.770188640378523
"6512","ANW69727.1","V159A","arth","humFit",-0.940724558026975
"6513","ANW69727.1","V159A","arth","birFit",-1.20669307556647
"6514","ANW69732.1","V159A","bird","mosFit",-0.770188640378523
"6515","ANW69732.1","V159A","bird","humFit",-0.940724558026975
"6516","ANW69732.1","V159A","bird","birFit",-1.20669307556647
"6517","ANW69733.1","V159A","bird","mosFit",-0.770188640378523
"6518","ANW69733.1","V159A","bird","humFit",-0.940724558026975
"6519","ANW69733.1","V159A","bird","birFit",-1.20669307556647
"6520","ANW69734.1","V159A","arth","mosFit",-0.770188640378523
"6521","ANW69734.1","V159A","arth","humFit",-0.940724558026975
"6522","ANW69734.1","V159A","arth","birFit",-1.20669307556647
"6523","ANW69735.1","V159A","arth","mosFit",-0.770188640378523
"6524","ANW69735.1","V159A","arth","humFit",-0.940724558026975
"6525","ANW69735.1","V159A","arth","birFit",-1.20669307556647
"6526","ANW69736.1","V159A","arth","mosFit",-0.770188640378523
"6527","ANW69736.1","V159A","arth","humFit",-0.940724558026975
"6528","ANW69736.1","V159A","arth","birFit",-1.20669307556647
"6529","ANW69738.1","V159A","bird","mosFit",-0.770188640378523
"6530","ANW69738.1","V159A","bird","humFit",-0.940724558026975
"6531","ANW69738.1","V159A","bird","birFit",-1.20669307556647
"6532","ANW69739.1","V159A","bird","mosFit",-0.770188640378523
"6533","ANW69739.1","V159A","bird","humFit",-0.940724558026975
"6534","ANW69739.1","V159A","bird","birFit",-1.20669307556647
"6535","ANW69740.1","V159A","arth","mosFit",-0.770188640378523
"6536","ANW69740.1","V159A","arth","humFit",-0.940724558026975
"6537","ANW69740.1","V159A","arth","birFit",-1.20669307556647
"6538","ANW69742.1","V159A","arth","mosFit",-0.770188640378523
"6539","ANW69742.1","V159A","arth","humFit",-0.940724558026975
"6540","ANW69742.1","V159A","arth","birFit",-1.20669307556647
"6541","ANW69746.1","V159A","arth","mosFit",-0.770188640378523
"6542","ANW69746.1","V159A","arth","humFit",-0.940724558026975
"6543","ANW69746.1","V159A","arth","birFit",-1.20669307556647
"6544","ANW69747.1","V159A","arth","mosFit",-0.770188640378523
"6545","ANW69747.1","V159A","arth","humFit",-0.940724558026975
"6546","ANW69747.1","V159A","arth","birFit",-1.20669307556647
"6547","ANW69748.1","V159A","arth","mosFit",-0.770188640378523
"6548","ANW69748.1","V159A","arth","humFit",-0.940724558026975
"6549","ANW69748.1","V159A","arth","birFit",-1.20669307556647
"6550","ANW69749.1","V159A","mam","mosFit",-0.770188640378523
"6551","ANW69749.1","V159A","mam","humFit",-0.940724558026975
"6552","ANW69749.1","V159A","mam","birFit",-1.20669307556647
"6553","ANW69749.1","Y61F","mam","mosFit",-0.519802766524369
"6554","ANW69749.1","Y61F","mam","humFit",-0.434317919379481
"6555","ANW69749.1","Y61F","mam","birFit",-0.656049006312719
"6556","ANW69750.1","V159A","mam","mosFit",-0.770188640378523
"6557","ANW69750.1","V159A","mam","humFit",-0.940724558026975
"6558","ANW69750.1","V159A","mam","birFit",-1.20669307556647
"6559","ANW69750.1","Y61F","mam","mosFit",-0.519802766524369
"6560","ANW69750.1","Y61F","mam","humFit",-0.434317919379481
"6561","ANW69750.1","Y61F","mam","birFit",-0.656049006312719
"6562","ANW69751.1","V159A","mam","mosFit",-0.770188640378523
"6563","ANW69751.1","V159A","mam","humFit",-0.940724558026975
"6564","ANW69751.1","V159A","mam","birFit",-1.20669307556647
"6565","ANW69751.1","Y61F","mam","mosFit",-0.519802766524369
"6566","ANW69751.1","Y61F","mam","humFit",-0.434317919379481
"6567","ANW69751.1","Y61F","mam","birFit",-0.656049006312719
"6568","ANW69755.1","S275T","bird","mosFit",-0.697216662353269
"6569","ANW69755.1","S275T","bird","humFit",-0.7914734755842
"6570","ANW69755.1","S275T","bird","birFit",-2.12431630061468
"6571","ANW69755.1","V159A","bird","mosFit",-0.770188640378523
"6572","ANW69755.1","V159A","bird","humFit",-0.940724558026975
"6573","ANW69755.1","V159A","bird","birFit",-1.20669307556647
"6574","ANW69756.1","S275T","bird","mosFit",-0.697216662353269
"6575","ANW69756.1","S275T","bird","humFit",-0.7914734755842
"6576","ANW69756.1","S275T","bird","birFit",-2.12431630061468
"6577","ANW69756.1","V159A","bird","mosFit",-0.770188640378523
"6578","ANW69756.1","V159A","bird","humFit",-0.940724558026975
"6579","ANW69756.1","V159A","bird","birFit",-1.20669307556647
"6580","ANW69757.1","S275T","bird","mosFit",-0.697216662353269
"6581","ANW69757.1","S275T","bird","humFit",-0.7914734755842
"6582","ANW69757.1","S275T","bird","birFit",-2.12431630061468
"6583","ANW69757.1","V159A","bird","mosFit",-0.770188640378523
"6584","ANW69757.1","V159A","bird","humFit",-0.940724558026975
"6585","ANW69757.1","V159A","bird","birFit",-1.20669307556647
"6586","ANW69762.1","V159A","arth","mosFit",-0.770188640378523
"6587","ANW69762.1","V159A","arth","humFit",-0.940724558026975
"6588","ANW69762.1","V159A","arth","birFit",-1.20669307556647
"6589","ANW69764.1","V159A","arth","mosFit",-0.770188640378523
"6590","ANW69764.1","V159A","arth","humFit",-0.940724558026975
"6591","ANW69764.1","V159A","arth","birFit",-1.20669307556647
"6592","ANW69765.1","V159A","arth","mosFit",-0.770188640378523
"6593","ANW69765.1","V159A","arth","humFit",-0.940724558026975
"6594","ANW69765.1","V159A","arth","birFit",-1.20669307556647
"6595","ANW69766.1","V159A","arth","mosFit",-0.770188640378523
"6596","ANW69766.1","V159A","arth","humFit",-0.940724558026975
"6597","ANW69766.1","V159A","arth","birFit",-1.20669307556647
"6598","ANW69767.1","V159A","bird","mosFit",-0.770188640378523
"6599","ANW69767.1","V159A","bird","humFit",-0.940724558026975
"6600","ANW69767.1","V159A","bird","birFit",-1.20669307556647
"6601","ANW69768.1","V159A","bird","mosFit",-0.770188640378523
"6602","ANW69768.1","V159A","bird","humFit",-0.940724558026975
"6603","ANW69768.1","V159A","bird","birFit",-1.20669307556647
"6604","ANW69769.1","V159A","bird","mosFit",-0.770188640378523
"6605","ANW69769.1","V159A","bird","humFit",-0.940724558026975
"6606","ANW69769.1","V159A","bird","birFit",-1.20669307556647
"6607","ANW69770.1","L12V","bird","mosFit",-0.435512962510652
"6608","ANW69770.1","L12V","bird","humFit",-1.25626384032105
"6609","ANW69770.1","L12V","bird","birFit",-2.03882610090883
"6610","ANW69770.1","V159A","bird","mosFit",-0.770188640378523
"6611","ANW69770.1","V159A","bird","humFit",-0.940724558026975
"6612","ANW69770.1","V159A","bird","birFit",-1.20669307556647
"6613","ANW69771.1","L12V","bird","mosFit",-0.435512962510652
"6614","ANW69771.1","L12V","bird","humFit",-1.25626384032105
"6615","ANW69771.1","L12V","bird","birFit",-2.03882610090883
"6616","ANW69771.1","V159A","bird","mosFit",-0.770188640378523
"6617","ANW69771.1","V159A","bird","humFit",-0.940724558026975
"6618","ANW69771.1","V159A","bird","birFit",-1.20669307556647
"6619","ANW69772.1","L12V","bird","mosFit",-0.435512962510652
"6620","ANW69772.1","L12V","bird","humFit",-1.25626384032105
"6621","ANW69772.1","L12V","bird","birFit",-2.03882610090883
"6622","ANW69772.1","V159A","bird","mosFit",-0.770188640378523
"6623","ANW69772.1","V159A","bird","humFit",-0.940724558026975
"6624","ANW69772.1","V159A","bird","birFit",-1.20669307556647
"6625","ANW69774.1","S7G","arth","mosFit",-0.815326839920627
"6626","ANW69774.1","S7G","arth","humFit",-0.617191461587733
"6627","ANW69774.1","S7G","arth","birFit",-1.15919874313601
"6628","ANW69774.1","V159A","arth","mosFit",-0.770188640378523
"6629","ANW69774.1","V159A","arth","humFit",-0.940724558026975
"6630","ANW69774.1","V159A","arth","birFit",-1.20669307556647
"6631","ANW69775.1","S7G","arth","mosFit",-0.815326839920627
"6632","ANW69775.1","S7G","arth","humFit",-0.617191461587733
"6633","ANW69775.1","S7G","arth","birFit",-1.15919874313601
"6634","ANW69775.1","V159A","arth","mosFit",-0.770188640378523
"6635","ANW69775.1","V159A","arth","humFit",-0.940724558026975
"6636","ANW69775.1","V159A","arth","birFit",-1.20669307556647
"6637","ANW69777.1","V159A","bird","mosFit",-0.770188640378523
"6638","ANW69777.1","V159A","bird","humFit",-0.940724558026975
"6639","ANW69777.1","V159A","bird","birFit",-1.20669307556647
"6640","ANW69781.1","V159A","arth","mosFit",-0.770188640378523
"6641","ANW69781.1","V159A","arth","humFit",-0.940724558026975
"6642","ANW69781.1","V159A","arth","birFit",-1.20669307556647
"6643","ANW69783.1","V159A","bird","mosFit",-0.770188640378523
"6644","ANW69783.1","V159A","bird","humFit",-0.940724558026975
"6645","ANW69783.1","V159A","bird","birFit",-1.20669307556647
"6646","AOX15333.1","V159A","bird","mosFit",-0.770188640378523
"6647","AOX15333.1","V159A","bird","humFit",-0.940724558026975
"6648","AOX15333.1","V159A","bird","birFit",-1.20669307556647
"6649","AOX15334.1","V159A","bird","mosFit",-0.770188640378523
"6650","AOX15334.1","V159A","bird","humFit",-0.940724558026975
"6651","AOX15334.1","V159A","bird","birFit",-1.20669307556647
"6652","AQP25645.1","I126T","arth","mosFit",-0.832702958949661
"6653","AQP25645.1","I126T","arth","humFit",-0.584793993478891
"6654","AQP25645.1","I126T","arth","birFit",-0.806393726680972
"6655","AQP25645.1","V159I","arth","mosFit",-0.558714890171021
"6656","AQP25645.1","V159I","arth","humFit",-0.558139699453942
"6657","AQP25645.1","V159I","arth","birFit",-2.32415508195564
"6658","AQP25646.1","I126T","bird","mosFit",-0.832702958949661
"6659","AQP25646.1","I126T","bird","humFit",-0.584793993478891
"6660","AQP25646.1","I126T","bird","birFit",-0.806393726680972
"6661","AQP25646.1","V159I","bird","mosFit",-0.558714890171021
"6662","AQP25646.1","V159I","bird","humFit",-0.558139699453942
"6663","AQP25646.1","V159I","bird","birFit",-2.32415508195564
"6664","ARK19324.1","V159A","arth","mosFit",-0.770188640378523
"6665","ARK19324.1","V159A","arth","humFit",-0.940724558026975
"6666","ARK19324.1","V159A","arth","birFit",-1.20669307556647
"6667","ARK19325.1","V159A","arth","mosFit",-0.770188640378523
"6668","ARK19325.1","V159A","arth","humFit",-0.940724558026975
"6669","ARK19325.1","V159A","arth","birFit",-1.20669307556647
"6670","ARK19326.1","K294R","arth","mosFit",-0.516255939445715
"6671","ARK19326.1","K294R","arth","humFit",-0.188280719287076
"6672","ARK19326.1","K294R","arth","birFit",-1.00109534714835
"6673","ARK19326.1","V159A","arth","mosFit",-0.770188640378523
"6674","ARK19326.1","V159A","arth","humFit",-0.940724558026975
"6675","ARK19326.1","V159A","arth","birFit",-1.20669307556647
"6676","ARK19328.1","V159A","arth","mosFit",-0.770188640378523
"6677","ARK19328.1","V159A","arth","humFit",-0.940724558026975
"6678","ARK19328.1","V159A","arth","birFit",-1.20669307556647
"6679","ARK19331.1","V159A","arth","mosFit",-0.770188640378523
"6680","ARK19331.1","V159A","arth","humFit",-0.940724558026975
"6681","ARK19331.1","V159A","arth","birFit",-1.20669307556647
"6682","ARK19332.1","V159A","arth","mosFit",-0.770188640378523
"6683","ARK19332.1","V159A","arth","humFit",-0.940724558026975
"6684","ARK19332.1","V159A","arth","birFit",-1.20669307556647
"6685","ARK19333.1","V159A","arth","mosFit",-0.770188640378523
"6686","ARK19333.1","V159A","arth","humFit",-0.940724558026975
"6687","ARK19333.1","V159A","arth","birFit",-1.20669307556647
"6688","ARK19334.1","V159A","arth","mosFit",-0.770188640378523
"6689","ARK19334.1","V159A","arth","humFit",-0.940724558026975
"6690","ARK19334.1","V159A","arth","birFit",-1.20669307556647
"6691","ARK19337.1","T409S","arth","mosFit",-1.2849356655787
"6692","ARK19337.1","T409S","arth","humFit",-1.41828427223205
"6693","ARK19337.1","T409S","arth","birFit",-2.2358225733571
"6694","ARK19337.1","V159A","arth","mosFit",-0.770188640378523
"6695","ARK19337.1","V159A","arth","humFit",-0.940724558026975
"6696","ARK19337.1","V159A","arth","birFit",-1.20669307556647
"6697","ATB18034.1","A365S","mam","mosFit",-0.587129969548876
"6698","ATB18034.1","A365S","mam","humFit",-0.661084416588615
"6699","ATB18034.1","A365S","mam","birFit",-0.919248377416798
"6700","ATB18034.1","I126T","mam","mosFit",-0.832702958949661
"6701","ATB18034.1","I126T","mam","humFit",-0.584793993478891
"6702","ATB18034.1","I126T","mam","birFit",-0.806393726680972
"6703","ATB18034.1","V159I","mam","mosFit",-0.558714890171021
"6704","ATB18034.1","V159I","mam","humFit",-0.558139699453942
"6705","ATB18034.1","V159I","mam","birFit",-2.32415508195564
"6706","ATN45389.1","I126T","arth","mosFit",-0.832702958949661
"6707","ATN45389.1","I126T","arth","humFit",-0.584793993478891
"6708","ATN45389.1","I126T","arth","birFit",-0.806393726680972
"6709","ATN45389.1","V159I","arth","mosFit",-0.558714890171021
"6710","ATN45389.1","V159I","arth","humFit",-0.558139699453942
"6711","ATN45389.1","V159I","arth","birFit",-2.32415508195564
"6712","ATV81381.1","V159A","arth","mosFit",-0.770188640378523
"6713","ATV81381.1","V159A","arth","humFit",-0.940724558026975
"6714","ATV81381.1","V159A","arth","birFit",-1.20669307556647
"6715","ATV81382.1","V159A","arth","mosFit",-0.770188640378523
"6716","ATV81382.1","V159A","arth","humFit",-0.940724558026975
"6717","ATV81382.1","V159A","arth","birFit",-1.20669307556647
"6718","ATV81383.1","V159A","arth","mosFit",-0.770188640378523
"6719","ATV81383.1","V159A","arth","humFit",-0.940724558026975
"6720","ATV81383.1","V159A","arth","birFit",-1.20669307556647
"6721","ATV81384.1","T231I","arth","mosFit",-0.830323554284183
"6722","ATV81384.1","T231I","arth","humFit",-0.966427198018468
"6723","ATV81384.1","T231I","arth","birFit",-1.01189256634156
"6724","ATV81384.1","V159A","arth","mosFit",-0.770188640378523
"6725","ATV81384.1","V159A","arth","humFit",-0.940724558026975
"6726","ATV81384.1","V159A","arth","birFit",-1.20669307556647
"6727","ATV81385.1","V159A","arth","mosFit",-0.770188640378523
"6728","ATV81385.1","V159A","arth","humFit",-0.940724558026975
"6729","ATV81385.1","V159A","arth","birFit",-1.20669307556647
"6730","ATV81386.1","T314I","arth","mosFit",-0.86976441545781
"6731","ATV81386.1","T314I","arth","humFit",-0.587260048238122
"6732","ATV81386.1","T314I","arth","birFit",-1.4444124199734
"6733","ATV81386.1","V159A","arth","mosFit",-0.770188640378523
"6734","ATV81386.1","V159A","arth","humFit",-0.940724558026975
"6735","ATV81386.1","V159A","arth","birFit",-1.20669307556647
"6736","ATV81387.1","V159A","arth","mosFit",-0.770188640378523
"6737","ATV81387.1","V159A","arth","humFit",-0.940724558026975
"6738","ATV81387.1","V159A","arth","birFit",-1.20669307556647
"6739","ATV81388.1","V159A","arth","mosFit",-0.770188640378523
"6740","ATV81388.1","V159A","arth","humFit",-0.940724558026975
"6741","ATV81388.1","V159A","arth","birFit",-1.20669307556647
"6742","ATV81389.1","V159A","arth","mosFit",-0.770188640378523
"6743","ATV81389.1","V159A","arth","humFit",-0.940724558026975
"6744","ATV81389.1","V159A","arth","birFit",-1.20669307556647
"6745","ATV81390.1","T332M","arth","mosFit",-0.900602572019952
"6746","ATV81390.1","T332M","arth","humFit",-0.82589076105299
"6747","ATV81390.1","T332M","arth","birFit",-1.15169560308363
"6748","ATV81390.1","V159A","arth","mosFit",-0.770188640378523
"6749","ATV81390.1","V159A","arth","humFit",-0.940724558026975
"6750","ATV81390.1","V159A","arth","birFit",-1.20669307556647
"6751","ATV81391.1","V159A","arth","mosFit",-0.770188640378523
"6752","ATV81391.1","V159A","arth","humFit",-0.940724558026975
"6753","ATV81391.1","V159A","arth","birFit",-1.20669307556647
"6754","ATV81392.1","V159A","arth","mosFit",-0.770188640378523
"6755","ATV81392.1","V159A","arth","humFit",-0.940724558026975
"6756","ATV81392.1","V159A","arth","birFit",-1.20669307556647
"6757","ATV81393.1","V159A","arth","mosFit",-0.770188640378523
"6758","ATV81393.1","V159A","arth","humFit",-0.940724558026975
"6759","ATV81393.1","V159A","arth","birFit",-1.20669307556647
"6760","ATV81394.1","V159A","arth","mosFit",-0.770188640378523
"6761","ATV81394.1","V159A","arth","humFit",-0.940724558026975
"6762","ATV81394.1","V159A","arth","birFit",-1.20669307556647
"6763","AVC05628.1","V159A","bird","mosFit",-0.770188640378523
"6764","AVC05628.1","V159A","bird","humFit",-0.940724558026975
"6765","AVC05628.1","V159A","bird","birFit",-1.20669307556647
"6766","AVC05629.1","V159A","bird","mosFit",-0.770188640378523
"6767","AVC05629.1","V159A","bird","humFit",-0.940724558026975
"6768","AVC05629.1","V159A","bird","birFit",-1.20669307556647
"6769","AVC05630.1","A120T","bird","mosFit",-0.627541668375108
"6770","AVC05630.1","A120T","bird","humFit",-0.673342265036723
"6771","AVC05630.1","A120T","bird","birFit",-1.35754651162979
"6772","AVC05630.1","K294R","bird","mosFit",-0.516255939445715
"6773","AVC05630.1","K294R","bird","humFit",-0.188280719287076
"6774","AVC05630.1","K294R","bird","birFit",-1.00109534714835
"6775","AVC05630.1","V159A","bird","mosFit",-0.770188640378523
"6776","AVC05630.1","V159A","bird","humFit",-0.940724558026975
"6777","AVC05630.1","V159A","bird","birFit",-1.20669307556647
"6778","AVC05631.1","V159A","bird","mosFit",-0.770188640378523
"6779","AVC05631.1","V159A","bird","humFit",-0.940724558026975
"6780","AVC05631.1","V159A","bird","birFit",-1.20669307556647
"6781","AVC05633.1","V159A","bird","mosFit",-0.770188640378523
"6782","AVC05633.1","V159A","bird","humFit",-0.940724558026975
"6783","AVC05633.1","V159A","bird","birFit",-1.20669307556647
"6784","AVC05634.1","I126M","arth","mosFit",-0.722249214014466
"6785","AVC05634.1","I126M","arth","humFit",-0.66766621900469
"6786","AVC05634.1","I126M","arth","birFit",-0.997492473929815
"6787","AVC05634.1","V159A","arth","mosFit",-0.770188640378523
"6788","AVC05634.1","V159A","arth","humFit",-0.940724558026975
"6789","AVC05634.1","V159A","arth","birFit",-1.20669307556647
"6790","AVC05635.1","V159A","arth","mosFit",-0.770188640378523
"6791","AVC05635.1","V159A","arth","humFit",-0.940724558026975
"6792","AVC05635.1","V159A","arth","birFit",-1.20669307556647
"6793","AVC05636.1","V159A","arth","mosFit",-0.770188640378523
"6794","AVC05636.1","V159A","arth","humFit",-0.940724558026975
"6795","AVC05636.1","V159A","arth","birFit",-1.20669307556647
"6796","AVC05638.1","V159A","arth","mosFit",-0.770188640378523
"6797","AVC05638.1","V159A","arth","humFit",-0.940724558026975
"6798","AVC05638.1","V159A","arth","birFit",-1.20669307556647
"6799","AVC05639.1","V159A","arth","mosFit",-0.770188640378523
"6800","AVC05639.1","V159A","arth","humFit",-0.940724558026975
"6801","AVC05639.1","V159A","arth","birFit",-1.20669307556647
"6802","AVC05640.1","V159A","arth","mosFit",-0.770188640378523
"6803","AVC05640.1","V159A","arth","humFit",-0.940724558026975
"6804","AVC05640.1","V159A","arth","birFit",-1.20669307556647
"6805","AVC05641.1","A51T","arth","mosFit",-1.05030646712279
"6806","AVC05641.1","A51T","arth","humFit",-1.29546657960075
"6807","AVC05641.1","A51T","arth","birFit",-1.72619783601487
"6808","AVC05641.1","V159A","arth","mosFit",-0.770188640378523
"6809","AVC05641.1","V159A","arth","humFit",-0.940724558026975
"6810","AVC05641.1","V159A","arth","birFit",-1.20669307556647
"6811","AVC05642.1","V159A","arth","mosFit",-0.770188640378523
"6812","AVC05642.1","V159A","arth","humFit",-0.940724558026975
"6813","AVC05642.1","V159A","arth","birFit",-1.20669307556647
"6814","AVC05643.1","V159A","arth","mosFit",-0.770188640378523
"6815","AVC05643.1","V159A","arth","humFit",-0.940724558026975
"6816","AVC05643.1","V159A","arth","birFit",-1.20669307556647
"6817","AVC05645.1","V159A","arth","mosFit",-0.770188640378523
"6818","AVC05645.1","V159A","arth","humFit",-0.940724558026975
"6819","AVC05645.1","V159A","arth","birFit",-1.20669307556647
"6820","AVC05645.1","V491I","arth","mosFit",-0.814756482670367
"6821","AVC05645.1","V491I","arth","humFit",-0.714914308092557
"6822","AVC05645.1","V491I","arth","birFit",-0.801895953896601
"6823","AVC05646.1","N347S","arth","mosFit",-0.448049549277471
"6824","AVC05646.1","N347S","arth","humFit",-0.504961766882462
"6825","AVC05646.1","N347S","arth","birFit",-0.382211805060756
"6826","AVC05646.1","V159A","arth","mosFit",-0.770188640378523
"6827","AVC05646.1","V159A","arth","humFit",-0.940724558026975
"6828","AVC05646.1","V159A","arth","birFit",-1.20669307556647
"6829","AVC05647.1","A487S","arth","mosFit",-1.24134490129763
"6830","AVC05647.1","A487S","arth","humFit",-1.72614184096093
"6831","AVC05647.1","A487S","arth","birFit",-1.78155532098428
"6832","AVC05647.1","F485L","arth","mosFit",-1.26189255064487
"6833","AVC05647.1","F485L","arth","humFit",-1.24856204747086
"6834","AVC05647.1","F485L","arth","birFit",-1.29654709798891
"6835","AVC05647.1","V159A","arth","mosFit",-0.770188640378523
"6836","AVC05647.1","V159A","arth","humFit",-0.940724558026975
"6837","AVC05647.1","V159A","arth","birFit",-1.20669307556647
"6838","AVY51411.1","E293G","mam","mosFit",-0.416794598704496
"6839","AVY51411.1","E293G","mam","humFit",-0.201067412937516
"6840","AVY51411.1","E293G","mam","birFit",-0.27038668011542
"6841","AVY51411.1","V159A","mam","mosFit",-0.770188640378523
"6842","AVY51411.1","V159A","mam","humFit",-0.940724558026975
"6843","AVY51411.1","V159A","mam","birFit",-1.20669307556647
"6844","AXG32147.1","V159A","arth","mosFit",-0.770188640378523
"6845","AXG32147.1","V159A","arth","humFit",-0.940724558026975
"6846","AXG32147.1","V159A","arth","birFit",-1.20669307556647
"6847","AXG32148.1","V159A","arth","mosFit",-0.770188640378523
"6848","AXG32148.1","V159A","arth","humFit",-0.940724558026975
"6849","AXG32148.1","V159A","arth","birFit",-1.20669307556647
"6850","AXG32149.1","V159A","arth","mosFit",-0.770188640378523
"6851","AXG32149.1","V159A","arth","humFit",-0.940724558026975
"6852","AXG32149.1","V159A","arth","birFit",-1.20669307556647
"6853","AXG32150.1","V159A","arth","mosFit",-0.770188640378523
"6854","AXG32150.1","V159A","arth","humFit",-0.940724558026975
"6855","AXG32150.1","V159A","arth","birFit",-1.20669307556647
"6856","AXG32151.1","T366A","arth","mosFit",-0.762015985029108
"6857","AXG32151.1","T366A","arth","humFit",-0.814749328165478
"6858","AXG32151.1","T366A","arth","birFit",-1.75382394612925
"6859","AXG32151.1","V159A","arth","mosFit",-0.770188640378523
"6860","AXG32151.1","V159A","arth","humFit",-0.940724558026975
"6861","AXG32151.1","V159A","arth","birFit",-1.20669307556647
"6862","AXG32152.1","T123N","arth","mosFit",-0.14848344037329
"6863","AXG32152.1","T123N","arth","humFit",0.364382738576224
"6864","AXG32152.1","T123N","arth","birFit",-0.482392159907358
"6865","AXG32152.1","V159A","arth","mosFit",-0.770188640378523
"6866","AXG32152.1","V159A","arth","humFit",-0.940724558026975
"6867","AXG32152.1","V159A","arth","birFit",-1.20669307556647
"6868","AXG32153.1","V31A","arth","mosFit",-1.3096817642043
"6869","AXG32153.1","V31A","arth","humFit",-1.39103015440663
"6870","AXG32153.1","V31A","arth","birFit",-1.72472176607309
"6871","AXG32153.1","V159A","arth","mosFit",-0.770188640378523
"6872","AXG32153.1","V159A","arth","humFit",-0.940724558026975
"6873","AXG32153.1","V159A","arth","birFit",-1.20669307556647
"6874","AXG32154.1","V159A","arth","mosFit",-0.770188640378523
"6875","AXG32154.1","V159A","arth","humFit",-0.940724558026975
"6876","AXG32154.1","V159A","arth","birFit",-1.20669307556647
"6877","AXG32155.1","V159A","arth","mosFit",-0.770188640378523
"6878","AXG32155.1","V159A","arth","humFit",-0.940724558026975
"6879","AXG32155.1","V159A","arth","birFit",-1.20669307556647
"6880","AXG32156.1","V159A","arth","mosFit",-0.770188640378523
"6881","AXG32156.1","V159A","arth","humFit",-0.940724558026975
"6882","AXG32156.1","V159A","arth","birFit",-1.20669307556647
"6883","AXG32157.1","A51T","arth","mosFit",-1.05030646712279
"6884","AXG32157.1","A51T","arth","humFit",-1.29546657960075
"6885","AXG32157.1","A51T","arth","birFit",-1.72619783601487
"6886","AXG32157.1","V159A","arth","mosFit",-0.770188640378523
"6887","AXG32157.1","V159A","arth","humFit",-0.940724558026975
"6888","AXG32157.1","V159A","arth","birFit",-1.20669307556647
"6889","AXG32159.1","G319S","arth","mosFit",-1.0087545719356
"6890","AXG32159.1","G319S","arth","humFit",-1.24673009519862
"6891","AXG32159.1","G319S","arth","birFit",-1.63499761343554
"6892","AXG32159.1","V159A","arth","mosFit",-0.770188640378523
"6893","AXG32159.1","V159A","arth","humFit",-0.940724558026975
"6894","AXG32159.1","V159A","arth","birFit",-1.20669307556647
"6895","AXG32160.1","V159A","arth","mosFit",-0.770188640378523
"6896","AXG32160.1","V159A","arth","humFit",-0.940724558026975
"6897","AXG32160.1","V159A","arth","birFit",-1.20669307556647
"6898","AXG32161.1","A51T","arth","mosFit",-1.05030646712279
"6899","AXG32161.1","A51T","arth","humFit",-1.29546657960075
"6900","AXG32161.1","A51T","arth","birFit",-1.72619783601487
"6901","AXG32161.1","V159A","arth","mosFit",-0.770188640378523
"6902","AXG32161.1","V159A","arth","humFit",-0.940724558026975
"6903","AXG32161.1","V159A","arth","birFit",-1.20669307556647
"6904","AXG32162.1","V159A","arth","mosFit",-0.770188640378523
"6905","AXG32162.1","V159A","arth","humFit",-0.940724558026975
"6906","AXG32162.1","V159A","arth","birFit",-1.20669307556647
"6907","AXG32163.1","V159A","arth","mosFit",-0.770188640378523
"6908","AXG32163.1","V159A","arth","humFit",-0.940724558026975
"6909","AXG32163.1","V159A","arth","birFit",-1.20669307556647
"6910","AXG32164.1","V159A","arth","mosFit",-0.770188640378523
"6911","AXG32164.1","V159A","arth","humFit",-0.940724558026975
"6912","AXG32164.1","V159A","arth","birFit",-1.20669307556647
"6913","AXG32165.1","V159A","arth","mosFit",-0.770188640378523
"6914","AXG32165.1","V159A","arth","humFit",-0.940724558026975
"6915","AXG32165.1","V159A","arth","birFit",-1.20669307556647
"6916","AXG32166.1","V159A","arth","mosFit",-0.770188640378523
"6917","AXG32166.1","V159A","arth","humFit",-0.940724558026975
"6918","AXG32166.1","V159A","arth","birFit",-1.20669307556647
"6919","AXG32168.1","V159A","arth","mosFit",-0.770188640378523
"6920","AXG32168.1","V159A","arth","humFit",-0.940724558026975
"6921","AXG32168.1","V159A","arth","birFit",-1.20669307556647
"6922","AYV87262.1","V159A","bird","mosFit",-0.770188640378523
"6923","AYV87262.1","V159A","bird","humFit",-0.940724558026975
"6924","AYV87262.1","V159A","bird","birFit",-1.20669307556647
"6925","AYV87263.1","Q296R","arth","mosFit",1.02105617017203
"6926","AYV87263.1","Q296R","arth","humFit",0.907624560969056
"6927","AYV87263.1","Q296R","arth","birFit",0.837946597397293
"6928","AYV87263.1","V159A","arth","mosFit",-0.770188640378523
"6929","AYV87263.1","V159A","arth","humFit",-0.940724558026975
"6930","AYV87263.1","V159A","arth","birFit",-1.20669307556647
"6931","AYV87264.1","T278A","arth","mosFit",-0.384300485463585
"6932","AYV87264.1","T278A","arth","humFit",-0.468516602515339
"6933","AYV87264.1","T278A","arth","birFit",-0.914175099293184
"6934","AYV87264.1","V159A","arth","mosFit",-0.770188640378523
"6935","AYV87264.1","V159A","arth","humFit",-0.940724558026975
"6936","AYV87264.1","V159A","arth","birFit",-1.20669307556647
"6937","AYV87266.1","A89V","arth","mosFit",-1.23654462617329
"6938","AYV87266.1","A89V","arth","humFit",-1.02678797105557
"6939","AYV87266.1","A89V","arth","birFit",-1.69067188292992
"6940","AYV87267.1","V159A","arth","mosFit",-0.770188640378523
"6941","AYV87267.1","V159A","arth","humFit",-0.940724558026975
"6942","AYV87267.1","V159A","arth","birFit",-1.20669307556647
"6943","AYV87268.1","V159A","arth","mosFit",-0.770188640378523
"6944","AYV87268.1","V159A","arth","humFit",-0.940724558026975
"6945","AYV87268.1","V159A","arth","birFit",-1.20669307556647
"6946","AYV87269.1","V159A","arth","mosFit",-0.770188640378523
"6947","AYV87269.1","V159A","arth","humFit",-0.940724558026975
"6948","AYV87269.1","V159A","arth","birFit",-1.20669307556647
"6949","AYV87270.1","V159A","arth","mosFit",-0.770188640378523
"6950","AYV87270.1","V159A","arth","humFit",-0.940724558026975
"6951","AYV87270.1","V159A","arth","birFit",-1.20669307556647
"6952","AYV87271.1","V159A","arth","mosFit",-0.770188640378523
"6953","AYV87271.1","V159A","arth","humFit",-0.940724558026975
"6954","AYV87271.1","V159A","arth","birFit",-1.20669307556647
"6955","AYV87272.1","V159A","arth","mosFit",-0.770188640378523
"6956","AYV87272.1","V159A","arth","humFit",-0.940724558026975
"6957","AYV87272.1","V159A","arth","birFit",-1.20669307556647
"6958","AYV87273.1","V159A","arth","mosFit",-0.770188640378523
"6959","AYV87273.1","V159A","arth","humFit",-0.940724558026975
"6960","AYV87273.1","V159A","arth","birFit",-1.20669307556647
"6961","AYV87274.1","E293G","arth","mosFit",-0.416794598704496
"6962","AYV87274.1","E293G","arth","humFit",-0.201067412937516
"6963","AYV87274.1","E293G","arth","birFit",-0.27038668011542
"6964","AYV87274.1","V159A","arth","mosFit",-0.770188640378523
"6965","AYV87274.1","V159A","arth","humFit",-0.940724558026975
"6966","AYV87274.1","V159A","arth","birFit",-1.20669307556647
"6967","AYV87275.1","V159A","arth","mosFit",-0.770188640378523
"6968","AYV87275.1","V159A","arth","humFit",-0.940724558026975
"6969","AYV87275.1","V159A","arth","birFit",-1.20669307556647
"6970","AYV87276.1","V159A","arth","mosFit",-0.770188640378523
"6971","AYV87276.1","V159A","arth","humFit",-0.940724558026975
"6972","AYV87276.1","V159A","arth","birFit",-1.20669307556647
"6973","AYV87277.1","V159A","arth","mosFit",-0.770188640378523
"6974","AYV87277.1","V159A","arth","humFit",-0.940724558026975
"6975","AYV87277.1","V159A","arth","birFit",-1.20669307556647
"6976","AYV87279.1","V159A","arth","mosFit",-0.770188640378523
"6977","AYV87279.1","V159A","arth","humFit",-0.940724558026975
"6978","AYV87279.1","V159A","arth","birFit",-1.20669307556647
"6979","AYV87281.1","V159A","arth","mosFit",-0.770188640378523
"6980","AYV87281.1","V159A","arth","humFit",-0.940724558026975
"6981","AYV87281.1","V159A","arth","birFit",-1.20669307556647
"6982","AYV87282.1","V188M","bird","mosFit",-1.03158322918261
"6983","AYV87282.1","V188M","bird","humFit",-0.774812134304375
"6984","AYV87282.1","V188M","bird","birFit",-1.22185690465314
"6985","AYV87285.1","V159A","arth","mosFit",-0.770188640378523
"6986","AYV87285.1","V159A","arth","humFit",-0.940724558026975
"6987","AYV87285.1","V159A","arth","birFit",-1.20669307556647
"6988","AYV87287.1","T409A","arth","mosFit",-1.02910327109029
"6989","AYV87287.1","T409A","arth","humFit",-1.30042702638517
"6990","AYV87287.1","T409A","arth","birFit",-1.37092450032997
"6991","AYV87287.1","V159A","arth","mosFit",-0.770188640378523
"6992","AYV87287.1","V159A","arth","humFit",-0.940724558026975
"6993","AYV87287.1","V159A","arth","birFit",-1.20669307556647
"6994","AYV87288.1","T208S","arth","mosFit",-0.369599183282527
"6995","AYV87288.1","T208S","arth","humFit",0.0964096555503091
"6996","AYV87288.1","T208S","arth","birFit",-0.115218209260233
"6997","AYV87288.1","V159A","arth","mosFit",-0.770188640378523
"6998","AYV87288.1","V159A","arth","humFit",-0.940724558026975
"6999","AYV87288.1","V159A","arth","birFit",-1.20669307556647
"7000","AYV87289.1","V159A","arth","mosFit",-0.770188640378523
"7001","AYV87289.1","V159A","arth","humFit",-0.940724558026975
"7002","AYV87289.1","V159A","arth","birFit",-1.20669307556647
"7003","AYV87290.1","L412F","arth","mosFit",-1.37565594648295
"7004","AYV87290.1","L412F","arth","humFit",-1.19849354893594
"7005","AYV87290.1","L412F","arth","birFit",-1.69757764928015
"7006","AYV87290.1","V159A","arth","mosFit",-0.770188640378523
"7007","AYV87290.1","V159A","arth","humFit",-0.940724558026975
"7008","AYV87290.1","V159A","arth","birFit",-1.20669307556647
"7009","AYV87293.1","I460L","arth","mosFit",-1.91929017954616
"7010","AYV87293.1","I460L","arth","humFit",-1.67102546864733
"7011","AYV87293.1","I460L","arth","birFit",-1.98469035132318
"7012","AYV87293.1","V159A","arth","mosFit",-0.770188640378523
"7013","AYV87293.1","V159A","arth","humFit",-0.940724558026975
"7014","AYV87293.1","V159A","arth","birFit",-1.20669307556647
"7015","AYV87294.1","V159A","arth","mosFit",-0.770188640378523
"7016","AYV87294.1","V159A","arth","humFit",-0.940724558026975
"7017","AYV87294.1","V159A","arth","birFit",-1.20669307556647
"7018","AYV87295.1","V159A","arth","mosFit",-0.770188640378523
"7019","AYV87295.1","V159A","arth","humFit",-0.940724558026975
"7020","AYV87295.1","V159A","arth","birFit",-1.20669307556647
"7021","AYV87296.1","V159A","arth","mosFit",-0.770188640378523
"7022","AYV87296.1","V159A","arth","humFit",-0.940724558026975
"7023","AYV87296.1","V159A","arth","birFit",-1.20669307556647
"7024","AYV87297.1","V159A","arth","mosFit",-0.770188640378523
"7025","AYV87297.1","V159A","arth","humFit",-0.940724558026975
"7026","AYV87297.1","V159A","arth","birFit",-1.20669307556647
"7027","AYV87300.1","Q296R","arth","mosFit",1.02105617017203
"7028","AYV87300.1","Q296R","arth","humFit",0.907624560969056
"7029","AYV87300.1","Q296R","arth","birFit",0.837946597397293
"7030","AYV87300.1","V159A","arth","mosFit",-0.770188640378523
"7031","AYV87300.1","V159A","arth","humFit",-0.940724558026975
"7032","AYV87300.1","V159A","arth","birFit",-1.20669307556647
"7033","AYV87313.1","V159A","bird","mosFit",-0.770188640378523
"7034","AYV87313.1","V159A","bird","humFit",-0.940724558026975
"7035","AYV87313.1","V159A","bird","birFit",-1.20669307556647
"7036","AYV87315.1","V159A","arth","mosFit",-0.770188640378523
"7037","AYV87315.1","V159A","arth","humFit",-0.940724558026975
"7038","AYV87315.1","V159A","arth","birFit",-1.20669307556647
"7039","AYV87318.1","V159A","bird","mosFit",-0.770188640378523
"7040","AYV87318.1","V159A","bird","humFit",-0.940724558026975
"7041","AYV87318.1","V159A","bird","birFit",-1.20669307556647
"7042","AYV87320.1","S452T","bird","mosFit",-1.18684133267676
"7043","AYV87320.1","S452T","bird","humFit",-1.27927469385996
"7044","AYV87320.1","S452T","bird","birFit",-1.42643171154465
"7045","AYV87320.1","V159A","bird","mosFit",-0.770188640378523
"7046","AYV87320.1","V159A","bird","humFit",-0.940724558026975
"7047","AYV87320.1","V159A","bird","birFit",-1.20669307556647
"7048","AYV87321.1","V159A","bird","mosFit",-0.770188640378523
"7049","AYV87321.1","V159A","bird","humFit",-0.940724558026975
"7050","AYV87321.1","V159A","bird","birFit",-1.20669307556647
"7051","AYV87325.1","V159A","bird","mosFit",-0.770188640378523
"7052","AYV87325.1","V159A","bird","humFit",-0.940724558026975
"7053","AYV87325.1","V159A","bird","birFit",-1.20669307556647
"7054","AYV87326.1","E138D","arth","mosFit",-1.10977402329005
"7055","AYV87326.1","E138D","arth","humFit",-2.05527685136848
"7056","AYV87326.1","E138D","arth","birFit",-2.86979553040024
"7057","AYV87326.1","V159A","arth","mosFit",-0.770188640378523
"7058","AYV87326.1","V159A","arth","humFit",-0.940724558026975
"7059","AYV87326.1","V159A","arth","birFit",-1.20669307556647
"7060","AYV87327.1","V159A","arth","mosFit",-0.770188640378523
"7061","AYV87327.1","V159A","arth","humFit",-0.940724558026975
"7062","AYV87327.1","V159A","arth","birFit",-1.20669307556647
"7063","AYV87328.1","V159A","arth","mosFit",-0.770188640378523
"7064","AYV87328.1","V159A","arth","humFit",-0.940724558026975
"7065","AYV87328.1","V159A","arth","birFit",-1.20669307556647
"7066","AYV87330.1","V159A","arth","mosFit",-0.770188640378523
"7067","AYV87330.1","V159A","arth","humFit",-0.940724558026975
"7068","AYV87330.1","V159A","arth","birFit",-1.20669307556647
"7069","AYV87331.1","V159A","arth","mosFit",-0.770188640378523
"7070","AYV87331.1","V159A","arth","humFit",-0.940724558026975
"7071","AYV87331.1","V159A","arth","birFit",-1.20669307556647
"7072","AYV87332.1","V159A","arth","mosFit",-0.770188640378523
"7073","AYV87332.1","V159A","arth","humFit",-0.940724558026975
"7074","AYV87332.1","V159A","arth","birFit",-1.20669307556647
"7075","AYV87333.1","V159A","arth","mosFit",-0.770188640378523
"7076","AYV87333.1","V159A","arth","humFit",-0.940724558026975
"7077","AYV87333.1","V159A","arth","birFit",-1.20669307556647
"7078","AYV87334.1","N347D","arth","mosFit",-0.96389438858025
"7079","AYV87334.1","N347D","arth","humFit",-1.18195804224441
"7080","AYV87334.1","N347D","arth","birFit",-0.906618051913021
"7081","AYV87334.1","V159A","arth","mosFit",-0.770188640378523
"7082","AYV87334.1","V159A","arth","humFit",-0.940724558026975
"7083","AYV87334.1","V159A","arth","birFit",-1.20669307556647
"7084","AYV87336.1","V159A","arth","mosFit",-0.770188640378523
"7085","AYV87336.1","V159A","arth","humFit",-0.940724558026975
"7086","AYV87336.1","V159A","arth","birFit",-1.20669307556647
"7087","AYV87338.1","F435L","arth","mosFit",-0.745204336717537
"7088","AYV87338.1","F435L","arth","humFit",-0.76928658568835
"7089","AYV87338.1","F435L","arth","birFit",-0.981909038441853
"7090","AYV87338.1","V159A","arth","mosFit",-0.770188640378523
"7091","AYV87338.1","V159A","arth","humFit",-0.940724558026975
"7092","AYV87338.1","V159A","arth","birFit",-1.20669307556647
"7093","AYV87339.1","V159A","arth","mosFit",-0.770188640378523
"7094","AYV87339.1","V159A","arth","humFit",-0.940724558026975
"7095","AYV87339.1","V159A","arth","birFit",-1.20669307556647
"7096","AYV87340.1","V159A","arth","mosFit",-0.770188640378523
"7097","AYV87340.1","V159A","arth","humFit",-0.940724558026975
"7098","AYV87340.1","V159A","arth","birFit",-1.20669307556647
"7099","AYV87341.1","K179R","bird","mosFit",-0.541298996496757
"7100","AYV87341.1","K179R","bird","humFit",-0.296487176548762
"7101","AYV87341.1","K179R","bird","birFit",-1.42143961060032
"7102","AYV87341.1","V159A","bird","mosFit",-0.770188640378523
"7103","AYV87341.1","V159A","bird","humFit",-0.940724558026975
"7104","AYV87341.1","V159A","bird","birFit",-1.20669307556647
"7105","AYV87343.1","V159A","bird","mosFit",-0.770188640378523
"7106","AYV87343.1","V159A","bird","humFit",-0.940724558026975
"7107","AYV87343.1","V159A","bird","birFit",-1.20669307556647
"7108","AYV87344.1","K71R","arth","mosFit",-0.649995956031295
"7109","AYV87344.1","K71R","arth","humFit",-0.838634812807761
"7110","AYV87344.1","K71R","arth","birFit",-1.87348861748912
"7111","AYV87344.1","V159A","arth","mosFit",-0.770188640378523
"7112","AYV87344.1","V159A","arth","humFit",-0.940724558026975
"7113","AYV87344.1","V159A","arth","birFit",-1.20669307556647
"7114","AYV87344.1","V304I","arth","mosFit",-0.800370255200614
"7115","AYV87344.1","V304I","arth","humFit",-0.558903162713406
"7116","AYV87344.1","V304I","arth","birFit",-1.21325860097435
"7117","AYV87345.1","V159A","arth","mosFit",-0.770188640378523
"7118","AYV87345.1","V159A","arth","humFit",-0.940724558026975
"7119","AYV87345.1","V159A","arth","birFit",-1.20669307556647
"7120","AYV87346.1","A308T","arth","mosFit",-0.744519827083195
"7121","AYV87346.1","A308T","arth","humFit",-0.74146150055233
"7122","AYV87346.1","A308T","arth","birFit",-1.06146365322782
"7123","AYV87346.1","V159A","arth","mosFit",-0.770188640378523
"7124","AYV87346.1","V159A","arth","humFit",-0.940724558026975
"7125","AYV87346.1","V159A","arth","birFit",-1.20669307556647
"7126","AYV87347.1","V159A","arth","mosFit",-0.770188640378523
"7127","AYV87347.1","V159A","arth","humFit",-0.940724558026975
"7128","AYV87347.1","V159A","arth","birFit",-1.20669307556647
"7129","AYV87348.1","V159A","arth","mosFit",-0.770188640378523
"7130","AYV87348.1","V159A","arth","humFit",-0.940724558026975
"7131","AYV87348.1","V159A","arth","birFit",-1.20669307556647
"7132","AYV87349.1","A51V","arth","mosFit",-0.902067644511989
"7133","AYV87349.1","A51V","arth","humFit",-1.00081786543754
"7134","AYV87349.1","A51V","arth","birFit",-1.36242609486587
"7135","AYV87349.1","V159A","arth","mosFit",-0.770188640378523
"7136","AYV87349.1","V159A","arth","humFit",-0.940724558026975
"7137","AYV87349.1","V159A","arth","birFit",-1.20669307556647
"7138","AYV87352.1","V159A","arth","mosFit",-0.770188640378523
"7139","AYV87352.1","V159A","arth","humFit",-0.940724558026975
"7140","AYV87352.1","V159A","arth","birFit",-1.20669307556647
"7141","AYV87354.1","V159A","bird","mosFit",-0.770188640378523
"7142","AYV87354.1","V159A","bird","humFit",-0.940724558026975
"7143","AYV87354.1","V159A","bird","birFit",-1.20669307556647
"7144","AYV87355.1","V159A","bird","mosFit",-0.770188640378523
"7145","AYV87355.1","V159A","bird","humFit",-0.940724558026975
"7146","AYV87355.1","V159A","bird","birFit",-1.20669307556647
"7147","AYV87356.1","A172T","bird","mosFit",-1.14168714718688
"7148","AYV87356.1","A172T","bird","humFit",-1.10853754844078
"7149","AYV87356.1","A172T","bird","birFit",-1.95801318644097
"7150","AYV87356.1","V15A","bird","mosFit",-0.91505577257212
"7151","AYV87356.1","V15A","bird","humFit",-1.15973370086932
"7152","AYV87356.1","V15A","bird","birFit",-1.31870385210641
"7153","AYV87356.1","V159A","bird","mosFit",-0.770188640378523
"7154","AYV87356.1","V159A","bird","humFit",-0.940724558026975
"7155","AYV87356.1","V159A","bird","birFit",-1.20669307556647
"7156","AYV87357.1","V159A","bird","mosFit",-0.770188640378523
"7157","AYV87357.1","V159A","bird","humFit",-0.940724558026975
"7158","AYV87357.1","V159A","bird","birFit",-1.20669307556647
"7159","AYV87359.1","V159A","arth","mosFit",-0.770188640378523
"7160","AYV87359.1","V159A","arth","humFit",-0.940724558026975
"7161","AYV87359.1","V159A","arth","birFit",-1.20669307556647
"7162","AYV87361.1","V159A","bird","mosFit",-0.770188640378523
"7163","AYV87361.1","V159A","bird","humFit",-0.940724558026975
"7164","AYV87361.1","V159A","bird","birFit",-1.20669307556647
"7165","QAA79291.1","V159A","bird","mosFit",-0.770188640378523
"7166","QAA79291.1","V159A","bird","humFit",-0.940724558026975
"7167","QAA79291.1","V159A","bird","birFit",-1.20669307556647
"7168","QAA79291.1","V431I","bird","mosFit",-1.5618331725051
"7169","QAA79291.1","V431I","bird","humFit",-1.65018063952008
"7170","QAA79291.1","V431I","bird","birFit",-1.4496843005941
"7171","QAA79292.1","V159A","bird","mosFit",-0.770188640378523
"7172","QAA79292.1","V159A","bird","humFit",-0.940724558026975
"7173","QAA79292.1","V159A","bird","birFit",-1.20669307556647
"7174","QAA79292.1","V431I","bird","mosFit",-1.5618331725051
"7175","QAA79292.1","V431I","bird","humFit",-1.65018063952008
"7176","QAA79292.1","V431I","bird","birFit",-1.4496843005941
"7177","QAA79293.1","V159A","bird","mosFit",-0.770188640378523
"7178","QAA79293.1","V159A","bird","humFit",-0.940724558026975
"7179","QAA79293.1","V159A","bird","birFit",-1.20669307556647
"7180","QAA79293.1","V431I","bird","mosFit",-1.5618331725051
"7181","QAA79293.1","V431I","bird","humFit",-1.65018063952008
"7182","QAA79293.1","V431I","bird","birFit",-1.4496843005941
"7183","QAA79294.1","V159A","bird","mosFit",-0.770188640378523
"7184","QAA79294.1","V159A","bird","humFit",-0.940724558026975
"7185","QAA79294.1","V159A","bird","birFit",-1.20669307556647
"7186","QAA79294.1","V431I","bird","mosFit",-1.5618331725051
"7187","QAA79294.1","V431I","bird","humFit",-1.65018063952008
"7188","QAA79294.1","V431I","bird","birFit",-1.4496843005941
"7189","QAA79294.1","V488I","bird","mosFit",-1.31964273869515
"7190","QAA79294.1","V488I","bird","humFit",-0.8797962367099
"7191","QAA79294.1","V488I","bird","birFit",-1.01403221118434
"7192","QAA79295.1","V24I","bird","mosFit",-0.696264322618001
"7193","QAA79295.1","V24I","bird","humFit",-0.63042658372981
"7194","QAA79295.1","V24I","bird","birFit",-0.460908983172413
"7195","QAA79295.1","V159A","bird","mosFit",-0.770188640378523
"7196","QAA79295.1","V159A","bird","humFit",-0.940724558026975
"7197","QAA79295.1","V159A","bird","birFit",-1.20669307556647
"7198","QAA79295.1","V431I","bird","mosFit",-1.5618331725051
"7199","QAA79295.1","V431I","bird","humFit",-1.65018063952008
"7200","QAA79295.1","V431I","bird","birFit",-1.4496843005941
"7201","QAA79296.1","V159A","bird","mosFit",-0.770188640378523
"7202","QAA79296.1","V159A","bird","humFit",-0.940724558026975
"7203","QAA79296.1","V159A","bird","birFit",-1.20669307556647
"7204","QAA79297.1","V159A","bird","mosFit",-0.770188640378523
"7205","QAA79297.1","V159A","bird","humFit",-0.940724558026975
"7206","QAA79297.1","V159A","bird","birFit",-1.20669307556647
"7207","QAA79298.1","V159A","bird","mosFit",-0.770188640378523
"7208","QAA79298.1","V159A","bird","humFit",-0.940724558026975
"7209","QAA79298.1","V159A","bird","birFit",-1.20669307556647
"7210","QAA79299.1","V159A","bird","mosFit",-0.770188640378523
"7211","QAA79299.1","V159A","bird","humFit",-0.940724558026975
"7212","QAA79299.1","V159A","bird","birFit",-1.20669307556647
"7213","QAA79300.1","L62S","bird","mosFit",-0.72405660899366
"7214","QAA79300.1","L62S","bird","humFit",-1.20115754291968
"7215","QAA79300.1","L62S","bird","birFit",-1.10922292998096
"7216","QAA79300.1","V159A","bird","mosFit",-0.770188640378523
"7217","QAA79300.1","V159A","bird","humFit",-0.940724558026975
"7218","QAA79300.1","V159A","bird","birFit",-1.20669307556647
"7219","QAA79302.1","V159A","bird","mosFit",-0.770188640378523
"7220","QAA79302.1","V159A","bird","humFit",-0.940724558026975
"7221","QAA79302.1","V159A","bird","birFit",-1.20669307556647
"7222","QAA79303.1","H500Y","bird","mosFit",-1.47374258772705
"7223","QAA79303.1","H500Y","bird","humFit",-1.67963980096095
"7224","QAA79303.1","H500Y","bird","birFit",-1.39549264557976
"7225","QAA79303.1","V159A","bird","mosFit",-0.770188640378523
"7226","QAA79303.1","V159A","bird","humFit",-0.940724558026975
"7227","QAA79303.1","V159A","bird","birFit",-1.20669307556647
"7228","QAA79304.1","V159A","arth","mosFit",-0.770188640378523
"7229","QAA79304.1","V159A","arth","humFit",-0.940724558026975
"7230","QAA79304.1","V159A","arth","birFit",-1.20669307556647
"7231","QAA79306.1","V159A","bird","mosFit",-0.770188640378523
"7232","QAA79306.1","V159A","bird","humFit",-0.940724558026975
"7233","QAA79306.1","V159A","bird","birFit",-1.20669307556647
"7234","QAA79306.1","V431I","bird","mosFit",-1.5618331725051
"7235","QAA79306.1","V431I","bird","humFit",-1.65018063952008
"7236","QAA79306.1","V431I","bird","birFit",-1.4496843005941
"7237","QAA79308.1","V159A","bird","mosFit",-0.770188640378523
"7238","QAA79308.1","V159A","bird","humFit",-0.940724558026975
"7239","QAA79308.1","V159A","bird","birFit",-1.20669307556647
"7240","QAA79308.1","V431I","bird","mosFit",-1.5618331725051
"7241","QAA79308.1","V431I","bird","humFit",-1.65018063952008
"7242","QAA79308.1","V431I","bird","birFit",-1.4496843005941
"7243","QAA79312.1","V159A","bird","mosFit",-0.770188640378523
"7244","QAA79312.1","V159A","bird","humFit",-0.940724558026975
"7245","QAA79312.1","V159A","bird","birFit",-1.20669307556647
"7246","QAA79312.1","V431I","bird","mosFit",-1.5618331725051
"7247","QAA79312.1","V431I","bird","humFit",-1.65018063952008
"7248","QAA79312.1","V431I","bird","birFit",-1.4496843005941
"7249","QAA79313.1","V159A","bird","mosFit",-0.770188640378523
"7250","QAA79313.1","V159A","bird","humFit",-0.940724558026975
"7251","QAA79313.1","V159A","bird","birFit",-1.20669307556647
"7252","QAA79313.1","V431I","bird","mosFit",-1.5618331725051
"7253","QAA79313.1","V431I","bird","humFit",-1.65018063952008
"7254","QAA79313.1","V431I","bird","birFit",-1.4496843005941
"7255","QAA79314.1","V159A","bird","mosFit",-0.770188640378523
"7256","QAA79314.1","V159A","bird","humFit",-0.940724558026975
"7257","QAA79314.1","V159A","bird","birFit",-1.20669307556647
"7258","QAA79314.1","V431I","bird","mosFit",-1.5618331725051
"7259","QAA79314.1","V431I","bird","humFit",-1.65018063952008
"7260","QAA79314.1","V431I","bird","birFit",-1.4496843005941
"7261","QAA79314.1","V488I","bird","mosFit",-1.31964273869515
"7262","QAA79314.1","V488I","bird","humFit",-0.8797962367099
"7263","QAA79314.1","V488I","bird","birFit",-1.01403221118434
"7264","QAA79315.1","V159A","bird","mosFit",-0.770188640378523
"7265","QAA79315.1","V159A","bird","humFit",-0.940724558026975
"7266","QAA79315.1","V159A","bird","birFit",-1.20669307556647
"7267","QAA79315.1","V431I","bird","mosFit",-1.5618331725051
"7268","QAA79315.1","V431I","bird","humFit",-1.65018063952008
"7269","QAA79315.1","V431I","bird","birFit",-1.4496843005941
"7270","QAA79316.1","V159A","bird","mosFit",-0.770188640378523
"7271","QAA79316.1","V159A","bird","humFit",-0.940724558026975
"7272","QAA79316.1","V159A","bird","birFit",-1.20669307556647
"7273","QAA79316.1","V431I","bird","mosFit",-1.5618331725051
"7274","QAA79316.1","V431I","bird","humFit",-1.65018063952008
"7275","QAA79316.1","V431I","bird","birFit",-1.4496843005941
"7276","QAA79318.1","V159A","bird","mosFit",-0.770188640378523
"7277","QAA79318.1","V159A","bird","humFit",-0.940724558026975
"7278","QAA79318.1","V159A","bird","birFit",-1.20669307556647
"7279","QAA79318.1","V431I","bird","mosFit",-1.5618331725051
"7280","QAA79318.1","V431I","bird","humFit",-1.65018063952008
"7281","QAA79318.1","V431I","bird","birFit",-1.4496843005941
"7282","QAA79319.1","V159A","bird","mosFit",-0.770188640378523
"7283","QAA79319.1","V159A","bird","humFit",-0.940724558026975
"7284","QAA79319.1","V159A","bird","birFit",-1.20669307556647
"7285","QAA79319.1","V431I","bird","mosFit",-1.5618331725051
"7286","QAA79319.1","V431I","bird","humFit",-1.65018063952008
"7287","QAA79319.1","V431I","bird","birFit",-1.4496843005941
"7288","QAA79319.1","V488I","bird","mosFit",-1.31964273869515
"7289","QAA79319.1","V488I","bird","humFit",-0.8797962367099
"7290","QAA79319.1","V488I","bird","birFit",-1.01403221118434
"7291","QAA79325.1","V159A","bird","mosFit",-0.770188640378523
"7292","QAA79325.1","V159A","bird","humFit",-0.940724558026975
"7293","QAA79325.1","V159A","bird","birFit",-1.20669307556647
"7294","QAA79325.1","V431I","bird","mosFit",-1.5618331725051
"7295","QAA79325.1","V431I","bird","humFit",-1.65018063952008
"7296","QAA79325.1","V431I","bird","birFit",-1.4496843005941
"7297","QAA79327.1","V159A","bird","mosFit",-0.770188640378523
"7298","QAA79327.1","V159A","bird","humFit",-0.940724558026975
"7299","QAA79327.1","V159A","bird","birFit",-1.20669307556647
"7300","QAA79327.1","V431I","bird","mosFit",-1.5618331725051
"7301","QAA79327.1","V431I","bird","humFit",-1.65018063952008
"7302","QAA79327.1","V431I","bird","birFit",-1.4496843005941
"7303","QAA79331.1","V159A","bird","mosFit",-0.770188640378523
"7304","QAA79331.1","V159A","bird","humFit",-0.940724558026975
"7305","QAA79331.1","V159A","bird","birFit",-1.20669307556647
"7306","QAA79331.1","V431I","bird","mosFit",-1.5618331725051
"7307","QAA79331.1","V431I","bird","humFit",-1.65018063952008
"7308","QAA79331.1","V431I","bird","birFit",-1.4496843005941
"7309","QAA79331.1","V488I","bird","mosFit",-1.31964273869515
"7310","QAA79331.1","V488I","bird","humFit",-0.8797962367099
"7311","QAA79331.1","V488I","bird","birFit",-1.01403221118434
"7312","QAA79332.1","V159A","bird","mosFit",-0.770188640378523
"7313","QAA79332.1","V159A","bird","humFit",-0.940724558026975
"7314","QAA79332.1","V159A","bird","birFit",-1.20669307556647
"7315","QAA79332.1","V431I","bird","mosFit",-1.5618331725051
"7316","QAA79332.1","V431I","bird","humFit",-1.65018063952008
"7317","QAA79332.1","V431I","bird","birFit",-1.4496843005941
"7318","QAA79332.1","V488I","bird","mosFit",-1.31964273869515
"7319","QAA79332.1","V488I","bird","humFit",-0.8797962367099
"7320","QAA79332.1","V488I","bird","birFit",-1.01403221118434
"7321","QAA79335.1","V159A","bird","mosFit",-0.770188640378523
"7322","QAA79335.1","V159A","bird","humFit",-0.940724558026975
"7323","QAA79335.1","V159A","bird","birFit",-1.20669307556647
"7324","QAA79338.1","V159A","bird","mosFit",-0.770188640378523
"7325","QAA79338.1","V159A","bird","humFit",-0.940724558026975
"7326","QAA79338.1","V159A","bird","birFit",-1.20669307556647
"7327","QAA79339.1","V159A","bird","mosFit",-0.770188640378523
"7328","QAA79339.1","V159A","bird","humFit",-0.940724558026975
"7329","QAA79339.1","V159A","bird","birFit",-1.20669307556647
"7330","QAA79340.1","K71N","bird","mosFit",-0.322161019492478
"7331","QAA79340.1","K71N","bird","humFit",-0.432946963961188
"7332","QAA79340.1","K71N","bird","birFit",-2.19539404524924
"7333","QAA79340.1","V159A","bird","mosFit",-0.770188640378523
"7334","QAA79340.1","V159A","bird","humFit",-0.940724558026975
"7335","QAA79340.1","V159A","bird","birFit",-1.20669307556647
"7336","QAA79341.1","V159A","bird","mosFit",-0.770188640378523
"7337","QAA79341.1","V159A","bird","humFit",-0.940724558026975
"7338","QAA79341.1","V159A","bird","birFit",-1.20669307556647
"7339","QAA79342.1","V159A","bird","mosFit",-0.770188640378523
"7340","QAA79342.1","V159A","bird","humFit",-0.940724558026975
"7341","QAA79342.1","V159A","bird","birFit",-1.20669307556647
"7342","QAA79343.1","L412F","bird","mosFit",-1.37565594648295
"7343","QAA79343.1","L412F","bird","humFit",-1.19849354893594
"7344","QAA79343.1","L412F","bird","birFit",-1.69757764928015
"7345","QAA79343.1","V159A","bird","mosFit",-0.770188640378523
"7346","QAA79343.1","V159A","bird","humFit",-0.940724558026975
"7347","QAA79343.1","V159A","bird","birFit",-1.20669307556647
"7348","QAA79345.1","V159A","bird","mosFit",-0.770188640378523
"7349","QAA79345.1","V159A","bird","humFit",-0.940724558026975
"7350","QAA79345.1","V159A","bird","birFit",-1.20669307556647
"7351","QAA79347.1","V159A","arth","mosFit",-0.770188640378523
"7352","QAA79347.1","V159A","arth","humFit",-0.940724558026975
"7353","QAA79347.1","V159A","arth","birFit",-1.20669307556647
"7354","QAA79348.1","K38R","bird","mosFit",-0.963619003333915
"7355","QAA79348.1","K38R","bird","humFit",-1.20860855511356
"7356","QAA79348.1","K38R","bird","birFit",-1.14285006921099
"7357","QAA79348.1","V159A","bird","mosFit",-0.770188640378523
"7358","QAA79348.1","V159A","bird","humFit",-0.940724558026975
"7359","QAA79348.1","V159A","bird","birFit",-1.20669307556647
"7360","QAA79349.1","V159A","bird","mosFit",-0.770188640378523
"7361","QAA79349.1","V159A","bird","humFit",-0.940724558026975
"7362","QAA79349.1","V159A","bird","birFit",-1.20669307556647
"7363","QAA79349.1","V431I","bird","mosFit",-1.5618331725051
"7364","QAA79349.1","V431I","bird","humFit",-1.65018063952008
"7365","QAA79349.1","V431I","bird","birFit",-1.4496843005941
"7366","QAA79351.1","V159A","bird","mosFit",-0.770188640378523
"7367","QAA79351.1","V159A","bird","humFit",-0.940724558026975
"7368","QAA79351.1","V159A","bird","birFit",-1.20669307556647
"7369","QAA79353.1","V159A","bird","mosFit",-0.770188640378523
"7370","QAA79353.1","V159A","bird","humFit",-0.940724558026975
"7371","QAA79353.1","V159A","bird","birFit",-1.20669307556647
"7372","QAA79355.1","V159A","arth","mosFit",-0.770188640378523
"7373","QAA79355.1","V159A","arth","humFit",-0.940724558026975
"7374","QAA79355.1","V159A","arth","birFit",-1.20669307556647
"7375","QAA79357.1","V159A","arth","mosFit",-0.770188640378523
"7376","QAA79357.1","V159A","arth","humFit",-0.940724558026975
"7377","QAA79357.1","V159A","arth","birFit",-1.20669307556647
"7378","QAA79357.1","V431I","arth","mosFit",-1.5618331725051
"7379","QAA79357.1","V431I","arth","humFit",-1.65018063952008
"7380","QAA79357.1","V431I","arth","birFit",-1.4496843005941
"7381","QAA79358.1","T187I","arth","mosFit",-1.13575189497455
"7382","QAA79358.1","T187I","arth","humFit",-0.496203738772269
"7383","QAA79358.1","T187I","arth","birFit",-1.5598086100381
"7384","QAA79358.1","V159A","arth","mosFit",-0.770188640378523
"7385","QAA79358.1","V159A","arth","humFit",-0.940724558026975
"7386","QAA79358.1","V159A","arth","birFit",-1.20669307556647
"7387","QAA79359.1","V159A","bird","mosFit",-0.770188640378523
"7388","QAA79359.1","V159A","bird","humFit",-0.940724558026975
"7389","QAA79359.1","V159A","bird","birFit",-1.20669307556647
"7390","QAA79360.1","V159A","bird","mosFit",-0.770188640378523
"7391","QAA79360.1","V159A","bird","humFit",-0.940724558026975
"7392","QAA79360.1","V159A","bird","birFit",-1.20669307556647
"7393","QAA79363.1","K38R","arth","mosFit",-0.963619003333915
"7394","QAA79363.1","K38R","arth","humFit",-1.20860855511356
"7395","QAA79363.1","K38R","arth","birFit",-1.14285006921099
"7396","QAA79363.1","V159A","arth","mosFit",-0.770188640378523
"7397","QAA79363.1","V159A","arth","humFit",-0.940724558026975
"7398","QAA79363.1","V159A","arth","birFit",-1.20669307556647
"7399","QAA79364.1","V159A","arth","mosFit",-0.770188640378523
"7400","QAA79364.1","V159A","arth","humFit",-0.940724558026975
"7401","QAA79364.1","V159A","arth","birFit",-1.20669307556647
"7402","QAA79365.1","V159A","arth","mosFit",-0.770188640378523
"7403","QAA79365.1","V159A","arth","humFit",-0.940724558026975
"7404","QAA79365.1","V159A","arth","birFit",-1.20669307556647
"7405","QAA79365.1","V431I","arth","mosFit",-1.5618331725051
"7406","QAA79365.1","V431I","arth","humFit",-1.65018063952008
"7407","QAA79365.1","V431I","arth","birFit",-1.4496843005941
"7408","QAA79366.1","F90Y","arth","mosFit",-0.957967840789253
"7409","QAA79366.1","F90Y","arth","humFit",-0.505507451200051
"7410","QAA79366.1","F90Y","arth","birFit",-2.07657379355573
"7411","QAA79366.1","V159A","arth","mosFit",-0.770188640378523
"7412","QAA79366.1","V159A","arth","humFit",-0.940724558026975
"7413","QAA79366.1","V159A","arth","birFit",-1.20669307556647
"7414","QAA79367.1","V159A","arth","mosFit",-0.770188640378523
"7415","QAA79367.1","V159A","arth","humFit",-0.940724558026975
"7416","QAA79367.1","V159A","arth","birFit",-1.20669307556647
"7417","QAA79368.1","V159A","arth","mosFit",-0.770188640378523
"7418","QAA79368.1","V159A","arth","humFit",-0.940724558026975
"7419","QAA79368.1","V159A","arth","birFit",-1.20669307556647
"7420","QAA79369.1","V159A","bird","mosFit",-0.770188640378523
"7421","QAA79369.1","V159A","bird","humFit",-0.940724558026975
"7422","QAA79369.1","V159A","bird","birFit",-1.20669307556647
"7423","QAA79370.1","V159A","bird","mosFit",-0.770188640378523
"7424","QAA79370.1","V159A","bird","humFit",-0.940724558026975
"7425","QAA79370.1","V159A","bird","birFit",-1.20669307556647
"7426","QAA79371.1","V159A","bird","mosFit",-0.770188640378523
"7427","QAA79371.1","V159A","bird","humFit",-0.940724558026975
"7428","QAA79371.1","V159A","bird","birFit",-1.20669307556647
"7429","QAA79371.1","V431I","bird","mosFit",-1.5618331725051
"7430","QAA79371.1","V431I","bird","humFit",-1.65018063952008
"7431","QAA79371.1","V431I","bird","birFit",-1.4496843005941
"7432","QAA79372.1","V159A","arth","mosFit",-0.770188640378523
"7433","QAA79372.1","V159A","arth","humFit",-0.940724558026975
"7434","QAA79372.1","V159A","arth","birFit",-1.20669307556647
"7435","QAA79373.1","T123A","arth","mosFit",-0.428856592015239
"7436","QAA79373.1","T123A","arth","humFit",-0.232247070033983
"7437","QAA79373.1","T123A","arth","birFit",-0.503601017205985
"7438","QAA79373.1","V159A","arth","mosFit",-0.770188640378523
"7439","QAA79373.1","V159A","arth","humFit",-0.940724558026975
"7440","QAA79373.1","V159A","arth","birFit",-1.20669307556647
"7441","QAA79374.1","V159A","arth","mosFit",-0.770188640378523
"7442","QAA79374.1","V159A","arth","humFit",-0.940724558026975
"7443","QAA79374.1","V159A","arth","birFit",-1.20669307556647
"7444","QAA79375.1","T314A","bird","mosFit",-0.494459940208309
"7445","QAA79375.1","T314A","bird","humFit",-0.600063402312103
"7446","QAA79375.1","T314A","bird","birFit",-1.13599358861951
"7447","QAA79375.1","V159A","bird","mosFit",-0.770188640378523
"7448","QAA79375.1","V159A","bird","humFit",-0.940724558026975
"7449","QAA79375.1","V159A","bird","birFit",-1.20669307556647
"7450","QAA79376.1","V159A","bird","mosFit",-0.770188640378523
"7451","QAA79376.1","V159A","bird","humFit",-0.940724558026975
"7452","QAA79376.1","V159A","bird","birFit",-1.20669307556647
"7453","QAA79376.1","V431I","bird","mosFit",-1.5618331725051
"7454","QAA79376.1","V431I","bird","humFit",-1.65018063952008
"7455","QAA79376.1","V431I","bird","birFit",-1.4496843005941
"7456","QAA79377.1","V159A","bird","mosFit",-0.770188640378523
"7457","QAA79377.1","V159A","bird","humFit",-0.940724558026975
"7458","QAA79377.1","V159A","bird","birFit",-1.20669307556647
"7459","QAA79378.1","V159A","bird","mosFit",-0.770188640378523
"7460","QAA79378.1","V159A","bird","humFit",-0.940724558026975
"7461","QAA79378.1","V159A","bird","birFit",-1.20669307556647
"7462","QAA79379.1","V159A","bird","mosFit",-0.770188640378523
"7463","QAA79379.1","V159A","bird","humFit",-0.940724558026975
"7464","QAA79379.1","V159A","bird","birFit",-1.20669307556647
"7465","QAA79380.1","V159A","bird","mosFit",-0.770188640378523
"7466","QAA79380.1","V159A","bird","humFit",-0.940724558026975
"7467","QAA79380.1","V159A","bird","birFit",-1.20669307556647
"7468","QAA79381.1","V159A","bird","mosFit",-0.770188640378523
"7469","QAA79381.1","V159A","bird","humFit",-0.940724558026975
"7470","QAA79381.1","V159A","bird","birFit",-1.20669307556647
"7471","QAA79383.1","I126V","bird","mosFit",-0.638126186245388
"7472","QAA79383.1","I126V","bird","humFit",-1.03939699431101
"7473","QAA79383.1","I126V","bird","birFit",-0.614499386478914
"7474","QAA79383.1","V159A","bird","mosFit",-0.770188640378523
"7475","QAA79383.1","V159A","bird","humFit",-0.940724558026975
"7476","QAA79383.1","V159A","bird","birFit",-1.20669307556647
"7477","QAA79383.1","V431I","bird","mosFit",-1.5618331725051
"7478","QAA79383.1","V431I","bird","humFit",-1.65018063952008
"7479","QAA79383.1","V431I","bird","birFit",-1.4496843005941
"7480","QAA79384.1","V159A","bird","mosFit",-0.770188640378523
"7481","QAA79384.1","V159A","bird","humFit",-0.940724558026975
"7482","QAA79384.1","V159A","bird","birFit",-1.20669307556647
"7483","QAA79385.1","V159A","bird","mosFit",-0.770188640378523
"7484","QAA79385.1","V159A","bird","humFit",-0.940724558026975
"7485","QAA79385.1","V159A","bird","birFit",-1.20669307556647
"7486","QAA79387.1","V159A","bird","mosFit",-0.770188640378523
"7487","QAA79387.1","V159A","bird","humFit",-0.940724558026975
"7488","QAA79387.1","V159A","bird","birFit",-1.20669307556647
"7489","QAA79388.1","V159A","bird","mosFit",-0.770188640378523
"7490","QAA79388.1","V159A","bird","humFit",-0.940724558026975
"7491","QAA79388.1","V159A","bird","birFit",-1.20669307556647
"7492","QAA79392.1","V159A","bird","mosFit",-0.770188640378523
"7493","QAA79392.1","V159A","bird","humFit",-0.940724558026975
"7494","QAA79392.1","V159A","bird","birFit",-1.20669307556647
"7495","QAA79392.1","V431I","bird","mosFit",-1.5618331725051
"7496","QAA79392.1","V431I","bird","humFit",-1.65018063952008
"7497","QAA79392.1","V431I","bird","birFit",-1.4496843005941
"7498","QAA79393.1","R477H","bird","mosFit",-1.3098566347639
"7499","QAA79393.1","R477H","bird","humFit",-1.09497944084818
"7500","QAA79393.1","R477H","bird","birFit",-1.15588690615291
"7501","QAA79393.1","V159A","bird","mosFit",-0.770188640378523
"7502","QAA79393.1","V159A","bird","humFit",-0.940724558026975
"7503","QAA79393.1","V159A","bird","birFit",-1.20669307556647
"7504","QAA79393.1","R477H","mam","mosFit",-1.3098566347639
"7505","QAA79393.1","R477H","mam","humFit",-1.09497944084818
"7506","QAA79393.1","R477H","mam","birFit",-1.15588690615291
"7507","QAA79393.1","V159A","mam","mosFit",-0.770188640378523
"7508","QAA79393.1","V159A","mam","humFit",-0.940724558026975
"7509","QAA79393.1","V159A","mam","birFit",-1.20669307556647
"7510","QAA79394.1","V159A","bird","mosFit",-0.770188640378523
"7511","QAA79394.1","V159A","bird","humFit",-0.940724558026975
"7512","QAA79394.1","V159A","bird","birFit",-1.20669307556647
"7513","QAA79394.1","V431I","bird","mosFit",-1.5618331725051
"7514","QAA79394.1","V431I","bird","humFit",-1.65018063952008
"7515","QAA79394.1","V431I","bird","birFit",-1.4496843005941
"7516","QAA79395.1","V159A","bird","mosFit",-0.770188640378523
"7517","QAA79395.1","V159A","bird","humFit",-0.940724558026975
"7518","QAA79395.1","V159A","bird","birFit",-1.20669307556647
"7519","QAA79396.1","V159A","bird","mosFit",-0.770188640378523
"7520","QAA79396.1","V159A","bird","humFit",-0.940724558026975
"7521","QAA79396.1","V159A","bird","birFit",-1.20669307556647
"7522","QAA79397.1","V159A","bird","mosFit",-0.770188640378523
"7523","QAA79397.1","V159A","bird","humFit",-0.940724558026975
"7524","QAA79397.1","V159A","bird","birFit",-1.20669307556647
"7525","QAA79397.1","V431I","bird","mosFit",-1.5618331725051
"7526","QAA79397.1","V431I","bird","humFit",-1.65018063952008
"7527","QAA79397.1","V431I","bird","birFit",-1.4496843005941
"7528","QAA79398.1","V159A","bird","mosFit",-0.770188640378523
"7529","QAA79398.1","V159A","bird","humFit",-0.940724558026975
"7530","QAA79398.1","V159A","bird","birFit",-1.20669307556647
"7531","QAA79399.1","V159A","bird","mosFit",-0.770188640378523
"7532","QAA79399.1","V159A","bird","humFit",-0.940724558026975
"7533","QAA79399.1","V159A","bird","birFit",-1.20669307556647
"7534","QAA79400.1","V159A","bird","mosFit",-0.770188640378523
"7535","QAA79400.1","V159A","bird","humFit",-0.940724558026975
"7536","QAA79400.1","V159A","bird","birFit",-1.20669307556647
"7537","QAA79402.1","V159A","bird","mosFit",-0.770188640378523
"7538","QAA79402.1","V159A","bird","humFit",-0.940724558026975
"7539","QAA79402.1","V159A","bird","birFit",-1.20669307556647
"7540","QAA79403.1","V159A","bird","mosFit",-0.770188640378523
"7541","QAA79403.1","V159A","bird","humFit",-0.940724558026975
"7542","QAA79403.1","V159A","bird","birFit",-1.20669307556647
"7543","QAA79404.1","V159A","bird","mosFit",-0.770188640378523
"7544","QAA79404.1","V159A","bird","humFit",-0.940724558026975
"7545","QAA79404.1","V159A","bird","birFit",-1.20669307556647
"7546","QAA79405.1","V159A","bird","mosFit",-0.770188640378523
"7547","QAA79405.1","V159A","bird","humFit",-0.940724558026975
"7548","QAA79405.1","V159A","bird","birFit",-1.20669307556647
"7549","QAA79406.1","V159A","bird","mosFit",-0.770188640378523
"7550","QAA79406.1","V159A","bird","humFit",-0.940724558026975
"7551","QAA79406.1","V159A","bird","birFit",-1.20669307556647
"7552","QAA79406.1","V431I","bird","mosFit",-1.5618331725051
"7553","QAA79406.1","V431I","bird","humFit",-1.65018063952008
"7554","QAA79406.1","V431I","bird","birFit",-1.4496843005941
"7555","QAA79408.1","V159A","bird","mosFit",-0.770188640378523
"7556","QAA79408.1","V159A","bird","humFit",-0.940724558026975
"7557","QAA79408.1","V159A","bird","birFit",-1.20669307556647
"7558","QAA79408.1","V431I","bird","mosFit",-1.5618331725051
"7559","QAA79408.1","V431I","bird","humFit",-1.65018063952008
"7560","QAA79408.1","V431I","bird","birFit",-1.4496843005941
"7561","QAA79409.1","V159A","bird","mosFit",-0.770188640378523
"7562","QAA79409.1","V159A","bird","humFit",-0.940724558026975
"7563","QAA79409.1","V159A","bird","birFit",-1.20669307556647
"7564","QAA79410.1","V159A","bird","mosFit",-0.770188640378523
"7565","QAA79410.1","V159A","bird","humFit",-0.940724558026975
"7566","QAA79410.1","V159A","bird","birFit",-1.20669307556647
"7567","QAA79410.1","V431I","bird","mosFit",-1.5618331725051
"7568","QAA79410.1","V431I","bird","humFit",-1.65018063952008
"7569","QAA79410.1","V431I","bird","birFit",-1.4496843005941
"7570","QAA79411.1","V159A","bird","mosFit",-0.770188640378523
"7571","QAA79411.1","V159A","bird","humFit",-0.940724558026975
"7572","QAA79411.1","V159A","bird","birFit",-1.20669307556647
"7573","QAA79413.1","V159A","bird","mosFit",-0.770188640378523
"7574","QAA79413.1","V159A","bird","humFit",-0.940724558026975
"7575","QAA79413.1","V159A","bird","birFit",-1.20669307556647
"7576","QAA79414.1","V159A","bird","mosFit",-0.770188640378523
"7577","QAA79414.1","V159A","bird","humFit",-0.940724558026975
"7578","QAA79414.1","V159A","bird","birFit",-1.20669307556647
"7579","QAA79415.1","V159A","bird","mosFit",-0.770188640378523
"7580","QAA79415.1","V159A","bird","humFit",-0.940724558026975
"7581","QAA79415.1","V159A","bird","birFit",-1.20669307556647
"7582","QAA79416.1","V159A","bird","mosFit",-0.770188640378523
"7583","QAA79416.1","V159A","bird","humFit",-0.940724558026975
"7584","QAA79416.1","V159A","bird","birFit",-1.20669307556647
"7585","QAA79417.1","V159A","bird","mosFit",-0.770188640378523
"7586","QAA79417.1","V159A","bird","humFit",-0.940724558026975
"7587","QAA79417.1","V159A","bird","birFit",-1.20669307556647
"7588","QAA79419.1","V159A","bird","mosFit",-0.770188640378523
"7589","QAA79419.1","V159A","bird","humFit",-0.940724558026975
"7590","QAA79419.1","V159A","bird","birFit",-1.20669307556647
"7591","QAA79420.1","V159A","bird","mosFit",-0.770188640378523
"7592","QAA79420.1","V159A","bird","humFit",-0.940724558026975
"7593","QAA79420.1","V159A","bird","birFit",-1.20669307556647
"7594","QAA79420.1","V431I","bird","mosFit",-1.5618331725051
"7595","QAA79420.1","V431I","bird","humFit",-1.65018063952008
"7596","QAA79420.1","V431I","bird","birFit",-1.4496843005941
"7597","QAA79423.1","V159A","bird","mosFit",-0.770188640378523
"7598","QAA79423.1","V159A","bird","humFit",-0.940724558026975
"7599","QAA79423.1","V159A","bird","birFit",-1.20669307556647
"7600","QAA79423.1","V431I","bird","mosFit",-1.5618331725051
"7601","QAA79423.1","V431I","bird","humFit",-1.65018063952008
"7602","QAA79423.1","V431I","bird","birFit",-1.4496843005941
"7603","QAA79424.1","L412F","bird","mosFit",-1.37565594648295
"7604","QAA79424.1","L412F","bird","humFit",-1.19849354893594
"7605","QAA79424.1","L412F","bird","birFit",-1.69757764928015
"7606","QAA79424.1","V159A","bird","mosFit",-0.770188640378523
"7607","QAA79424.1","V159A","bird","humFit",-0.940724558026975
"7608","QAA79424.1","V159A","bird","birFit",-1.20669307556647
"7609","QAA79426.1","V159A","bird","mosFit",-0.770188640378523
"7610","QAA79426.1","V159A","bird","humFit",-0.940724558026975
"7611","QAA79426.1","V159A","bird","birFit",-1.20669307556647
"7612","QAA79427.1","V159A","bird","mosFit",-0.770188640378523
"7613","QAA79427.1","V159A","bird","humFit",-0.940724558026975
"7614","QAA79427.1","V159A","bird","birFit",-1.20669307556647
"7615","QAA79429.1","V159A","bird","mosFit",-0.770188640378523
"7616","QAA79429.1","V159A","bird","humFit",-0.940724558026975
"7617","QAA79429.1","V159A","bird","birFit",-1.20669307556647
"7618","QAA79430.1","V159A","bird","mosFit",-0.770188640378523
"7619","QAA79430.1","V159A","bird","humFit",-0.940724558026975
"7620","QAA79430.1","V159A","bird","birFit",-1.20669307556647
"7621","QAA79431.1","V159A","bird","mosFit",-0.770188640378523
"7622","QAA79431.1","V159A","bird","humFit",-0.940724558026975
"7623","QAA79431.1","V159A","bird","birFit",-1.20669307556647
"7624","QAA79432.1","V159A","bird","mosFit",-0.770188640378523
"7625","QAA79432.1","V159A","bird","humFit",-0.940724558026975
"7626","QAA79432.1","V159A","bird","birFit",-1.20669307556647
"7627","QAA79432.1","V431I","bird","mosFit",-1.5618331725051
"7628","QAA79432.1","V431I","bird","humFit",-1.65018063952008
"7629","QAA79432.1","V431I","bird","birFit",-1.4496843005941
"7630","QAA79432.1","V488I","bird","mosFit",-1.31964273869515
"7631","QAA79432.1","V488I","bird","humFit",-0.8797962367099
"7632","QAA79432.1","V488I","bird","birFit",-1.01403221118434
"7633","QAA79433.1","V159A","bird","mosFit",-0.770188640378523
"7634","QAA79433.1","V159A","bird","humFit",-0.940724558026975
"7635","QAA79433.1","V159A","bird","birFit",-1.20669307556647
"7636","QAA79434.1","V159A","bird","mosFit",-0.770188640378523
"7637","QAA79434.1","V159A","bird","humFit",-0.940724558026975
"7638","QAA79434.1","V159A","bird","birFit",-1.20669307556647
"7639","QAA79435.1","V159A","bird","mosFit",-0.770188640378523
"7640","QAA79435.1","V159A","bird","humFit",-0.940724558026975
"7641","QAA79435.1","V159A","bird","birFit",-1.20669307556647
"7642","QAA79436.1","V159A","bird","mosFit",-0.770188640378523
"7643","QAA79436.1","V159A","bird","humFit",-0.940724558026975
"7644","QAA79436.1","V159A","bird","birFit",-1.20669307556647
"7645","QAA79437.1","V159A","bird","mosFit",-0.770188640378523
"7646","QAA79437.1","V159A","bird","humFit",-0.940724558026975
"7647","QAA79437.1","V159A","bird","birFit",-1.20669307556647
"7648","QAA79438.1","V159A","arth","mosFit",-0.770188640378523
"7649","QAA79438.1","V159A","arth","humFit",-0.940724558026975
"7650","QAA79438.1","V159A","arth","birFit",-1.20669307556647
"7651","QAA79439.1","E293G","arth","mosFit",-0.416794598704496
"7652","QAA79439.1","E293G","arth","humFit",-0.201067412937516
"7653","QAA79439.1","E293G","arth","birFit",-0.27038668011542
"7654","QAA79439.1","V159A","arth","mosFit",-0.770188640378523
"7655","QAA79439.1","V159A","arth","humFit",-0.940724558026975
"7656","QAA79439.1","V159A","arth","birFit",-1.20669307556647
"7657","QAA79439.1","V431I","arth","mosFit",-1.5618331725051
"7658","QAA79439.1","V431I","arth","humFit",-1.65018063952008
"7659","QAA79439.1","V431I","arth","birFit",-1.4496843005941
"7660","QAA79442.1","V159A","arth","mosFit",-0.770188640378523
"7661","QAA79442.1","V159A","arth","humFit",-0.940724558026975
"7662","QAA79442.1","V159A","arth","birFit",-1.20669307556647
"7663","QAA79442.1","V431I","arth","mosFit",-1.5618331725051
"7664","QAA79442.1","V431I","arth","humFit",-1.65018063952008
"7665","QAA79442.1","V431I","arth","birFit",-1.4496843005941
"7666","QAA79443.1","V159A","arth","mosFit",-0.770188640378523
"7667","QAA79443.1","V159A","arth","humFit",-0.940724558026975
"7668","QAA79443.1","V159A","arth","birFit",-1.20669307556647
"7669","QAA79443.1","V431I","arth","mosFit",-1.5618331725051
"7670","QAA79443.1","V431I","arth","humFit",-1.65018063952008
"7671","QAA79443.1","V431I","arth","birFit",-1.4496843005941
"7672","QAA79444.1","V159A","arth","mosFit",-0.770188640378523
"7673","QAA79444.1","V159A","arth","humFit",-0.940724558026975
"7674","QAA79444.1","V159A","arth","birFit",-1.20669307556647
"7675","QAA79445.1","V159A","arth","mosFit",-0.770188640378523
"7676","QAA79445.1","V159A","arth","humFit",-0.940724558026975
"7677","QAA79445.1","V159A","arth","birFit",-1.20669307556647
"7678","QAA79445.1","V491I","arth","mosFit",-0.814756482670367
"7679","QAA79445.1","V491I","arth","humFit",-0.714914308092557
"7680","QAA79445.1","V491I","arth","birFit",-0.801895953896601
"7681","QAA79446.1","V159A","arth","mosFit",-0.770188640378523
"7682","QAA79446.1","V159A","arth","humFit",-0.940724558026975
"7683","QAA79446.1","V159A","arth","birFit",-1.20669307556647
"7684","QAA79447.1","I253V","arth","mosFit",-0.455691384386623
"7685","QAA79447.1","I253V","arth","humFit",-0.729982454491307
"7686","QAA79447.1","I253V","arth","birFit",-0.519315986787255
"7687","QAA79447.1","V159A","arth","mosFit",-0.770188640378523
"7688","QAA79447.1","V159A","arth","humFit",-0.940724558026975
"7689","QAA79447.1","V159A","arth","birFit",-1.20669307556647
"7690","QAA79448.1","V159A","arth","mosFit",-0.770188640378523
"7691","QAA79448.1","V159A","arth","humFit",-0.940724558026975
"7692","QAA79448.1","V159A","arth","birFit",-1.20669307556647
"7693","QAA79451.1","V159A","arth","mosFit",-0.770188640378523
"7694","QAA79451.1","V159A","arth","humFit",-0.940724558026975
"7695","QAA79451.1","V159A","arth","birFit",-1.20669307556647
"7696","QAA79452.1","V159A","arth","mosFit",-0.770188640378523
"7697","QAA79452.1","V159A","arth","humFit",-0.940724558026975
"7698","QAA79452.1","V159A","arth","birFit",-1.20669307556647
"7699","QAA79453.1","V24I","arth","mosFit",-0.696264322618001
"7700","QAA79453.1","V24I","arth","humFit",-0.63042658372981
"7701","QAA79453.1","V24I","arth","birFit",-0.460908983172413
"7702","QAA79453.1","V159A","arth","mosFit",-0.770188640378523
"7703","QAA79453.1","V159A","arth","humFit",-0.940724558026975
"7704","QAA79453.1","V159A","arth","birFit",-1.20669307556647
"7705","QAA79453.1","V431I","arth","mosFit",-1.5618331725051
"7706","QAA79453.1","V431I","arth","humFit",-1.65018063952008
"7707","QAA79453.1","V431I","arth","birFit",-1.4496843005941
"7708","QAA79454.1","V159A","arth","mosFit",-0.770188640378523
"7709","QAA79454.1","V159A","arth","humFit",-0.940724558026975
"7710","QAA79454.1","V159A","arth","birFit",-1.20669307556647
"7711","QAA79455.1","V159A","arth","mosFit",-0.770188640378523
"7712","QAA79455.1","V159A","arth","humFit",-0.940724558026975
"7713","QAA79455.1","V159A","arth","birFit",-1.20669307556647
"7714","QAA79456.1","V159A","arth","mosFit",-0.770188640378523
"7715","QAA79456.1","V159A","arth","humFit",-0.940724558026975
"7716","QAA79456.1","V159A","arth","birFit",-1.20669307556647
"7717","QAA79457.1","V159A","arth","mosFit",-0.770188640378523
"7718","QAA79457.1","V159A","arth","humFit",-0.940724558026975
"7719","QAA79457.1","V159A","arth","birFit",-1.20669307556647
"7720","QAA79458.1","T198A","arth","mosFit",-0.592061807520083
"7721","QAA79458.1","T198A","arth","humFit",-0.995216596410878
"7722","QAA79458.1","T198A","arth","birFit",-0.886694695889697
"7723","QAA79458.1","V159A","arth","mosFit",-0.770188640378523
"7724","QAA79458.1","V159A","arth","humFit",-0.940724558026975
"7725","QAA79458.1","V159A","arth","birFit",-1.20669307556647
"7726","QAA79458.1","V431I","arth","mosFit",-1.5618331725051
"7727","QAA79458.1","V431I","arth","humFit",-1.65018063952008
"7728","QAA79458.1","V431I","arth","birFit",-1.4496843005941
"7729","QAA79459.1","V159A","arth","mosFit",-0.770188640378523
"7730","QAA79459.1","V159A","arth","humFit",-0.940724558026975
"7731","QAA79459.1","V159A","arth","birFit",-1.20669307556647
"7732","QAA79459.1","V431I","arth","mosFit",-1.5618331725051
"7733","QAA79459.1","V431I","arth","humFit",-1.65018063952008
"7734","QAA79459.1","V431I","arth","birFit",-1.4496843005941
"7735","QAA79460.1","V24I","arth","mosFit",-0.696264322618001
"7736","QAA79460.1","V24I","arth","humFit",-0.63042658372981
"7737","QAA79460.1","V24I","arth","birFit",-0.460908983172413
"7738","QAA79460.1","V159A","arth","mosFit",-0.770188640378523
"7739","QAA79460.1","V159A","arth","humFit",-0.940724558026975
"7740","QAA79460.1","V159A","arth","birFit",-1.20669307556647
"7741","QAA79460.1","V431I","arth","mosFit",-1.5618331725051
"7742","QAA79460.1","V431I","arth","humFit",-1.65018063952008
"7743","QAA79460.1","V431I","arth","birFit",-1.4496843005941
"7744","QAA79461.1","V159A","arth","mosFit",-0.770188640378523
"7745","QAA79461.1","V159A","arth","humFit",-0.940724558026975
"7746","QAA79461.1","V159A","arth","birFit",-1.20669307556647
"7747","QAA79462.1","V159A","arth","mosFit",-0.770188640378523
"7748","QAA79462.1","V159A","arth","humFit",-0.940724558026975
"7749","QAA79462.1","V159A","arth","birFit",-1.20669307556647
"7750","QAA79463.1","V159A","arth","mosFit",-0.770188640378523
"7751","QAA79463.1","V159A","arth","humFit",-0.940724558026975
"7752","QAA79463.1","V159A","arth","birFit",-1.20669307556647
"7753","QAA79464.1","V159A","arth","mosFit",-0.770188640378523
"7754","QAA79464.1","V159A","arth","humFit",-0.940724558026975
"7755","QAA79464.1","V159A","arth","birFit",-1.20669307556647
"7756","QAA79465.1","V159A","arth","mosFit",-0.770188640378523
"7757","QAA79465.1","V159A","arth","humFit",-0.940724558026975
"7758","QAA79465.1","V159A","arth","birFit",-1.20669307556647
"7759","QAA79466.1","V159A","arth","mosFit",-0.770188640378523
"7760","QAA79466.1","V159A","arth","humFit",-0.940724558026975
"7761","QAA79466.1","V159A","arth","birFit",-1.20669307556647
"7762","QAA79466.1","V431I","arth","mosFit",-1.5618331725051
"7763","QAA79466.1","V431I","arth","humFit",-1.65018063952008
"7764","QAA79466.1","V431I","arth","birFit",-1.4496843005941
"7765","QAA79467.1","V159A","arth","mosFit",-0.770188640378523
"7766","QAA79467.1","V159A","arth","humFit",-0.940724558026975
"7767","QAA79467.1","V159A","arth","birFit",-1.20669307556647
"7768","QAA79468.1","V159A","arth","mosFit",-0.770188640378523
"7769","QAA79468.1","V159A","arth","humFit",-0.940724558026975
"7770","QAA79468.1","V159A","arth","birFit",-1.20669307556647
"7771","QAA79470.1","V159A","arth","mosFit",-0.770188640378523
"7772","QAA79470.1","V159A","arth","humFit",-0.940724558026975
"7773","QAA79470.1","V159A","arth","birFit",-1.20669307556647
"7774","QAA79471.1","V159A","arth","mosFit",-0.770188640378523
"7775","QAA79471.1","V159A","arth","humFit",-0.940724558026975
"7776","QAA79471.1","V159A","arth","birFit",-1.20669307556647
"7777","QAA79471.1","V431I","arth","mosFit",-1.5618331725051
"7778","QAA79471.1","V431I","arth","humFit",-1.65018063952008
"7779","QAA79471.1","V431I","arth","birFit",-1.4496843005941
"7780","QAA79472.1","V159A","arth","mosFit",-0.770188640378523
"7781","QAA79472.1","V159A","arth","humFit",-0.940724558026975
"7782","QAA79472.1","V159A","arth","birFit",-1.20669307556647
"7783","QAA79472.1","V431I","arth","mosFit",-1.5618331725051
"7784","QAA79472.1","V431I","arth","humFit",-1.65018063952008
"7785","QAA79472.1","V431I","arth","birFit",-1.4496843005941
"7786","QAA79473.1","V159A","arth","mosFit",-0.770188640378523
"7787","QAA79473.1","V159A","arth","humFit",-0.940724558026975
"7788","QAA79473.1","V159A","arth","birFit",-1.20669307556647
"7789","QAA79473.1","V431I","arth","mosFit",-1.5618331725051
"7790","QAA79473.1","V431I","arth","humFit",-1.65018063952008
"7791","QAA79473.1","V431I","arth","birFit",-1.4496843005941
"7792","QAA79474.1","V159A","arth","mosFit",-0.770188640378523
"7793","QAA79474.1","V159A","arth","humFit",-0.940724558026975
"7794","QAA79474.1","V159A","arth","birFit",-1.20669307556647
"7795","QAA79476.1","V159A","arth","mosFit",-0.770188640378523
"7796","QAA79476.1","V159A","arth","humFit",-0.940724558026975
"7797","QAA79476.1","V159A","arth","birFit",-1.20669307556647
"7798","QAA79477.1","V159A","arth","mosFit",-0.770188640378523
"7799","QAA79477.1","V159A","arth","humFit",-0.940724558026975
"7800","QAA79477.1","V159A","arth","birFit",-1.20669307556647
"7801","QAA79478.1","V159A","arth","mosFit",-0.770188640378523
"7802","QAA79478.1","V159A","arth","humFit",-0.940724558026975
"7803","QAA79478.1","V159A","arth","birFit",-1.20669307556647
"7804","QAA79479.1","V159A","arth","mosFit",-0.770188640378523
"7805","QAA79479.1","V159A","arth","humFit",-0.940724558026975
"7806","QAA79479.1","V159A","arth","birFit",-1.20669307556647
"7807","QAA79479.1","V431I","arth","mosFit",-1.5618331725051
"7808","QAA79479.1","V431I","arth","humFit",-1.65018063952008
"7809","QAA79479.1","V431I","arth","birFit",-1.4496843005941
"7810","QAA79480.1","V159A","arth","mosFit",-0.770188640378523
"7811","QAA79480.1","V159A","arth","humFit",-0.940724558026975
"7812","QAA79480.1","V159A","arth","birFit",-1.20669307556647
"7813","QAA79481.1","V159A","arth","mosFit",-0.770188640378523
"7814","QAA79481.1","V159A","arth","humFit",-0.940724558026975
"7815","QAA79481.1","V159A","arth","birFit",-1.20669307556647
"7816","QAA79482.1","V159A","arth","mosFit",-0.770188640378523
"7817","QAA79482.1","V159A","arth","humFit",-0.940724558026975
"7818","QAA79482.1","V159A","arth","birFit",-1.20669307556647
"7819","QAA79482.1","V431I","arth","mosFit",-1.5618331725051
"7820","QAA79482.1","V431I","arth","humFit",-1.65018063952008
"7821","QAA79482.1","V431I","arth","birFit",-1.4496843005941
"7822","QAA79483.1","V159A","arth","mosFit",-0.770188640378523
"7823","QAA79483.1","V159A","arth","humFit",-0.940724558026975
"7824","QAA79483.1","V159A","arth","birFit",-1.20669307556647
"7825","QAA79484.1","V159A","arth","mosFit",-0.770188640378523
"7826","QAA79484.1","V159A","arth","humFit",-0.940724558026975
"7827","QAA79484.1","V159A","arth","birFit",-1.20669307556647
"7828","QAA79484.1","V358A","arth","mosFit",-0.512391618058144
"7829","QAA79484.1","V358A","arth","humFit",-0.40508132406976
"7830","QAA79484.1","V358A","arth","birFit",-0.897797931747872
"7831","QAA79484.1","V431I","arth","mosFit",-1.5618331725051
"7832","QAA79484.1","V431I","arth","humFit",-1.65018063952008
"7833","QAA79484.1","V431I","arth","birFit",-1.4496843005941
"7834","QAA79485.1","L355F","arth","mosFit",-0.981051413788352
"7835","QAA79485.1","L355F","arth","humFit",-0.9850584663994
"7836","QAA79485.1","L355F","arth","birFit",-1.33840278229642
"7837","QAA79485.1","V159A","arth","mosFit",-0.770188640378523
"7838","QAA79485.1","V159A","arth","humFit",-0.940724558026975
"7839","QAA79485.1","V159A","arth","birFit",-1.20669307556647
"7840","QAA79486.1","V159A","arth","mosFit",-0.770188640378523
"7841","QAA79486.1","V159A","arth","humFit",-0.940724558026975
"7842","QAA79486.1","V159A","arth","birFit",-1.20669307556647
"7843","QAA79487.1","V159A","arth","mosFit",-0.770188640378523
"7844","QAA79487.1","V159A","arth","humFit",-0.940724558026975
"7845","QAA79487.1","V159A","arth","birFit",-1.20669307556647
"7846","QAA79488.1","V159A","arth","mosFit",-0.770188640378523
"7847","QAA79488.1","V159A","arth","humFit",-0.940724558026975
"7848","QAA79488.1","V159A","arth","birFit",-1.20669307556647
"7849","QAA79489.1","V159A","arth","mosFit",-0.770188640378523
"7850","QAA79489.1","V159A","arth","humFit",-0.940724558026975
"7851","QAA79489.1","V159A","arth","birFit",-1.20669307556647
"7852","QAA79490.1","V159A","arth","mosFit",-0.770188640378523
"7853","QAA79490.1","V159A","arth","humFit",-0.940724558026975
"7854","QAA79490.1","V159A","arth","birFit",-1.20669307556647
"7855","QAA79490.1","V491A","arth","mosFit",-1.65405808755454
"7856","QAA79490.1","V491A","arth","humFit",-2.2928007995655
"7857","QAA79490.1","V491A","arth","birFit",-2.81394815821108
"7858","QAA79491.1","V159A","arth","mosFit",-0.770188640378523
"7859","QAA79491.1","V159A","arth","humFit",-0.940724558026975
"7860","QAA79491.1","V159A","arth","birFit",-1.20669307556647
"7861","QAA79492.1","V159A","arth","mosFit",-0.770188640378523
"7862","QAA79492.1","V159A","arth","humFit",-0.940724558026975
"7863","QAA79492.1","V159A","arth","birFit",-1.20669307556647
"7864","QAA79494.1","V159A","arth","mosFit",-0.770188640378523
"7865","QAA79494.1","V159A","arth","humFit",-0.940724558026975
"7866","QAA79494.1","V159A","arth","birFit",-1.20669307556647
"7867","QAA79495.1","A51T","arth","mosFit",-1.05030646712279
"7868","QAA79495.1","A51T","arth","humFit",-1.29546657960075
"7869","QAA79495.1","A51T","arth","birFit",-1.72619783601487
"7870","QAA79495.1","V159A","arth","mosFit",-0.770188640378523
"7871","QAA79495.1","V159A","arth","humFit",-0.940724558026975
"7872","QAA79495.1","V159A","arth","birFit",-1.20669307556647
"7873","QAA79496.1","V159A","arth","mosFit",-0.770188640378523
"7874","QAA79496.1","V159A","arth","humFit",-0.940724558026975
"7875","QAA79496.1","V159A","arth","birFit",-1.20669307556647
"7876","QAA79503.1","V159A","arth","mosFit",-0.770188640378523
"7877","QAA79503.1","V159A","arth","humFit",-0.940724558026975
"7878","QAA79503.1","V159A","arth","birFit",-1.20669307556647
"7879","QAA79504.1","V159A","arth","mosFit",-0.770188640378523
"7880","QAA79504.1","V159A","arth","humFit",-0.940724558026975
"7881","QAA79504.1","V159A","arth","birFit",-1.20669307556647
"7882","QAA79505.1","V159A","arth","mosFit",-0.770188640378523
"7883","QAA79505.1","V159A","arth","humFit",-0.940724558026975
"7884","QAA79505.1","V159A","arth","birFit",-1.20669307556647
"7885","QAA79507.1","T332M","arth","mosFit",-0.900602572019952
"7886","QAA79507.1","T332M","arth","humFit",-0.82589076105299
"7887","QAA79507.1","T332M","arth","birFit",-1.15169560308363
"7888","QAA79507.1","V159A","arth","mosFit",-0.770188640378523
"7889","QAA79507.1","V159A","arth","humFit",-0.940724558026975
"7890","QAA79507.1","V159A","arth","birFit",-1.20669307556647
"7891","QAA79508.1","V159A","arth","mosFit",-0.770188640378523
"7892","QAA79508.1","V159A","arth","humFit",-0.940724558026975
"7893","QAA79508.1","V159A","arth","birFit",-1.20669307556647
"7894","QAA79509.1","V159A","arth","mosFit",-0.770188640378523
"7895","QAA79509.1","V159A","arth","humFit",-0.940724558026975
"7896","QAA79509.1","V159A","arth","birFit",-1.20669307556647
"7897","QAA79510.1","V159A","bird","mosFit",-0.770188640378523
"7898","QAA79510.1","V159A","bird","humFit",-0.940724558026975
"7899","QAA79510.1","V159A","bird","birFit",-1.20669307556647
"7900","QAA79511.1","V159A","bird","mosFit",-0.770188640378523
"7901","QAA79511.1","V159A","bird","humFit",-0.940724558026975
"7902","QAA79511.1","V159A","bird","birFit",-1.20669307556647
"7903","QAA79512.1","V159A","bird","mosFit",-0.770188640378523
"7904","QAA79512.1","V159A","bird","humFit",-0.940724558026975
"7905","QAA79512.1","V159A","bird","birFit",-1.20669307556647
"7906","QAA79514.1","V159A","bird","mosFit",-0.770188640378523
"7907","QAA79514.1","V159A","bird","humFit",-0.940724558026975
"7908","QAA79514.1","V159A","bird","birFit",-1.20669307556647
"7909","QAA79515.1","V159A","bird","mosFit",-0.770188640378523
"7910","QAA79515.1","V159A","bird","humFit",-0.940724558026975
"7911","QAA79515.1","V159A","bird","birFit",-1.20669307556647
"7912","QAA79516.1","S35A","bird","mosFit",-1.45405160829366
"7913","QAA79516.1","S35A","bird","humFit",-1.90441716102833
"7914","QAA79516.1","S35A","bird","birFit",-2.1518690413345
"7915","QAA79516.1","V159A","bird","mosFit",-0.770188640378523
"7916","QAA79516.1","V159A","bird","humFit",-0.940724558026975
"7917","QAA79516.1","V159A","bird","birFit",-1.20669307556647
"7918","QAA79517.1","E293G","bird","mosFit",-0.416794598704496
"7919","QAA79517.1","E293G","bird","humFit",-0.201067412937516
"7920","QAA79517.1","E293G","bird","birFit",-0.27038668011542
"7921","QAA79517.1","V159A","bird","mosFit",-0.770188640378523
"7922","QAA79517.1","V159A","bird","humFit",-0.940724558026975
"7923","QAA79517.1","V159A","bird","birFit",-1.20669307556647
"7924","QAA79518.1","V159A","bird","mosFit",-0.770188640378523
"7925","QAA79518.1","V159A","bird","humFit",-0.940724558026975
"7926","QAA79518.1","V159A","bird","birFit",-1.20669307556647
"7927","QAA79519.1","V159A","bird","mosFit",-0.770188640378523
"7928","QAA79519.1","V159A","bird","humFit",-0.940724558026975
"7929","QAA79519.1","V159A","bird","birFit",-1.20669307556647
"7930","QAA79520.1","V159A","bird","mosFit",-0.770188640378523
"7931","QAA79520.1","V159A","bird","humFit",-0.940724558026975
"7932","QAA79520.1","V159A","bird","birFit",-1.20669307556647
"7933","QAA79521.1","V159A","bird","mosFit",-0.770188640378523
"7934","QAA79521.1","V159A","bird","humFit",-0.940724558026975
"7935","QAA79521.1","V159A","bird","birFit",-1.20669307556647
"7936","QAA79522.1","V159A","bird","mosFit",-0.770188640378523
"7937","QAA79522.1","V159A","bird","humFit",-0.940724558026975
"7938","QAA79522.1","V159A","bird","birFit",-1.20669307556647
"7939","QAA79523.1","T231N","bird","mosFit",0.118154635066281
"7940","QAA79523.1","T231N","bird","humFit",0.125323518640107
"7941","QAA79523.1","T231N","bird","birFit",0.530946710735417
"7942","QAA79523.1","V159A","bird","mosFit",-0.770188640378523
"7943","QAA79523.1","V159A","bird","humFit",-0.940724558026975
"7944","QAA79523.1","V159A","bird","birFit",-1.20669307556647
"7945","QAA79525.1","V159A","bird","mosFit",-0.770188640378523
"7946","QAA79525.1","V159A","bird","humFit",-0.940724558026975
"7947","QAA79525.1","V159A","bird","birFit",-1.20669307556647
"7948","QAA79526.1","T231N","bird","mosFit",0.118154635066281
"7949","QAA79526.1","T231N","bird","humFit",0.125323518640107
"7950","QAA79526.1","T231N","bird","birFit",0.530946710735417
"7951","QAA79526.1","V159A","bird","mosFit",-0.770188640378523
"7952","QAA79526.1","V159A","bird","humFit",-0.940724558026975
"7953","QAA79526.1","V159A","bird","birFit",-1.20669307556647
"7954","QAA79527.1","T231N","bird","mosFit",0.118154635066281
"7955","QAA79527.1","T231N","bird","humFit",0.125323518640107
"7956","QAA79527.1","T231N","bird","birFit",0.530946710735417
"7957","QAA79527.1","V159A","bird","mosFit",-0.770188640378523
"7958","QAA79527.1","V159A","bird","humFit",-0.940724558026975
"7959","QAA79527.1","V159A","bird","birFit",-1.20669307556647
"7960","QAA79530.1","I253T","bird","mosFit",-0.585417845555696
"7961","QAA79530.1","I253T","bird","humFit",-1.08018033945259
"7962","QAA79530.1","I253T","bird","birFit",-0.623329396227531
"7963","QAA79530.1","V159A","bird","mosFit",-0.770188640378523
"7964","QAA79530.1","V159A","bird","humFit",-0.940724558026975
"7965","QAA79530.1","V159A","bird","birFit",-1.20669307556647
"7966","QAA79531.1","V159A","bird","mosFit",-0.770188640378523
"7967","QAA79531.1","V159A","bird","humFit",-0.940724558026975
"7968","QAA79531.1","V159A","bird","birFit",-1.20669307556647
"7969","QAA79532.1","V159A","bird","mosFit",-0.770188640378523
"7970","QAA79532.1","V159A","bird","humFit",-0.940724558026975
"7971","QAA79532.1","V159A","bird","birFit",-1.20669307556647
"7972","QAA79533.1","V159A","bird","mosFit",-0.770188640378523
"7973","QAA79533.1","V159A","bird","humFit",-0.940724558026975
"7974","QAA79533.1","V159A","bird","birFit",-1.20669307556647
"7975","QAA79534.1","V159A","bird","mosFit",-0.770188640378523
"7976","QAA79534.1","V159A","bird","humFit",-0.940724558026975
"7977","QAA79534.1","V159A","bird","birFit",-1.20669307556647
"7978","QAA79535.1","V159A","bird","mosFit",-0.770188640378523
"7979","QAA79535.1","V159A","bird","humFit",-0.940724558026975
"7980","QAA79535.1","V159A","bird","birFit",-1.20669307556647
"7981","QAA79536.1","V159A","bird","mosFit",-0.770188640378523
"7982","QAA79536.1","V159A","bird","humFit",-0.940724558026975
"7983","QAA79536.1","V159A","bird","birFit",-1.20669307556647
"7984","QAA79538.1","V159A","bird","mosFit",-0.770188640378523
"7985","QAA79538.1","V159A","bird","humFit",-0.940724558026975
"7986","QAA79538.1","V159A","bird","birFit",-1.20669307556647
"7987","QAA79539.1","V159A","bird","mosFit",-0.770188640378523
"7988","QAA79539.1","V159A","bird","humFit",-0.940724558026975
"7989","QAA79539.1","V159A","bird","birFit",-1.20669307556647
"7990","QAA79540.1","V159A","bird","mosFit",-0.770188640378523
"7991","QAA79540.1","V159A","bird","humFit",-0.940724558026975
"7992","QAA79540.1","V159A","bird","birFit",-1.20669307556647
"7993","QAA79541.1","V159A","bird","mosFit",-0.770188640378523
"7994","QAA79541.1","V159A","bird","humFit",-0.940724558026975
"7995","QAA79541.1","V159A","bird","birFit",-1.20669307556647
"7996","QAA79544.1","V159A","bird","mosFit",-0.770188640378523
"7997","QAA79544.1","V159A","bird","humFit",-0.940724558026975
"7998","QAA79544.1","V159A","bird","birFit",-1.20669307556647
"7999","QAA79545.1","V159A","bird","mosFit",-0.770188640378523
"8000","QAA79545.1","V159A","bird","humFit",-0.940724558026975
"8001","QAA79545.1","V159A","bird","birFit",-1.20669307556647
"8002","QAA79547.1","V159A","bird","mosFit",-0.770188640378523
"8003","QAA79547.1","V159A","bird","humFit",-0.940724558026975
"8004","QAA79547.1","V159A","bird","birFit",-1.20669307556647
"8005","QAA79549.1","C336W","bird","mosFit",-2.49310288446347
"8006","QAA79549.1","C336W","bird","humFit",-3.70338435164244
"8007","QAA79549.1","C336W","bird","birFit",-3.93241498847289
"8008","QAA79549.1","V159A","bird","mosFit",-0.770188640378523
"8009","QAA79549.1","V159A","bird","humFit",-0.940724558026975
"8010","QAA79549.1","V159A","bird","birFit",-1.20669307556647
"8011","QAA79550.1","V159A","bird","mosFit",-0.770188640378523
"8012","QAA79550.1","V159A","bird","humFit",-0.940724558026975
"8013","QAA79550.1","V159A","bird","birFit",-1.20669307556647
"8014","QAA79551.1","V159A","bird","mosFit",-0.770188640378523
"8015","QAA79551.1","V159A","bird","humFit",-0.940724558026975
"8016","QAA79551.1","V159A","bird","birFit",-1.20669307556647
"8017","QAA79552.1","V159A","bird","mosFit",-0.770188640378523
"8018","QAA79552.1","V159A","bird","humFit",-0.940724558026975
"8019","QAA79552.1","V159A","bird","birFit",-1.20669307556647
"8020","QAA79553.1","V159A","bird","mosFit",-0.770188640378523
"8021","QAA79553.1","V159A","bird","humFit",-0.940724558026975
"8022","QAA79553.1","V159A","bird","birFit",-1.20669307556647
"8023","QAA79554.1","V159A","bird","mosFit",-0.770188640378523
"8024","QAA79554.1","V159A","bird","humFit",-0.940724558026975
"8025","QAA79554.1","V159A","bird","birFit",-1.20669307556647
"8026","QAA79555.1","V159A","bird","mosFit",-0.770188640378523
"8027","QAA79555.1","V159A","bird","humFit",-0.940724558026975
"8028","QAA79555.1","V159A","bird","birFit",-1.20669307556647
"8029","QAA79557.1","V159A","bird","mosFit",-0.770188640378523
"8030","QAA79557.1","V159A","bird","humFit",-0.940724558026975
"8031","QAA79557.1","V159A","bird","birFit",-1.20669307556647
"8032","QAA79558.1","V159A","bird","mosFit",-0.770188640378523
"8033","QAA79558.1","V159A","bird","humFit",-0.940724558026975
"8034","QAA79558.1","V159A","bird","birFit",-1.20669307556647
"8035","QAA79561.1","T424A","bird","mosFit",-0.71968630097201
"8036","QAA79561.1","T424A","bird","humFit",-0.926245578828438
"8037","QAA79561.1","T424A","bird","birFit",-0.724811649631564
"8038","QAA79561.1","V159A","bird","mosFit",-0.770188640378523
"8039","QAA79561.1","V159A","bird","humFit",-0.940724558026975
"8040","QAA79561.1","V159A","bird","birFit",-1.20669307556647
"8041","QAA79562.1","V159A","bird","mosFit",-0.770188640378523
"8042","QAA79562.1","V159A","bird","humFit",-0.940724558026975
"8043","QAA79562.1","V159A","bird","birFit",-1.20669307556647
"8044","QAA79563.1","V159A","bird","mosFit",-0.770188640378523
"8045","QAA79563.1","V159A","bird","humFit",-0.940724558026975
"8046","QAA79563.1","V159A","bird","birFit",-1.20669307556647
"8047","QAA79569.1","V159A","bird","mosFit",-0.770188640378523
"8048","QAA79569.1","V159A","bird","humFit",-0.940724558026975
"8049","QAA79569.1","V159A","bird","birFit",-1.20669307556647
"8050","QAA79570.1","V159A","bird","mosFit",-0.770188640378523
"8051","QAA79570.1","V159A","bird","humFit",-0.940724558026975
"8052","QAA79570.1","V159A","bird","birFit",-1.20669307556647
"8053","QAA79572.1","V159A","bird","mosFit",-0.770188640378523
"8054","QAA79572.1","V159A","bird","humFit",-0.940724558026975
"8055","QAA79572.1","V159A","bird","birFit",-1.20669307556647
"8056","QAA79574.1","V159A","bird","mosFit",-0.770188640378523
"8057","QAA79574.1","V159A","bird","humFit",-0.940724558026975
"8058","QAA79574.1","V159A","bird","birFit",-1.20669307556647
"8059","QAA79575.1","V159A","bird","mosFit",-0.770188640378523
"8060","QAA79575.1","V159A","bird","humFit",-0.940724558026975
"8061","QAA79575.1","V159A","bird","birFit",-1.20669307556647
"8062","QAA79576.1","V159A","bird","mosFit",-0.770188640378523
"8063","QAA79576.1","V159A","bird","humFit",-0.940724558026975
"8064","QAA79576.1","V159A","bird","birFit",-1.20669307556647
"8065","QAA79577.1","P88S","arth","mosFit",-1.27462641388404
"8066","QAA79577.1","P88S","arth","humFit",-1.89267703063558
"8067","QAA79577.1","P88S","arth","birFit",-2.02412027375089
"8068","QAA79577.1","V159A","arth","mosFit",-0.770188640378523
"8069","QAA79577.1","V159A","arth","humFit",-0.940724558026975
"8070","QAA79577.1","V159A","arth","birFit",-1.20669307556647
"8071","QAA79578.1","V159A","arth","mosFit",-0.770188640378523
"8072","QAA79578.1","V159A","arth","humFit",-0.940724558026975
"8073","QAA79578.1","V159A","arth","birFit",-1.20669307556647
"8074","QAA79579.1","V159A","arth","mosFit",-0.770188640378523
"8075","QAA79579.1","V159A","arth","humFit",-0.940724558026975
"8076","QAA79579.1","V159A","arth","birFit",-1.20669307556647
"8077","QAA79581.1","V159A","arth","mosFit",-0.770188640378523
"8078","QAA79581.1","V159A","arth","humFit",-0.940724558026975
"8079","QAA79581.1","V159A","arth","birFit",-1.20669307556647
"8080","QAA79582.1","V159A","arth","mosFit",-0.770188640378523
"8081","QAA79582.1","V159A","arth","humFit",-0.940724558026975
"8082","QAA79582.1","V159A","arth","birFit",-1.20669307556647
"8083","QAA79583.1","V159A","arth","mosFit",-0.770188640378523
"8084","QAA79583.1","V159A","arth","humFit",-0.940724558026975
"8085","QAA79583.1","V159A","arth","birFit",-1.20669307556647
"8086","QAA79585.1","P88S","arth","mosFit",-1.27462641388404
"8087","QAA79585.1","P88S","arth","humFit",-1.89267703063558
"8088","QAA79585.1","P88S","arth","birFit",-2.02412027375089
"8089","QAA79585.1","V159A","arth","mosFit",-0.770188640378523
"8090","QAA79585.1","V159A","arth","humFit",-0.940724558026975
"8091","QAA79585.1","V159A","arth","birFit",-1.20669307556647
"8092","QAA79587.1","V159A","arth","mosFit",-0.770188640378523
"8093","QAA79587.1","V159A","arth","humFit",-0.940724558026975
"8094","QAA79587.1","V159A","arth","birFit",-1.20669307556647
"8095","QAA79588.1","V159A","arth","mosFit",-0.770188640378523
"8096","QAA79588.1","V159A","arth","humFit",-0.940724558026975
"8097","QAA79588.1","V159A","arth","birFit",-1.20669307556647
"8098","QAA79589.1","V159A","arth","mosFit",-0.770188640378523
"8099","QAA79589.1","V159A","arth","humFit",-0.940724558026975
"8100","QAA79589.1","V159A","arth","birFit",-1.20669307556647
"8101","QAA79589.1","V431I","arth","mosFit",-1.5618331725051
"8102","QAA79589.1","V431I","arth","humFit",-1.65018063952008
"8103","QAA79589.1","V431I","arth","birFit",-1.4496843005941
"8104","QAA79591.1","Q264H","arth","mosFit",-0.626883450621836
"8105","QAA79591.1","Q264H","arth","humFit",-0.336430891123079
"8106","QAA79591.1","Q264H","arth","birFit",-1.12482202797184
"8107","QAA79591.1","V159A","arth","mosFit",-0.770188640378523
"8108","QAA79591.1","V159A","arth","humFit",-0.940724558026975
"8109","QAA79591.1","V159A","arth","birFit",-1.20669307556647
"8110","QAA79592.1","P88S","arth","mosFit",-1.27462641388404
"8111","QAA79592.1","P88S","arth","humFit",-1.89267703063558
"8112","QAA79592.1","P88S","arth","birFit",-2.02412027375089
"8113","QAA79592.1","V159A","arth","mosFit",-0.770188640378523
"8114","QAA79592.1","V159A","arth","humFit",-0.940724558026975
"8115","QAA79592.1","V159A","arth","birFit",-1.20669307556647
"8116","QAA79593.1","V159A","arth","mosFit",-0.770188640378523
"8117","QAA79593.1","V159A","arth","humFit",-0.940724558026975
"8118","QAA79593.1","V159A","arth","birFit",-1.20669307556647
"8119","QAA79595.1","V159A","arth","mosFit",-0.770188640378523
"8120","QAA79595.1","V159A","arth","humFit",-0.940724558026975
"8121","QAA79595.1","V159A","arth","birFit",-1.20669307556647
"8122","QAA79596.1","V159A","arth","mosFit",-0.770188640378523
"8123","QAA79596.1","V159A","arth","humFit",-0.940724558026975
"8124","QAA79596.1","V159A","arth","birFit",-1.20669307556647
"8125","QAA79597.1","V159A","arth","mosFit",-0.770188640378523
"8126","QAA79597.1","V159A","arth","humFit",-0.940724558026975
"8127","QAA79597.1","V159A","arth","birFit",-1.20669307556647
"8128","QAA79599.1","V159A","arth","mosFit",-0.770188640378523
"8129","QAA79599.1","V159A","arth","humFit",-0.940724558026975
"8130","QAA79599.1","V159A","arth","birFit",-1.20669307556647
"8131","QAA79600.1","V159A","arth","mosFit",-0.770188640378523
"8132","QAA79600.1","V159A","arth","humFit",-0.940724558026975
"8133","QAA79600.1","V159A","arth","birFit",-1.20669307556647
"8134","QAA79602.1","V159A","arth","mosFit",-0.770188640378523
"8135","QAA79602.1","V159A","arth","humFit",-0.940724558026975
"8136","QAA79602.1","V159A","arth","birFit",-1.20669307556647
"8137","QAA79604.1","V159A","arth","mosFit",-0.770188640378523
"8138","QAA79604.1","V159A","arth","humFit",-0.940724558026975
"8139","QAA79604.1","V159A","arth","birFit",-1.20669307556647
"8140","QAA79604.1","Y61C","arth","mosFit",-0.775024726984397
"8141","QAA79604.1","Y61C","arth","humFit",-0.622943622268166
"8142","QAA79604.1","Y61C","arth","birFit",-1.28248313000418
"8143","QAA79605.1","V159A","arth","mosFit",-0.770188640378523
"8144","QAA79605.1","V159A","arth","humFit",-0.940724558026975
"8145","QAA79605.1","V159A","arth","birFit",-1.20669307556647
"8146","QAA79606.1","V159A","arth","mosFit",-0.770188640378523
"8147","QAA79606.1","V159A","arth","humFit",-0.940724558026975
"8148","QAA79606.1","V159A","arth","birFit",-1.20669307556647
"8149","QAA79608.1","V159A","arth","mosFit",-0.770188640378523
"8150","QAA79608.1","V159A","arth","humFit",-0.940724558026975
"8151","QAA79608.1","V159A","arth","birFit",-1.20669307556647
"8152","QAA79609.1","V159A","arth","mosFit",-0.770188640378523
"8153","QAA79609.1","V159A","arth","humFit",-0.940724558026975
"8154","QAA79609.1","V159A","arth","birFit",-1.20669307556647
"8155","QAA79612.1","V159A","arth","mosFit",-0.770188640378523
"8156","QAA79612.1","V159A","arth","humFit",-0.940724558026975
"8157","QAA79612.1","V159A","arth","birFit",-1.20669307556647
"8158","QAA79614.1","V159A","arth","mosFit",-0.770188640378523
"8159","QAA79614.1","V159A","arth","humFit",-0.940724558026975
"8160","QAA79614.1","V159A","arth","birFit",-1.20669307556647
"8161","QAA79621.1","V159A","arth","mosFit",-0.770188640378523
"8162","QAA79621.1","V159A","arth","humFit",-0.940724558026975
"8163","QAA79621.1","V159A","arth","birFit",-1.20669307556647
"8164","QAA79622.1","V159A","arth","mosFit",-0.770188640378523
"8165","QAA79622.1","V159A","arth","humFit",-0.940724558026975
"8166","QAA79622.1","V159A","arth","birFit",-1.20669307556647
"8167","QAA79624.1","T231N","arth","mosFit",0.118154635066281
"8168","QAA79624.1","T231N","arth","humFit",0.125323518640107
"8169","QAA79624.1","T231N","arth","birFit",0.530946710735417
"8170","QAA79624.1","V159A","arth","mosFit",-0.770188640378523
"8171","QAA79624.1","V159A","arth","humFit",-0.940724558026975
"8172","QAA79624.1","V159A","arth","birFit",-1.20669307556647
"8173","QAA79625.1","V159A","arth","mosFit",-0.770188640378523
"8174","QAA79625.1","V159A","arth","humFit",-0.940724558026975
"8175","QAA79625.1","V159A","arth","birFit",-1.20669307556647
"8176","QAA79626.1","V159A","arth","mosFit",-0.770188640378523
"8177","QAA79626.1","V159A","arth","humFit",-0.940724558026975
"8178","QAA79626.1","V159A","arth","birFit",-1.20669307556647
"8179","QAA79627.1","V159A","arth","mosFit",-0.770188640378523
"8180","QAA79627.1","V159A","arth","humFit",-0.940724558026975
"8181","QAA79627.1","V159A","arth","birFit",-1.20669307556647
"8182","QAA79628.1","V159A","arth","mosFit",-0.770188640378523
"8183","QAA79628.1","V159A","arth","humFit",-0.940724558026975
"8184","QAA79628.1","V159A","arth","birFit",-1.20669307556647
"8185","QAA79629.1","K399R","arth","mosFit",-0.797788006863613
"8186","QAA79629.1","K399R","arth","humFit",-1.24592801322609
"8187","QAA79629.1","K399R","arth","birFit",-0.810093258702159
"8188","QAA79629.1","V159A","arth","mosFit",-0.770188640378523
"8189","QAA79629.1","V159A","arth","humFit",-0.940724558026975
"8190","QAA79629.1","V159A","arth","birFit",-1.20669307556647
"8191","QAA79630.1","F218L","arth","mosFit",-1.21290121980959
"8192","QAA79630.1","F218L","arth","humFit",-1.86071467658546
"8193","QAA79630.1","F218L","arth","birFit",-1.87710393307765
"8194","QAA79630.1","V159A","arth","mosFit",-0.770188640378523
"8195","QAA79630.1","V159A","arth","humFit",-0.940724558026975
"8196","QAA79630.1","V159A","arth","birFit",-1.20669307556647
"8197","QAA79631.1","V159A","arth","mosFit",-0.770188640378523
"8198","QAA79631.1","V159A","arth","humFit",-0.940724558026975
"8199","QAA79631.1","V159A","arth","birFit",-1.20669307556647
"8200","QAA79633.1","V159A","arth","mosFit",-0.770188640378523
"8201","QAA79633.1","V159A","arth","humFit",-0.940724558026975
"8202","QAA79633.1","V159A","arth","birFit",-1.20669307556647
"8203","QAA79636.1","V159A","bird","mosFit",-0.770188640378523
"8204","QAA79636.1","V159A","bird","humFit",-0.940724558026975
"8205","QAA79636.1","V159A","bird","birFit",-1.20669307556647
"8206","QAA79636.1","V304I","bird","mosFit",-0.800370255200614
"8207","QAA79636.1","V304I","bird","humFit",-0.558903162713406
"8208","QAA79636.1","V304I","bird","birFit",-1.21325860097435
"8209","QAA79636.1","V431I","bird","mosFit",-1.5618331725051
"8210","QAA79636.1","V431I","bird","humFit",-1.65018063952008
"8211","QAA79636.1","V431I","bird","birFit",-1.4496843005941
"8212","QAA79637.1","V159A","bird","mosFit",-0.770188640378523
"8213","QAA79637.1","V159A","bird","humFit",-0.940724558026975
"8214","QAA79637.1","V159A","bird","birFit",-1.20669307556647
"8215","QAA79637.1","V431I","bird","mosFit",-1.5618331725051
"8216","QAA79637.1","V431I","bird","humFit",-1.65018063952008
"8217","QAA79637.1","V431I","bird","birFit",-1.4496843005941
"8218","QAA79644.1","V159A","bird","mosFit",-0.770188640378523
"8219","QAA79644.1","V159A","bird","humFit",-0.940724558026975
"8220","QAA79644.1","V159A","bird","birFit",-1.20669307556647
"8221","QAA79644.1","V431I","bird","mosFit",-1.5618331725051
"8222","QAA79644.1","V431I","bird","humFit",-1.65018063952008
"8223","QAA79644.1","V431I","bird","birFit",-1.4496843005941
"8224","QAA79644.1","V488I","bird","mosFit",-1.31964273869515
"8225","QAA79644.1","V488I","bird","humFit",-0.8797962367099
"8226","QAA79644.1","V488I","bird","birFit",-1.01403221118434
"8227","QAA79645.1","V159A","bird","mosFit",-0.770188640378523
"8228","QAA79645.1","V159A","bird","humFit",-0.940724558026975
"8229","QAA79645.1","V159A","bird","birFit",-1.20669307556647
"8230","QAA79645.1","V431I","bird","mosFit",-1.5618331725051
"8231","QAA79645.1","V431I","bird","humFit",-1.65018063952008
"8232","QAA79645.1","V431I","bird","birFit",-1.4496843005941
"8233","QAA79645.1","V488I","bird","mosFit",-1.31964273869515
"8234","QAA79645.1","V488I","bird","humFit",-0.8797962367099
"8235","QAA79645.1","V488I","bird","birFit",-1.01403221118434
"8236","QAA79646.1","V159A","bird","mosFit",-0.770188640378523
"8237","QAA79646.1","V159A","bird","humFit",-0.940724558026975
"8238","QAA79646.1","V159A","bird","birFit",-1.20669307556647
"8239","QAA79646.1","V431I","bird","mosFit",-1.5618331725051
"8240","QAA79646.1","V431I","bird","humFit",-1.65018063952008
"8241","QAA79646.1","V431I","bird","birFit",-1.4496843005941
"8242","QAA79646.1","V488I","bird","mosFit",-1.31964273869515
"8243","QAA79646.1","V488I","bird","humFit",-0.8797962367099
"8244","QAA79646.1","V488I","bird","birFit",-1.01403221118434
"8245","QAA79650.1","V159A","bird","mosFit",-0.770188640378523
"8246","QAA79650.1","V159A","bird","humFit",-0.940724558026975
"8247","QAA79650.1","V159A","bird","birFit",-1.20669307556647
"8248","QAA79650.1","V431I","bird","mosFit",-1.5618331725051
"8249","QAA79650.1","V431I","bird","humFit",-1.65018063952008
"8250","QAA79650.1","V431I","bird","birFit",-1.4496843005941
"8251","QAA79653.1","V159A","bird","mosFit",-0.770188640378523
"8252","QAA79653.1","V159A","bird","humFit",-0.940724558026975
"8253","QAA79653.1","V159A","bird","birFit",-1.20669307556647
"8254","QAA79654.1","V159A","bird","mosFit",-0.770188640378523
"8255","QAA79654.1","V159A","bird","humFit",-0.940724558026975
"8256","QAA79654.1","V159A","bird","birFit",-1.20669307556647
"8257","QAA79655.1","V159A","bird","mosFit",-0.770188640378523
"8258","QAA79655.1","V159A","bird","humFit",-0.940724558026975
"8259","QAA79655.1","V159A","bird","birFit",-1.20669307556647
"8260","QAA79656.1","V159A","bird","mosFit",-0.770188640378523
"8261","QAA79656.1","V159A","bird","humFit",-0.940724558026975
"8262","QAA79656.1","V159A","bird","birFit",-1.20669307556647
"8263","QAA79658.1","V159A","bird","mosFit",-0.770188640378523
"8264","QAA79658.1","V159A","bird","humFit",-0.940724558026975
"8265","QAA79658.1","V159A","bird","birFit",-1.20669307556647
"8266","QAA79659.1","V31M","bird","mosFit",-1.38638505246133
"8267","QAA79659.1","V31M","bird","humFit",-1.45012967781485
"8268","QAA79659.1","V31M","bird","birFit",-1.27625021387162
"8269","QAA79659.1","V159A","bird","mosFit",-0.770188640378523
"8270","QAA79659.1","V159A","bird","humFit",-0.940724558026975
"8271","QAA79659.1","V159A","bird","birFit",-1.20669307556647
"8272","QAA79662.1","V159A","bird","mosFit",-0.770188640378523
"8273","QAA79662.1","V159A","bird","humFit",-0.940724558026975
"8274","QAA79662.1","V159A","bird","birFit",-1.20669307556647
"8275","QAA79664.1","V159A","bird","mosFit",-0.770188640378523
"8276","QAA79664.1","V159A","bird","humFit",-0.940724558026975
"8277","QAA79664.1","V159A","bird","birFit",-1.20669307556647
"8278","QAA79665.1","V159A","bird","mosFit",-0.770188640378523
"8279","QAA79665.1","V159A","bird","humFit",-0.940724558026975
"8280","QAA79665.1","V159A","bird","birFit",-1.20669307556647
"8281","QAA79667.1","A467T","bird","mosFit",-0.888895711400325
"8282","QAA79667.1","A467T","bird","humFit",-0.886105642797622
"8283","QAA79667.1","A467T","bird","birFit",-1.05718906769159
"8284","QAA79667.1","V159A","bird","mosFit",-0.770188640378523
"8285","QAA79667.1","V159A","bird","humFit",-0.940724558026975
"8286","QAA79667.1","V159A","bird","birFit",-1.20669307556647
"8287","QAA79668.1","V159A","bird","mosFit",-0.770188640378523
"8288","QAA79668.1","V159A","bird","humFit",-0.940724558026975
"8289","QAA79668.1","V159A","bird","birFit",-1.20669307556647
"8290","QAA79673.1","V159A","bird","mosFit",-0.770188640378523
"8291","QAA79673.1","V159A","bird","humFit",-0.940724558026975
"8292","QAA79673.1","V159A","bird","birFit",-1.20669307556647
"8293","QAA79674.1","V159A","bird","mosFit",-0.770188640378523
"8294","QAA79674.1","V159A","bird","humFit",-0.940724558026975
"8295","QAA79674.1","V159A","bird","birFit",-1.20669307556647
"8296","QAA79675.1","V159A","arth","mosFit",-0.770188640378523
"8297","QAA79675.1","V159A","arth","humFit",-0.940724558026975
"8298","QAA79675.1","V159A","arth","birFit",-1.20669307556647
"8299","QAA79677.1","V159A","arth","mosFit",-0.770188640378523
"8300","QAA79677.1","V159A","arth","humFit",-0.940724558026975
"8301","QAA79677.1","V159A","arth","birFit",-1.20669307556647
"8302","QAA79678.1","V159A","arth","mosFit",-0.770188640378523
"8303","QAA79678.1","V159A","arth","humFit",-0.940724558026975
"8304","QAA79678.1","V159A","arth","birFit",-1.20669307556647
"8305","QAA79679.1","V159A","arth","mosFit",-0.770188640378523
"8306","QAA79679.1","V159A","arth","humFit",-0.940724558026975
"8307","QAA79679.1","V159A","arth","birFit",-1.20669307556647
"8308","QAA79681.1","V159A","arth","mosFit",-0.770188640378523
"8309","QAA79681.1","V159A","arth","humFit",-0.940724558026975
"8310","QAA79681.1","V159A","arth","birFit",-1.20669307556647
"8311","QAA79682.1","V159A","arth","mosFit",-0.770188640378523
"8312","QAA79682.1","V159A","arth","humFit",-0.940724558026975
"8313","QAA79682.1","V159A","arth","birFit",-1.20669307556647
"8314","QAA79683.1","D348E","arth","mosFit",-0.396450584991343
"8315","QAA79683.1","D348E","arth","humFit",-0.782571980949163
"8316","QAA79683.1","D348E","arth","birFit",-1.28377080113358
"8317","QAA79683.1","V159A","arth","mosFit",-0.770188640378523
"8318","QAA79683.1","V159A","arth","humFit",-0.940724558026975
"8319","QAA79683.1","V159A","arth","birFit",-1.20669307556647
"8320","QAA79685.1","L483F","arth","mosFit",-1.19340480639413
"8321","QAA79685.1","L483F","arth","humFit",-1.48932760508031
"8322","QAA79685.1","L483F","arth","birFit",-1.55842109549271
"8323","QAA79685.1","V159A","arth","mosFit",-0.770188640378523
"8324","QAA79685.1","V159A","arth","humFit",-0.940724558026975
"8325","QAA79685.1","V159A","arth","birFit",-1.20669307556647
"8326","QAA79686.1","V159A","arth","mosFit",-0.770188640378523
"8327","QAA79686.1","V159A","arth","humFit",-0.940724558026975
"8328","QAA79686.1","V159A","arth","birFit",-1.20669307556647
"8329","QAA79689.1","V159A","arth","mosFit",-0.770188640378523
"8330","QAA79689.1","V159A","arth","humFit",-0.940724558026975
"8331","QAA79689.1","V159A","arth","birFit",-1.20669307556647
"8332","QAA79690.1","V159A","arth","mosFit",-0.770188640378523
"8333","QAA79690.1","V159A","arth","humFit",-0.940724558026975
"8334","QAA79690.1","V159A","arth","birFit",-1.20669307556647
"8335","QAA79693.1","V159A","arth","mosFit",-0.770188640378523
"8336","QAA79693.1","V159A","arth","humFit",-0.940724558026975
"8337","QAA79693.1","V159A","arth","birFit",-1.20669307556647
"8338","QAA79695.1","V159A","arth","mosFit",-0.770188640378523
"8339","QAA79695.1","V159A","arth","humFit",-0.940724558026975
"8340","QAA79695.1","V159A","arth","birFit",-1.20669307556647
"8341","QAA79696.1","T64I","arth","mosFit",-1.03162748533348
"8342","QAA79696.1","T64I","arth","humFit",-1.04784620786127
"8343","QAA79696.1","T64I","arth","birFit",-1.1354738695214
"8344","QAA79696.1","V159A","arth","mosFit",-0.770188640378523
"8345","QAA79696.1","V159A","arth","humFit",-0.940724558026975
"8346","QAA79696.1","V159A","arth","birFit",-1.20669307556647
"8347","QAA79697.1","I196V","arth","mosFit",-0.524227027960197
"8348","QAA79697.1","I196V","arth","humFit",-0.886327905913211
"8349","QAA79697.1","I196V","arth","birFit",-0.511029582140651
"8350","QAA79697.1","V159A","arth","mosFit",-0.770188640378523
"8351","QAA79697.1","V159A","arth","humFit",-0.940724558026975
"8352","QAA79697.1","V159A","arth","birFit",-1.20669307556647
"8353","QAA79698.1","V159A","arth","mosFit",-0.770188640378523
"8354","QAA79698.1","V159A","arth","humFit",-0.940724558026975
"8355","QAA79698.1","V159A","arth","birFit",-1.20669307556647
"8356","QAA79699.1","V159A","arth","mosFit",-0.770188640378523
"8357","QAA79699.1","V159A","arth","humFit",-0.940724558026975
"8358","QAA79699.1","V159A","arth","birFit",-1.20669307556647
"8359","QAA79701.1","V159A","arth","mosFit",-0.770188640378523
"8360","QAA79701.1","V159A","arth","humFit",-0.940724558026975
"8361","QAA79701.1","V159A","arth","birFit",-1.20669307556647
"8362","QAA79702.1","T198I","arth","mosFit",-0.940867136088944
"8363","QAA79702.1","T198I","arth","humFit",-0.963744336901338
"8364","QAA79702.1","T198I","arth","birFit",-1.66319702018864
"8365","QAA79702.1","V159A","arth","mosFit",-0.770188640378523
"8366","QAA79702.1","V159A","arth","humFit",-0.940724558026975
"8367","QAA79702.1","V159A","arth","birFit",-1.20669307556647
"8368","QAA79705.1","V159A","arth","mosFit",-0.770188640378523
"8369","QAA79705.1","V159A","arth","humFit",-0.940724558026975
"8370","QAA79705.1","V159A","arth","birFit",-1.20669307556647
"8371","QAA79708.1","V159A","arth","mosFit",-0.770188640378523
"8372","QAA79708.1","V159A","arth","humFit",-0.940724558026975
"8373","QAA79708.1","V159A","arth","birFit",-1.20669307556647
"8374","QAA79710.1","V159A","arth","mosFit",-0.770188640378523
"8375","QAA79710.1","V159A","arth","humFit",-0.940724558026975
"8376","QAA79710.1","V159A","arth","birFit",-1.20669307556647
"8377","QAA79712.1","V159A","arth","mosFit",-0.770188640378523
"8378","QAA79712.1","V159A","arth","humFit",-0.940724558026975
"8379","QAA79712.1","V159A","arth","birFit",-1.20669307556647
"8380","QAA79713.1","V159A","arth","mosFit",-0.770188640378523
"8381","QAA79713.1","V159A","arth","humFit",-0.940724558026975
"8382","QAA79713.1","V159A","arth","birFit",-1.20669307556647
"8383","QAA79714.1","A228T","arth","mosFit",-0.98981311221233
"8384","QAA79714.1","A228T","arth","humFit",-0.762837103916408
"8385","QAA79714.1","A228T","arth","birFit",-1.00327567389567
"8386","QAA79714.1","V159A","arth","mosFit",-0.770188640378523
"8387","QAA79714.1","V159A","arth","humFit",-0.940724558026975
"8388","QAA79714.1","V159A","arth","birFit",-1.20669307556647
"8389","QAA79719.1","T64A","arth","mosFit",-0.746764698739062
"8390","QAA79719.1","T64A","arth","humFit",-1.15899110670822
"8391","QAA79719.1","T64A","arth","birFit",-0.738531064120427
"8392","QAA79719.1","V159A","arth","mosFit",-0.770188640378523
"8393","QAA79719.1","V159A","arth","humFit",-0.940724558026975
"8394","QAA79719.1","V159A","arth","birFit",-1.20669307556647
"8395","QAA79720.1","V159A","arth","mosFit",-0.770188640378523
"8396","QAA79720.1","V159A","arth","humFit",-0.940724558026975
"8397","QAA79720.1","V159A","arth","birFit",-1.20669307556647
"8398","QAA79723.1","A344T","arth","mosFit",-1.09286950756745
"8399","QAA79723.1","A344T","arth","humFit",-1.20466675312513
"8400","QAA79723.1","A344T","arth","birFit",-1.26861309153013
"8401","QAA79723.1","V159A","arth","mosFit",-0.770188640378523
"8402","QAA79723.1","V159A","arth","humFit",-0.940724558026975
"8403","QAA79723.1","V159A","arth","birFit",-1.20669307556647
"8404","QAA79724.1","V159A","arth","mosFit",-0.770188640378523
"8405","QAA79724.1","V159A","arth","humFit",-0.940724558026975
"8406","QAA79724.1","V159A","arth","birFit",-1.20669307556647
"8407","QAA79725.1","V159A","arth","mosFit",-0.770188640378523
"8408","QAA79725.1","V159A","arth","humFit",-0.940724558026975
"8409","QAA79725.1","V159A","arth","birFit",-1.20669307556647
"8410","QAA79726.1","V159A","arth","mosFit",-0.770188640378523
"8411","QAA79726.1","V159A","arth","humFit",-0.940724558026975
"8412","QAA79726.1","V159A","arth","birFit",-1.20669307556647
"8413","QAA79727.1","V159A","arth","mosFit",-0.770188640378523
"8414","QAA79727.1","V159A","arth","humFit",-0.940724558026975
"8415","QAA79727.1","V159A","arth","birFit",-1.20669307556647
"8416","QAT79254.1","M46I","mam","mosFit",-0.544197735576568
"8417","QAT79254.1","M46I","mam","humFit",-0.634197441704344
"8418","QAT79254.1","M46I","mam","birFit",-0.786701509074927
"8419","QCF29636.1","A487T","arth","mosFit",-1.57174586815761
"8420","QCF29636.1","A487T","arth","humFit",-1.55106125449027
"8421","QCF29636.1","A487T","arth","birFit",-1.81280402415934
"8422","QCF29636.1","V159A","arth","mosFit",-0.770188640378523
"8423","QCF29636.1","V159A","arth","humFit",-0.940724558026975
"8424","QCF29636.1","V159A","arth","birFit",-1.20669307556647
"8425","QEH62679.1","V159A","arth","mosFit",-0.770188640378523
"8426","QEH62679.1","V159A","arth","humFit",-0.940724558026975
"8427","QEH62679.1","V159A","arth","birFit",-1.20669307556647
"8428","QEH62680.1","V159A","arth","mosFit",-0.770188640378523
"8429","QEH62680.1","V159A","arth","humFit",-0.940724558026975
"8430","QEH62680.1","V159A","arth","birFit",-1.20669307556647
"8431","QEH62681.1","V159A","arth","mosFit",-0.770188640378523
"8432","QEH62681.1","V159A","arth","humFit",-0.940724558026975
"8433","QEH62681.1","V159A","arth","birFit",-1.20669307556647
"8434","QEH62682.1","V159A","arth","mosFit",-0.770188640378523
"8435","QEH62682.1","V159A","arth","humFit",-0.940724558026975
"8436","QEH62682.1","V159A","arth","birFit",-1.20669307556647
"8437","QEH62683.1","V159A","arth","mosFit",-0.770188640378523
"8438","QEH62683.1","V159A","arth","humFit",-0.940724558026975
"8439","QEH62683.1","V159A","arth","birFit",-1.20669307556647
"8440","QEH62684.1","V159A","arth","mosFit",-0.770188640378523
"8441","QEH62684.1","V159A","arth","humFit",-0.940724558026975
"8442","QEH62684.1","V159A","arth","birFit",-1.20669307556647
"8443","QEH62685.1","V159A","arth","mosFit",-0.770188640378523
"8444","QEH62685.1","V159A","arth","humFit",-0.940724558026975
"8445","QEH62685.1","V159A","arth","birFit",-1.20669307556647
"8446","QEH62686.1","V159A","arth","mosFit",-0.770188640378523
"8447","QEH62686.1","V159A","arth","humFit",-0.940724558026975
"8448","QEH62686.1","V159A","arth","birFit",-1.20669307556647
"8449","QEH62687.1","V159A","arth","mosFit",-0.770188640378523
"8450","QEH62687.1","V159A","arth","humFit",-0.940724558026975
"8451","QEH62687.1","V159A","arth","birFit",-1.20669307556647
"8452","QEH62688.1","V159A","arth","mosFit",-0.770188640378523
"8453","QEH62688.1","V159A","arth","humFit",-0.940724558026975
"8454","QEH62688.1","V159A","arth","birFit",-1.20669307556647
"8455","QEH62689.1","M219I","arth","mosFit",-0.642908005712235
"8456","QEH62689.1","M219I","arth","humFit",-0.588657238663774
"8457","QEH62689.1","M219I","arth","birFit",-1.26083635128024
"8458","QEH62689.1","V159A","arth","mosFit",-0.770188640378523
"8459","QEH62689.1","V159A","arth","humFit",-0.940724558026975
"8460","QEH62689.1","V159A","arth","birFit",-1.20669307556647
"8461","QEH62690.1","V159A","arth","mosFit",-0.770188640378523
"8462","QEH62690.1","V159A","arth","humFit",-0.940724558026975
"8463","QEH62690.1","V159A","arth","birFit",-1.20669307556647
"8464","QEH62691.1","V159A","arth","mosFit",-0.770188640378523
"8465","QEH62691.1","V159A","arth","humFit",-0.940724558026975
"8466","QEH62691.1","V159A","arth","birFit",-1.20669307556647
"8467","QEH62692.1","V159A","arth","mosFit",-0.770188640378523
"8468","QEH62692.1","V159A","arth","humFit",-0.940724558026975
"8469","QEH62692.1","V159A","arth","birFit",-1.20669307556647
"8470","QEH62693.1","V159A","arth","mosFit",-0.770188640378523
"8471","QEH62693.1","V159A","arth","humFit",-0.940724558026975
"8472","QEH62693.1","V159A","arth","birFit",-1.20669307556647
"8473","QEH62694.1","V159A","arth","mosFit",-0.770188640378523
"8474","QEH62694.1","V159A","arth","humFit",-0.940724558026975
"8475","QEH62694.1","V159A","arth","birFit",-1.20669307556647
"8476","QEH62695.1","A51T","arth","mosFit",-1.05030646712279
"8477","QEH62695.1","A51T","arth","humFit",-1.29546657960075
"8478","QEH62695.1","A51T","arth","birFit",-1.72619783601487
"8479","QEH62695.1","V159A","arth","mosFit",-0.770188640378523
"8480","QEH62695.1","V159A","arth","humFit",-0.940724558026975
"8481","QEH62695.1","V159A","arth","birFit",-1.20669307556647
"8482","QEH62696.1","T231A","arth","mosFit",-0.452238561166002
"8483","QEH62696.1","T231A","arth","humFit",-0.459251975530497
"8484","QEH62696.1","T231A","arth","birFit",-0.408039846727231
"8485","QEH62696.1","V159A","arth","mosFit",-0.770188640378523
"8486","QEH62696.1","V159A","arth","humFit",-0.940724558026975
"8487","QEH62696.1","V159A","arth","birFit",-1.20669307556647
"8488","QEH62698.1","V159A","arth","mosFit",-0.770188640378523
"8489","QEH62698.1","V159A","arth","humFit",-0.940724558026975
"8490","QEH62698.1","V159A","arth","birFit",-1.20669307556647
"8491","QEH62700.1","V159A","arth","mosFit",-0.770188640378523
"8492","QEH62700.1","V159A","arth","humFit",-0.940724558026975
"8493","QEH62700.1","V159A","arth","birFit",-1.20669307556647
"8494","QEH62701.1","I253V","arth","mosFit",-0.455691384386623
"8495","QEH62701.1","I253V","arth","humFit",-0.729982454491307
"8496","QEH62701.1","I253V","arth","birFit",-0.519315986787255
"8497","QEH62701.1","V159A","arth","mosFit",-0.770188640378523
"8498","QEH62701.1","V159A","arth","humFit",-0.940724558026975
"8499","QEH62701.1","V159A","arth","birFit",-1.20669307556647
"8500","QEH62702.1","V159A","arth","mosFit",-0.770188640378523
"8501","QEH62702.1","V159A","arth","humFit",-0.940724558026975
"8502","QEH62702.1","V159A","arth","birFit",-1.20669307556647
"8503","QEH62704.1","V159A","arth","mosFit",-0.770188640378523
"8504","QEH62704.1","V159A","arth","humFit",-0.940724558026975
"8505","QEH62704.1","V159A","arth","birFit",-1.20669307556647
"8506","QKN22593.1","H395Y","arth","mosFit",-1.16353568180017
"8507","QKN22593.1","H395Y","arth","humFit",-1.11061767946766
"8508","QKN22593.1","H395Y","arth","birFit",-1.63797400747758
"8509","QKN22593.1","L312F","arth","mosFit",-0.49588534589211
"8510","QKN22593.1","L312F","arth","humFit",-0.653681829821839
"8511","QKN22593.1","L312F","arth","birFit",-0.691281508845258
"8512","QPB41018.1","V159A","arth","mosFit",-0.770188640378523
"8513","QPB41018.1","V159A","arth","humFit",-0.940724558026975
"8514","QPB41018.1","V159A","arth","birFit",-1.20669307556647
"8515","QPB41019.1","N199S","arth","mosFit",-0.450732812430336
"8516","QPB41019.1","N199S","arth","humFit",-0.491560986365038
"8517","QPB41019.1","N199S","arth","birFit",-0.711826419495932
"8518","QPB41019.1","V159A","arth","mosFit",-0.770188640378523
"8519","QPB41019.1","V159A","arth","humFit",-0.940724558026975
"8520","QPB41019.1","V159A","arth","birFit",-1.20669307556647
"8521","QPB41020.1","V159A","arth","mosFit",-0.770188640378523
"8522","QPB41020.1","V159A","arth","humFit",-0.940724558026975
"8523","QPB41020.1","V159A","arth","birFit",-1.20669307556647
"8524","QPB41022.1","V159A","arth","mosFit",-0.770188640378523
"8525","QPB41022.1","V159A","arth","humFit",-0.940724558026975
"8526","QPB41022.1","V159A","arth","birFit",-1.20669307556647
"8527","QPB41023.1","A269T","arth","mosFit",-1.00497346777109
"8528","QPB41023.1","A269T","arth","humFit",-2.02879256760075
"8529","QPB41023.1","A269T","arth","birFit",-2.05572193509796
"8530","QPB41023.1","V159A","arth","mosFit",-0.770188640378523
"8531","QPB41023.1","V159A","arth","humFit",-0.940724558026975
"8532","QPB41023.1","V159A","arth","birFit",-1.20669307556647
"8533","QPB41024.1","V159A","arth","mosFit",-0.770188640378523
"8534","QPB41024.1","V159A","arth","humFit",-0.940724558026975
"8535","QPB41024.1","V159A","arth","birFit",-1.20669307556647
"8536","QPB41025.1","V159A","arth","mosFit",-0.770188640378523
"8537","QPB41025.1","V159A","arth","humFit",-0.940724558026975
"8538","QPB41025.1","V159A","arth","birFit",-1.20669307556647
"8539","QPB41027.1","V159A","arth","mosFit",-0.770188640378523
"8540","QPB41027.1","V159A","arth","humFit",-0.940724558026975
"8541","QPB41027.1","V159A","arth","birFit",-1.20669307556647
"8542","QPB41028.1","V159A","arth","mosFit",-0.770188640378523
"8543","QPB41028.1","V159A","arth","humFit",-0.940724558026975
"8544","QPB41028.1","V159A","arth","birFit",-1.20669307556647
"8545","QPB41029.1","V159A","arth","mosFit",-0.770188640378523
"8546","QPB41029.1","V159A","arth","humFit",-0.940724558026975
"8547","QPB41029.1","V159A","arth","birFit",-1.20669307556647
"8548","QPB41031.1","V159A","arth","mosFit",-0.770188640378523
"8549","QPB41031.1","V159A","arth","humFit",-0.940724558026975
"8550","QPB41031.1","V159A","arth","birFit",-1.20669307556647
"8551","QPB41033.1","V159A","arth","mosFit",-0.770188640378523
"8552","QPB41033.1","V159A","arth","humFit",-0.940724558026975
"8553","QPB41033.1","V159A","arth","birFit",-1.20669307556647
"8554","QPB41035.1","V159A","arth","mosFit",-0.770188640378523
"8555","QPB41035.1","V159A","arth","humFit",-0.940724558026975
"8556","QPB41035.1","V159A","arth","birFit",-1.20669307556647
"8557","QPB41036.1","V159A","arth","mosFit",-0.770188640378523
"8558","QPB41036.1","V159A","arth","humFit",-0.940724558026975
"8559","QPB41036.1","V159A","arth","birFit",-1.20669307556647
"8560","QPB41037.1","V159A","arth","mosFit",-0.770188640378523
"8561","QPB41037.1","V159A","arth","humFit",-0.940724558026975
"8562","QPB41037.1","V159A","arth","birFit",-1.20669307556647
"8563","QPB41038.1","V159A","arth","mosFit",-0.770188640378523
"8564","QPB41038.1","V159A","arth","humFit",-0.940724558026975
"8565","QPB41038.1","V159A","arth","birFit",-1.20669307556647
"8566","QPB41039.1","V159A","arth","mosFit",-0.770188640378523
"8567","QPB41039.1","V159A","arth","humFit",-0.940724558026975
"8568","QPB41039.1","V159A","arth","birFit",-1.20669307556647
"8569","QPB41040.1","V159A","arth","mosFit",-0.770188640378523
"8570","QPB41040.1","V159A","arth","humFit",-0.940724558026975
"8571","QPB41040.1","V159A","arth","birFit",-1.20669307556647
"8572","QPB41041.1","N475S","arth","mosFit",-1.13949689019667
"8573","QPB41041.1","N475S","arth","humFit",-1.6754308177689
"8574","QPB41041.1","N475S","arth","birFit",-1.22095895923841
"8575","QPB41041.1","V159A","arth","mosFit",-0.770188640378523
"8576","QPB41041.1","V159A","arth","humFit",-0.940724558026975
"8577","QPB41041.1","V159A","arth","birFit",-1.20669307556647
"8578","QPB41042.1","I126M","arth","mosFit",-0.722249214014466
"8579","QPB41042.1","I126M","arth","humFit",-0.66766621900469
"8580","QPB41042.1","I126M","arth","birFit",-0.997492473929815
"8581","QPB41042.1","V159A","arth","mosFit",-0.770188640378523
"8582","QPB41042.1","V159A","arth","humFit",-0.940724558026975
"8583","QPB41042.1","V159A","arth","birFit",-1.20669307556647
"8584","QPB41043.1","T157S","arth","mosFit",-1.11614961424304
"8585","QPB41043.1","T157S","arth","humFit",-1.57625100989025
"8586","QPB41043.1","T157S","arth","birFit",-1.9708700302898
"8587","QPB41043.1","V159A","arth","mosFit",-0.770188640378523
"8588","QPB41043.1","V159A","arth","humFit",-0.940724558026975
"8589","QPB41043.1","V159A","arth","birFit",-1.20669307556647
"8590","QPB41044.1","V159A","arth","mosFit",-0.770188640378523
"8591","QPB41044.1","V159A","arth","humFit",-0.940724558026975
"8592","QPB41044.1","V159A","arth","birFit",-1.20669307556647
"8593","QPB41045.1","V159A","arth","mosFit",-0.770188640378523
"8594","QPB41045.1","V159A","arth","humFit",-0.940724558026975
"8595","QPB41045.1","V159A","arth","birFit",-1.20669307556647
"8596","QPB41046.1","T314N","arth","mosFit",-0.475453552710466
"8597","QPB41046.1","T314N","arth","humFit",0.096683344652388
"8598","QPB41046.1","T314N","arth","birFit",-0.657305068281627
"8599","QPB41046.1","V159A","arth","mosFit",-0.770188640378523
"8600","QPB41046.1","V159A","arth","humFit",-0.940724558026975
"8601","QPB41046.1","V159A","arth","birFit",-1.20669307556647
"8602","QPB41047.1","V159A","arth","mosFit",-0.770188640378523
"8603","QPB41047.1","V159A","arth","humFit",-0.940724558026975
"8604","QPB41047.1","V159A","arth","birFit",-1.20669307556647
"8605","QPB41048.1","V159A","arth","mosFit",-0.770188640378523
"8606","QPB41048.1","V159A","arth","humFit",-0.940724558026975
"8607","QPB41048.1","V159A","arth","birFit",-1.20669307556647
"8608","QPB41051.1","V159A","arth","mosFit",-0.770188640378523
"8609","QPB41051.1","V159A","arth","humFit",-0.940724558026975
"8610","QPB41051.1","V159A","arth","birFit",-1.20669307556647
"8611","QPB41052.1","V159A","arth","mosFit",-0.770188640378523
"8612","QPB41052.1","V159A","arth","humFit",-0.940724558026975
"8613","QPB41052.1","V159A","arth","birFit",-1.20669307556647
"8614","QPB41053.1","V159A","arth","mosFit",-0.770188640378523
"8615","QPB41053.1","V159A","arth","humFit",-0.940724558026975
"8616","QPB41053.1","V159A","arth","birFit",-1.20669307556647
"8617","QPB41054.1","V159A","arth","mosFit",-0.770188640378523
"8618","QPB41054.1","V159A","arth","humFit",-0.940724558026975
"8619","QPB41054.1","V159A","arth","birFit",-1.20669307556647
"8620","QPB41055.1","A51T","arth","mosFit",-1.05030646712279
"8621","QPB41055.1","A51T","arth","humFit",-1.29546657960075
"8622","QPB41055.1","A51T","arth","birFit",-1.72619783601487
"8623","QPB41055.1","V159A","arth","mosFit",-0.770188640378523
"8624","QPB41055.1","V159A","arth","humFit",-0.940724558026975
"8625","QPB41055.1","V159A","arth","birFit",-1.20669307556647
"8626","QPB41056.1","V159A","arth","mosFit",-0.770188640378523
"8627","QPB41056.1","V159A","arth","humFit",-0.940724558026975
"8628","QPB41056.1","V159A","arth","birFit",-1.20669307556647
"8629","QPB41057.1","V159A","arth","mosFit",-0.770188640378523
"8630","QPB41057.1","V159A","arth","humFit",-0.940724558026975
"8631","QPB41057.1","V159A","arth","birFit",-1.20669307556647
"8632","QPB41059.1","V159A","arth","mosFit",-0.770188640378523
"8633","QPB41059.1","V159A","arth","humFit",-0.940724558026975
"8634","QPB41059.1","V159A","arth","birFit",-1.20669307556647
"8635","QPB41060.1","A51T","arth","mosFit",-1.05030646712279
"8636","QPB41060.1","A51T","arth","humFit",-1.29546657960075
"8637","QPB41060.1","A51T","arth","birFit",-1.72619783601487
"8638","QPB41060.1","V159A","arth","mosFit",-0.770188640378523
"8639","QPB41060.1","V159A","arth","humFit",-0.940724558026975
"8640","QPB41060.1","V159A","arth","birFit",-1.20669307556647
"8641","QPB69184.1","I126T","mam","mosFit",-0.832702958949661
"8642","QPB69184.1","I126T","mam","humFit",-0.584793993478891
"8643","QPB69184.1","I126T","mam","birFit",-0.806393726680972
"8644","QPB69184.1","R93K","mam","mosFit",-1.16620801408455
"8645","QPB69184.1","R93K","mam","humFit",-1.6946246386064
"8646","QPB69184.1","R93K","mam","birFit",-1.65437780402793
"8647","QPB69184.1","V159I","mam","mosFit",-0.558714890171021
"8648","QPB69184.1","V159I","mam","humFit",-0.558139699453942
"8649","QPB69184.1","V159I","mam","birFit",-2.32415508195564
"8650","QTC04136.1","M46I","mam","mosFit",-0.544197735576568
"8651","QTC04136.1","M46I","mam","humFit",-0.634197441704344
"8652","QTC04136.1","M46I","mam","birFit",-0.786701509074927
"8653","UFP37778.1","I126T","bird","mosFit",-0.832702958949661
"8654","UFP37778.1","I126T","bird","humFit",-0.584793993478891
"8655","UFP37778.1","I126T","bird","birFit",-0.806393726680972
"8656","UFP37778.1","V159I","bird","mosFit",-0.558714890171021
"8657","UFP37778.1","V159I","bird","humFit",-0.558139699453942
"8658","UFP37778.1","V159I","bird","birFit",-2.32415508195564
"8659","UJT32165.1","A51T","bird","mosFit",-1.05030646712279
"8660","UJT32165.1","A51T","bird","humFit",-1.29546657960075
"8661","UJT32165.1","A51T","bird","birFit",-1.72619783601487
"8662","UJT32165.1","I126T","bird","mosFit",-0.832702958949661
"8663","UJT32165.1","I126T","bird","humFit",-0.584793993478891
"8664","UJT32165.1","I126T","bird","birFit",-0.806393726680972
"8665","UJT32165.1","V159I","bird","mosFit",-0.558714890171021
"8666","UJT32165.1","V159I","bird","humFit",-0.558139699453942
"8667","UJT32165.1","V159I","bird","birFit",-2.32415508195564
"8668","UNW37580.1","V159A","arth","mosFit",-0.770188640378523
"8669","UNW37580.1","V159A","arth","humFit",-0.940724558026975
"8670","UNW37580.1","V159A","arth","birFit",-1.20669307556647
"8671","UNW37581.1","V159A","arth","mosFit",-0.770188640378523
"8672","UNW37581.1","V159A","arth","humFit",-0.940724558026975
"8673","UNW37581.1","V159A","arth","birFit",-1.20669307556647
"8674","UNW37582.1","V159A","arth","mosFit",-0.770188640378523
"8675","UNW37582.1","V159A","arth","humFit",-0.940724558026975
"8676","UNW37582.1","V159A","arth","birFit",-1.20669307556647
"8677","UUQ75044.1","I126T","bird","mosFit",-0.832702958949661
"8678","UUQ75044.1","I126T","bird","humFit",-0.584793993478891
"8679","UUQ75044.1","I126T","bird","birFit",-0.806393726680972
"8680","UUQ75044.1","V159I","bird","mosFit",-0.558714890171021
"8681","UUQ75044.1","V159I","bird","humFit",-0.558139699453942
"8682","UUQ75044.1","V159I","bird","birFit",-2.32415508195564
"8683","UUQ75045.1","I126T","mam","mosFit",-0.832702958949661
"8684","UUQ75045.1","I126T","mam","humFit",-0.584793993478891
"8685","UUQ75045.1","I126T","mam","birFit",-0.806393726680972
"8686","UUQ75045.1","V159I","mam","mosFit",-0.558714890171021
"8687","UUQ75045.1","V159I","mam","humFit",-0.558139699453942
"8688","UUQ75045.1","V159I","mam","birFit",-2.32415508195564
"8689","UUQ75046.1","I126T","mam","mosFit",-0.832702958949661
"8690","UUQ75046.1","I126T","mam","humFit",-0.584793993478891
"8691","UUQ75046.1","I126T","mam","birFit",-0.806393726680972
"8692","UUQ75046.1","V159I","mam","mosFit",-0.558714890171021
"8693","UUQ75046.1","V159I","mam","humFit",-0.558139699453942
"8694","UUQ75046.1","V159I","mam","birFit",-2.32415508195564
"8695","UUQ75048.1","I126T","bird","mosFit",-0.832702958949661
"8696","UUQ75048.1","I126T","bird","humFit",-0.584793993478891
"8697","UUQ75048.1","I126T","bird","birFit",-0.806393726680972
"8698","UUQ75048.1","V159I","bird","mosFit",-0.558714890171021
"8699","UUQ75048.1","V159I","bird","humFit",-0.558139699453942
"8700","UUQ75048.1","V159I","bird","birFit",-2.32415508195564
"8701","UUQ75049.1","I126T","bird","mosFit",-0.832702958949661
"8702","UUQ75049.1","I126T","bird","humFit",-0.584793993478891
"8703","UUQ75049.1","I126T","bird","birFit",-0.806393726680972
"8704","UUQ75049.1","V159I","bird","mosFit",-0.558714890171021
"8705","UUQ75049.1","V159I","bird","humFit",-0.558139699453942
"8706","UUQ75049.1","V159I","bird","birFit",-2.32415508195564
"8707","UUQ75051.1","I126T","bird","mosFit",-0.832702958949661
"8708","UUQ75051.1","I126T","bird","humFit",-0.584793993478891
"8709","UUQ75051.1","I126T","bird","birFit",-0.806393726680972
"8710","UUQ75051.1","V159I","bird","mosFit",-0.558714890171021
"8711","UUQ75051.1","V159I","bird","humFit",-0.558139699453942
"8712","UUQ75051.1","V159I","bird","birFit",-2.32415508195564
"8713","UUQ75055.1","I126T","bird","mosFit",-0.832702958949661
"8714","UUQ75055.1","I126T","bird","humFit",-0.584793993478891
"8715","UUQ75055.1","I126T","bird","birFit",-0.806393726680972
"8716","UUQ75055.1","V159I","bird","mosFit",-0.558714890171021
"8717","UUQ75055.1","V159I","bird","humFit",-0.558139699453942
"8718","UUQ75055.1","V159I","bird","birFit",-2.32415508195564
"8719","UUQ75057.1","I126T","bird","mosFit",-0.832702958949661
"8720","UUQ75057.1","I126T","bird","humFit",-0.584793993478891
"8721","UUQ75057.1","I126T","bird","birFit",-0.806393726680972
"8722","UUQ75057.1","V159I","bird","mosFit",-0.558714890171021
"8723","UUQ75057.1","V159I","bird","humFit",-0.558139699453942
"8724","UUQ75057.1","V159I","bird","birFit",-2.32415508195564
"8725","UVC41612.1","I126T","bird","mosFit",-0.832702958949661
"8726","UVC41612.1","I126T","bird","humFit",-0.584793993478891
"8727","UVC41612.1","I126T","bird","birFit",-0.806393726680972
"8728","UVC41612.1","R93K","bird","mosFit",-1.16620801408455
"8729","UVC41612.1","R93K","bird","humFit",-1.6946246386064
"8730","UVC41612.1","R93K","bird","birFit",-1.65437780402793
"8731","UVC41612.1","V159I","bird","mosFit",-0.558714890171021
"8732","UVC41612.1","V159I","bird","humFit",-0.558139699453942
"8733","UVC41612.1","V159I","bird","birFit",-2.32415508195564
"8734","UVC41613.1","I126T","bird","mosFit",-0.832702958949661
"8735","UVC41613.1","I126T","bird","humFit",-0.584793993478891
"8736","UVC41613.1","I126T","bird","birFit",-0.806393726680972
"8737","UVC41613.1","R93K","bird","mosFit",-1.16620801408455
"8738","UVC41613.1","R93K","bird","humFit",-1.6946246386064
"8739","UVC41613.1","R93K","bird","birFit",-1.65437780402793
"8740","UVC41613.1","V159I","bird","mosFit",-0.558714890171021
"8741","UVC41613.1","V159I","bird","humFit",-0.558139699453942
"8742","UVC41613.1","V159I","bird","birFit",-2.32415508195564
"8743","UVC41618.1","I126T","arth","mosFit",-0.832702958949661
"8744","UVC41618.1","I126T","arth","humFit",-0.584793993478891
"8745","UVC41618.1","I126T","arth","birFit",-0.806393726680972
"8746","UVC41618.1","R93K","arth","mosFit",-1.16620801408455
"8747","UVC41618.1","R93K","arth","humFit",-1.6946246386064
"8748","UVC41618.1","R93K","arth","birFit",-1.65437780402793
"8749","UVC41618.1","V159I","arth","mosFit",-0.558714890171021
"8750","UVC41618.1","V159I","arth","humFit",-0.558139699453942
"8751","UVC41618.1","V159I","arth","birFit",-2.32415508195564
"8752","UZC34409.1","M46I","arth","mosFit",-0.544197735576568
"8753","UZC34409.1","M46I","arth","humFit",-0.634197441704344
"8754","UZC34409.1","M46I","arth","birFit",-0.786701509074927
"8755","UZG89714.1","I126T","mam","mosFit",-0.832702958949661
"8756","UZG89714.1","I126T","mam","humFit",-0.584793993478891
"8757","UZG89714.1","I126T","mam","birFit",-0.806393726680972
"8758","UZG89714.1","R93K","mam","mosFit",-1.16620801408455
"8759","UZG89714.1","R93K","mam","humFit",-1.6946246386064
"8760","UZG89714.1","R93K","mam","birFit",-1.65437780402793
"8761","UZG89714.1","V159I","mam","mosFit",-0.558714890171021
"8762","UZG89714.1","V159I","mam","humFit",-0.558139699453942
"8763","UZG89714.1","V159I","mam","birFit",-2.32415508195564
"8764","UZG89715.1","I126T","mam","mosFit",-0.832702958949661
"8765","UZG89715.1","I126T","mam","humFit",-0.584793993478891
"8766","UZG89715.1","I126T","mam","birFit",-0.806393726680972
"8767","UZG89715.1","R93K","mam","mosFit",-1.16620801408455
"8768","UZG89715.1","R93K","mam","humFit",-1.6946246386064
"8769","UZG89715.1","R93K","mam","birFit",-1.65437780402793
"8770","UZG89715.1","V159I","mam","mosFit",-0.558714890171021
"8771","UZG89715.1","V159I","mam","humFit",-0.558139699453942
"8772","UZG89715.1","V159I","mam","birFit",-2.32415508195564
"8773","UZG89716.1","I126T","mam","mosFit",-0.832702958949661
"8774","UZG89716.1","I126T","mam","humFit",-0.584793993478891
"8775","UZG89716.1","I126T","mam","birFit",-0.806393726680972
"8776","UZG89716.1","R93K","mam","mosFit",-1.16620801408455
"8777","UZG89716.1","R93K","mam","humFit",-1.6946246386064
"8778","UZG89716.1","R93K","mam","birFit",-1.65437780402793
"8779","UZG89716.1","V159I","mam","mosFit",-0.558714890171021
"8780","UZG89716.1","V159I","mam","humFit",-0.558139699453942
"8781","UZG89716.1","V159I","mam","birFit",-2.32415508195564
"8782","UZG89718.1","I126T","mam","mosFit",-0.832702958949661
"8783","UZG89718.1","I126T","mam","humFit",-0.584793993478891
"8784","UZG89718.1","I126T","mam","birFit",-0.806393726680972
"8785","UZG89718.1","R93K","mam","mosFit",-1.16620801408455
"8786","UZG89718.1","R93K","mam","humFit",-1.6946246386064
"8787","UZG89718.1","R93K","mam","birFit",-1.65437780402793
"8788","UZG89718.1","V159I","mam","mosFit",-0.558714890171021
"8789","UZG89718.1","V159I","mam","humFit",-0.558139699453942
"8790","UZG89718.1","V159I","mam","birFit",-2.32415508195564
"8791","UZG89720.1","I126T","mam","mosFit",-0.832702958949661
"8792","UZG89720.1","I126T","mam","humFit",-0.584793993478891
"8793","UZG89720.1","I126T","mam","birFit",-0.806393726680972
"8794","UZG89720.1","R93K","mam","mosFit",-1.16620801408455
"8795","UZG89720.1","R93K","mam","humFit",-1.6946246386064
"8796","UZG89720.1","R93K","mam","birFit",-1.65437780402793
"8797","UZG89720.1","V159I","mam","mosFit",-0.558714890171021
"8798","UZG89720.1","V159I","mam","humFit",-0.558139699453942
"8799","UZG89720.1","V159I","mam","birFit",-2.32415508195564
"8800","UZG89722.1","I126T","mam","mosFit",-0.832702958949661
"8801","UZG89722.1","I126T","mam","humFit",-0.584793993478891
"8802","UZG89722.1","I126T","mam","birFit",-0.806393726680972
"8803","UZG89722.1","R93K","mam","mosFit",-1.16620801408455
"8804","UZG89722.1","R93K","mam","humFit",-1.6946246386064
"8805","UZG89722.1","R93K","mam","birFit",-1.65437780402793
"8806","UZG89722.1","V159I","mam","mosFit",-0.558714890171021
"8807","UZG89722.1","V159I","mam","humFit",-0.558139699453942
"8808","UZG89722.1","V159I","mam","birFit",-2.32415508195564
"8809","UZG89725.1","I126T","bird","mosFit",-0.832702958949661
"8810","UZG89725.1","I126T","bird","humFit",-0.584793993478891
"8811","UZG89725.1","I126T","bird","birFit",-0.806393726680972
"8812","UZG89725.1","R93K","bird","mosFit",-1.16620801408455
"8813","UZG89725.1","R93K","bird","humFit",-1.6946246386064
"8814","UZG89725.1","R93K","bird","birFit",-1.65437780402793
"8815","UZG89725.1","V159I","bird","mosFit",-0.558714890171021
"8816","UZG89725.1","V159I","bird","humFit",-0.558139699453942
"8817","UZG89725.1","V159I","bird","birFit",-2.32415508195564
"8818","UZG89729.1","I126T","bird","mosFit",-0.832702958949661
"8819","UZG89729.1","I126T","bird","humFit",-0.584793993478891
"8820","UZG89729.1","I126T","bird","birFit",-0.806393726680972
"8821","UZG89729.1","R93K","bird","mosFit",-1.16620801408455
"8822","UZG89729.1","R93K","bird","humFit",-1.6946246386064
"8823","UZG89729.1","R93K","bird","birFit",-1.65437780402793
"8824","UZG89729.1","V159I","bird","mosFit",-0.558714890171021
"8825","UZG89729.1","V159I","bird","humFit",-0.558139699453942
"8826","UZG89729.1","V159I","bird","birFit",-2.32415508195564
"8827","UZG89730.1","I126T","bird","mosFit",-0.832702958949661
"8828","UZG89730.1","I126T","bird","humFit",-0.584793993478891
"8829","UZG89730.1","I126T","bird","birFit",-0.806393726680972
"8830","UZG89730.1","R93K","bird","mosFit",-1.16620801408455
"8831","UZG89730.1","R93K","bird","humFit",-1.6946246386064
"8832","UZG89730.1","R93K","bird","birFit",-1.65437780402793
"8833","UZG89730.1","V159I","bird","mosFit",-0.558714890171021
"8834","UZG89730.1","V159I","bird","humFit",-0.558139699453942
"8835","UZG89730.1","V159I","bird","birFit",-2.32415508195564
"8836","UZG89732.1","I126T","bird","mosFit",-0.832702958949661
"8837","UZG89732.1","I126T","bird","humFit",-0.584793993478891
"8838","UZG89732.1","I126T","bird","birFit",-0.806393726680972
"8839","UZG89732.1","R93K","bird","mosFit",-1.16620801408455
"8840","UZG89732.1","R93K","bird","humFit",-1.6946246386064
"8841","UZG89732.1","R93K","bird","birFit",-1.65437780402793
"8842","UZG89732.1","V159I","bird","mosFit",-0.558714890171021
"8843","UZG89732.1","V159I","bird","humFit",-0.558139699453942
"8844","UZG89732.1","V159I","bird","birFit",-2.32415508195564
"8845","UZG89736.1","I126T","bird","mosFit",-0.832702958949661
"8846","UZG89736.1","I126T","bird","humFit",-0.584793993478891
"8847","UZG89736.1","I126T","bird","birFit",-0.806393726680972
"8848","UZG89736.1","R93K","bird","mosFit",-1.16620801408455
"8849","UZG89736.1","R93K","bird","humFit",-1.6946246386064
"8850","UZG89736.1","R93K","bird","birFit",-1.65437780402793
"8851","UZG89736.1","V159I","bird","mosFit",-0.558714890171021
"8852","UZG89736.1","V159I","bird","humFit",-0.558139699453942
"8853","UZG89736.1","V159I","bird","birFit",-2.32415508195564
"8854","UZG89738.1","I126T","arth","mosFit",-0.832702958949661
"8855","UZG89738.1","I126T","arth","humFit",-0.584793993478891
"8856","UZG89738.1","I126T","arth","birFit",-0.806393726680972
"8857","UZG89738.1","R93K","arth","mosFit",-1.16620801408455
"8858","UZG89738.1","R93K","arth","humFit",-1.6946246386064
"8859","UZG89738.1","R93K","arth","birFit",-1.65437780402793
"8860","UZG89738.1","V159I","arth","mosFit",-0.558714890171021
"8861","UZG89738.1","V159I","arth","humFit",-0.558139699453942
"8862","UZG89738.1","V159I","arth","birFit",-2.32415508195564
"8863","UZG89739.1","I126T","bird","mosFit",-0.832702958949661
"8864","UZG89739.1","I126T","bird","humFit",-0.584793993478891
"8865","UZG89739.1","I126T","bird","birFit",-0.806393726680972
"8866","UZG89739.1","R93K","bird","mosFit",-1.16620801408455
"8867","UZG89739.1","R93K","bird","humFit",-1.6946246386064
"8868","UZG89739.1","R93K","bird","birFit",-1.65437780402793
"8869","UZG89739.1","V159I","bird","mosFit",-0.558714890171021
"8870","UZG89739.1","V159I","bird","humFit",-0.558139699453942
"8871","UZG89739.1","V159I","bird","birFit",-2.32415508195564
"8872","UZH84471.1","V159A","arth","mosFit",-0.770188640378523
"8873","UZH84471.1","V159A","arth","humFit",-0.940724558026975
"8874","UZH84471.1","V159A","arth","birFit",-1.20669307556647
"8875","WBA89966.1","I126T","arth","mosFit",-0.832702958949661
"8876","WBA89966.1","I126T","arth","humFit",-0.584793993478891
"8877","WBA89966.1","I126T","arth","birFit",-0.806393726680972
"8878","WBA89966.1","V159I","arth","mosFit",-0.558714890171021
"8879","WBA89966.1","V159I","arth","humFit",-0.558139699453942
"8880","WBA89966.1","V159I","arth","birFit",-2.32415508195564
"8881","WBA89968.1","I126T","arth","mosFit",-0.832702958949661
"8882","WBA89968.1","I126T","arth","humFit",-0.584793993478891
"8883","WBA89968.1","I126T","arth","birFit",-0.806393726680972
"8884","WBA89968.1","S156P","arth","mosFit",-0.828111276825081
"8885","WBA89968.1","S156P","arth","humFit",-2.2998477285067
"8886","WBA89968.1","S156P","arth","birFit",-1.27904883077155
"8887","WBA89968.1","V159I","arth","mosFit",-0.558714890171021
"8888","WBA89968.1","V159I","arth","humFit",-0.558139699453942
"8889","WBA89968.1","V159I","arth","birFit",-2.32415508195564
"8890","WBA89969.1","I126T","arth","mosFit",-0.832702958949661
"8891","WBA89969.1","I126T","arth","humFit",-0.584793993478891
"8892","WBA89969.1","I126T","arth","birFit",-0.806393726680972
"8893","WBA89969.1","V159I","arth","mosFit",-0.558714890171021
"8894","WBA89969.1","V159I","arth","humFit",-0.558139699453942
"8895","WBA89969.1","V159I","arth","birFit",-2.32415508195564
"8896","WBA89972.1","A367V","arth","mosFit",-1.07658669151876
"8897","WBA89972.1","A367V","arth","humFit",-1.43403273883207
"8898","WBA89972.1","A367V","arth","birFit",-1.53424407230855
"8899","WBA89972.1","V159I","arth","mosFit",-0.558714890171021
"8900","WBA89972.1","V159I","arth","humFit",-0.558139699453942
"8901","WBA89972.1","V159I","arth","birFit",-2.32415508195564
"8902","WBA89974.1","I126T","arth","mosFit",-0.832702958949661
"8903","WBA89974.1","I126T","arth","humFit",-0.584793993478891
"8904","WBA89974.1","I126T","arth","birFit",-0.806393726680972
"8905","WBA89974.1","R93K","arth","mosFit",-1.16620801408455
"8906","WBA89974.1","R93K","arth","humFit",-1.6946246386064
"8907","WBA89974.1","R93K","arth","birFit",-1.65437780402793
"8908","WBA89974.1","V159I","arth","mosFit",-0.558714890171021
"8909","WBA89974.1","V159I","arth","humFit",-0.558139699453942
"8910","WBA89974.1","V159I","arth","birFit",-2.32415508195564
"8911","WBA89975.1","I126T","arth","mosFit",-0.832702958949661
"8912","WBA89975.1","I126T","arth","humFit",-0.584793993478891
"8913","WBA89975.1","I126T","arth","birFit",-0.806393726680972
"8914","WBA89975.1","N347D","arth","mosFit",-0.96389438858025
"8915","WBA89975.1","N347D","arth","humFit",-1.18195804224441
"8916","WBA89975.1","N347D","arth","birFit",-0.906618051913021
"8917","WBA89975.1","R93K","arth","mosFit",-1.16620801408455
"8918","WBA89975.1","R93K","arth","humFit",-1.6946246386064
"8919","WBA89975.1","R93K","arth","birFit",-1.65437780402793
"8920","WBA89975.1","V159I","arth","mosFit",-0.558714890171021
"8921","WBA89975.1","V159I","arth","humFit",-0.558139699453942
"8922","WBA89975.1","V159I","arth","birFit",-2.32415508195564
"8923","WBA89977.1","I126T","arth","mosFit",-0.832702958949661
"8924","WBA89977.1","I126T","arth","humFit",-0.584793993478891
"8925","WBA89977.1","I126T","arth","birFit",-0.806393726680972
"8926","WBA89977.1","R93K","arth","mosFit",-1.16620801408455
"8927","WBA89977.1","R93K","arth","humFit",-1.6946246386064
"8928","WBA89977.1","R93K","arth","birFit",-1.65437780402793
"8929","WBA89977.1","V159I","arth","mosFit",-0.558714890171021
"8930","WBA89977.1","V159I","arth","humFit",-0.558139699453942
"8931","WBA89977.1","V159I","arth","birFit",-2.32415508195564
"8932","WBQ85998.1","A344T","mam","mosFit",-1.09286950756745
"8933","WBQ85998.1","A344T","mam","humFit",-1.20466675312513
"8934","WBQ85998.1","A344T","mam","birFit",-1.26861309153013
"8935","WBQ85998.1","V159A","mam","mosFit",-0.770188640378523
"8936","WBQ85998.1","V159A","mam","humFit",-0.940724558026975
"8937","WBQ85998.1","V159A","mam","birFit",-1.20669307556647
"8938","WBQ85999.1","A344T","mam","mosFit",-1.09286950756745
"8939","WBQ85999.1","A344T","mam","humFit",-1.20466675312513
"8940","WBQ85999.1","A344T","mam","birFit",-1.26861309153013
"8941","WBQ85999.1","V159A","mam","mosFit",-0.770188640378523
"8942","WBQ85999.1","V159A","mam","humFit",-0.940724558026975
"8943","WBQ85999.1","V159A","mam","birFit",-1.20669307556647
"8944","WBQ86000.1","A344T","mam","mosFit",-1.09286950756745
"8945","WBQ86000.1","A344T","mam","humFit",-1.20466675312513
"8946","WBQ86000.1","A344T","mam","birFit",-1.26861309153013
"8947","WBQ86000.1","V159A","mam","mosFit",-0.770188640378523
"8948","WBQ86000.1","V159A","mam","humFit",-0.940724558026975
"8949","WBQ86000.1","V159A","mam","birFit",-1.20669307556647
"8950","WBQ86001.1","V159A","bird","mosFit",-0.770188640378523
"8951","WBQ86001.1","V159A","bird","humFit",-0.940724558026975
"8952","WBQ86001.1","V159A","bird","birFit",-1.20669307556647
"8953","WBQ86002.1","V159A","bird","mosFit",-0.770188640378523
"8954","WBQ86002.1","V159A","bird","humFit",-0.940724558026975
"8955","WBQ86002.1","V159A","bird","birFit",-1.20669307556647
"8956","WBQ86003.1","V159A","bird","mosFit",-0.770188640378523
"8957","WBQ86003.1","V159A","bird","humFit",-0.940724558026975
"8958","WBQ86003.1","V159A","bird","birFit",-1.20669307556647
"8959","WCB56990.1","A50V","arth","mosFit",-1.69792709867327
"8960","WCB56990.1","A50V","arth","humFit",-1.87368387589131
"8961","WCB56990.1","A50V","arth","birFit",-1.94288020898858
"8962","WCB56990.1","I126T","arth","mosFit",-0.832702958949661
"8963","WCB56990.1","I126T","arth","humFit",-0.584793993478891
"8964","WCB56990.1","I126T","arth","birFit",-0.806393726680972
"8965","WCB56990.1","V159I","arth","mosFit",-0.558714890171021
"8966","WCB56990.1","V159I","arth","humFit",-0.558139699453942
"8967","WCB56990.1","V159I","arth","birFit",-2.32415508195564
"8968","WCB56991.1","I126T","arth","mosFit",-0.832702958949661
"8969","WCB56991.1","I126T","arth","humFit",-0.584793993478891
"8970","WCB56991.1","I126T","arth","birFit",-0.806393726680972
"8971","WCB56991.1","V159I","arth","mosFit",-0.558714890171021
"8972","WCB56991.1","V159I","arth","humFit",-0.558139699453942
"8973","WCB56991.1","V159I","arth","birFit",-2.32415508195564
"8974","WCL16229.1","M46T","mam","mosFit",-0.934712485511977
"8975","WCL16229.1","M46T","mam","humFit",-1.12471706319057
"8976","WCL16229.1","M46T","mam","birFit",-2.70215115611387
"8977","WEM02425.1","R93K","arth","mosFit",-1.16620801408455
"8978","WEM02425.1","R93K","arth","humFit",-1.6946246386064
"8979","WEM02425.1","R93K","arth","birFit",-1.65437780402793
"8980","WEM02425.1","V159I","arth","mosFit",-0.558714890171021
"8981","WEM02425.1","V159I","arth","humFit",-0.558139699453942
"8982","WEM02425.1","V159I","arth","birFit",-2.32415508195564
"8983","WEM02426.1","R93K","arth","mosFit",-1.16620801408455
"8984","WEM02426.1","R93K","arth","humFit",-1.6946246386064
"8985","WEM02426.1","R93K","arth","birFit",-1.65437780402793
"8986","WEM02426.1","V159I","arth","mosFit",-0.558714890171021
"8987","WEM02426.1","V159I","arth","humFit",-0.558139699453942
"8988","WEM02426.1","V159I","arth","birFit",-2.32415508195564
"8989","WEM02427.1","R93K","arth","mosFit",-1.16620801408455
"8990","WEM02427.1","R93K","arth","humFit",-1.6946246386064
"8991","WEM02427.1","R93K","arth","birFit",-1.65437780402793
"8992","WEM02427.1","V159I","arth","mosFit",-0.558714890171021
"8993","WEM02427.1","V159I","arth","humFit",-0.558139699453942
"8994","WEM02427.1","V159I","arth","birFit",-2.32415508195564
"8995","WEM02431.1","V159I","arth","mosFit",-0.558714890171021
"8996","WEM02431.1","V159I","arth","humFit",-0.558139699453942
"8997","WEM02431.1","V159I","arth","birFit",-2.32415508195564
"8998","WGN96885.1","A365S","mam","mosFit",-0.587129969548876
"8999","WGN96885.1","A365S","mam","humFit",-0.661084416588615
"9000","WGN96885.1","A365S","mam","birFit",-0.919248377416798
"9001","WGN96885.1","I126T","mam","mosFit",-0.832702958949661
"9002","WGN96885.1","I126T","mam","humFit",-0.584793993478891
"9003","WGN96885.1","I126T","mam","birFit",-0.806393726680972
"9004","WGN96885.1","V159I","mam","mosFit",-0.558714890171021
"9005","WGN96885.1","V159I","mam","humFit",-0.558139699453942
"9006","WGN96885.1","V159I","mam","birFit",-2.32415508195564
"9007","WGU19517.1","I126T","arth","mosFit",-0.832702958949661
"9008","WGU19517.1","I126T","arth","humFit",-0.584793993478891
"9009","WGU19517.1","I126T","arth","birFit",-0.806393726680972
"9010","WGU19517.1","R93K","arth","mosFit",-1.16620801408455
"9011","WGU19517.1","R93K","arth","humFit",-1.6946246386064
"9012","WGU19517.1","R93K","arth","birFit",-1.65437780402793
"9013","WGU19517.1","V159I","arth","mosFit",-0.558714890171021
"9014","WGU19517.1","V159I","arth","humFit",-0.558139699453942
"9015","WGU19517.1","V159I","arth","birFit",-2.32415508195564
"9016","WGU19518.1","I126T","arth","mosFit",-0.832702958949661
"9017","WGU19518.1","I126T","arth","humFit",-0.584793993478891
"9018","WGU19518.1","I126T","arth","birFit",-0.806393726680972
"9019","WGU19518.1","R93K","arth","mosFit",-1.16620801408455
"9020","WGU19518.1","R93K","arth","humFit",-1.6946246386064
"9021","WGU19518.1","R93K","arth","birFit",-1.65437780402793
"9022","WGU19518.1","V159I","arth","mosFit",-0.558714890171021
"9023","WGU19518.1","V159I","arth","humFit",-0.558139699453942
"9024","WGU19518.1","V159I","arth","birFit",-2.32415508195564
"9025","WGU19521.1","I126T","arth","mosFit",-0.832702958949661
"9026","WGU19521.1","I126T","arth","humFit",-0.584793993478891
"9027","WGU19521.1","I126T","arth","birFit",-0.806393726680972
"9028","WGU19521.1","R93K","arth","mosFit",-1.16620801408455
"9029","WGU19521.1","R93K","arth","humFit",-1.6946246386064
"9030","WGU19521.1","R93K","arth","birFit",-1.65437780402793
"9031","WGU19521.1","V159I","arth","mosFit",-0.558714890171021
"9032","WGU19521.1","V159I","arth","humFit",-0.558139699453942
"9033","WGU19521.1","V159I","arth","birFit",-2.32415508195564
"9034","WGU19522.1","I126T","arth","mosFit",-0.832702958949661
"9035","WGU19522.1","I126T","arth","humFit",-0.584793993478891
"9036","WGU19522.1","I126T","arth","birFit",-0.806393726680972
"9037","WGU19522.1","R93K","arth","mosFit",-1.16620801408455
"9038","WGU19522.1","R93K","arth","humFit",-1.6946246386064
"9039","WGU19522.1","R93K","arth","birFit",-1.65437780402793
"9040","WGU19522.1","V159I","arth","mosFit",-0.558714890171021
"9041","WGU19522.1","V159I","arth","humFit",-0.558139699453942
"9042","WGU19522.1","V159I","arth","birFit",-2.32415508195564
"9043","WGU19523.1","I126T","arth","mosFit",-0.832702958949661
"9044","WGU19523.1","I126T","arth","humFit",-0.584793993478891
"9045","WGU19523.1","I126T","arth","birFit",-0.806393726680972
"9046","WGU19523.1","R93K","arth","mosFit",-1.16620801408455
"9047","WGU19523.1","R93K","arth","humFit",-1.6946246386064
"9048","WGU19523.1","R93K","arth","birFit",-1.65437780402793
"9049","WGU19523.1","V159I","arth","mosFit",-0.558714890171021
"9050","WGU19523.1","V159I","arth","humFit",-0.558139699453942
"9051","WGU19523.1","V159I","arth","birFit",-2.32415508195564
"9052","WGU19524.1","I126T","bird","mosFit",-0.832702958949661
"9053","WGU19524.1","I126T","bird","humFit",-0.584793993478891
"9054","WGU19524.1","I126T","bird","birFit",-0.806393726680972
"9055","WGU19524.1","R93K","bird","mosFit",-1.16620801408455
"9056","WGU19524.1","R93K","bird","humFit",-1.6946246386064
"9057","WGU19524.1","R93K","bird","birFit",-1.65437780402793
"9058","WGU19524.1","V159I","bird","mosFit",-0.558714890171021
"9059","WGU19524.1","V159I","bird","humFit",-0.558139699453942
"9060","WGU19524.1","V159I","bird","birFit",-2.32415508195564
"9061","WGU19525.1","I126T","arth","mosFit",-0.832702958949661
"9062","WGU19525.1","I126T","arth","humFit",-0.584793993478891
"9063","WGU19525.1","I126T","arth","birFit",-0.806393726680972
"9064","WGU19525.1","R93K","arth","mosFit",-1.16620801408455
"9065","WGU19525.1","R93K","arth","humFit",-1.6946246386064
"9066","WGU19525.1","R93K","arth","birFit",-1.65437780402793
"9067","WGU19525.1","V159I","arth","mosFit",-0.558714890171021
"9068","WGU19525.1","V159I","arth","humFit",-0.558139699453942
"9069","WGU19525.1","V159I","arth","birFit",-2.32415508195564
"9070","WGU19527.1","I126T","bird","mosFit",-0.832702958949661
"9071","WGU19527.1","I126T","bird","humFit",-0.584793993478891
"9072","WGU19527.1","I126T","bird","birFit",-0.806393726680972
"9073","WGU19527.1","R93K","bird","mosFit",-1.16620801408455
"9074","WGU19527.1","R93K","bird","humFit",-1.6946246386064
"9075","WGU19527.1","R93K","bird","birFit",-1.65437780402793
"9076","WGU19527.1","V159I","bird","mosFit",-0.558714890171021
"9077","WGU19527.1","V159I","bird","humFit",-0.558139699453942
"9078","WGU19527.1","V159I","bird","birFit",-2.32415508195564
"9079","WGU19528.1","I126T","arth","mosFit",-0.832702958949661
"9080","WGU19528.1","I126T","arth","humFit",-0.584793993478891
"9081","WGU19528.1","I126T","arth","birFit",-0.806393726680972
"9082","WGU19528.1","R93K","arth","mosFit",-1.16620801408455
"9083","WGU19528.1","R93K","arth","humFit",-1.6946246386064
"9084","WGU19528.1","R93K","arth","birFit",-1.65437780402793
"9085","WGU19528.1","V159I","arth","mosFit",-0.558714890171021
"9086","WGU19528.1","V159I","arth","humFit",-0.558139699453942
"9087","WGU19528.1","V159I","arth","birFit",-2.32415508195564
"9088","WGU19529.1","I126T","arth","mosFit",-0.832702958949661
"9089","WGU19529.1","I126T","arth","humFit",-0.584793993478891
"9090","WGU19529.1","I126T","arth","birFit",-0.806393726680972
"9091","WGU19529.1","R93K","arth","mosFit",-1.16620801408455
"9092","WGU19529.1","R93K","arth","humFit",-1.6946246386064
"9093","WGU19529.1","R93K","arth","birFit",-1.65437780402793
"9094","WGU19529.1","V159I","arth","mosFit",-0.558714890171021
"9095","WGU19529.1","V159I","arth","humFit",-0.558139699453942
"9096","WGU19529.1","V159I","arth","birFit",-2.32415508195564
"9097","WID87935.1","A51T","mam","mosFit",-1.05030646712279
"9098","WID87935.1","A51T","mam","humFit",-1.29546657960075
"9099","WID87935.1","A51T","mam","birFit",-1.72619783601487
"9100","WID87935.1","I126T","mam","mosFit",-0.832702958949661
"9101","WID87935.1","I126T","mam","humFit",-0.584793993478891
"9102","WID87935.1","I126T","mam","birFit",-0.806393726680972
"9103","WID87935.1","V159I","mam","mosFit",-0.558714890171021
"9104","WID87935.1","V159I","mam","humFit",-0.558139699453942
"9105","WID87935.1","V159I","mam","birFit",-2.32415508195564
"9106","WKE35501.1","A51T","mam","mosFit",-1.05030646712279
"9107","WKE35501.1","A51T","mam","humFit",-1.29546657960075
"9108","WKE35501.1","A51T","mam","birFit",-1.72619783601487
"9109","WKE35501.1","I126T","mam","mosFit",-0.832702958949661
"9110","WKE35501.1","I126T","mam","humFit",-0.584793993478891
"9111","WKE35501.1","I126T","mam","birFit",-0.806393726680972
"9112","WKE35501.1","V159I","mam","mosFit",-0.558714890171021
"9113","WKE35501.1","V159I","mam","humFit",-0.558139699453942
"9114","WKE35501.1","V159I","mam","birFit",-2.32415508195564
"9115","WKU83407.1","I126T","mam","mosFit",-0.832702958949661
"9116","WKU83407.1","I126T","mam","humFit",-0.584793993478891
"9117","WKU83407.1","I126T","mam","birFit",-0.806393726680972
"9118","WKU83407.1","L68P","mam","mosFit",-2.12625428526521
"9119","WKU83407.1","L68P","mam","humFit",-2.29408674546086
"9120","WKU83407.1","L68P","mam","birFit",-3.0406424143738
"9121","WKU83407.1","V159I","mam","mosFit",-0.558714890171021
"9122","WKU83407.1","V159I","mam","humFit",-0.558139699453942
"9123","WKU83407.1","V159I","mam","birFit",-2.32415508195564
"9124","WKU83408.1","I126T","mam","mosFit",-0.832702958949661
"9125","WKU83408.1","I126T","mam","humFit",-0.584793993478891
"9126","WKU83408.1","I126T","mam","birFit",-0.806393726680972
"9127","WKU83408.1","V159I","mam","mosFit",-0.558714890171021
"9128","WKU83408.1","V159I","mam","humFit",-0.558139699453942
"9129","WKU83408.1","V159I","mam","birFit",-2.32415508195564
"9130","WKW94165.1","V159A","bird","mosFit",-0.770188640378523
"9131","WKW94165.1","V159A","bird","humFit",-0.940724558026975
"9132","WKW94165.1","V159A","bird","birFit",-1.20669307556647
"9133","WKW94171.1","N475S","arth","mosFit",-1.13949689019667
"9134","WKW94171.1","N475S","arth","humFit",-1.6754308177689
"9135","WKW94171.1","N475S","arth","birFit",-1.22095895923841
"9136","WKW94171.1","V159A","arth","mosFit",-0.770188640378523
"9137","WKW94171.1","V159A","arth","humFit",-0.940724558026975
"9138","WKW94171.1","V159A","arth","birFit",-1.20669307556647
"9139","WKW94176.1","V159A","arth","mosFit",-0.770188640378523
"9140","WKW94176.1","V159A","arth","humFit",-0.940724558026975
"9141","WKW94176.1","V159A","arth","birFit",-1.20669307556647
"9142","WKW94178.1","V159A","arth","mosFit",-0.770188640378523
"9143","WKW94178.1","V159A","arth","humFit",-0.940724558026975
"9144","WKW94178.1","V159A","arth","birFit",-1.20669307556647
"9145","WKW94179.1","V159A","arth","mosFit",-0.770188640378523
"9146","WKW94179.1","V159A","arth","humFit",-0.940724558026975
"9147","WKW94179.1","V159A","arth","birFit",-1.20669307556647
"9148","WKW94180.1","V159A","arth","mosFit",-0.770188640378523
"9149","WKW94180.1","V159A","arth","humFit",-0.940724558026975
"9150","WKW94180.1","V159A","arth","birFit",-1.20669307556647
"9151","WKW94181.1","V159A","bird","mosFit",-0.770188640378523
"9152","WKW94181.1","V159A","bird","humFit",-0.940724558026975
"9153","WKW94181.1","V159A","bird","birFit",-1.20669307556647
"9154","WKW94183.1","V159A","arth","mosFit",-0.770188640378523
"9155","WKW94183.1","V159A","arth","humFit",-0.940724558026975
"9156","WKW94183.1","V159A","arth","birFit",-1.20669307556647
"9157","WKW94184.1","V159A","arth","mosFit",-0.770188640378523
"9158","WKW94184.1","V159A","arth","humFit",-0.940724558026975
"9159","WKW94184.1","V159A","arth","birFit",-1.20669307556647
"9160","WKW94185.1","V159A","bird","mosFit",-0.770188640378523
"9161","WKW94185.1","V159A","bird","humFit",-0.940724558026975
"9162","WKW94185.1","V159A","bird","birFit",-1.20669307556647
"9163","WKW94187.1","T123N","arth","mosFit",-0.14848344037329
"9164","WKW94187.1","T123N","arth","humFit",0.364382738576224
"9165","WKW94187.1","T123N","arth","birFit",-0.482392159907358
"9166","WKW94187.1","T357S","arth","mosFit",-0.641040278274598
"9167","WKW94187.1","T357S","arth","humFit",-0.749642273100149
"9168","WKW94187.1","T357S","arth","birFit",-1.63086377882238
"9169","WKW94187.1","V159A","arth","mosFit",-0.770188640378523
"9170","WKW94187.1","V159A","arth","humFit",-0.940724558026975
"9171","WKW94187.1","V159A","arth","birFit",-1.20669307556647
"9172","WKW94188.1","V159A","arth","mosFit",-0.770188640378523
"9173","WKW94188.1","V159A","arth","humFit",-0.940724558026975
"9174","WKW94188.1","V159A","arth","birFit",-1.20669307556647
"9175","WKW94190.1","V159A","arth","mosFit",-0.770188640378523
"9176","WKW94190.1","V159A","arth","humFit",-0.940724558026975
"9177","WKW94190.1","V159A","arth","birFit",-1.20669307556647
"9178","WKW94191.1","V159A","bird","mosFit",-0.770188640378523
"9179","WKW94191.1","V159A","bird","humFit",-0.940724558026975
"9180","WKW94191.1","V159A","bird","birFit",-1.20669307556647
"9181","WKW94192.1","V159A","bird","mosFit",-0.770188640378523
"9182","WKW94192.1","V159A","bird","humFit",-0.940724558026975
"9183","WKW94192.1","V159A","bird","birFit",-1.20669307556647
"9184","WKW94194.1","V159A","arth","mosFit",-0.770188640378523
"9185","WKW94194.1","V159A","arth","humFit",-0.940724558026975
"9186","WKW94194.1","V159A","arth","birFit",-1.20669307556647
"9187","WKW94195.1","V159A","arth","mosFit",-0.770188640378523
"9188","WKW94195.1","V159A","arth","humFit",-0.940724558026975
"9189","WKW94195.1","V159A","arth","birFit",-1.20669307556647
"9190","WKW94197.1","V159A","arth","mosFit",-0.770188640378523
"9191","WKW94197.1","V159A","arth","humFit",-0.940724558026975
"9192","WKW94197.1","V159A","arth","birFit",-1.20669307556647
"9193","WKW94200.1","V159A","arth","mosFit",-0.770188640378523
"9194","WKW94200.1","V159A","arth","humFit",-0.940724558026975
"9195","WKW94200.1","V159A","arth","birFit",-1.20669307556647
"9196","WKW94202.1","V159A","arth","mosFit",-0.770188640378523
"9197","WKW94202.1","V159A","arth","humFit",-0.940724558026975
"9198","WKW94202.1","V159A","arth","birFit",-1.20669307556647
"9199","WKW94203.1","V159A","arth","mosFit",-0.770188640378523
"9200","WKW94203.1","V159A","arth","humFit",-0.940724558026975
"9201","WKW94203.1","V159A","arth","birFit",-1.20669307556647
"9202","WKW94204.1","T123N","arth","mosFit",-0.14848344037329
"9203","WKW94204.1","T123N","arth","humFit",0.364382738576224
"9204","WKW94204.1","T123N","arth","birFit",-0.482392159907358
"9205","WKW94204.1","V159A","arth","mosFit",-0.770188640378523
"9206","WKW94204.1","V159A","arth","humFit",-0.940724558026975
"9207","WKW94204.1","V159A","arth","birFit",-1.20669307556647
"9208","WKW94205.1","V159A","arth","mosFit",-0.770188640378523
"9209","WKW94205.1","V159A","arth","humFit",-0.940724558026975
"9210","WKW94205.1","V159A","arth","birFit",-1.20669307556647
"9211","WKW94208.1","A164T","arth","mosFit",-0.417742876555886
"9212","WKW94208.1","A164T","arth","humFit",-1.03934259080547
"9213","WKW94208.1","A164T","arth","birFit",-1.0501389593247
"9214","WKW94208.1","V159A","arth","mosFit",-0.770188640378523
"9215","WKW94208.1","V159A","arth","humFit",-0.940724558026975
"9216","WKW94208.1","V159A","arth","birFit",-1.20669307556647
"9217","WKW94209.1","V159A","arth","mosFit",-0.770188640378523
"9218","WKW94209.1","V159A","arth","humFit",-0.940724558026975
"9219","WKW94209.1","V159A","arth","birFit",-1.20669307556647
"9220","WKW94211.1","V159A","bird","mosFit",-0.770188640378523
"9221","WKW94211.1","V159A","bird","humFit",-0.940724558026975
"9222","WKW94211.1","V159A","bird","birFit",-1.20669307556647
"9223","WKW94211.1","V431I","bird","mosFit",-1.5618331725051
"9224","WKW94211.1","V431I","bird","humFit",-1.65018063952008
"9225","WKW94211.1","V431I","bird","birFit",-1.4496843005941
"9226","WKW94214.1","A369S","arth","mosFit",-0.590431503793076
"9227","WKW94214.1","A369S","arth","humFit",-0.539021046822144
"9228","WKW94214.1","A369S","arth","birFit",-1.42661304372807
"9229","WKW94214.1","V159A","arth","mosFit",-0.770188640378523
"9230","WKW94214.1","V159A","arth","humFit",-0.940724558026975
"9231","WKW94214.1","V159A","arth","birFit",-1.20669307556647
"9232","WKW94215.1","A51T","arth","mosFit",-1.05030646712279
"9233","WKW94215.1","A51T","arth","humFit",-1.29546657960075
"9234","WKW94215.1","A51T","arth","birFit",-1.72619783601487
"9235","WKW94215.1","V159A","arth","mosFit",-0.770188640378523
"9236","WKW94215.1","V159A","arth","humFit",-0.940724558026975
"9237","WKW94215.1","V159A","arth","birFit",-1.20669307556647
"9238","WKW94216.1","V159A","bird","mosFit",-0.770188640378523
"9239","WKW94216.1","V159A","bird","humFit",-0.940724558026975
"9240","WKW94216.1","V159A","bird","birFit",-1.20669307556647
"9241","WKW94216.1","V431I","bird","mosFit",-1.5618331725051
"9242","WKW94216.1","V431I","bird","humFit",-1.65018063952008
"9243","WKW94216.1","V431I","bird","birFit",-1.4496843005941
"9244","WKW94218.1","V159A","arth","mosFit",-0.770188640378523
"9245","WKW94218.1","V159A","arth","humFit",-0.940724558026975
"9246","WKW94218.1","V159A","arth","birFit",-1.20669307556647
"9247","WKW94219.1","L312F","arth","mosFit",-0.49588534589211
"9248","WKW94219.1","L312F","arth","humFit",-0.653681829821839
"9249","WKW94219.1","L312F","arth","birFit",-0.691281508845258
"9250","WKW94219.1","V159A","arth","mosFit",-0.770188640378523
"9251","WKW94219.1","V159A","arth","humFit",-0.940724558026975
"9252","WKW94219.1","V159A","arth","birFit",-1.20669307556647
"9253","WKW94221.1","V159A","bird","mosFit",-0.770188640378523
"9254","WKW94221.1","V159A","bird","humFit",-0.940724558026975
"9255","WKW94221.1","V159A","bird","birFit",-1.20669307556647
"9256","WKW94222.1","V159A","arth","mosFit",-0.770188640378523
"9257","WKW94222.1","V159A","arth","humFit",-0.940724558026975
"9258","WKW94222.1","V159A","arth","birFit",-1.20669307556647
"9259","WKW94223.1","V159A","bird","mosFit",-0.770188640378523
"9260","WKW94223.1","V159A","bird","humFit",-0.940724558026975
"9261","WKW94223.1","V159A","bird","birFit",-1.20669307556647
"9262","WKW94224.1","V159A","bird","mosFit",-0.770188640378523
"9263","WKW94224.1","V159A","bird","humFit",-0.940724558026975
"9264","WKW94224.1","V159A","bird","birFit",-1.20669307556647
"9265","WKW94224.1","V431I","bird","mosFit",-1.5618331725051
"9266","WKW94224.1","V431I","bird","humFit",-1.65018063952008
"9267","WKW94224.1","V431I","bird","birFit",-1.4496843005941
"9268","WKW94225.1","V159A","bird","mosFit",-0.770188640378523
"9269","WKW94225.1","V159A","bird","humFit",-0.940724558026975
"9270","WKW94225.1","V159A","bird","birFit",-1.20669307556647
"9271","WKW94226.1","V159A","bird","mosFit",-0.770188640378523
"9272","WKW94226.1","V159A","bird","humFit",-0.940724558026975
"9273","WKW94226.1","V159A","bird","birFit",-1.20669307556647
"9274","WKW94227.1","V159A","arth","mosFit",-0.770188640378523
"9275","WKW94227.1","V159A","arth","humFit",-0.940724558026975
"9276","WKW94227.1","V159A","arth","birFit",-1.20669307556647
"9277","WKW94229.1","V159A","arth","mosFit",-0.770188640378523
"9278","WKW94229.1","V159A","arth","humFit",-0.940724558026975
"9279","WKW94229.1","V159A","arth","birFit",-1.20669307556647
"9280","WKW94230.1","V159A","bird","mosFit",-0.770188640378523
"9281","WKW94230.1","V159A","bird","humFit",-0.940724558026975
"9282","WKW94230.1","V159A","bird","birFit",-1.20669307556647
"9283","WKW94230.1","V431I","bird","mosFit",-1.5618331725051
"9284","WKW94230.1","V431I","bird","humFit",-1.65018063952008
"9285","WKW94230.1","V431I","bird","birFit",-1.4496843005941
"9286","WKW94232.1","V159A","bird","mosFit",-0.770188640378523
"9287","WKW94232.1","V159A","bird","humFit",-0.940724558026975
"9288","WKW94232.1","V159A","bird","birFit",-1.20669307556647
"9289","WKW94233.1","I135V","arth","mosFit",-1.01634111797992
"9290","WKW94233.1","I135V","arth","humFit",-1.39522899908133
"9291","WKW94233.1","I135V","arth","birFit",-1.57247286018612
"9292","WKW94233.1","V159A","arth","mosFit",-0.770188640378523
"9293","WKW94233.1","V159A","arth","humFit",-0.940724558026975
"9294","WKW94233.1","V159A","arth","birFit",-1.20669307556647
"9295","WKW94236.1","V159A","arth","mosFit",-0.770188640378523
"9296","WKW94236.1","V159A","arth","humFit",-0.940724558026975
"9297","WKW94236.1","V159A","arth","birFit",-1.20669307556647
"9298","WKW94237.1","V159A","bird","mosFit",-0.770188640378523
"9299","WKW94237.1","V159A","bird","humFit",-0.940724558026975
"9300","WKW94237.1","V159A","bird","birFit",-1.20669307556647
"9301","WKW94238.1","V159A","arth","mosFit",-0.770188640378523
"9302","WKW94238.1","V159A","arth","humFit",-0.940724558026975
"9303","WKW94238.1","V159A","arth","birFit",-1.20669307556647
"9304","WKW94239.1","V159A","arth","mosFit",-0.770188640378523
"9305","WKW94239.1","V159A","arth","humFit",-0.940724558026975
"9306","WKW94239.1","V159A","arth","birFit",-1.20669307556647
"9307","WKW94240.1","V159A","arth","mosFit",-0.770188640378523
"9308","WKW94240.1","V159A","arth","humFit",-0.940724558026975
"9309","WKW94240.1","V159A","arth","birFit",-1.20669307556647
"9310","WKW94241.1","V159A","arth","mosFit",-0.770188640378523
"9311","WKW94241.1","V159A","arth","humFit",-0.940724558026975
"9312","WKW94241.1","V159A","arth","birFit",-1.20669307556647
"9313","WKW94242.1","V21A","arth","mosFit",-1.60417585693306
"9314","WKW94242.1","V21A","arth","humFit",-1.73016547891736
"9315","WKW94242.1","V21A","arth","birFit",-2.67923827538858
"9316","WKW94242.1","V159A","arth","mosFit",-0.770188640378523
"9317","WKW94242.1","V159A","arth","humFit",-0.940724558026975
"9318","WKW94242.1","V159A","arth","birFit",-1.20669307556647
"9319","WKW94243.1","L486F","bird","mosFit",-0.870694438053228
"9320","WKW94243.1","L486F","bird","humFit",-2.27935215082642
"9321","WKW94243.1","L486F","bird","birFit",-2.44816475285627
"9322","WKW94243.1","V65I","bird","mosFit",-0.931173232077551
"9323","WKW94243.1","V65I","bird","humFit",-0.671327677982624
"9324","WKW94243.1","V65I","bird","birFit",-1.37504179227655
"9325","WKW94243.1","V159A","bird","mosFit",-0.770188640378523
"9326","WKW94243.1","V159A","bird","humFit",-0.940724558026975
"9327","WKW94243.1","V159A","bird","birFit",-1.20669307556647
"9328","WKW94245.1","V159A","arth","mosFit",-0.770188640378523
"9329","WKW94245.1","V159A","arth","humFit",-0.940724558026975
"9330","WKW94245.1","V159A","arth","birFit",-1.20669307556647
"9331","WKW94247.1","V159A","arth","mosFit",-0.770188640378523
"9332","WKW94247.1","V159A","arth","humFit",-0.940724558026975
"9333","WKW94247.1","V159A","arth","birFit",-1.20669307556647
"9334","WKW94251.1","N47I","arth","mosFit",-1.95799240579669
"9335","WKW94251.1","N47I","arth","humFit",-2.24257414441542
"9336","WKW94251.1","N47I","arth","birFit",-2.45848908419806
"9337","WKW94251.1","V159A","arth","mosFit",-0.770188640378523
"9338","WKW94251.1","V159A","arth","humFit",-0.940724558026975
"9339","WKW94251.1","V159A","arth","birFit",-1.20669307556647
"9340","WKW94252.1","V159A","arth","mosFit",-0.770188640378523
"9341","WKW94252.1","V159A","arth","humFit",-0.940724558026975
"9342","WKW94252.1","V159A","arth","birFit",-1.20669307556647
"9343","WKW94254.1","V159A","arth","mosFit",-0.770188640378523
"9344","WKW94254.1","V159A","arth","humFit",-0.940724558026975
"9345","WKW94254.1","V159A","arth","birFit",-1.20669307556647
"9346","WKW94255.1","V159A","bird","mosFit",-0.770188640378523
"9347","WKW94255.1","V159A","bird","humFit",-0.940724558026975
"9348","WKW94255.1","V159A","bird","birFit",-1.20669307556647
"9349","WKW94255.1","V290M","bird","mosFit",-0.738400780458981
"9350","WKW94255.1","V290M","bird","humFit",-0.260288941803777
"9351","WKW94255.1","V290M","bird","birFit",-2.36710254882393
"9352","WKW94256.1","V159A","bird","mosFit",-0.770188640378523
"9353","WKW94256.1","V159A","bird","humFit",-0.940724558026975
"9354","WKW94256.1","V159A","bird","birFit",-1.20669307556647
"9355","WKW94257.1","F454L","arth","mosFit",-1.64756388306903
"9356","WKW94257.1","F454L","arth","humFit",-2.39560444488155
"9357","WKW94257.1","F454L","arth","birFit",-2.78159492371124
"9358","WKW94257.1","V159A","arth","mosFit",-0.770188640378523
"9359","WKW94257.1","V159A","arth","humFit",-0.940724558026975
"9360","WKW94257.1","V159A","arth","birFit",-1.20669307556647
"9361","WKW94258.1","L62S","arth","mosFit",-0.72405660899366
"9362","WKW94258.1","L62S","arth","humFit",-1.20115754291968
"9363","WKW94258.1","L62S","arth","birFit",-1.10922292998096
"9364","WKW94258.1","V159A","arth","mosFit",-0.770188640378523
"9365","WKW94258.1","V159A","arth","humFit",-0.940724558026975
"9366","WKW94258.1","V159A","arth","birFit",-1.20669307556647
"9367","WKW94260.1","V159A","arth","mosFit",-0.770188640378523
"9368","WKW94260.1","V159A","arth","humFit",-0.940724558026975
"9369","WKW94260.1","V159A","arth","birFit",-1.20669307556647
"9370","WKW94261.1","V159A","arth","mosFit",-0.770188640378523
"9371","WKW94261.1","V159A","arth","humFit",-0.940724558026975
"9372","WKW94261.1","V159A","arth","birFit",-1.20669307556647
"9373","WKW94263.1","V159A","arth","mosFit",-0.770188640378523
"9374","WKW94263.1","V159A","arth","humFit",-0.940724558026975
"9375","WKW94263.1","V159A","arth","birFit",-1.20669307556647
"9376","WKW94264.1","V159A","arth","mosFit",-0.770188640378523
"9377","WKW94264.1","V159A","arth","humFit",-0.940724558026975
"9378","WKW94264.1","V159A","arth","birFit",-1.20669307556647
"9379","WKW94265.1","V159A","bird","mosFit",-0.770188640378523
"9380","WKW94265.1","V159A","bird","humFit",-0.940724558026975
"9381","WKW94265.1","V159A","bird","birFit",-1.20669307556647
"9382","WKW94266.1","T436A","arth","mosFit",-1.0296888488933
"9383","WKW94266.1","T436A","arth","humFit",-1.15862197615622
"9384","WKW94266.1","T436A","arth","birFit",-1.16085466255657
"9385","WKW94266.1","V159A","arth","mosFit",-0.770188640378523
"9386","WKW94266.1","V159A","arth","humFit",-0.940724558026975
"9387","WKW94266.1","V159A","arth","birFit",-1.20669307556647
"9388","WKW94267.1","V159A","bird","mosFit",-0.770188640378523
"9389","WKW94267.1","V159A","bird","humFit",-0.940724558026975
"9390","WKW94267.1","V159A","bird","birFit",-1.20669307556647
"9391","WKW94268.1","V159A","arth","mosFit",-0.770188640378523
"9392","WKW94268.1","V159A","arth","humFit",-0.940724558026975
"9393","WKW94268.1","V159A","arth","birFit",-1.20669307556647
"9394","WKW94269.1","V159A","arth","mosFit",-0.770188640378523
"9395","WKW94269.1","V159A","arth","humFit",-0.940724558026975
"9396","WKW94269.1","V159A","arth","birFit",-1.20669307556647
"9397","WKW94271.1","T123N","arth","mosFit",-0.14848344037329
"9398","WKW94271.1","T123N","arth","humFit",0.364382738576224
"9399","WKW94271.1","T123N","arth","birFit",-0.482392159907358
"9400","WKW94271.1","V159A","arth","mosFit",-0.770188640378523
"9401","WKW94271.1","V159A","arth","humFit",-0.940724558026975
"9402","WKW94271.1","V159A","arth","birFit",-1.20669307556647
"9403","WKW94273.1","V159A","arth","mosFit",-0.770188640378523
"9404","WKW94273.1","V159A","arth","humFit",-0.940724558026975
"9405","WKW94273.1","V159A","arth","birFit",-1.20669307556647
"9406","WKW94274.1","V159A","bird","mosFit",-0.770188640378523
"9407","WKW94274.1","V159A","bird","humFit",-0.940724558026975
"9408","WKW94274.1","V159A","bird","birFit",-1.20669307556647
"9409","WKW94274.1","V431I","bird","mosFit",-1.5618331725051
"9410","WKW94274.1","V431I","bird","humFit",-1.65018063952008
"9411","WKW94274.1","V431I","bird","birFit",-1.4496843005941
"9412","WKW94275.1","V159A","arth","mosFit",-0.770188640378523
"9413","WKW94275.1","V159A","arth","humFit",-0.940724558026975
"9414","WKW94275.1","V159A","arth","birFit",-1.20669307556647
"9415","WKW94276.1","V159A","arth","mosFit",-0.770188640378523
"9416","WKW94276.1","V159A","arth","humFit",-0.940724558026975
"9417","WKW94276.1","V159A","arth","birFit",-1.20669307556647
"9418","WKW94277.1","V159A","bird","mosFit",-0.770188640378523
"9419","WKW94277.1","V159A","bird","humFit",-0.940724558026975
"9420","WKW94277.1","V159A","bird","birFit",-1.20669307556647
"9421","WKW94278.1","V159A","arth","mosFit",-0.770188640378523
"9422","WKW94278.1","V159A","arth","humFit",-0.940724558026975
"9423","WKW94278.1","V159A","arth","birFit",-1.20669307556647
"9424","WKW94279.1","A365S","arth","mosFit",-0.587129969548876
"9425","WKW94279.1","A365S","arth","humFit",-0.661084416588615
"9426","WKW94279.1","A365S","arth","birFit",-0.919248377416798
"9427","WKW94279.1","V159A","arth","mosFit",-0.770188640378523
"9428","WKW94279.1","V159A","arth","humFit",-0.940724558026975
"9429","WKW94279.1","V159A","arth","birFit",-1.20669307556647
"9430","WKW94280.1","I474V","arth","mosFit",-1.03874185083062
"9431","WKW94280.1","I474V","arth","humFit",-1.42957333041047
"9432","WKW94280.1","I474V","arth","birFit",-1.30810769595927
"9433","WKW94280.1","V159A","arth","mosFit",-0.770188640378523
"9434","WKW94280.1","V159A","arth","humFit",-0.940724558026975
"9435","WKW94280.1","V159A","arth","birFit",-1.20669307556647
"9436","WKW94282.1","V159A","bird","mosFit",-0.770188640378523
"9437","WKW94282.1","V159A","bird","humFit",-0.940724558026975
"9438","WKW94282.1","V159A","bird","birFit",-1.20669307556647
"9439","WKW94284.1","V159A","arth","mosFit",-0.770188640378523
"9440","WKW94284.1","V159A","arth","humFit",-0.940724558026975
"9441","WKW94284.1","V159A","arth","birFit",-1.20669307556647
"9442","WKW94286.1","R193Q","bird","mosFit",-1.0019627165343
"9443","WKW94286.1","R193Q","bird","humFit",-1.40371152339841
"9444","WKW94286.1","R193Q","bird","birFit",-0.826014768819844
"9445","WKW94286.1","V159A","bird","mosFit",-0.770188640378523
"9446","WKW94286.1","V159A","bird","humFit",-0.940724558026975
"9447","WKW94286.1","V159A","bird","birFit",-1.20669307556647
"9448","WKW94287.1","V159A","bird","mosFit",-0.770188640378523
"9449","WKW94287.1","V159A","bird","humFit",-0.940724558026975
"9450","WKW94287.1","V159A","bird","birFit",-1.20669307556647
"9451","WKW94288.1","Q391H","arth","mosFit",-0.845765344175101
"9452","WKW94288.1","Q391H","arth","humFit",-1.29964736541826
"9453","WKW94288.1","Q391H","arth","birFit",-2.05991676438465
"9454","WKW94288.1","V159A","arth","mosFit",-0.770188640378523
"9455","WKW94288.1","V159A","arth","humFit",-0.940724558026975
"9456","WKW94288.1","V159A","arth","birFit",-1.20669307556647
"9457","WKW94289.1","L412F","bird","mosFit",-1.37565594648295
"9458","WKW94289.1","L412F","bird","humFit",-1.19849354893594
"9459","WKW94289.1","L412F","bird","birFit",-1.69757764928015
"9460","WKW94289.1","V159A","bird","mosFit",-0.770188640378523
"9461","WKW94289.1","V159A","bird","humFit",-0.940724558026975
"9462","WKW94289.1","V159A","bird","birFit",-1.20669307556647
"9463","WKW94290.1","V159A","bird","mosFit",-0.770188640378523
"9464","WKW94290.1","V159A","bird","humFit",-0.940724558026975
"9465","WKW94290.1","V159A","bird","birFit",-1.20669307556647
"9466","WKW94290.1","V431I","bird","mosFit",-1.5618331725051
"9467","WKW94290.1","V431I","bird","humFit",-1.65018063952008
"9468","WKW94290.1","V431I","bird","birFit",-1.4496843005941
"9469","WKW94291.1","V159A","arth","mosFit",-0.770188640378523
"9470","WKW94291.1","V159A","arth","humFit",-0.940724558026975
"9471","WKW94291.1","V159A","arth","birFit",-1.20669307556647
"9472","WKW94292.1","V159A","arth","mosFit",-0.770188640378523
"9473","WKW94292.1","V159A","arth","humFit",-0.940724558026975
"9474","WKW94292.1","V159A","arth","birFit",-1.20669307556647
"9475","WKW94293.1","V159A","arth","mosFit",-0.770188640378523
"9476","WKW94293.1","V159A","arth","humFit",-0.940724558026975
"9477","WKW94293.1","V159A","arth","birFit",-1.20669307556647
"9478","WKW94294.1","V159A","arth","mosFit",-0.770188640378523
"9479","WKW94294.1","V159A","arth","humFit",-0.940724558026975
"9480","WKW94294.1","V159A","arth","birFit",-1.20669307556647
"9481","WKW94297.1","V159A","arth","mosFit",-0.770188640378523
"9482","WKW94297.1","V159A","arth","humFit",-0.940724558026975
"9483","WKW94297.1","V159A","arth","birFit",-1.20669307556647
"9484","WKW94298.1","V159A","bird","mosFit",-0.770188640378523
"9485","WKW94298.1","V159A","bird","humFit",-0.940724558026975
"9486","WKW94298.1","V159A","bird","birFit",-1.20669307556647
"9487","WKW94298.1","V431I","bird","mosFit",-1.5618331725051
"9488","WKW94298.1","V431I","bird","humFit",-1.65018063952008
"9489","WKW94298.1","V431I","bird","birFit",-1.4496843005941
"9490","WKW94302.1","V159A","arth","mosFit",-0.770188640378523
"9491","WKW94302.1","V159A","arth","humFit",-0.940724558026975
"9492","WKW94302.1","V159A","arth","birFit",-1.20669307556647
"9493","WKW94303.1","V159A","arth","mosFit",-0.770188640378523
"9494","WKW94303.1","V159A","arth","humFit",-0.940724558026975
"9495","WKW94303.1","V159A","arth","birFit",-1.20669307556647
"9496","WKW94304.1","A51T","arth","mosFit",-1.05030646712279
"9497","WKW94304.1","A51T","arth","humFit",-1.29546657960075
"9498","WKW94304.1","A51T","arth","birFit",-1.72619783601487
"9499","WKW94304.1","V159A","arth","mosFit",-0.770188640378523
"9500","WKW94304.1","V159A","arth","humFit",-0.940724558026975
"9501","WKW94304.1","V159A","arth","birFit",-1.20669307556647
"9502","WKW94305.1","V159A","arth","mosFit",-0.770188640378523
"9503","WKW94305.1","V159A","arth","humFit",-0.940724558026975
"9504","WKW94305.1","V159A","arth","birFit",-1.20669307556647
"9505","WKW94306.1","V159A","arth","mosFit",-0.770188640378523
"9506","WKW94306.1","V159A","arth","humFit",-0.940724558026975
"9507","WKW94306.1","V159A","arth","birFit",-1.20669307556647
"9508","WKW94310.1","V159A","arth","mosFit",-0.770188640378523
"9509","WKW94310.1","V159A","arth","humFit",-0.940724558026975
"9510","WKW94310.1","V159A","arth","birFit",-1.20669307556647
"9511","WKW94312.1","V159A","arth","mosFit",-0.770188640378523
"9512","WKW94312.1","V159A","arth","humFit",-0.940724558026975
"9513","WKW94312.1","V159A","arth","birFit",-1.20669307556647
"9514","WKW94315.1","V159A","bird","mosFit",-0.770188640378523
"9515","WKW94315.1","V159A","bird","humFit",-0.940724558026975
"9516","WKW94315.1","V159A","bird","birFit",-1.20669307556647
"9517","WKW94316.1","V159A","arth","mosFit",-0.770188640378523
"9518","WKW94316.1","V159A","arth","humFit",-0.940724558026975
"9519","WKW94316.1","V159A","arth","birFit",-1.20669307556647
"9520","WKW94317.1","V159A","arth","mosFit",-0.770188640378523
"9521","WKW94317.1","V159A","arth","humFit",-0.940724558026975
"9522","WKW94317.1","V159A","arth","birFit",-1.20669307556647
"9523","WKW94318.1","E55D","arth","mosFit",-1.28403695591071
"9524","WKW94318.1","E55D","arth","humFit",-2.29410278035532
"9525","WKW94318.1","E55D","arth","birFit",-2.38107231330527
"9526","WKW94318.1","V159A","arth","mosFit",-0.770188640378523
"9527","WKW94318.1","V159A","arth","humFit",-0.940724558026975
"9528","WKW94318.1","V159A","arth","birFit",-1.20669307556647
"9529","WKW94319.1","V159A","arth","mosFit",-0.770188640378523
"9530","WKW94319.1","V159A","arth","humFit",-0.940724558026975
"9531","WKW94319.1","V159A","arth","birFit",-1.20669307556647
"9532","WKW94321.1","V159A","arth","mosFit",-0.770188640378523
"9533","WKW94321.1","V159A","arth","humFit",-0.940724558026975
"9534","WKW94321.1","V159A","arth","birFit",-1.20669307556647
"9535","WKW94322.1","V159A","arth","mosFit",-0.770188640378523
"9536","WKW94322.1","V159A","arth","humFit",-0.940724558026975
"9537","WKW94322.1","V159A","arth","birFit",-1.20669307556647
"9538","WKW94323.1","V159A","arth","mosFit",-0.770188640378523
"9539","WKW94323.1","V159A","arth","humFit",-0.940724558026975
"9540","WKW94323.1","V159A","arth","birFit",-1.20669307556647
"9541","WKW94324.1","V159A","bird","mosFit",-0.770188640378523
"9542","WKW94324.1","V159A","bird","humFit",-0.940724558026975
"9543","WKW94324.1","V159A","bird","birFit",-1.20669307556647
"9544","WKW94324.1","V431I","bird","mosFit",-1.5618331725051
"9545","WKW94324.1","V431I","bird","humFit",-1.65018063952008
"9546","WKW94324.1","V431I","bird","birFit",-1.4496843005941
"9547","WKW94324.1","V488A","bird","mosFit",-1.25093777770795
"9548","WKW94324.1","V488A","bird","humFit",-1.67281071839695
"9549","WKW94324.1","V488A","bird","birFit",-1.66817564260195
"9550","WKW94327.1","V159A","arth","mosFit",-0.770188640378523
"9551","WKW94327.1","V159A","arth","humFit",-0.940724558026975
"9552","WKW94327.1","V159A","arth","birFit",-1.20669307556647
"9553","WKW94328.1","V159A","arth","mosFit",-0.770188640378523
"9554","WKW94328.1","V159A","arth","humFit",-0.940724558026975
"9555","WKW94328.1","V159A","arth","birFit",-1.20669307556647
"9556","WKW94332.1","V159A","arth","mosFit",-0.770188640378523
"9557","WKW94332.1","V159A","arth","humFit",-0.940724558026975
"9558","WKW94332.1","V159A","arth","birFit",-1.20669307556647
"9559","WKW94333.1","V159A","arth","mosFit",-0.770188640378523
"9560","WKW94333.1","V159A","arth","humFit",-0.940724558026975
"9561","WKW94333.1","V159A","arth","birFit",-1.20669307556647
"9562","WKW94335.1","A161S","arth","mosFit",-1.39331331174182
"9563","WKW94335.1","A161S","arth","humFit",-1.27826703790939
"9564","WKW94335.1","A161S","arth","birFit",-1.50005156002247
"9565","WKW94335.1","V159A","arth","mosFit",-0.770188640378523
"9566","WKW94335.1","V159A","arth","humFit",-0.940724558026975
"9567","WKW94335.1","V159A","arth","birFit",-1.20669307556647
"9568","WKW94336.1","A161T","arth","mosFit",-0.838825675788317
"9569","WKW94336.1","A161T","arth","humFit",-1.40701704725412
"9570","WKW94336.1","A161T","arth","birFit",-1.49229529893351
"9571","WKW94336.1","R93K","arth","mosFit",-1.16620801408455
"9572","WKW94336.1","R93K","arth","humFit",-1.6946246386064
"9573","WKW94336.1","R93K","arth","birFit",-1.65437780402793
"9574","WKW94336.1","V159A","arth","mosFit",-0.770188640378523
"9575","WKW94336.1","V159A","arth","humFit",-0.940724558026975
"9576","WKW94336.1","V159A","arth","birFit",-1.20669307556647
"9577","WKW94339.1","V159A","bird","mosFit",-0.770188640378523
"9578","WKW94339.1","V159A","bird","humFit",-0.940724558026975
"9579","WKW94339.1","V159A","bird","birFit",-1.20669307556647
"9580","WKW94340.1","V159A","bird","mosFit",-0.770188640378523
"9581","WKW94340.1","V159A","bird","humFit",-0.940724558026975
"9582","WKW94340.1","V159A","bird","birFit",-1.20669307556647
"9583","WKW94342.1","V159A","arth","mosFit",-0.770188640378523
"9584","WKW94342.1","V159A","arth","humFit",-0.940724558026975
"9585","WKW94342.1","V159A","arth","birFit",-1.20669307556647
"9586","WKW94343.1","V159A","arth","mosFit",-0.770188640378523
"9587","WKW94343.1","V159A","arth","humFit",-0.940724558026975
"9588","WKW94343.1","V159A","arth","birFit",-1.20669307556647
"9589","WKW94347.1","V159A","bird","mosFit",-0.770188640378523
"9590","WKW94347.1","V159A","bird","humFit",-0.940724558026975
"9591","WKW94347.1","V159A","bird","birFit",-1.20669307556647
"9592","WKW94352.1","V159A","bird","mosFit",-0.770188640378523
"9593","WKW94352.1","V159A","bird","humFit",-0.940724558026975
"9594","WKW94352.1","V159A","bird","birFit",-1.20669307556647
"9595","WKW94353.1","V159A","bird","mosFit",-0.770188640378523
"9596","WKW94353.1","V159A","bird","humFit",-0.940724558026975
"9597","WKW94353.1","V159A","bird","birFit",-1.20669307556647
"9598","WKW94355.1","V159A","arth","mosFit",-0.770188640378523
"9599","WKW94355.1","V159A","arth","humFit",-0.940724558026975
"9600","WKW94355.1","V159A","arth","birFit",-1.20669307556647
"9601","WKW94357.1","V159A","arth","mosFit",-0.770188640378523
"9602","WKW94357.1","V159A","arth","humFit",-0.940724558026975
"9603","WKW94357.1","V159A","arth","birFit",-1.20669307556647
"9604","WKW94358.1","L312F","bird","mosFit",-0.49588534589211
"9605","WKW94358.1","L312F","bird","humFit",-0.653681829821839
"9606","WKW94358.1","L312F","bird","birFit",-0.691281508845258
"9607","WKW94358.1","V159A","bird","mosFit",-0.770188640378523
"9608","WKW94358.1","V159A","bird","humFit",-0.940724558026975
"9609","WKW94358.1","V159A","bird","birFit",-1.20669307556647
"9610","WKW94360.1","V159A","arth","mosFit",-0.770188640378523
"9611","WKW94360.1","V159A","arth","humFit",-0.940724558026975
"9612","WKW94360.1","V159A","arth","birFit",-1.20669307556647
"9613","WKW94363.1","V159A","arth","mosFit",-0.770188640378523
"9614","WKW94363.1","V159A","arth","humFit",-0.940724558026975
"9615","WKW94363.1","V159A","arth","birFit",-1.20669307556647
"9616","WKW94365.1","V159A","bird","mosFit",-0.770188640378523
"9617","WKW94365.1","V159A","bird","humFit",-0.940724558026975
"9618","WKW94365.1","V159A","bird","birFit",-1.20669307556647
"9619","WKW94366.1","V159A","arth","mosFit",-0.770188640378523
"9620","WKW94366.1","V159A","arth","humFit",-0.940724558026975
"9621","WKW94366.1","V159A","arth","birFit",-1.20669307556647
"9622","WKW94367.1","A365S","arth","mosFit",-0.587129969548876
"9623","WKW94367.1","A365S","arth","humFit",-0.661084416588615
"9624","WKW94367.1","A365S","arth","birFit",-0.919248377416798
"9625","WKW94367.1","V159A","arth","mosFit",-0.770188640378523
"9626","WKW94367.1","V159A","arth","humFit",-0.940724558026975
"9627","WKW94367.1","V159A","arth","birFit",-1.20669307556647
"9628","WKW94368.1","V159A","arth","mosFit",-0.770188640378523
"9629","WKW94368.1","V159A","arth","humFit",-0.940724558026975
"9630","WKW94368.1","V159A","arth","birFit",-1.20669307556647
"9631","WKW94369.1","V159A","arth","mosFit",-0.770188640378523
"9632","WKW94369.1","V159A","arth","humFit",-0.940724558026975
"9633","WKW94369.1","V159A","arth","birFit",-1.20669307556647
"9634","WKW94371.1","V159A","bird","mosFit",-0.770188640378523
"9635","WKW94371.1","V159A","bird","humFit",-0.940724558026975
"9636","WKW94371.1","V159A","bird","birFit",-1.20669307556647
"9637","WKW94372.1","V159A","arth","mosFit",-0.770188640378523
"9638","WKW94372.1","V159A","arth","humFit",-0.940724558026975
"9639","WKW94372.1","V159A","arth","birFit",-1.20669307556647
"9640","WKW94375.1","V159A","bird","mosFit",-0.770188640378523
"9641","WKW94375.1","V159A","bird","humFit",-0.940724558026975
"9642","WKW94375.1","V159A","bird","birFit",-1.20669307556647
"9643","WKW94376.1","V159A","arth","mosFit",-0.770188640378523
"9644","WKW94376.1","V159A","arth","humFit",-0.940724558026975
"9645","WKW94376.1","V159A","arth","birFit",-1.20669307556647
"9646","WKW94377.1","V159A","bird","mosFit",-0.770188640378523
"9647","WKW94377.1","V159A","bird","humFit",-0.940724558026975
"9648","WKW94377.1","V159A","bird","birFit",-1.20669307556647
"9649","WKW94378.1","V159A","arth","mosFit",-0.770188640378523
"9650","WKW94378.1","V159A","arth","humFit",-0.940724558026975
"9651","WKW94378.1","V159A","arth","birFit",-1.20669307556647
"9652","WKW94379.1","V65I","arth","mosFit",-0.931173232077551
"9653","WKW94379.1","V65I","arth","humFit",-0.671327677982624
"9654","WKW94379.1","V65I","arth","birFit",-1.37504179227655
"9655","WKW94379.1","V159A","arth","mosFit",-0.770188640378523
"9656","WKW94379.1","V159A","arth","humFit",-0.940724558026975
"9657","WKW94379.1","V159A","arth","birFit",-1.20669307556647
"9658","WKW94382.1","V159A","arth","mosFit",-0.770188640378523
"9659","WKW94382.1","V159A","arth","humFit",-0.940724558026975
"9660","WKW94382.1","V159A","arth","birFit",-1.20669307556647
"9661","WKW94383.1","V159A","bird","mosFit",-0.770188640378523
"9662","WKW94383.1","V159A","bird","humFit",-0.940724558026975
"9663","WKW94383.1","V159A","bird","birFit",-1.20669307556647
"9664","WKW94384.1","V159A","arth","mosFit",-0.770188640378523
"9665","WKW94384.1","V159A","arth","humFit",-0.940724558026975
"9666","WKW94384.1","V159A","arth","birFit",-1.20669307556647
"9667","WKW94387.1","V159A","arth","mosFit",-0.770188640378523
"9668","WKW94387.1","V159A","arth","humFit",-0.940724558026975
"9669","WKW94387.1","V159A","arth","birFit",-1.20669307556647
"9670","WKW94388.1","V159A","arth","mosFit",-0.770188640378523
"9671","WKW94388.1","V159A","arth","humFit",-0.940724558026975
"9672","WKW94388.1","V159A","arth","birFit",-1.20669307556647
"9673","WKW94389.1","L312F","arth","mosFit",-0.49588534589211
"9674","WKW94389.1","L312F","arth","humFit",-0.653681829821839
"9675","WKW94389.1","L312F","arth","birFit",-0.691281508845258
"9676","WKW94389.1","V159A","arth","mosFit",-0.770188640378523
"9677","WKW94389.1","V159A","arth","humFit",-0.940724558026975
"9678","WKW94389.1","V159A","arth","birFit",-1.20669307556647
"9679","WKW94390.1","E244G","arth","mosFit",-1.24620486804157
"9680","WKW94390.1","E244G","arth","humFit",-1.53216173642952
"9681","WKW94390.1","E244G","arth","birFit",-2.43459141900216
"9682","WKW94390.1","V159A","arth","mosFit",-0.770188640378523
"9683","WKW94390.1","V159A","arth","humFit",-0.940724558026975
"9684","WKW94390.1","V159A","arth","birFit",-1.20669307556647
"9685","WKW94391.1","V159A","bird","mosFit",-0.770188640378523
"9686","WKW94391.1","V159A","bird","humFit",-0.940724558026975
"9687","WKW94391.1","V159A","bird","birFit",-1.20669307556647
"9688","WKW94392.1","V159A","arth","mosFit",-0.770188640378523
"9689","WKW94392.1","V159A","arth","humFit",-0.940724558026975
"9690","WKW94392.1","V159A","arth","birFit",-1.20669307556647
"9691","WKW94393.1","V159A","arth","mosFit",-0.770188640378523
"9692","WKW94393.1","V159A","arth","humFit",-0.940724558026975
"9693","WKW94393.1","V159A","arth","birFit",-1.20669307556647
"9694","WKW94394.1","V159A","arth","mosFit",-0.770188640378523
"9695","WKW94394.1","V159A","arth","humFit",-0.940724558026975
"9696","WKW94394.1","V159A","arth","birFit",-1.20669307556647
"9697","WKW94395.1","V159A","arth","mosFit",-0.770188640378523
"9698","WKW94395.1","V159A","arth","humFit",-0.940724558026975
"9699","WKW94395.1","V159A","arth","birFit",-1.20669307556647
"9700","WKW94396.1","I474T","arth","mosFit",-1.03199639041328
"9701","WKW94396.1","I474T","arth","humFit",-1.56580231094834
"9702","WKW94396.1","I474T","arth","birFit",-1.63722337141217
"9703","WKW94396.1","T123A","arth","mosFit",-0.428856592015239
"9704","WKW94396.1","T123A","arth","humFit",-0.232247070033983
"9705","WKW94396.1","T123A","arth","birFit",-0.503601017205985
"9706","WKW94396.1","V159A","arth","mosFit",-0.770188640378523
"9707","WKW94396.1","V159A","arth","humFit",-0.940724558026975
"9708","WKW94396.1","V159A","arth","birFit",-1.20669307556647
"9709","WKW94399.1","V159A","arth","mosFit",-0.770188640378523
"9710","WKW94399.1","V159A","arth","humFit",-0.940724558026975
"9711","WKW94399.1","V159A","arth","birFit",-1.20669307556647
"9712","WKW94402.1","V159A","arth","mosFit",-0.770188640378523
"9713","WKW94402.1","V159A","arth","humFit",-0.940724558026975
"9714","WKW94402.1","V159A","arth","birFit",-1.20669307556647
"9715","WKW94403.1","A51T","arth","mosFit",-1.05030646712279
"9716","WKW94403.1","A51T","arth","humFit",-1.29546657960075
"9717","WKW94403.1","A51T","arth","birFit",-1.72619783601487
"9718","WKW94403.1","V159A","arth","mosFit",-0.770188640378523
"9719","WKW94403.1","V159A","arth","humFit",-0.940724558026975
"9720","WKW94403.1","V159A","arth","birFit",-1.20669307556647
"9721","WKW94408.1","V159A","arth","mosFit",-0.770188640378523
"9722","WKW94408.1","V159A","arth","humFit",-0.940724558026975
"9723","WKW94408.1","V159A","arth","birFit",-1.20669307556647
"9724","WKW94409.1","L312F","bird","mosFit",-0.49588534589211
"9725","WKW94409.1","L312F","bird","humFit",-0.653681829821839
"9726","WKW94409.1","L312F","bird","birFit",-0.691281508845258
"9727","WKW94409.1","V159A","bird","mosFit",-0.770188640378523
"9728","WKW94409.1","V159A","bird","humFit",-0.940724558026975
"9729","WKW94409.1","V159A","bird","birFit",-1.20669307556647
"9730","WKW94412.1","V159A","arth","mosFit",-0.770188640378523
"9731","WKW94412.1","V159A","arth","humFit",-0.940724558026975
"9732","WKW94412.1","V159A","arth","birFit",-1.20669307556647
"9733","WKW94413.1","V159A","arth","mosFit",-0.770188640378523
"9734","WKW94413.1","V159A","arth","humFit",-0.940724558026975
"9735","WKW94413.1","V159A","arth","birFit",-1.20669307556647
"9736","WKW94417.1","V159A","arth","mosFit",-0.770188640378523
"9737","WKW94417.1","V159A","arth","humFit",-0.940724558026975
"9738","WKW94417.1","V159A","arth","birFit",-1.20669307556647
"9739","WKW94419.1","V159A","arth","mosFit",-0.770188640378523
"9740","WKW94419.1","V159A","arth","humFit",-0.940724558026975
"9741","WKW94419.1","V159A","arth","birFit",-1.20669307556647
"9742","WKW94422.1","V159A","arth","mosFit",-0.770188640378523
"9743","WKW94422.1","V159A","arth","humFit",-0.940724558026975
"9744","WKW94422.1","V159A","arth","birFit",-1.20669307556647
"9745","WKW94423.1","V159A","bird","mosFit",-0.770188640378523
"9746","WKW94423.1","V159A","bird","humFit",-0.940724558026975
"9747","WKW94423.1","V159A","bird","birFit",-1.20669307556647
"9748","WKW94423.1","V431I","bird","mosFit",-1.5618331725051
"9749","WKW94423.1","V431I","bird","humFit",-1.65018063952008
"9750","WKW94423.1","V431I","bird","birFit",-1.4496843005941
"9751","WKW94424.1","V159A","arth","mosFit",-0.770188640378523
"9752","WKW94424.1","V159A","arth","humFit",-0.940724558026975
"9753","WKW94424.1","V159A","arth","birFit",-1.20669307556647
"9754","WKW94426.1","V159A","arth","mosFit",-0.770188640378523
"9755","WKW94426.1","V159A","arth","humFit",-0.940724558026975
"9756","WKW94426.1","V159A","arth","birFit",-1.20669307556647
"9757","WKW94426.1","V431F","arth","mosFit",-1.09413903948598
"9758","WKW94426.1","V431F","arth","humFit",-1.77158578163076
"9759","WKW94426.1","V431F","arth","birFit",-2.66837991512925
"9760","WKW94428.1","V159A","bird","mosFit",-0.770188640378523
"9761","WKW94428.1","V159A","bird","humFit",-0.940724558026975
"9762","WKW94428.1","V159A","bird","birFit",-1.20669307556647
"9763","WKW94429.1","V159A","arth","mosFit",-0.770188640378523
"9764","WKW94429.1","V159A","arth","humFit",-0.940724558026975
"9765","WKW94429.1","V159A","arth","birFit",-1.20669307556647
"9766","WKW94431.1","V159A","bird","mosFit",-0.770188640378523
"9767","WKW94431.1","V159A","bird","humFit",-0.940724558026975
"9768","WKW94431.1","V159A","bird","birFit",-1.20669307556647
"9769","WKW94432.1","A161T","bird","mosFit",-0.838825675788317
"9770","WKW94432.1","A161T","bird","humFit",-1.40701704725412
"9771","WKW94432.1","A161T","bird","birFit",-1.49229529893351
"9772","WKW94432.1","T205N","bird","mosFit",-0.148153954738111
"9773","WKW94432.1","T205N","bird","humFit",-1.52062149662323
"9774","WKW94432.1","T205N","bird","birFit",-3.03627061019788
"9775","WKW94432.1","V159A","bird","mosFit",-0.770188640378523
"9776","WKW94432.1","V159A","bird","humFit",-0.940724558026975
"9777","WKW94432.1","V159A","bird","birFit",-1.20669307556647
"9778","WKW94433.1","V159A","arth","mosFit",-0.770188640378523
"9779","WKW94433.1","V159A","arth","humFit",-0.940724558026975
"9780","WKW94433.1","V159A","arth","birFit",-1.20669307556647
"9781","WKW94436.1","V159A","arth","mosFit",-0.770188640378523
"9782","WKW94436.1","V159A","arth","humFit",-0.940724558026975
"9783","WKW94436.1","V159A","arth","birFit",-1.20669307556647
"9784","WKW94437.1","A120V","arth","mosFit",-0.667589534191755
"9785","WKW94437.1","A120V","arth","humFit",-0.2953599021872
"9786","WKW94437.1","A120V","arth","birFit",-1.39358931146639
"9787","WKW94437.1","V159A","arth","mosFit",-0.770188640378523
"9788","WKW94437.1","V159A","arth","humFit",-0.940724558026975
"9789","WKW94437.1","V159A","arth","birFit",-1.20669307556647
"9790","WKW94438.1","V159A","arth","mosFit",-0.770188640378523
"9791","WKW94438.1","V159A","arth","humFit",-0.940724558026975
"9792","WKW94438.1","V159A","arth","birFit",-1.20669307556647
"9793","WKW94440.1","V159A","arth","mosFit",-0.770188640378523
"9794","WKW94440.1","V159A","arth","humFit",-0.940724558026975
"9795","WKW94440.1","V159A","arth","birFit",-1.20669307556647
"9796","WKW94441.1","R93K","arth","mosFit",-1.16620801408455
"9797","WKW94441.1","R93K","arth","humFit",-1.6946246386064
"9798","WKW94441.1","R93K","arth","birFit",-1.65437780402793
"9799","WKW94441.1","V159A","arth","mosFit",-0.770188640378523
"9800","WKW94441.1","V159A","arth","humFit",-0.940724558026975
"9801","WKW94441.1","V159A","arth","birFit",-1.20669307556647
"9802","WKW94442.1","V159A","arth","mosFit",-0.770188640378523
"9803","WKW94442.1","V159A","arth","humFit",-0.940724558026975
"9804","WKW94442.1","V159A","arth","birFit",-1.20669307556647
"9805","WKW94443.1","N277D","arth","mosFit",-0.339627449802542
"9806","WKW94443.1","N277D","arth","humFit",-0.780661712908576
"9807","WKW94443.1","N277D","arth","birFit",-1.27722235481845
"9808","WKW94443.1","V159A","arth","mosFit",-0.770188640378523
"9809","WKW94443.1","V159A","arth","humFit",-0.940724558026975
"9810","WKW94443.1","V159A","arth","birFit",-1.20669307556647
"9811","WKW94445.1","V159A","bird","mosFit",-0.770188640378523
"9812","WKW94445.1","V159A","bird","humFit",-0.940724558026975
"9813","WKW94445.1","V159A","bird","birFit",-1.20669307556647
"9814","WKW94447.1","V159A","bird","mosFit",-0.770188640378523
"9815","WKW94447.1","V159A","bird","humFit",-0.940724558026975
"9816","WKW94447.1","V159A","bird","birFit",-1.20669307556647
"9817","WKW94447.1","V431I","bird","mosFit",-1.5618331725051
"9818","WKW94447.1","V431I","bird","humFit",-1.65018063952008
"9819","WKW94447.1","V431I","bird","birFit",-1.4496843005941
"9820","WKW94447.1","V488I","bird","mosFit",-1.31964273869515
"9821","WKW94447.1","V488I","bird","humFit",-0.8797962367099
"9822","WKW94447.1","V488I","bird","birFit",-1.01403221118434
"9823","WKW94448.1","V159A","arth","mosFit",-0.770188640378523
"9824","WKW94448.1","V159A","arth","humFit",-0.940724558026975
"9825","WKW94448.1","V159A","arth","birFit",-1.20669307556647
"9826","WKW94448.1","V434M","arth","mosFit",-1.01387230879995
"9827","WKW94448.1","V434M","arth","humFit",-1.61674688907548
"9828","WKW94448.1","V434M","arth","birFit",-1.69943765910965
"9829","WKW94449.1","A161T","bird","mosFit",-0.838825675788317
"9830","WKW94449.1","A161T","bird","humFit",-1.40701704725412
"9831","WKW94449.1","A161T","bird","birFit",-1.49229529893351
"9832","WKW94449.1","V159A","bird","mosFit",-0.770188640378523
"9833","WKW94449.1","V159A","bird","humFit",-0.940724558026975
"9834","WKW94449.1","V159A","bird","birFit",-1.20669307556647
"9835","WKW94450.1","V159A","bird","mosFit",-0.770188640378523
"9836","WKW94450.1","V159A","bird","humFit",-0.940724558026975
"9837","WKW94450.1","V159A","bird","birFit",-1.20669307556647
"9838","WKW94450.1","V431I","bird","mosFit",-1.5618331725051
"9839","WKW94450.1","V431I","bird","humFit",-1.65018063952008
"9840","WKW94450.1","V431I","bird","birFit",-1.4496843005941
"9841","WKW94450.1","V488I","bird","mosFit",-1.31964273869515
"9842","WKW94450.1","V488I","bird","humFit",-0.8797962367099
"9843","WKW94450.1","V488I","bird","birFit",-1.01403221118434
"9844","WKW94451.1","V159A","bird","mosFit",-0.770188640378523
"9845","WKW94451.1","V159A","bird","humFit",-0.940724558026975
"9846","WKW94451.1","V159A","bird","birFit",-1.20669307556647
"9847","WKW94452.1","V159A","arth","mosFit",-0.770188640378523
"9848","WKW94452.1","V159A","arth","humFit",-0.940724558026975
"9849","WKW94452.1","V159A","arth","birFit",-1.20669307556647
"9850","WKW94453.1","V159A","arth","mosFit",-0.770188640378523
"9851","WKW94453.1","V159A","arth","humFit",-0.940724558026975
"9852","WKW94453.1","V159A","arth","birFit",-1.20669307556647
"9853","WKW94454.1","V159A","bird","mosFit",-0.770188640378523
"9854","WKW94454.1","V159A","bird","humFit",-0.940724558026975
"9855","WKW94454.1","V159A","bird","birFit",-1.20669307556647
"9856","WKW94454.1","V358I","bird","mosFit",-0.841639420278142
"9857","WKW94454.1","V358I","bird","humFit",-0.0969067090626421
"9858","WKW94454.1","V358I","bird","birFit",-0.815348530873245
"9859","WKW94455.1","V159A","bird","mosFit",-0.770188640378523
"9860","WKW94455.1","V159A","bird","humFit",-0.940724558026975
"9861","WKW94455.1","V159A","bird","birFit",-1.20669307556647
"9862","WKW94456.1","V159A","arth","mosFit",-0.770188640378523
"9863","WKW94456.1","V159A","arth","humFit",-0.940724558026975
"9864","WKW94456.1","V159A","arth","birFit",-1.20669307556647
"9865","WKW94457.1","V159A","arth","mosFit",-0.770188640378523
"9866","WKW94457.1","V159A","arth","humFit",-0.940724558026975
"9867","WKW94457.1","V159A","arth","birFit",-1.20669307556647
"9868","WKW94458.1","V159A","arth","mosFit",-0.770188640378523
"9869","WKW94458.1","V159A","arth","humFit",-0.940724558026975
"9870","WKW94458.1","V159A","arth","birFit",-1.20669307556647
"9871","WKW94461.1","V159A","arth","mosFit",-0.770188640378523
"9872","WKW94461.1","V159A","arth","humFit",-0.940724558026975
"9873","WKW94461.1","V159A","arth","birFit",-1.20669307556647
"9874","WKW94463.1","V159A","bird","mosFit",-0.770188640378523
"9875","WKW94463.1","V159A","bird","humFit",-0.940724558026975
"9876","WKW94463.1","V159A","bird","birFit",-1.20669307556647
"9877","WKW94463.1","V431I","bird","mosFit",-1.5618331725051
"9878","WKW94463.1","V431I","bird","humFit",-1.65018063952008
"9879","WKW94463.1","V431I","bird","birFit",-1.4496843005941
"9880","WKW94463.1","V488I","bird","mosFit",-1.31964273869515
"9881","WKW94463.1","V488I","bird","humFit",-0.8797962367099
"9882","WKW94463.1","V488I","bird","birFit",-1.01403221118434
"9883","WKW94464.1","T123N","arth","mosFit",-0.14848344037329
"9884","WKW94464.1","T123N","arth","humFit",0.364382738576224
"9885","WKW94464.1","T123N","arth","birFit",-0.482392159907358
"9886","WKW94464.1","V159A","arth","mosFit",-0.770188640378523
"9887","WKW94464.1","V159A","arth","humFit",-0.940724558026975
"9888","WKW94464.1","V159A","arth","birFit",-1.20669307556647
"9889","WKW94465.1","V159A","arth","mosFit",-0.770188640378523
"9890","WKW94465.1","V159A","arth","humFit",-0.940724558026975
"9891","WKW94465.1","V159A","arth","birFit",-1.20669307556647
"9892","WKW94466.1","V159A","bird","mosFit",-0.770188640378523
"9893","WKW94466.1","V159A","bird","humFit",-0.940724558026975
"9894","WKW94466.1","V159A","bird","birFit",-1.20669307556647
"9895","WKW94467.1","T123N","arth","mosFit",-0.14848344037329
"9896","WKW94467.1","T123N","arth","humFit",0.364382738576224
"9897","WKW94467.1","T123N","arth","birFit",-0.482392159907358
"9898","WKW94467.1","V159A","arth","mosFit",-0.770188640378523
"9899","WKW94467.1","V159A","arth","humFit",-0.940724558026975
"9900","WKW94467.1","V159A","arth","birFit",-1.20669307556647
"9901","WKW94468.1","V159A","arth","mosFit",-0.770188640378523
"9902","WKW94468.1","V159A","arth","humFit",-0.940724558026975
"9903","WKW94468.1","V159A","arth","birFit",-1.20669307556647
"9904","WKW94469.1","V159A","arth","mosFit",-0.770188640378523
"9905","WKW94469.1","V159A","arth","humFit",-0.940724558026975
"9906","WKW94469.1","V159A","arth","birFit",-1.20669307556647
"9907","WKW94473.1","V159A","bird","mosFit",-0.770188640378523
"9908","WKW94473.1","V159A","bird","humFit",-0.940724558026975
"9909","WKW94473.1","V159A","bird","birFit",-1.20669307556647
"9910","WKW94474.1","V159A","arth","mosFit",-0.770188640378523
"9911","WKW94474.1","V159A","arth","humFit",-0.940724558026975
"9912","WKW94474.1","V159A","arth","birFit",-1.20669307556647
"9913","WKW94476.1","L453M","arth","mosFit",-3.07287704025717
"9914","WKW94476.1","L453M","arth","humFit",-3.92312512702272
"9915","WKW94476.1","L453M","arth","birFit",-3.69495809744803
"9916","WKW94476.1","V159A","arth","mosFit",-0.770188640378523
"9917","WKW94476.1","V159A","arth","humFit",-0.940724558026975
"9918","WKW94476.1","V159A","arth","birFit",-1.20669307556647
"9919","WKW94477.1","N475S","bird","mosFit",-1.13949689019667
"9920","WKW94477.1","N475S","bird","humFit",-1.6754308177689
"9921","WKW94477.1","N475S","bird","birFit",-1.22095895923841
"9922","WKW94477.1","V159A","bird","mosFit",-0.770188640378523
"9923","WKW94477.1","V159A","bird","humFit",-0.940724558026975
"9924","WKW94477.1","V159A","bird","birFit",-1.20669307556647
"9925","WKW94478.1","V159A","arth","mosFit",-0.770188640378523
"9926","WKW94478.1","V159A","arth","humFit",-0.940724558026975
"9927","WKW94478.1","V159A","arth","birFit",-1.20669307556647
"9928","WKW94479.1","I253M","arth","mosFit",-0.144915077891063
"9929","WKW94479.1","I253M","arth","humFit",-0.656194013452066
"9930","WKW94479.1","I253M","arth","birFit",-0.817897236814791
"9931","WKW94479.1","V159A","arth","mosFit",-0.770188640378523
"9932","WKW94479.1","V159A","arth","humFit",-0.940724558026975
"9933","WKW94479.1","V159A","arth","birFit",-1.20669307556647
"9934","WKW94481.1","V159A","bird","mosFit",-0.770188640378523
"9935","WKW94481.1","V159A","bird","humFit",-0.940724558026975
"9936","WKW94481.1","V159A","bird","birFit",-1.20669307556647
"9937","WKW94481.1","V431I","bird","mosFit",-1.5618331725051
"9938","WKW94481.1","V431I","bird","humFit",-1.65018063952008
"9939","WKW94481.1","V431I","bird","birFit",-1.4496843005941
"9940","WKW94482.1","F454L","arth","mosFit",-1.64756388306903
"9941","WKW94482.1","F454L","arth","humFit",-2.39560444488155
"9942","WKW94482.1","F454L","arth","birFit",-2.78159492371124
"9943","WKW94482.1","V143F","arth","mosFit",-1.36252881835531
"9944","WKW94482.1","V143F","arth","humFit",-1.47211725760409
"9945","WKW94482.1","V143F","arth","birFit",-1.85977620776656
"9946","WKW94482.1","V159A","arth","mosFit",-0.770188640378523
"9947","WKW94482.1","V159A","arth","humFit",-0.940724558026975
"9948","WKW94482.1","V159A","arth","birFit",-1.20669307556647
"9949","WKW94483.1","L312F","arth","mosFit",-0.49588534589211
"9950","WKW94483.1","L312F","arth","humFit",-0.653681829821839
"9951","WKW94483.1","L312F","arth","birFit",-0.691281508845258
"9952","WKW94483.1","V159A","arth","mosFit",-0.770188640378523
"9953","WKW94483.1","V159A","arth","humFit",-0.940724558026975
"9954","WKW94483.1","V159A","arth","birFit",-1.20669307556647
"9955","WKW94485.1","V159A","arth","mosFit",-0.770188640378523
"9956","WKW94485.1","V159A","arth","humFit",-0.940724558026975
"9957","WKW94485.1","V159A","arth","birFit",-1.20669307556647
"9958","WKW94486.1","V159A","arth","mosFit",-0.770188640378523
"9959","WKW94486.1","V159A","arth","humFit",-0.940724558026975
"9960","WKW94486.1","V159A","arth","birFit",-1.20669307556647
"9961","WKW94487.1","V159A","bird","mosFit",-0.770188640378523
"9962","WKW94487.1","V159A","bird","humFit",-0.940724558026975
"9963","WKW94487.1","V159A","bird","birFit",-1.20669307556647
"9964","WKW94489.1","A51T","arth","mosFit",-1.05030646712279
"9965","WKW94489.1","A51T","arth","humFit",-1.29546657960075
"9966","WKW94489.1","A51T","arth","birFit",-1.72619783601487
"9967","WKW94489.1","V159A","arth","mosFit",-0.770188640378523
"9968","WKW94489.1","V159A","arth","humFit",-0.940724558026975
"9969","WKW94489.1","V159A","arth","birFit",-1.20669307556647
"9970","WKW94491.1","V159A","arth","mosFit",-0.770188640378523
"9971","WKW94491.1","V159A","arth","humFit",-0.940724558026975
"9972","WKW94491.1","V159A","arth","birFit",-1.20669307556647
"9973","WKW94491.1","V304I","arth","mosFit",-0.800370255200614
"9974","WKW94491.1","V304I","arth","humFit",-0.558903162713406
"9975","WKW94491.1","V304I","arth","birFit",-1.21325860097435
"9976","WKW94492.1","V159A","arth","mosFit",-0.770188640378523
"9977","WKW94492.1","V159A","arth","humFit",-0.940724558026975
"9978","WKW94492.1","V159A","arth","birFit",-1.20669307556647
"9979","WKW94493.1","V159A","arth","mosFit",-0.770188640378523
"9980","WKW94493.1","V159A","arth","humFit",-0.940724558026975
"9981","WKW94493.1","V159A","arth","birFit",-1.20669307556647
"9982","WKW94494.1","V159A","bird","mosFit",-0.770188640378523
"9983","WKW94494.1","V159A","bird","humFit",-0.940724558026975
"9984","WKW94494.1","V159A","bird","birFit",-1.20669307556647
"9985","WKW94496.1","V159A","arth","mosFit",-0.770188640378523
"9986","WKW94496.1","V159A","arth","humFit",-0.940724558026975
"9987","WKW94496.1","V159A","arth","birFit",-1.20669307556647
"9988","WKW94497.1","V159A","arth","mosFit",-0.770188640378523
"9989","WKW94497.1","V159A","arth","humFit",-0.940724558026975
"9990","WKW94497.1","V159A","arth","birFit",-1.20669307556647
"9991","WKW94498.1","V159A","arth","mosFit",-0.770188640378523
"9992","WKW94498.1","V159A","arth","humFit",-0.940724558026975
"9993","WKW94498.1","V159A","arth","birFit",-1.20669307556647
"9994","WKW94500.1","V159A","arth","mosFit",-0.770188640378523
"9995","WKW94500.1","V159A","arth","humFit",-0.940724558026975
"9996","WKW94500.1","V159A","arth","birFit",-1.20669307556647
"9997","WKW94502.1","V159A","arth","mosFit",-0.770188640378523
"9998","WKW94502.1","V159A","arth","humFit",-0.940724558026975
"9999","WKW94502.1","V159A","arth","birFit",-1.20669307556647
"10000","WKW94504.1","A120V","arth","mosFit",-0.667589534191755
"10001","WKW94504.1","A120V","arth","humFit",-0.2953599021872
"10002","WKW94504.1","A120V","arth","birFit",-1.39358931146639
"10003","WKW94504.1","V159A","arth","mosFit",-0.770188640378523
"10004","WKW94504.1","V159A","arth","humFit",-0.940724558026975
"10005","WKW94504.1","V159A","arth","birFit",-1.20669307556647
"10006","WKW94506.1","V159A","arth","mosFit",-0.770188640378523
"10007","WKW94506.1","V159A","arth","humFit",-0.940724558026975
"10008","WKW94506.1","V159A","arth","birFit",-1.20669307556647
"10009","WKW94510.1","V159A","arth","mosFit",-0.770188640378523
"10010","WKW94510.1","V159A","arth","humFit",-0.940724558026975
"10011","WKW94510.1","V159A","arth","birFit",-1.20669307556647
"10012","WKW94514.1","V159A","arth","mosFit",-0.770188640378523
"10013","WKW94514.1","V159A","arth","humFit",-0.940724558026975
"10014","WKW94514.1","V159A","arth","birFit",-1.20669307556647
"10015","WKW94515.1","V159A","arth","mosFit",-0.770188640378523
"10016","WKW94515.1","V159A","arth","humFit",-0.940724558026975
"10017","WKW94515.1","V159A","arth","birFit",-1.20669307556647
"10018","WKW94516.1","V159A","arth","mosFit",-0.770188640378523
"10019","WKW94516.1","V159A","arth","humFit",-0.940724558026975
"10020","WKW94516.1","V159A","arth","birFit",-1.20669307556647
"10021","WKW94517.1","A120V","arth","mosFit",-0.667589534191755
"10022","WKW94517.1","A120V","arth","humFit",-0.2953599021872
"10023","WKW94517.1","A120V","arth","birFit",-1.39358931146639
"10024","WKW94517.1","V159A","arth","mosFit",-0.770188640378523
"10025","WKW94517.1","V159A","arth","humFit",-0.940724558026975
"10026","WKW94517.1","V159A","arth","birFit",-1.20669307556647
"10027","WKW94519.1","V159A","bird","mosFit",-0.770188640378523
"10028","WKW94519.1","V159A","bird","humFit",-0.940724558026975
"10029","WKW94519.1","V159A","bird","birFit",-1.20669307556647
"10030","WKW94520.1","V159A","arth","mosFit",-0.770188640378523
"10031","WKW94520.1","V159A","arth","humFit",-0.940724558026975
"10032","WKW94520.1","V159A","arth","birFit",-1.20669307556647
"10033","WKW94522.1","S151L","arth","mosFit",-1.09015626400727
"10034","WKW94522.1","S151L","arth","humFit",-1.31609881789276
"10035","WKW94522.1","S151L","arth","birFit",-1.68573220415882
"10036","WKW94522.1","V159A","arth","mosFit",-0.770188640378523
"10037","WKW94522.1","V159A","arth","humFit",-0.940724558026975
"10038","WKW94522.1","V159A","arth","birFit",-1.20669307556647
"10039","WKW94523.1","V159A","arth","mosFit",-0.770188640378523
"10040","WKW94523.1","V159A","arth","humFit",-0.940724558026975
"10041","WKW94523.1","V159A","arth","birFit",-1.20669307556647
"10042","WKW94528.1","V159A","arth","mosFit",-0.770188640378523
"10043","WKW94528.1","V159A","arth","humFit",-0.940724558026975
"10044","WKW94528.1","V159A","arth","birFit",-1.20669307556647
"10045","WKW94535.1","L312F","arth","mosFit",-0.49588534589211
"10046","WKW94535.1","L312F","arth","humFit",-0.653681829821839
"10047","WKW94535.1","L312F","arth","birFit",-0.691281508845258
"10048","WKW94535.1","V159A","arth","mosFit",-0.770188640378523
"10049","WKW94535.1","V159A","arth","humFit",-0.940724558026975
"10050","WKW94535.1","V159A","arth","birFit",-1.20669307556647
"10051","WKW94538.1","V159A","arth","mosFit",-0.770188640378523
"10052","WKW94538.1","V159A","arth","humFit",-0.940724558026975
"10053","WKW94538.1","V159A","arth","birFit",-1.20669307556647
"10054","WKW94545.1","F90Y","bird","mosFit",-0.957967840789253
"10055","WKW94545.1","F90Y","bird","humFit",-0.505507451200051
"10056","WKW94545.1","F90Y","bird","birFit",-2.07657379355573
"10057","WKW94545.1","V159A","bird","mosFit",-0.770188640378523
"10058","WKW94545.1","V159A","bird","humFit",-0.940724558026975
"10059","WKW94545.1","V159A","bird","birFit",-1.20669307556647
"10060","WKW94549.1","V159A","bird","mosFit",-0.770188640378523
"10061","WKW94549.1","V159A","bird","humFit",-0.940724558026975
"10062","WKW94549.1","V159A","bird","birFit",-1.20669307556647
"10063","WKW94551.1","S275L","arth","mosFit",-1.17160088639465
"10064","WKW94551.1","S275L","arth","humFit",-1.53877089976741
"10065","WKW94551.1","S275L","arth","birFit",-1.8801184250739
"10066","WKW94551.1","V159A","arth","mosFit",-0.770188640378523
"10067","WKW94551.1","V159A","arth","humFit",-0.940724558026975
"10068","WKW94551.1","V159A","arth","birFit",-1.20669307556647
"10069","WKW94552.1","V159A","arth","mosFit",-0.770188640378523
"10070","WKW94552.1","V159A","arth","humFit",-0.940724558026975
"10071","WKW94552.1","V159A","arth","birFit",-1.20669307556647
"10072","WKW94554.1","K370R","arth","mosFit",-0.783646099474141
"10073","WKW94554.1","K370R","arth","humFit",-1.02129823587633
"10074","WKW94554.1","K370R","arth","birFit",-1.77596837252952
"10075","WKW94554.1","V159A","arth","mosFit",-0.770188640378523
"10076","WKW94554.1","V159A","arth","humFit",-0.940724558026975
"10077","WKW94554.1","V159A","arth","birFit",-1.20669307556647
"10078","WKW94555.1","V159A","bird","mosFit",-0.770188640378523
"10079","WKW94555.1","V159A","bird","humFit",-0.940724558026975
"10080","WKW94555.1","V159A","bird","birFit",-1.20669307556647
"10081","WKW94556.1","R479K","arth","mosFit",-1.34639490384393
"10082","WKW94556.1","R479K","arth","humFit",-0.883881160197732
"10083","WKW94556.1","R479K","arth","birFit",-1.21606442119793
"10084","WKW94556.1","V159A","arth","mosFit",-0.770188640378523
"10085","WKW94556.1","V159A","arth","humFit",-0.940724558026975
"10086","WKW94556.1","V159A","arth","birFit",-1.20669307556647
"10087","WKW94557.1","V159A","arth","mosFit",-0.770188640378523
"10088","WKW94557.1","V159A","arth","humFit",-0.940724558026975
"10089","WKW94557.1","V159A","arth","birFit",-1.20669307556647
"10090","WKW94558.1","V159A","arth","mosFit",-0.770188640378523
"10091","WKW94558.1","V159A","arth","humFit",-0.940724558026975
"10092","WKW94558.1","V159A","arth","birFit",-1.20669307556647
"10093","WKW94560.1","V159A","arth","mosFit",-0.770188640378523
"10094","WKW94560.1","V159A","arth","humFit",-0.940724558026975
"10095","WKW94560.1","V159A","arth","birFit",-1.20669307556647
"10096","WKW94561.1","V159A","arth","mosFit",-0.770188640378523
"10097","WKW94561.1","V159A","arth","humFit",-0.940724558026975
"10098","WKW94561.1","V159A","arth","birFit",-1.20669307556647
"10099","WKW94563.1","A51T","arth","mosFit",-1.05030646712279
"10100","WKW94563.1","A51T","arth","humFit",-1.29546657960075
"10101","WKW94563.1","A51T","arth","birFit",-1.72619783601487
"10102","WKW94563.1","V159A","arth","mosFit",-0.770188640378523
"10103","WKW94563.1","V159A","arth","humFit",-0.940724558026975
"10104","WKW94563.1","V159A","arth","birFit",-1.20669307556647
"10105","WKW94565.1","K337R","arth","mosFit",-0.381512553170506
"10106","WKW94565.1","K337R","arth","humFit",-0.378230490621702
"10107","WKW94565.1","K337R","arth","birFit",-0.706300634559519
"10108","WKW94565.1","V159A","arth","mosFit",-0.770188640378523
"10109","WKW94565.1","V159A","arth","humFit",-0.940724558026975
"10110","WKW94565.1","V159A","arth","birFit",-1.20669307556647
"10111","WKW94565.1","V304I","arth","mosFit",-0.800370255200614
"10112","WKW94565.1","V304I","arth","humFit",-0.558903162713406
"10113","WKW94565.1","V304I","arth","birFit",-1.21325860097435
"10114","WKW94566.1","V159A","arth","mosFit",-0.770188640378523
"10115","WKW94566.1","V159A","arth","humFit",-0.940724558026975
"10116","WKW94566.1","V159A","arth","birFit",-1.20669307556647
"10117","WKW94569.1","L412F","arth","mosFit",-1.37565594648295
"10118","WKW94569.1","L412F","arth","humFit",-1.19849354893594
"10119","WKW94569.1","L412F","arth","birFit",-1.69757764928015
"10120","WKW94569.1","V159A","arth","mosFit",-0.770188640378523
"10121","WKW94569.1","V159A","arth","humFit",-0.940724558026975
"10122","WKW94569.1","V159A","arth","birFit",-1.20669307556647
"10123","WKW94572.1","A487S","arth","mosFit",-1.24134490129763
"10124","WKW94572.1","A487S","arth","humFit",-1.72614184096093
"10125","WKW94572.1","A487S","arth","birFit",-1.78155532098428
"10126","WKW94572.1","V159A","arth","mosFit",-0.770188640378523
"10127","WKW94572.1","V159A","arth","humFit",-0.940724558026975
"10128","WKW94572.1","V159A","arth","birFit",-1.20669307556647
"10129","WKW94573.1","V159A","arth","mosFit",-0.770188640378523
"10130","WKW94573.1","V159A","arth","humFit",-0.940724558026975
"10131","WKW94573.1","V159A","arth","birFit",-1.20669307556647
"10132","WKW94574.1","V159A","bird","mosFit",-0.770188640378523
"10133","WKW94574.1","V159A","bird","humFit",-0.940724558026975
"10134","WKW94574.1","V159A","bird","birFit",-1.20669307556647
"10135","WKW94580.1","V159A","bird","mosFit",-0.770188640378523
"10136","WKW94580.1","V159A","bird","humFit",-0.940724558026975
"10137","WKW94580.1","V159A","bird","birFit",-1.20669307556647
"10138","WKW94580.1","V431I","bird","mosFit",-1.5618331725051
"10139","WKW94580.1","V431I","bird","humFit",-1.65018063952008
"10140","WKW94580.1","V431I","bird","birFit",-1.4496843005941
"10141","WKW94581.1","V159A","arth","mosFit",-0.770188640378523
"10142","WKW94581.1","V159A","arth","humFit",-0.940724558026975
"10143","WKW94581.1","V159A","arth","birFit",-1.20669307556647
"10144","WKW94584.1","V159A","arth","mosFit",-0.770188640378523
"10145","WKW94584.1","V159A","arth","humFit",-0.940724558026975
"10146","WKW94584.1","V159A","arth","birFit",-1.20669307556647
"10147","WKW94585.1","V159A","arth","mosFit",-0.770188640378523
"10148","WKW94585.1","V159A","arth","humFit",-0.940724558026975
"10149","WKW94585.1","V159A","arth","birFit",-1.20669307556647
"10150","WKW94587.1","V159A","arth","mosFit",-0.770188640378523
"10151","WKW94587.1","V159A","arth","humFit",-0.940724558026975
"10152","WKW94587.1","V159A","arth","birFit",-1.20669307556647
"10153","WKW94588.1","V159A","bird","mosFit",-0.770188640378523
"10154","WKW94588.1","V159A","bird","humFit",-0.940724558026975
"10155","WKW94588.1","V159A","bird","birFit",-1.20669307556647
"10156","WKW94594.1","V159A","arth","mosFit",-0.770188640378523
"10157","WKW94594.1","V159A","arth","humFit",-0.940724558026975
"10158","WKW94594.1","V159A","arth","birFit",-1.20669307556647
"10159","WKW94595.1","A50V","arth","mosFit",-1.69792709867327
"10160","WKW94595.1","A50V","arth","humFit",-1.87368387589131
"10161","WKW94595.1","A50V","arth","birFit",-1.94288020898858
"10162","WKW94595.1","V159A","arth","mosFit",-0.770188640378523
"10163","WKW94595.1","V159A","arth","humFit",-0.940724558026975
"10164","WKW94595.1","V159A","arth","birFit",-1.20669307556647
"10165","WKW94599.1","V159A","bird","mosFit",-0.770188640378523
"10166","WKW94599.1","V159A","bird","humFit",-0.940724558026975
"10167","WKW94599.1","V159A","bird","birFit",-1.20669307556647
"10168","WKW94599.1","V431I","bird","mosFit",-1.5618331725051
"10169","WKW94599.1","V431I","bird","humFit",-1.65018063952008
"10170","WKW94599.1","V431I","bird","birFit",-1.4496843005941
"10171","WKW94600.1","S227N","arth","mosFit",-0.266365351467013
"10172","WKW94600.1","S227N","arth","humFit",-1.06346258412151
"10173","WKW94600.1","S227N","arth","birFit",-0.245800011508961
"10174","WKW94600.1","V159A","arth","mosFit",-0.770188640378523
"10175","WKW94600.1","V159A","arth","humFit",-0.940724558026975
"10176","WKW94600.1","V159A","arth","birFit",-1.20669307556647
"10177","WKW94601.1","V159A","arth","mosFit",-0.770188640378523
"10178","WKW94601.1","V159A","arth","humFit",-0.940724558026975
"10179","WKW94601.1","V159A","arth","birFit",-1.20669307556647
"10180","WKW94606.1","V159A","arth","mosFit",-0.770188640378523
"10181","WKW94606.1","V159A","arth","humFit",-0.940724558026975
"10182","WKW94606.1","V159A","arth","birFit",-1.20669307556647
"10183","WKW94611.1","N199S","arth","mosFit",-0.450732812430336
"10184","WKW94611.1","N199S","arth","humFit",-0.491560986365038
"10185","WKW94611.1","N199S","arth","birFit",-0.711826419495932
"10186","WKW94611.1","V159A","arth","mosFit",-0.770188640378523
"10187","WKW94611.1","V159A","arth","humFit",-0.940724558026975
"10188","WKW94611.1","V159A","arth","birFit",-1.20669307556647
"10189","WKW94612.1","V159A","bird","mosFit",-0.770188640378523
"10190","WKW94612.1","V159A","bird","humFit",-0.940724558026975
"10191","WKW94612.1","V159A","bird","birFit",-1.20669307556647
"10192","WKW94613.1","F90Y","bird","mosFit",-0.957967840789253
"10193","WKW94613.1","F90Y","bird","humFit",-0.505507451200051
"10194","WKW94613.1","F90Y","bird","birFit",-2.07657379355573
"10195","WKW94613.1","V159A","bird","mosFit",-0.770188640378523
"10196","WKW94613.1","V159A","bird","humFit",-0.940724558026975
"10197","WKW94613.1","V159A","bird","birFit",-1.20669307556647
"10198","WKW94616.1","V159A","arth","mosFit",-0.770188640378523
"10199","WKW94616.1","V159A","arth","humFit",-0.940724558026975
"10200","WKW94616.1","V159A","arth","birFit",-1.20669307556647
"10201","WKW94616.1","V304I","arth","mosFit",-0.800370255200614
"10202","WKW94616.1","V304I","arth","humFit",-0.558903162713406
"10203","WKW94616.1","V304I","arth","birFit",-1.21325860097435
"10204","WKW94617.1","G102S","arth","mosFit",-1.59716000137269
"10205","WKW94617.1","G102S","arth","humFit",-1.91222629339573
"10206","WKW94617.1","G102S","arth","birFit",-1.92836624961387
"10207","WKW94617.1","V159A","arth","mosFit",-0.770188640378523
"10208","WKW94617.1","V159A","arth","humFit",-0.940724558026975
"10209","WKW94617.1","V159A","arth","birFit",-1.20669307556647
"10210","WKW94620.1","V159A","arth","mosFit",-0.770188640378523
"10211","WKW94620.1","V159A","arth","humFit",-0.940724558026975
"10212","WKW94620.1","V159A","arth","birFit",-1.20669307556647
"10213","WKW94621.1","V159A","bird","mosFit",-0.770188640378523
"10214","WKW94621.1","V159A","bird","humFit",-0.940724558026975
"10215","WKW94621.1","V159A","bird","birFit",-1.20669307556647
"10216","WKW94623.1","V159A","bird","mosFit",-0.770188640378523
"10217","WKW94623.1","V159A","bird","humFit",-0.940724558026975
"10218","WKW94623.1","V159A","bird","birFit",-1.20669307556647
"10219","WKW94624.1","A200E","bird","mosFit",-0.275820674109876
"10220","WKW94624.1","A200E","bird","humFit",-0.914361846674196
"10221","WKW94624.1","A200E","bird","birFit",-1.30904695262317
"10222","WKW94624.1","V159A","bird","mosFit",-0.770188640378523
"10223","WKW94624.1","V159A","bird","humFit",-0.940724558026975
"10224","WKW94624.1","V159A","bird","birFit",-1.20669307556647
"10225","WKW94626.1","V159A","bird","mosFit",-0.770188640378523
"10226","WKW94626.1","V159A","bird","humFit",-0.940724558026975
"10227","WKW94626.1","V159A","bird","birFit",-1.20669307556647
"10228","WKW94627.1","V159A","bird","mosFit",-0.770188640378523
"10229","WKW94627.1","V159A","bird","humFit",-0.940724558026975
"10230","WKW94627.1","V159A","bird","birFit",-1.20669307556647
"10231","WKW94630.1","V159A","arth","mosFit",-0.770188640378523
"10232","WKW94630.1","V159A","arth","humFit",-0.940724558026975
"10233","WKW94630.1","V159A","arth","birFit",-1.20669307556647
"10234","WKW94632.1","A51T","arth","mosFit",-1.05030646712279
"10235","WKW94632.1","A51T","arth","humFit",-1.29546657960075
"10236","WKW94632.1","A51T","arth","birFit",-1.72619783601487
"10237","WKW94632.1","V159A","arth","mosFit",-0.770188640378523
"10238","WKW94632.1","V159A","arth","humFit",-0.940724558026975
"10239","WKW94632.1","V159A","arth","birFit",-1.20669307556647
"10240","WKW94634.1","V159A","arth","mosFit",-0.770188640378523
"10241","WKW94634.1","V159A","arth","humFit",-0.940724558026975
"10242","WKW94634.1","V159A","arth","birFit",-1.20669307556647
"10243","WKW94635.1","V159A","bird","mosFit",-0.770188640378523
"10244","WKW94635.1","V159A","bird","humFit",-0.940724558026975
"10245","WKW94635.1","V159A","bird","birFit",-1.20669307556647
"10246","WKW94638.1","A51T","arth","mosFit",-1.05030646712279
"10247","WKW94638.1","A51T","arth","humFit",-1.29546657960075
"10248","WKW94638.1","A51T","arth","birFit",-1.72619783601487
"10249","WKW94638.1","V159A","arth","mosFit",-0.770188640378523
"10250","WKW94638.1","V159A","arth","humFit",-0.940724558026975
"10251","WKW94638.1","V159A","arth","birFit",-1.20669307556647
"10252","WKW94639.1","V159A","arth","mosFit",-0.770188640378523
"10253","WKW94639.1","V159A","arth","humFit",-0.940724558026975
"10254","WKW94639.1","V159A","arth","birFit",-1.20669307556647
"10255","WKW94640.1","H500Y","bird","mosFit",-1.47374258772705
"10256","WKW94640.1","H500Y","bird","humFit",-1.67963980096095
"10257","WKW94640.1","H500Y","bird","birFit",-1.39549264557976
"10258","WKW94640.1","V159A","bird","mosFit",-0.770188640378523
"10259","WKW94640.1","V159A","bird","humFit",-0.940724558026975
"10260","WKW94640.1","V159A","bird","birFit",-1.20669307556647
"10261","WKW94642.1","V159A","arth","mosFit",-0.770188640378523
"10262","WKW94642.1","V159A","arth","humFit",-0.940724558026975
"10263","WKW94642.1","V159A","arth","birFit",-1.20669307556647
"10264","WKW94643.1","V159A","arth","mosFit",-0.770188640378523
"10265","WKW94643.1","V159A","arth","humFit",-0.940724558026975
"10266","WKW94643.1","V159A","arth","birFit",-1.20669307556647
"10267","WKW94644.1","V159A","arth","mosFit",-0.770188640378523
"10268","WKW94644.1","V159A","arth","humFit",-0.940724558026975
"10269","WKW94644.1","V159A","arth","birFit",-1.20669307556647
"10270","WKW94645.1","D423N","arth","mosFit",-0.83153761364831
"10271","WKW94645.1","D423N","arth","humFit",-1.72590195416509
"10272","WKW94645.1","D423N","arth","birFit",-1.61664332975729
"10273","WKW94645.1","V159A","arth","mosFit",-0.770188640378523
"10274","WKW94645.1","V159A","arth","humFit",-0.940724558026975
"10275","WKW94645.1","V159A","arth","birFit",-1.20669307556647
"10276","WKW94646.1","V159A","arth","mosFit",-0.770188640378523
"10277","WKW94646.1","V159A","arth","humFit",-0.940724558026975
"10278","WKW94646.1","V159A","arth","birFit",-1.20669307556647
"10279","WKW94647.1","A51T","arth","mosFit",-1.05030646712279
"10280","WKW94647.1","A51T","arth","humFit",-1.29546657960075
"10281","WKW94647.1","A51T","arth","birFit",-1.72619783601487
"10282","WKW94647.1","V159A","arth","mosFit",-0.770188640378523
"10283","WKW94647.1","V159A","arth","humFit",-0.940724558026975
"10284","WKW94647.1","V159A","arth","birFit",-1.20669307556647
"10285","WKW94648.1","T231A","arth","mosFit",-0.452238561166002
"10286","WKW94648.1","T231A","arth","humFit",-0.459251975530497
"10287","WKW94648.1","T231A","arth","birFit",-0.408039846727231
"10288","WKW94648.1","V159A","arth","mosFit",-0.770188640378523
"10289","WKW94648.1","V159A","arth","humFit",-0.940724558026975
"10290","WKW94648.1","V159A","arth","birFit",-1.20669307556647
"10291","WKW94652.1","V159A","bird","mosFit",-0.770188640378523
"10292","WKW94652.1","V159A","bird","humFit",-0.940724558026975
"10293","WKW94652.1","V159A","bird","birFit",-1.20669307556647
"10294","WKW94653.1","V159A","bird","mosFit",-0.770188640378523
"10295","WKW94653.1","V159A","bird","humFit",-0.940724558026975
"10296","WKW94653.1","V159A","bird","birFit",-1.20669307556647
"10297","WKW94655.1","V159A","arth","mosFit",-0.770188640378523
"10298","WKW94655.1","V159A","arth","humFit",-0.940724558026975
"10299","WKW94655.1","V159A","arth","birFit",-1.20669307556647
"10300","WKW94660.1","V159A","bird","mosFit",-0.770188640378523
"10301","WKW94660.1","V159A","bird","humFit",-0.940724558026975
"10302","WKW94660.1","V159A","bird","birFit",-1.20669307556647
"10303","WKW94660.1","V431I","bird","mosFit",-1.5618331725051
"10304","WKW94660.1","V431I","bird","humFit",-1.65018063952008
"10305","WKW94660.1","V431I","bird","birFit",-1.4496843005941
"10306","WKW94661.1","V159A","arth","mosFit",-0.770188640378523
"10307","WKW94661.1","V159A","arth","humFit",-0.940724558026975
"10308","WKW94661.1","V159A","arth","birFit",-1.20669307556647
"10309","WKW94663.1","V159A","arth","mosFit",-0.770188640378523
"10310","WKW94663.1","V159A","arth","humFit",-0.940724558026975
"10311","WKW94663.1","V159A","arth","birFit",-1.20669307556647
"10312","WKW94664.1","V159A","arth","mosFit",-0.770188640378523
"10313","WKW94664.1","V159A","arth","humFit",-0.940724558026975
"10314","WKW94664.1","V159A","arth","birFit",-1.20669307556647
"10315","WKW94666.1","V159A","arth","mosFit",-0.770188640378523
"10316","WKW94666.1","V159A","arth","humFit",-0.940724558026975
"10317","WKW94666.1","V159A","arth","birFit",-1.20669307556647
"10318","WKW94667.1","N199S","arth","mosFit",-0.450732812430336
"10319","WKW94667.1","N199S","arth","humFit",-0.491560986365038
"10320","WKW94667.1","N199S","arth","birFit",-0.711826419495932
"10321","WKW94667.1","V159A","arth","mosFit",-0.770188640378523
"10322","WKW94667.1","V159A","arth","humFit",-0.940724558026975
"10323","WKW94667.1","V159A","arth","birFit",-1.20669307556647
"10324","WKW94669.1","V159A","arth","mosFit",-0.770188640378523
"10325","WKW94669.1","V159A","arth","humFit",-0.940724558026975
"10326","WKW94669.1","V159A","arth","birFit",-1.20669307556647
"10327","WKW94670.1","V159A","bird","mosFit",-0.770188640378523
"10328","WKW94670.1","V159A","bird","humFit",-0.940724558026975
"10329","WKW94670.1","V159A","bird","birFit",-1.20669307556647
"10330","WKW94671.1","V159A","arth","mosFit",-0.770188640378523
"10331","WKW94671.1","V159A","arth","humFit",-0.940724558026975
"10332","WKW94671.1","V159A","arth","birFit",-1.20669307556647
"10333","WKW94675.1","V159A","arth","mosFit",-0.770188640378523
"10334","WKW94675.1","V159A","arth","humFit",-0.940724558026975
"10335","WKW94675.1","V159A","arth","birFit",-1.20669307556647
"10336","WKW94676.1","V159A","bird","mosFit",-0.770188640378523
"10337","WKW94676.1","V159A","bird","humFit",-0.940724558026975
"10338","WKW94676.1","V159A","bird","birFit",-1.20669307556647
"10339","WKW94677.1","V159A","bird","mosFit",-0.770188640378523
"10340","WKW94677.1","V159A","bird","humFit",-0.940724558026975
"10341","WKW94677.1","V159A","bird","birFit",-1.20669307556647
"10342","WKW94677.1","V431I","bird","mosFit",-1.5618331725051
"10343","WKW94677.1","V431I","bird","humFit",-1.65018063952008
"10344","WKW94677.1","V431I","bird","birFit",-1.4496843005941
"10345","WKW94677.1","V488I","bird","mosFit",-1.31964273869515
"10346","WKW94677.1","V488I","bird","humFit",-0.8797962367099
"10347","WKW94677.1","V488I","bird","birFit",-1.01403221118434
"10348","WKW94679.1","V159A","arth","mosFit",-0.770188640378523
"10349","WKW94679.1","V159A","arth","humFit",-0.940724558026975
"10350","WKW94679.1","V159A","arth","birFit",-1.20669307556647
"10351","WKW94682.1","A51T","bird","mosFit",-1.05030646712279
"10352","WKW94682.1","A51T","bird","humFit",-1.29546657960075
"10353","WKW94682.1","A51T","bird","birFit",-1.72619783601487
"10354","WKW94682.1","V159A","bird","mosFit",-0.770188640378523
"10355","WKW94682.1","V159A","bird","humFit",-0.940724558026975
"10356","WKW94682.1","V159A","bird","birFit",-1.20669307556647
"10357","WKW94682.1","V431I","bird","mosFit",-1.5618331725051
"10358","WKW94682.1","V431I","bird","humFit",-1.65018063952008
"10359","WKW94682.1","V431I","bird","birFit",-1.4496843005941
"10360","WKW94683.1","V159A","arth","mosFit",-0.770188640378523
"10361","WKW94683.1","V159A","arth","humFit",-0.940724558026975
"10362","WKW94683.1","V159A","arth","birFit",-1.20669307556647
"10363","WKW94685.1","V159A","arth","mosFit",-0.770188640378523
"10364","WKW94685.1","V159A","arth","humFit",-0.940724558026975
"10365","WKW94685.1","V159A","arth","birFit",-1.20669307556647
"10366","WKW94686.1","A51T","arth","mosFit",-1.05030646712279
"10367","WKW94686.1","A51T","arth","humFit",-1.29546657960075
"10368","WKW94686.1","A51T","arth","birFit",-1.72619783601487
"10369","WKW94686.1","V159A","arth","mosFit",-0.770188640378523
"10370","WKW94686.1","V159A","arth","humFit",-0.940724558026975
"10371","WKW94686.1","V159A","arth","birFit",-1.20669307556647
"10372","WKW94687.1","V159A","arth","mosFit",-0.770188640378523
"10373","WKW94687.1","V159A","arth","humFit",-0.940724558026975
"10374","WKW94687.1","V159A","arth","birFit",-1.20669307556647
"10375","WKW94692.1","V159A","bird","mosFit",-0.770188640378523
"10376","WKW94692.1","V159A","bird","humFit",-0.940724558026975
"10377","WKW94692.1","V159A","bird","birFit",-1.20669307556647
"10378","WKW94693.1","V159A","bird","mosFit",-0.770188640378523
"10379","WKW94693.1","V159A","bird","humFit",-0.940724558026975
"10380","WKW94693.1","V159A","bird","birFit",-1.20669307556647
"10381","WKW94695.1","V159A","arth","mosFit",-0.770188640378523
"10382","WKW94695.1","V159A","arth","humFit",-0.940724558026975
"10383","WKW94695.1","V159A","arth","birFit",-1.20669307556647
"10384","WKW94697.1","V159A","arth","mosFit",-0.770188640378523
"10385","WKW94697.1","V159A","arth","humFit",-0.940724558026975
"10386","WKW94697.1","V159A","arth","birFit",-1.20669307556647
"10387","WKW94698.1","A487V","arth","mosFit",-1.22102251125428
"10388","WKW94698.1","A487V","arth","humFit",-0.859299361120823
"10389","WKW94698.1","A487V","arth","birFit",-1.29030674987266
"10390","WKW94698.1","V159A","arth","mosFit",-0.770188640378523
"10391","WKW94698.1","V159A","arth","humFit",-0.940724558026975
"10392","WKW94698.1","V159A","arth","birFit",-1.20669307556647
"10393","WKW94700.1","V159A","bird","mosFit",-0.770188640378523
"10394","WKW94700.1","V159A","bird","humFit",-0.940724558026975
"10395","WKW94700.1","V159A","bird","birFit",-1.20669307556647
"10396","WKW94701.1","V159A","bird","mosFit",-0.770188640378523
"10397","WKW94701.1","V159A","bird","humFit",-0.940724558026975
"10398","WKW94701.1","V159A","bird","birFit",-1.20669307556647
"10399","WKW94702.1","V159A","bird","mosFit",-0.770188640378523
"10400","WKW94702.1","V159A","bird","humFit",-0.940724558026975
"10401","WKW94702.1","V159A","bird","birFit",-1.20669307556647
"10402","WKW94703.1","V159A","arth","mosFit",-0.770188640378523
"10403","WKW94703.1","V159A","arth","humFit",-0.940724558026975
"10404","WKW94703.1","V159A","arth","birFit",-1.20669307556647
"10405","WKW94706.1","V159A","arth","mosFit",-0.770188640378523
"10406","WKW94706.1","V159A","arth","humFit",-0.940724558026975
"10407","WKW94706.1","V159A","arth","birFit",-1.20669307556647
"10408","WKW94708.1","K71N","bird","mosFit",-0.322161019492478
"10409","WKW94708.1","K71N","bird","humFit",-0.432946963961188
"10410","WKW94708.1","K71N","bird","birFit",-2.19539404524924
"10411","WKW94708.1","V159A","bird","mosFit",-0.770188640378523
"10412","WKW94708.1","V159A","bird","humFit",-0.940724558026975
"10413","WKW94708.1","V159A","bird","birFit",-1.20669307556647
"10414","WKW94710.1","V159A","arth","mosFit",-0.770188640378523
"10415","WKW94710.1","V159A","arth","humFit",-0.940724558026975
"10416","WKW94710.1","V159A","arth","birFit",-1.20669307556647
"10417","WKW94712.1","L62V","arth","mosFit",-0.637994665874989
"10418","WKW94712.1","L62V","arth","humFit",-1.42897246769342
"10419","WKW94712.1","L62V","arth","birFit",0.174684672529752
"10420","WKW94712.1","L412F","arth","mosFit",-1.37565594648295
"10421","WKW94712.1","L412F","arth","humFit",-1.19849354893594
"10422","WKW94712.1","L412F","arth","birFit",-1.69757764928015
"10423","WKW94712.1","V159A","arth","mosFit",-0.770188640378523
"10424","WKW94712.1","V159A","arth","humFit",-0.940724558026975
"10425","WKW94712.1","V159A","arth","birFit",-1.20669307556647
"10426","WKW94713.1","A51V","arth","mosFit",-0.902067644511989
"10427","WKW94713.1","A51V","arth","humFit",-1.00081786543754
"10428","WKW94713.1","A51V","arth","birFit",-1.36242609486587
"10429","WKW94713.1","V159A","arth","mosFit",-0.770188640378523
"10430","WKW94713.1","V159A","arth","humFit",-0.940724558026975
"10431","WKW94713.1","V159A","arth","birFit",-1.20669307556647
"10432","WKW94714.1","V159A","arth","mosFit",-0.770188640378523
"10433","WKW94714.1","V159A","arth","humFit",-0.940724558026975
"10434","WKW94714.1","V159A","arth","birFit",-1.20669307556647
"10435","WKW94715.1","V159A","bird","mosFit",-0.770188640378523
"10436","WKW94715.1","V159A","bird","humFit",-0.940724558026975
"10437","WKW94715.1","V159A","bird","birFit",-1.20669307556647
"10438","WKW94717.1","A51T","arth","mosFit",-1.05030646712279
"10439","WKW94717.1","A51T","arth","humFit",-1.29546657960075
"10440","WKW94717.1","A51T","arth","birFit",-1.72619783601487
"10441","WKW94717.1","V159A","arth","mosFit",-0.770188640378523
"10442","WKW94717.1","V159A","arth","humFit",-0.940724558026975
"10443","WKW94717.1","V159A","arth","birFit",-1.20669307556647
"10444","WKW94718.1","T123N","arth","mosFit",-0.14848344037329
"10445","WKW94718.1","T123N","arth","humFit",0.364382738576224
"10446","WKW94718.1","T123N","arth","birFit",-0.482392159907358
"10447","WKW94718.1","V159A","arth","mosFit",-0.770188640378523
"10448","WKW94718.1","V159A","arth","humFit",-0.940724558026975
"10449","WKW94718.1","V159A","arth","birFit",-1.20669307556647
"10450","WKW94719.1","V159A","arth","mosFit",-0.770188640378523
"10451","WKW94719.1","V159A","arth","humFit",-0.940724558026975
"10452","WKW94719.1","V159A","arth","birFit",-1.20669307556647
"10453","WKW94720.1","V159A","arth","mosFit",-0.770188640378523
"10454","WKW94720.1","V159A","arth","humFit",-0.940724558026975
"10455","WKW94720.1","V159A","arth","birFit",-1.20669307556647
"10456","WKW94722.1","V159A","arth","mosFit",-0.770188640378523
"10457","WKW94722.1","V159A","arth","humFit",-0.940724558026975
"10458","WKW94722.1","V159A","arth","birFit",-1.20669307556647
"10459","WKW94723.1","V159A","arth","mosFit",-0.770188640378523
"10460","WKW94723.1","V159A","arth","humFit",-0.940724558026975
"10461","WKW94723.1","V159A","arth","birFit",-1.20669307556647
"10462","WKW94724.1","V159A","bird","mosFit",-0.770188640378523
"10463","WKW94724.1","V159A","bird","humFit",-0.940724558026975
"10464","WKW94724.1","V159A","bird","birFit",-1.20669307556647
"10465","WKW94726.1","T238A","arth","mosFit",-0.501774074864193
"10466","WKW94726.1","T238A","arth","humFit",-0.572249182665746
"10467","WKW94726.1","T238A","arth","birFit",-0.911634974314465
"10468","WKW94726.1","V159A","arth","mosFit",-0.770188640378523
"10469","WKW94726.1","V159A","arth","humFit",-0.940724558026975
"10470","WKW94726.1","V159A","arth","birFit",-1.20669307556647
"10471","WKW94727.1","V159A","arth","mosFit",-0.770188640378523
"10472","WKW94727.1","V159A","arth","humFit",-0.940724558026975
"10473","WKW94727.1","V159A","arth","birFit",-1.20669307556647
"10474","WKW94728.1","V24I","arth","mosFit",-0.696264322618001
"10475","WKW94728.1","V24I","arth","humFit",-0.63042658372981
"10476","WKW94728.1","V24I","arth","birFit",-0.460908983172413
"10477","WKW94728.1","V159A","arth","mosFit",-0.770188640378523
"10478","WKW94728.1","V159A","arth","humFit",-0.940724558026975
"10479","WKW94728.1","V159A","arth","birFit",-1.20669307556647
"10480","WKW94729.1","V159A","arth","mosFit",-0.770188640378523
"10481","WKW94729.1","V159A","arth","humFit",-0.940724558026975
"10482","WKW94729.1","V159A","arth","birFit",-1.20669307556647
"10483","WKW94730.1","V159A","bird","mosFit",-0.770188640378523
"10484","WKW94730.1","V159A","bird","humFit",-0.940724558026975
"10485","WKW94730.1","V159A","bird","birFit",-1.20669307556647
"10486","WKW94730.1","V431I","bird","mosFit",-1.5618331725051
"10487","WKW94730.1","V431I","bird","humFit",-1.65018063952008
"10488","WKW94730.1","V431I","bird","birFit",-1.4496843005941
"10489","WKW94730.1","V488I","bird","mosFit",-1.31964273869515
"10490","WKW94730.1","V488I","bird","humFit",-0.8797962367099
"10491","WKW94730.1","V488I","bird","birFit",-1.01403221118434
"10492","WKW94733.1","T123A","mam","mosFit",-0.428856592015239
"10493","WKW94733.1","T123A","mam","humFit",-0.232247070033983
"10494","WKW94733.1","T123A","mam","birFit",-0.503601017205985
"10495","WKW94733.1","V159A","mam","mosFit",-0.770188640378523
"10496","WKW94733.1","V159A","mam","humFit",-0.940724558026975
"10497","WKW94733.1","V159A","mam","birFit",-1.20669307556647
"10498","WKW94734.1","V159A","arth","mosFit",-0.770188640378523
"10499","WKW94734.1","V159A","arth","humFit",-0.940724558026975
"10500","WKW94734.1","V159A","arth","birFit",-1.20669307556647
"10501","WKW94736.1","V159A","bird","mosFit",-0.770188640378523
"10502","WKW94736.1","V159A","bird","humFit",-0.940724558026975
"10503","WKW94736.1","V159A","bird","birFit",-1.20669307556647
"10504","WKW94737.1","V159A","arth","mosFit",-0.770188640378523
"10505","WKW94737.1","V159A","arth","humFit",-0.940724558026975
"10506","WKW94737.1","V159A","arth","birFit",-1.20669307556647
"10507","WKW94738.1","S7G","bird","mosFit",-0.815326839920627
"10508","WKW94738.1","S7G","bird","humFit",-0.617191461587733
"10509","WKW94738.1","S7G","bird","birFit",-1.15919874313601
"10510","WKW94738.1","V159A","bird","mosFit",-0.770188640378523
"10511","WKW94738.1","V159A","bird","humFit",-0.940724558026975
"10512","WKW94738.1","V159A","bird","birFit",-1.20669307556647
"10513","WKW94739.1","N199S","arth","mosFit",-0.450732812430336
"10514","WKW94739.1","N199S","arth","humFit",-0.491560986365038
"10515","WKW94739.1","N199S","arth","birFit",-0.711826419495932
"10516","WKW94739.1","V159A","arth","mosFit",-0.770188640378523
"10517","WKW94739.1","V159A","arth","humFit",-0.940724558026975
"10518","WKW94739.1","V159A","arth","birFit",-1.20669307556647
"10519","WKW94741.1","V159A","bird","mosFit",-0.770188640378523
"10520","WKW94741.1","V159A","bird","humFit",-0.940724558026975
"10521","WKW94741.1","V159A","bird","birFit",-1.20669307556647
"10522","WKW94746.1","V159A","arth","mosFit",-0.770188640378523
"10523","WKW94746.1","V159A","arth","humFit",-0.940724558026975
"10524","WKW94746.1","V159A","arth","birFit",-1.20669307556647
"10525","WKW94748.1","V159A","arth","mosFit",-0.770188640378523
"10526","WKW94748.1","V159A","arth","humFit",-0.940724558026975
"10527","WKW94748.1","V159A","arth","birFit",-1.20669307556647
"10528","WKW94749.1","V159A","bird","mosFit",-0.770188640378523
"10529","WKW94749.1","V159A","bird","humFit",-0.940724558026975
"10530","WKW94749.1","V159A","bird","birFit",-1.20669307556647
"10531","WKW94752.1","V159A","arth","mosFit",-0.770188640378523
"10532","WKW94752.1","V159A","arth","humFit",-0.940724558026975
"10533","WKW94752.1","V159A","arth","birFit",-1.20669307556647
"10534","WKW94757.1","V159A","bird","mosFit",-0.770188640378523
"10535","WKW94757.1","V159A","bird","humFit",-0.940724558026975
"10536","WKW94757.1","V159A","bird","birFit",-1.20669307556647
"10537","WKW94759.1","V159A","arth","mosFit",-0.770188640378523
"10538","WKW94759.1","V159A","arth","humFit",-0.940724558026975
"10539","WKW94759.1","V159A","arth","birFit",-1.20669307556647
"10540","WKW94760.1","V159A","arth","mosFit",-0.770188640378523
"10541","WKW94760.1","V159A","arth","humFit",-0.940724558026975
"10542","WKW94760.1","V159A","arth","birFit",-1.20669307556647
"10543","WKW94762.1","V159A","bird","mosFit",-0.770188640378523
"10544","WKW94762.1","V159A","bird","humFit",-0.940724558026975
"10545","WKW94762.1","V159A","bird","birFit",-1.20669307556647
"10546","WKW94765.1","V159A","bird","mosFit",-0.770188640378523
"10547","WKW94765.1","V159A","bird","humFit",-0.940724558026975
"10548","WKW94765.1","V159A","bird","birFit",-1.20669307556647
"10549","WKW94766.1","V159A","arth","mosFit",-0.770188640378523
"10550","WKW94766.1","V159A","arth","humFit",-0.940724558026975
"10551","WKW94766.1","V159A","arth","birFit",-1.20669307556647
"10552","WKW94767.1","V159A","arth","mosFit",-0.770188640378523
"10553","WKW94767.1","V159A","arth","humFit",-0.940724558026975
"10554","WKW94767.1","V159A","arth","birFit",-1.20669307556647
"10555","WKW94768.1","V159A","bird","mosFit",-0.770188640378523
"10556","WKW94768.1","V159A","bird","humFit",-0.940724558026975
"10557","WKW94768.1","V159A","bird","birFit",-1.20669307556647
"10558","WKW94770.1","V159A","arth","mosFit",-0.770188640378523
"10559","WKW94770.1","V159A","arth","humFit",-0.940724558026975
"10560","WKW94770.1","V159A","arth","birFit",-1.20669307556647
"10561","WKW94771.1","V159A","arth","mosFit",-0.770188640378523
"10562","WKW94771.1","V159A","arth","humFit",-0.940724558026975
"10563","WKW94771.1","V159A","arth","birFit",-1.20669307556647
"10564","WKW94774.1","V159A","bird","mosFit",-0.770188640378523
"10565","WKW94774.1","V159A","bird","humFit",-0.940724558026975
"10566","WKW94774.1","V159A","bird","birFit",-1.20669307556647
"10567","WKW94774.1","V431I","bird","mosFit",-1.5618331725051
"10568","WKW94774.1","V431I","bird","humFit",-1.65018063952008
"10569","WKW94774.1","V431I","bird","birFit",-1.4496843005941
"10570","WKW94774.1","V488I","bird","mosFit",-1.31964273869515
"10571","WKW94774.1","V488I","bird","humFit",-0.8797962367099
"10572","WKW94774.1","V488I","bird","birFit",-1.01403221118434
"10573","WKW94775.1","V159A","arth","mosFit",-0.770188640378523
"10574","WKW94775.1","V159A","arth","humFit",-0.940724558026975
"10575","WKW94775.1","V159A","arth","birFit",-1.20669307556647
"10576","WKW94776.1","V159A","arth","mosFit",-0.770188640378523
"10577","WKW94776.1","V159A","arth","humFit",-0.940724558026975
"10578","WKW94776.1","V159A","arth","birFit",-1.20669307556647
"10579","WKW94777.1","V159A","arth","mosFit",-0.770188640378523
"10580","WKW94777.1","V159A","arth","humFit",-0.940724558026975
"10581","WKW94777.1","V159A","arth","birFit",-1.20669307556647
"10582","WKW94780.1","V159A","arth","mosFit",-0.770188640378523
"10583","WKW94780.1","V159A","arth","humFit",-0.940724558026975
"10584","WKW94780.1","V159A","arth","birFit",-1.20669307556647
"10585","WKW94782.1","V159A","arth","mosFit",-0.770188640378523
"10586","WKW94782.1","V159A","arth","humFit",-0.940724558026975
"10587","WKW94782.1","V159A","arth","birFit",-1.20669307556647
"10588","WKW94783.1","V159A","arth","mosFit",-0.770188640378523
"10589","WKW94783.1","V159A","arth","humFit",-0.940724558026975
"10590","WKW94783.1","V159A","arth","birFit",-1.20669307556647
"10591","WKW94785.1","V159A","bird","mosFit",-0.770188640378523
"10592","WKW94785.1","V159A","bird","humFit",-0.940724558026975
"10593","WKW94785.1","V159A","bird","birFit",-1.20669307556647
"10594","WKW94786.1","V159A","arth","mosFit",-0.770188640378523
"10595","WKW94786.1","V159A","arth","humFit",-0.940724558026975
"10596","WKW94786.1","V159A","arth","birFit",-1.20669307556647
"10597","WKW94788.1","F485L","arth","mosFit",-1.26189255064487
"10598","WKW94788.1","F485L","arth","humFit",-1.24856204747086
"10599","WKW94788.1","F485L","arth","birFit",-1.29654709798891
"10600","WKW94788.1","L312F","arth","mosFit",-0.49588534589211
"10601","WKW94788.1","L312F","arth","humFit",-0.653681829821839
"10602","WKW94788.1","L312F","arth","birFit",-0.691281508845258
"10603","WKW94788.1","V159A","arth","mosFit",-0.770188640378523
"10604","WKW94788.1","V159A","arth","humFit",-0.940724558026975
"10605","WKW94788.1","V159A","arth","birFit",-1.20669307556647
"10606","WKW94789.1","V159A","bird","mosFit",-0.770188640378523
"10607","WKW94789.1","V159A","bird","humFit",-0.940724558026975
"10608","WKW94789.1","V159A","bird","birFit",-1.20669307556647
"10609","WKW94791.1","N277D","arth","mosFit",-0.339627449802542
"10610","WKW94791.1","N277D","arth","humFit",-0.780661712908576
"10611","WKW94791.1","N277D","arth","birFit",-1.27722235481845
"10612","WKW94791.1","V159A","arth","mosFit",-0.770188640378523
"10613","WKW94791.1","V159A","arth","humFit",-0.940724558026975
"10614","WKW94791.1","V159A","arth","birFit",-1.20669307556647
"10615","WKW94793.1","V159A","arth","mosFit",-0.770188640378523
"10616","WKW94793.1","V159A","arth","humFit",-0.940724558026975
"10617","WKW94793.1","V159A","arth","birFit",-1.20669307556647
"10618","WKW94794.1","V159A","arth","mosFit",-0.770188640378523
"10619","WKW94794.1","V159A","arth","humFit",-0.940724558026975
"10620","WKW94794.1","V159A","arth","birFit",-1.20669307556647
"10621","WKW94795.1","K310R","bird","mosFit",-0.159485918383865
"10622","WKW94795.1","K310R","bird","humFit",-0.236963158091716
"10623","WKW94795.1","K310R","bird","birFit",-0.374613146715508
"10624","WKW94795.1","V159A","bird","mosFit",-0.770188640378523
"10625","WKW94795.1","V159A","bird","humFit",-0.940724558026975
"10626","WKW94795.1","V159A","bird","birFit",-1.20669307556647
"10627","WKW94797.1","V159A","arth","mosFit",-0.770188640378523
"10628","WKW94797.1","V159A","arth","humFit",-0.940724558026975
"10629","WKW94797.1","V159A","arth","birFit",-1.20669307556647
"10630","WKW94799.1","V159A","bird","mosFit",-0.770188640378523
"10631","WKW94799.1","V159A","bird","humFit",-0.940724558026975
"10632","WKW94799.1","V159A","bird","birFit",-1.20669307556647
"10633","WKW94800.1","V159A","bird","mosFit",-0.770188640378523
"10634","WKW94800.1","V159A","bird","humFit",-0.940724558026975
"10635","WKW94800.1","V159A","bird","birFit",-1.20669307556647
"10636","WKW94801.1","V159A","arth","mosFit",-0.770188640378523
"10637","WKW94801.1","V159A","arth","humFit",-0.940724558026975
"10638","WKW94801.1","V159A","arth","birFit",-1.20669307556647
"10639","WKW94802.1","V159A","arth","mosFit",-0.770188640378523
"10640","WKW94802.1","V159A","arth","humFit",-0.940724558026975
"10641","WKW94802.1","V159A","arth","birFit",-1.20669307556647
"10642","WKW94804.1","V159A","arth","mosFit",-0.770188640378523
"10643","WKW94804.1","V159A","arth","humFit",-0.940724558026975
"10644","WKW94804.1","V159A","arth","birFit",-1.20669307556647
"10645","WKW94807.1","A51T","arth","mosFit",-1.05030646712279
"10646","WKW94807.1","A51T","arth","humFit",-1.29546657960075
"10647","WKW94807.1","A51T","arth","birFit",-1.72619783601487
"10648","WKW94807.1","V159A","arth","mosFit",-0.770188640378523
"10649","WKW94807.1","V159A","arth","humFit",-0.940724558026975
"10650","WKW94807.1","V159A","arth","birFit",-1.20669307556647
"10651","WKW94809.1","V159A","arth","mosFit",-0.770188640378523
"10652","WKW94809.1","V159A","arth","humFit",-0.940724558026975
"10653","WKW94809.1","V159A","arth","birFit",-1.20669307556647
"10654","WKW94811.1","T76A","arth","mosFit",-0.811773193699928
"10655","WKW94811.1","T76A","arth","humFit",-1.13116156237413
"10656","WKW94811.1","T76A","arth","birFit",-1.45767266996865
"10657","WKW94811.1","V159A","arth","mosFit",-0.770188640378523
"10658","WKW94811.1","V159A","arth","humFit",-0.940724558026975
"10659","WKW94811.1","V159A","arth","birFit",-1.20669307556647
"10660","WKW94812.1","V159A","arth","mosFit",-0.770188640378523
"10661","WKW94812.1","V159A","arth","humFit",-0.940724558026975
"10662","WKW94812.1","V159A","arth","birFit",-1.20669307556647
"10663","WKW94816.1","V159A","arth","mosFit",-0.770188640378523
"10664","WKW94816.1","V159A","arth","humFit",-0.940724558026975
"10665","WKW94816.1","V159A","arth","birFit",-1.20669307556647
"10666","WKW94818.1","L312F","bird","mosFit",-0.49588534589211
"10667","WKW94818.1","L312F","bird","humFit",-0.653681829821839
"10668","WKW94818.1","L312F","bird","birFit",-0.691281508845258
"10669","WKW94818.1","V159A","bird","mosFit",-0.770188640378523
"10670","WKW94818.1","V159A","bird","humFit",-0.940724558026975
"10671","WKW94818.1","V159A","bird","birFit",-1.20669307556647
"10672","WKW94819.1","V159A","bird","mosFit",-0.770188640378523
"10673","WKW94819.1","V159A","bird","humFit",-0.940724558026975
"10674","WKW94819.1","V159A","bird","birFit",-1.20669307556647
"10675","WKW94820.1","V159A","bird","mosFit",-0.770188640378523
"10676","WKW94820.1","V159A","bird","humFit",-0.940724558026975
"10677","WKW94820.1","V159A","bird","birFit",-1.20669307556647
"10678","WKW94821.1","V159A","arth","mosFit",-0.770188640378523
"10679","WKW94821.1","V159A","arth","humFit",-0.940724558026975
"10680","WKW94821.1","V159A","arth","birFit",-1.20669307556647
"10681","WKW94822.1","V159A","arth","mosFit",-0.770188640378523
"10682","WKW94822.1","V159A","arth","humFit",-0.940724558026975
"10683","WKW94822.1","V159A","arth","birFit",-1.20669307556647
"10684","WKW94829.1","V159A","arth","mosFit",-0.770188640378523
"10685","WKW94829.1","V159A","arth","humFit",-0.940724558026975
"10686","WKW94829.1","V159A","arth","birFit",-1.20669307556647
"10687","WKW94830.1","V159A","bird","mosFit",-0.770188640378523
"10688","WKW94830.1","V159A","bird","humFit",-0.940724558026975
"10689","WKW94830.1","V159A","bird","birFit",-1.20669307556647
"10690","WKW94830.1","V431I","bird","mosFit",-1.5618331725051
"10691","WKW94830.1","V431I","bird","humFit",-1.65018063952008
"10692","WKW94830.1","V431I","bird","birFit",-1.4496843005941
"10693","WKW94831.1","V159A","arth","mosFit",-0.770188640378523
"10694","WKW94831.1","V159A","arth","humFit",-0.940724558026975
"10695","WKW94831.1","V159A","arth","birFit",-1.20669307556647
"10696","WKW94835.1","V159A","arth","mosFit",-0.770188640378523
"10697","WKW94835.1","V159A","arth","humFit",-0.940724558026975
"10698","WKW94835.1","V159A","arth","birFit",-1.20669307556647
"10699","WKW94838.1","V159A","bird","mosFit",-0.770188640378523
"10700","WKW94838.1","V159A","bird","humFit",-0.940724558026975
"10701","WKW94838.1","V159A","bird","birFit",-1.20669307556647
"10702","WKW94843.1","V159A","arth","mosFit",-0.770188640378523
"10703","WKW94843.1","V159A","arth","humFit",-0.940724558026975
"10704","WKW94843.1","V159A","arth","birFit",-1.20669307556647
"10705","WKW94845.1","V159A","arth","mosFit",-0.770188640378523
"10706","WKW94845.1","V159A","arth","humFit",-0.940724558026975
"10707","WKW94845.1","V159A","arth","birFit",-1.20669307556647
"10708","WKW94846.1","V159A","arth","mosFit",-0.770188640378523
"10709","WKW94846.1","V159A","arth","humFit",-0.940724558026975
"10710","WKW94846.1","V159A","arth","birFit",-1.20669307556647
"10711","WKW94849.1","V159A","bird","mosFit",-0.770188640378523
"10712","WKW94849.1","V159A","bird","humFit",-0.940724558026975
"10713","WKW94849.1","V159A","bird","birFit",-1.20669307556647
"10714","WKW94850.1","T170A","bird","mosFit",-1.67663741028647
"10715","WKW94850.1","T170A","bird","humFit",-2.56386735918972
"10716","WKW94850.1","T170A","bird","birFit",-3.17300667891525
"10717","WKW94850.1","V159A","bird","mosFit",-0.770188640378523
"10718","WKW94850.1","V159A","bird","humFit",-0.940724558026975
"10719","WKW94850.1","V159A","bird","birFit",-1.20669307556647
"10720","WKW94853.1","V159A","arth","mosFit",-0.770188640378523
"10721","WKW94853.1","V159A","arth","humFit",-0.940724558026975
"10722","WKW94853.1","V159A","arth","birFit",-1.20669307556647
"10723","WKW94854.1","V159A","bird","mosFit",-0.770188640378523
"10724","WKW94854.1","V159A","bird","humFit",-0.940724558026975
"10725","WKW94854.1","V159A","bird","birFit",-1.20669307556647
"10726","WKW94855.1","V159A","arth","mosFit",-0.770188640378523
"10727","WKW94855.1","V159A","arth","humFit",-0.940724558026975
"10728","WKW94855.1","V159A","arth","birFit",-1.20669307556647
"10729","WKW94856.1","K44R","bird","mosFit",-0.848965338296461
"10730","WKW94856.1","K44R","bird","humFit",-0.707084514067269
"10731","WKW94856.1","K44R","bird","birFit",-0.951820689251225
"10732","WKW94856.1","T123A","bird","mosFit",-0.428856592015239
"10733","WKW94856.1","T123A","bird","humFit",-0.232247070033983
"10734","WKW94856.1","T123A","bird","birFit",-0.503601017205985
"10735","WKW94856.1","V159A","bird","mosFit",-0.770188640378523
"10736","WKW94856.1","V159A","bird","humFit",-0.940724558026975
"10737","WKW94856.1","V159A","bird","birFit",-1.20669307556647
"10738","WKW94859.1","T282M","arth","mosFit",-0.864310565406797
"10739","WKW94859.1","T282M","arth","humFit",-1.34188973428671
"10740","WKW94859.1","T282M","arth","birFit",-2.00880501020861
"10741","WKW94859.1","V159A","arth","mosFit",-0.770188640378523
"10742","WKW94859.1","V159A","arth","humFit",-0.940724558026975
"10743","WKW94859.1","V159A","arth","birFit",-1.20669307556647
"10744","WKW94860.1","V159A","arth","mosFit",-0.770188640378523
"10745","WKW94860.1","V159A","arth","humFit",-0.940724558026975
"10746","WKW94860.1","V159A","arth","birFit",-1.20669307556647
"10747","WKW94863.1","V159A","arth","mosFit",-0.770188640378523
"10748","WKW94863.1","V159A","arth","humFit",-0.940724558026975
"10749","WKW94863.1","V159A","arth","birFit",-1.20669307556647
"10750","WKW94867.1","V159A","arth","mosFit",-0.770188640378523
"10751","WKW94867.1","V159A","arth","humFit",-0.940724558026975
"10752","WKW94867.1","V159A","arth","birFit",-1.20669307556647
"10753","WKW94868.1","I126T","arth","mosFit",-0.832702958949661
"10754","WKW94868.1","I126T","arth","humFit",-0.584793993478891
"10755","WKW94868.1","I126T","arth","birFit",-0.806393726680972
"10756","WKW94868.1","V159A","arth","mosFit",-0.770188640378523
"10757","WKW94868.1","V159A","arth","humFit",-0.940724558026975
"10758","WKW94868.1","V159A","arth","birFit",-1.20669307556647
"10759","WKW94871.1","T314S","arth","mosFit",-1.65365945454915
"10760","WKW94871.1","T314S","arth","humFit",-1.61922187956546
"10761","WKW94871.1","T314S","arth","birFit",-1.65766983817105
"10762","WKW94871.1","V159A","arth","mosFit",-0.770188640378523
"10763","WKW94871.1","V159A","arth","humFit",-0.940724558026975
"10764","WKW94871.1","V159A","arth","birFit",-1.20669307556647
"10765","WKW94872.1","V159A","bird","mosFit",-0.770188640378523
"10766","WKW94872.1","V159A","bird","humFit",-0.940724558026975
"10767","WKW94872.1","V159A","bird","birFit",-1.20669307556647
"10768","WKW94873.1","V159A","bird","mosFit",-0.770188640378523
"10769","WKW94873.1","V159A","bird","humFit",-0.940724558026975
"10770","WKW94873.1","V159A","bird","birFit",-1.20669307556647
"10771","WKW94874.1","V159A","arth","mosFit",-0.770188640378523
"10772","WKW94874.1","V159A","arth","humFit",-0.940724558026975
"10773","WKW94874.1","V159A","arth","birFit",-1.20669307556647
"10774","WKW94876.1","V159A","bird","mosFit",-0.770188640378523
"10775","WKW94876.1","V159A","bird","humFit",-0.940724558026975
"10776","WKW94876.1","V159A","bird","birFit",-1.20669307556647
"10777","WKW94879.1","V159A","arth","mosFit",-0.770188640378523
"10778","WKW94879.1","V159A","arth","humFit",-0.940724558026975
"10779","WKW94879.1","V159A","arth","birFit",-1.20669307556647
"10780","WKW94881.1","V159A","arth","mosFit",-0.770188640378523
"10781","WKW94881.1","V159A","arth","humFit",-0.940724558026975
"10782","WKW94881.1","V159A","arth","birFit",-1.20669307556647
"10783","WKW94883.1","V159A","arth","mosFit",-0.770188640378523
"10784","WKW94883.1","V159A","arth","humFit",-0.940724558026975
"10785","WKW94883.1","V159A","arth","birFit",-1.20669307556647
"10786","WKW94884.1","V159A","arth","mosFit",-0.770188640378523
"10787","WKW94884.1","V159A","arth","humFit",-0.940724558026975
"10788","WKW94884.1","V159A","arth","birFit",-1.20669307556647
"10789","WKW94885.1","V159A","arth","mosFit",-0.770188640378523
"10790","WKW94885.1","V159A","arth","humFit",-0.940724558026975
"10791","WKW94885.1","V159A","arth","birFit",-1.20669307556647
"10792","WKW94886.1","V159A","arth","mosFit",-0.770188640378523
"10793","WKW94886.1","V159A","arth","humFit",-0.940724558026975
"10794","WKW94886.1","V159A","arth","birFit",-1.20669307556647
"10795","WKW94887.1","V159A","bird","mosFit",-0.770188640378523
"10796","WKW94887.1","V159A","bird","humFit",-0.940724558026975
"10797","WKW94887.1","V159A","bird","birFit",-1.20669307556647
"10798","WKW94888.1","V159A","arth","mosFit",-0.770188640378523
"10799","WKW94888.1","V159A","arth","humFit",-0.940724558026975
"10800","WKW94888.1","V159A","arth","birFit",-1.20669307556647
"10801","WKW94889.1","I481V","arth","mosFit",-0.793494442182579
"10802","WKW94889.1","I481V","arth","humFit",-0.89930040842731
"10803","WKW94889.1","I481V","arth","birFit",-0.955041418954083
"10804","WKW94889.1","V159A","arth","mosFit",-0.770188640378523
"10805","WKW94889.1","V159A","arth","humFit",-0.940724558026975
"10806","WKW94889.1","V159A","arth","birFit",-1.20669307556647
"10807","WKW94891.1","V159A","bird","mosFit",-0.770188640378523
"10808","WKW94891.1","V159A","bird","humFit",-0.940724558026975
"10809","WKW94891.1","V159A","bird","birFit",-1.20669307556647
"10810","WKW94891.1","V431I","bird","mosFit",-1.5618331725051
"10811","WKW94891.1","V431I","bird","humFit",-1.65018063952008
"10812","WKW94891.1","V431I","bird","birFit",-1.4496843005941
"10813","WKW94894.1","V159A","bird","mosFit",-0.770188640378523
"10814","WKW94894.1","V159A","bird","humFit",-0.940724558026975
"10815","WKW94894.1","V159A","bird","birFit",-1.20669307556647
"10816","WKW94894.1","V431I","bird","mosFit",-1.5618331725051
"10817","WKW94894.1","V431I","bird","humFit",-1.65018063952008
"10818","WKW94894.1","V431I","bird","birFit",-1.4496843005941
"10819","WKW94897.1","V159A","bird","mosFit",-0.770188640378523
"10820","WKW94897.1","V159A","bird","humFit",-0.940724558026975
"10821","WKW94897.1","V159A","bird","birFit",-1.20669307556647
"10822","WKW94898.1","A161V","arth","mosFit",-0.451992305924718
"10823","WKW94898.1","A161V","arth","humFit",-0.426464240973636
"10824","WKW94898.1","A161V","arth","birFit",-1.01690876367928
"10825","WKW94898.1","V159A","arth","mosFit",-0.770188640378523
"10826","WKW94898.1","V159A","arth","humFit",-0.940724558026975
"10827","WKW94898.1","V159A","arth","birFit",-1.20669307556647
"10828","WKW94899.1","A487S","arth","mosFit",-1.24134490129763
"10829","WKW94899.1","A487S","arth","humFit",-1.72614184096093
"10830","WKW94899.1","A487S","arth","birFit",-1.78155532098428
"10831","WKW94899.1","V159A","arth","mosFit",-0.770188640378523
"10832","WKW94899.1","V159A","arth","humFit",-0.940724558026975
"10833","WKW94899.1","V159A","arth","birFit",-1.20669307556647
"10834","WKW94900.1","V159A","arth","mosFit",-0.770188640378523
"10835","WKW94900.1","V159A","arth","humFit",-0.940724558026975
"10836","WKW94900.1","V159A","arth","birFit",-1.20669307556647
"10837","WKW94903.1","V159A","arth","mosFit",-0.770188640378523
"10838","WKW94903.1","V159A","arth","humFit",-0.940724558026975
"10839","WKW94903.1","V159A","arth","birFit",-1.20669307556647
"10840","WKW94904.1","Q94K","bird","mosFit",-1.1703023588194
"10841","WKW94904.1","Q94K","bird","humFit",-1.42568911586396
"10842","WKW94904.1","Q94K","bird","birFit",-1.11372294301164
"10843","WKW94904.1","T409A","bird","mosFit",-1.02910327109029
"10844","WKW94904.1","T409A","bird","humFit",-1.30042702638517
"10845","WKW94904.1","T409A","bird","birFit",-1.37092450032997
"10846","WKW94904.1","V159A","bird","mosFit",-0.770188640378523
"10847","WKW94904.1","V159A","bird","humFit",-0.940724558026975
"10848","WKW94904.1","V159A","bird","birFit",-1.20669307556647
"10849","WKW94907.1","V159A","arth","mosFit",-0.770188640378523
"10850","WKW94907.1","V159A","arth","humFit",-0.940724558026975
"10851","WKW94907.1","V159A","arth","birFit",-1.20669307556647
"10852","WKW94908.1","V159A","arth","mosFit",-0.770188640378523
"10853","WKW94908.1","V159A","arth","humFit",-0.940724558026975
"10854","WKW94908.1","V159A","arth","birFit",-1.20669307556647
"10855","WKW94909.1","V159A","arth","mosFit",-0.770188640378523
"10856","WKW94909.1","V159A","arth","humFit",-0.940724558026975
"10857","WKW94909.1","V159A","arth","birFit",-1.20669307556647
"10858","WKW94910.1","V159A","bird","mosFit",-0.770188640378523
"10859","WKW94910.1","V159A","bird","humFit",-0.940724558026975
"10860","WKW94910.1","V159A","bird","birFit",-1.20669307556647
"10861","WKW94911.1","V159A","arth","mosFit",-0.770188640378523
"10862","WKW94911.1","V159A","arth","humFit",-0.940724558026975
"10863","WKW94911.1","V159A","arth","birFit",-1.20669307556647
"10864","WKW94912.1","V159A","arth","mosFit",-0.770188640378523
"10865","WKW94912.1","V159A","arth","humFit",-0.940724558026975
"10866","WKW94912.1","V159A","arth","birFit",-1.20669307556647
"10867","WOH21830.1","V159A","arth","mosFit",-0.770188640378523
"10868","WOH21830.1","V159A","arth","humFit",-0.940724558026975
"10869","WOH21830.1","V159A","arth","birFit",-1.20669307556647
"10870","WOH21831.1","V159A","arth","mosFit",-0.770188640378523
"10871","WOH21831.1","V159A","arth","humFit",-0.940724558026975
"10872","WOH21831.1","V159A","arth","birFit",-1.20669307556647
"10873","WPV74248.1","I126T","arth","mosFit",-0.832702958949661
"10874","WPV74248.1","I126T","arth","humFit",-0.584793993478891
"10875","WPV74248.1","I126T","arth","birFit",-0.806393726680972
"10876","WPV74248.1","V159I","arth","mosFit",-0.558714890171021
"10877","WPV74248.1","V159I","arth","humFit",-0.558139699453942
"10878","WPV74248.1","V159I","arth","birFit",-2.32415508195564
"10879","WPV74249.1","I126T","arth","mosFit",-0.832702958949661
"10880","WPV74249.1","I126T","arth","humFit",-0.584793993478891
"10881","WPV74249.1","I126T","arth","birFit",-0.806393726680972
"10882","WPV74249.1","R93K","arth","mosFit",-1.16620801408455
"10883","WPV74249.1","R93K","arth","humFit",-1.6946246386064
"10884","WPV74249.1","R93K","arth","birFit",-1.65437780402793
"10885","WPV74249.1","V159I","arth","mosFit",-0.558714890171021
"10886","WPV74249.1","V159I","arth","humFit",-0.558139699453942
"10887","WPV74249.1","V159I","arth","birFit",-2.32415508195564
"10888","WPV74250.1","I126T","arth","mosFit",-0.832702958949661
"10889","WPV74250.1","I126T","arth","humFit",-0.584793993478891
"10890","WPV74250.1","I126T","arth","birFit",-0.806393726680972
"10891","WPV74250.1","R93K","arth","mosFit",-1.16620801408455
"10892","WPV74250.1","R93K","arth","humFit",-1.6946246386064
"10893","WPV74250.1","R93K","arth","birFit",-1.65437780402793
"10894","WPV74250.1","V159I","arth","mosFit",-0.558714890171021
"10895","WPV74250.1","V159I","arth","humFit",-0.558139699453942
"10896","WPV74250.1","V159I","arth","birFit",-2.32415508195564
"10897","WPV74251.1","I126T","arth","mosFit",-0.832702958949661
"10898","WPV74251.1","I126T","arth","humFit",-0.584793993478891
"10899","WPV74251.1","I126T","arth","birFit",-0.806393726680972
"10900","WPV74251.1","K84R","arth","mosFit",-0.603494528541322
"10901","WPV74251.1","K84R","arth","humFit",-0.629357065808249
"10902","WPV74251.1","K84R","arth","birFit",-0.953979723737619
"10903","WPV74251.1","R93K","arth","mosFit",-1.16620801408455
"10904","WPV74251.1","R93K","arth","humFit",-1.6946246386064
"10905","WPV74251.1","R93K","arth","birFit",-1.65437780402793
"10906","WPV74251.1","V159I","arth","mosFit",-0.558714890171021
"10907","WPV74251.1","V159I","arth","humFit",-0.558139699453942
"10908","WPV74251.1","V159I","arth","birFit",-2.32415508195564
"10909","WVE62473.1","I126T","arth","mosFit",-0.832702958949661
"10910","WVE62473.1","I126T","arth","humFit",-0.584793993478891
"10911","WVE62473.1","I126T","arth","birFit",-0.806393726680972
"10912","WVE62473.1","R93K","arth","mosFit",-1.16620801408455
"10913","WVE62473.1","R93K","arth","humFit",-1.6946246386064
"10914","WVE62473.1","R93K","arth","birFit",-1.65437780402793
"10915","WVE62473.1","V159I","arth","mosFit",-0.558714890171021
"10916","WVE62473.1","V159I","arth","humFit",-0.558139699453942
"10917","WVE62473.1","V159I","arth","birFit",-2.32415508195564
"10918","WVE62476.1","I126T","arth","mosFit",-0.832702958949661
"10919","WVE62476.1","I126T","arth","humFit",-0.584793993478891
"10920","WVE62476.1","I126T","arth","birFit",-0.806393726680972
"10921","WVE62476.1","R93K","arth","mosFit",-1.16620801408455
"10922","WVE62476.1","R93K","arth","humFit",-1.6946246386064
"10923","WVE62476.1","R93K","arth","birFit",-1.65437780402793
"10924","WVE62476.1","V159I","arth","mosFit",-0.558714890171021
"10925","WVE62476.1","V159I","arth","humFit",-0.558139699453942
"10926","WVE62476.1","V159I","arth","birFit",-2.32415508195564
"10927","WVE62477.1","I126T","bird","mosFit",-0.832702958949661
"10928","WVE62477.1","I126T","bird","humFit",-0.584793993478891
"10929","WVE62477.1","I126T","bird","birFit",-0.806393726680972
"10930","WVE62477.1","R93K","bird","mosFit",-1.16620801408455
"10931","WVE62477.1","R93K","bird","humFit",-1.6946246386064
"10932","WVE62477.1","R93K","bird","birFit",-1.65437780402793
"10933","WVE62477.1","V159I","bird","mosFit",-0.558714890171021
"10934","WVE62477.1","V159I","bird","humFit",-0.558139699453942
"10935","WVE62477.1","V159I","bird","birFit",-2.32415508195564
"10936","WWS30107.1","V159A","bird","mosFit",-0.770188640378523
"10937","WWS30107.1","V159A","bird","humFit",-0.940724558026975
"10938","WWS30107.1","V159A","bird","birFit",-1.20669307556647
"10939","WWS30107.1","V364E","bird","mosFit",-1.14739206657826
"10940","WWS30107.1","V364E","bird","humFit",-1.6888343509373
"10941","WWS30107.1","V364E","bird","birFit",-1.58249964343506
"10942","AAF20205.2","V364M","arth","mosFit",-1.20940676708476
"10943","AAF20205.2","V364M","arth","humFit",-1.01608166227727
"10944","AAF20205.2","V364M","arth","birFit",-2.28402331626182
"10945","AAK06624.1","I126T","mam","mosFit",-0.832702958949661
"10946","AAK06624.1","I126T","mam","humFit",-0.584793993478891
"10947","AAK06624.1","I126T","mam","birFit",-0.806393726680972
"10948","AAK06624.1","N154K","mam","mosFit",-0.91955352789176
"10949","AAK06624.1","N154K","mam","humFit",-1.4498801376997
"10950","AAK06624.1","N154K","mam","birFit",-0.761456634580579
"10951","AAK06624.1","V159M","mam","mosFit",0.026881874469086
"10952","AAK06624.1","V159M","mam","humFit",-2.92375141678025
"10953","AAK06624.1","V159M","mam","birFit",-4.578488992645
"10954","AAK06624.1","V442I","mam","mosFit",-0.937211495918475
"10955","AAK06624.1","V442I","mam","humFit",-1.34236389037224
"10956","AAK06624.1","V442I","mam","birFit",-1.02314618212327
"10957","AAV52688.1","V159A","bird","mosFit",-0.770188640378523
"10958","AAV52688.1","V159A","bird","humFit",-0.940724558026975
"10959","AAV52688.1","V159A","bird","birFit",-1.20669307556647
"10960","AAV54504.1","N394S","mam","mosFit",-0.9700102032146
"10961","AAV54504.1","N394S","mam","humFit",-1.50753547171879
"10962","AAV54504.1","N394S","mam","birFit",-1.54936421419937
"10963","AAV54504.1","V159A","mam","mosFit",-0.770188640378523
"10964","AAV54504.1","V159A","mam","humFit",-0.940724558026975
"10965","AAV54504.1","V159A","mam","birFit",-1.20669307556647
"10966","AAZ32732.1","V159A","arth","mosFit",-0.770188640378523
"10967","AAZ32732.1","V159A","arth","humFit",-0.940724558026975
"10968","AAZ32732.1","V159A","arth","birFit",-1.20669307556647
"10969","AAZ32732.1","V431I","arth","mosFit",-1.5618331725051
"10970","AAZ32732.1","V431I","arth","humFit",-1.65018063952008
"10971","AAZ32732.1","V431I","arth","birFit",-1.4496843005941
"10972","AAZ32737.1","V159A","bird","mosFit",-0.770188640378523
"10973","AAZ32737.1","V159A","bird","humFit",-0.940724558026975
"10974","AAZ32737.1","V159A","bird","birFit",-1.20669307556647
"10975","AAZ32738.1","V159A","bird","mosFit",-0.770188640378523
"10976","AAZ32738.1","V159A","bird","humFit",-0.940724558026975
"10977","AAZ32738.1","V159A","bird","birFit",-1.20669307556647
"10978","AAZ32739.1","V159A","bird","mosFit",-0.770188640378523
"10979","AAZ32739.1","V159A","bird","humFit",-0.940724558026975
"10980","AAZ32739.1","V159A","bird","birFit",-1.20669307556647
"10981","AAZ32739.1","V272L","bird","mosFit",-0.77112018598538
"10982","AAZ32739.1","V272L","bird","humFit",-1.027104677491
"10983","AAZ32739.1","V272L","bird","birFit",-1.98324918514725
"10984","AAZ32741.1","K291R","bird","mosFit",-0.496647807363062
"10985","AAZ32741.1","K291R","bird","humFit",-0.616029436357184
"10986","AAZ32741.1","K291R","bird","birFit",-0.558852876461663
"10987","AAZ32741.1","V159A","bird","mosFit",-0.770188640378523
"10988","AAZ32741.1","V159A","bird","humFit",-0.940724558026975
"10989","AAZ32741.1","V159A","bird","birFit",-1.20669307556647
"10990","AAZ32745.1","K291R","bird","mosFit",-0.496647807363062
"10991","AAZ32745.1","K291R","bird","humFit",-0.616029436357184
"10992","AAZ32745.1","K291R","bird","birFit",-0.558852876461663
"10993","AAZ32745.1","V159A","bird","mosFit",-0.770188640378523
"10994","AAZ32745.1","V159A","bird","humFit",-0.940724558026975
"10995","AAZ32745.1","V159A","bird","birFit",-1.20669307556647
"10996","ABA54576.1","Y176H","bird","mosFit",-0.384822626975956
"10997","ABA54576.1","Y176H","bird","humFit",-0.593918837077759
"10998","ABA54576.1","Y176H","bird","birFit",-0.89306289148201
"10999","ABA54592.1","V159A","bird","mosFit",-0.770188640378523
"11000","ABA54592.1","V159A","bird","humFit",-0.940724558026975
"11001","ABA54592.1","V159A","bird","birFit",-1.20669307556647
"11002","ABA54595.1","T208A","bird","mosFit",-0.515046119552252
"11003","ABA54595.1","T208A","bird","humFit",-0.733393221463898
"11004","ABA54595.1","T208A","bird","birFit",-0.653923771313165
"11005","ABA54595.1","V159A","bird","mosFit",-0.770188640378523
"11006","ABA54595.1","V159A","bird","humFit",-0.940724558026975
"11007","ABA54595.1","V159A","bird","birFit",-1.20669307556647
"11008","ABD19510.1","F90Y","bird","mosFit",-0.957967840789253
"11009","ABD19510.1","F90Y","bird","humFit",-0.505507451200051
"11010","ABD19510.1","F90Y","bird","birFit",-2.07657379355573
"11011","ABD19510.1","I126T","bird","mosFit",-0.832702958949661
"11012","ABD19510.1","I126T","bird","humFit",-0.584793993478891
"11013","ABD19510.1","I126T","bird","birFit",-0.806393726680972
"11014","ABD19510.1","V159I","bird","mosFit",-0.558714890171021
"11015","ABD19510.1","V159I","bird","humFit",-0.558139699453942
"11016","ABD19510.1","V159I","bird","birFit",-2.32415508195564
"11017","ABD19511.1","F90Y","bird","mosFit",-0.957967840789253
"11018","ABD19511.1","F90Y","bird","humFit",-0.505507451200051
"11019","ABD19511.1","F90Y","bird","birFit",-2.07657379355573
"11020","ABD19511.1","I126T","bird","mosFit",-0.832702958949661
"11021","ABD19511.1","I126T","bird","humFit",-0.584793993478891
"11022","ABD19511.1","I126T","bird","birFit",-0.806393726680972
"11023","ABD19511.1","V159I","bird","mosFit",-0.558714890171021
"11024","ABD19511.1","V159I","bird","humFit",-0.558139699453942
"11025","ABD19511.1","V159I","bird","birFit",-2.32415508195564
"11026","ABD19512.1","F90Y","bird","mosFit",-0.957967840789253
"11027","ABD19512.1","F90Y","bird","humFit",-0.505507451200051
"11028","ABD19512.1","F90Y","bird","birFit",-2.07657379355573
"11029","ABD19512.1","I126T","bird","mosFit",-0.832702958949661
"11030","ABD19512.1","I126T","bird","humFit",-0.584793993478891
"11031","ABD19512.1","I126T","bird","birFit",-0.806393726680972
"11032","ABD19512.1","S156P","bird","mosFit",-0.828111276825081
"11033","ABD19512.1","S156P","bird","humFit",-2.2998477285067
"11034","ABD19512.1","S156P","bird","birFit",-1.27904883077155
"11035","ABD19512.1","V159I","bird","mosFit",-0.558714890171021
"11036","ABD19512.1","V159I","bird","humFit",-0.558139699453942
"11037","ABD19512.1","V159I","bird","birFit",-2.32415508195564
"11038","ABD19640.1","F90Y","arth","mosFit",-0.957967840789253
"11039","ABD19640.1","F90Y","arth","humFit",-0.505507451200051
"11040","ABD19640.1","F90Y","arth","birFit",-2.07657379355573
"11041","ABD19640.1","I126T","arth","mosFit",-0.832702958949661
"11042","ABD19640.1","I126T","arth","humFit",-0.584793993478891
"11043","ABD19640.1","I126T","arth","birFit",-0.806393726680972
"11044","ABD19640.1","S156P","arth","mosFit",-0.828111276825081
"11045","ABD19640.1","S156P","arth","humFit",-2.2998477285067
"11046","ABD19640.1","S156P","arth","birFit",-1.27904883077155
"11047","ABD19640.1","V159I","arth","mosFit",-0.558714890171021
"11048","ABD19640.1","V159I","arth","humFit",-0.558139699453942
"11049","ABD19640.1","V159I","arth","birFit",-2.32415508195564
"11050","ABD19641.1","F90Y","bird","mosFit",-0.957967840789253
"11051","ABD19641.1","F90Y","bird","humFit",-0.505507451200051
"11052","ABD19641.1","F90Y","bird","birFit",-2.07657379355573
"11053","ABD19641.1","I126T","bird","mosFit",-0.832702958949661
"11054","ABD19641.1","I126T","bird","humFit",-0.584793993478891
"11055","ABD19641.1","I126T","bird","birFit",-0.806393726680972
"11056","ABD19641.1","V159I","bird","mosFit",-0.558714890171021
"11057","ABD19641.1","V159I","bird","humFit",-0.558139699453942
"11058","ABD19641.1","V159I","bird","birFit",-2.32415508195564
"11059","ABD19642.1","F90Y","bird","mosFit",-0.957967840789253
"11060","ABD19642.1","F90Y","bird","humFit",-0.505507451200051
"11061","ABD19642.1","F90Y","bird","birFit",-2.07657379355573
"11062","ABD19642.1","I126T","bird","mosFit",-0.832702958949661
"11063","ABD19642.1","I126T","bird","humFit",-0.584793993478891
"11064","ABD19642.1","I126T","bird","birFit",-0.806393726680972
"11065","ABD19642.1","V159I","bird","mosFit",-0.558714890171021
"11066","ABD19642.1","V159I","bird","humFit",-0.558139699453942
"11067","ABD19642.1","V159I","bird","birFit",-2.32415508195564
"11068","ABD67756.1","F90Y","bird","mosFit",-0.957967840789253
"11069","ABD67756.1","F90Y","bird","humFit",-0.505507451200051
"11070","ABD67756.1","F90Y","bird","birFit",-2.07657379355573
"11071","ABD67756.1","I126T","bird","mosFit",-0.832702958949661
"11072","ABD67756.1","I126T","bird","humFit",-0.584793993478891
"11073","ABD67756.1","I126T","bird","birFit",-0.806393726680972
"11074","ABD67756.1","S156P","bird","mosFit",-0.828111276825081
"11075","ABD67756.1","S156P","bird","humFit",-2.2998477285067
"11076","ABD67756.1","S156P","bird","birFit",-1.27904883077155
"11077","ABD67756.1","V159I","bird","mosFit",-0.558714890171021
"11078","ABD67756.1","V159I","bird","humFit",-0.558139699453942
"11079","ABD67756.1","V159I","bird","birFit",-2.32415508195564
"11080","ABD67757.1","F90Y","arth","mosFit",-0.957967840789253
"11081","ABD67757.1","F90Y","arth","humFit",-0.505507451200051
"11082","ABD67757.1","F90Y","arth","birFit",-2.07657379355573
"11083","ABD67757.1","I126T","arth","mosFit",-0.832702958949661
"11084","ABD67757.1","I126T","arth","humFit",-0.584793993478891
"11085","ABD67757.1","I126T","arth","birFit",-0.806393726680972
"11086","ABD67757.1","V159I","arth","mosFit",-0.558714890171021
"11087","ABD67757.1","V159I","arth","humFit",-0.558139699453942
"11088","ABD67757.1","V159I","arth","birFit",-2.32415508195564
"11089","ABD67758.1","F90Y","bird","mosFit",-0.957967840789253
"11090","ABD67758.1","F90Y","bird","humFit",-0.505507451200051
"11091","ABD67758.1","F90Y","bird","birFit",-2.07657379355573
"11092","ABD67758.1","I126T","bird","mosFit",-0.832702958949661
"11093","ABD67758.1","I126T","bird","humFit",-0.584793993478891
"11094","ABD67758.1","I126T","bird","birFit",-0.806393726680972
"11095","ABD67758.1","N154S","bird","mosFit",-0.333279228212061
"11096","ABD67758.1","N154S","bird","humFit",-2.77572263120937
"11097","ABD67758.1","N154S","bird","birFit",-1.19694860940925
"11098","ABD67758.1","V159I","bird","mosFit",-0.558714890171021
"11099","ABD67758.1","V159I","bird","humFit",-0.558139699453942
"11100","ABD67758.1","V159I","bird","birFit",-2.32415508195564
"11101","ABD67760.1","F90Y","bird","mosFit",-0.957967840789253
"11102","ABD67760.1","F90Y","bird","humFit",-0.505507451200051
"11103","ABD67760.1","F90Y","bird","birFit",-2.07657379355573
"11104","ABD67760.1","I126T","bird","mosFit",-0.832702958949661
"11105","ABD67760.1","I126T","bird","humFit",-0.584793993478891
"11106","ABD67760.1","I126T","bird","birFit",-0.806393726680972
"11107","ABD67760.1","M48V","bird","mosFit",-0.84448851246942
"11108","ABD67760.1","M48V","bird","humFit",-0.557762309513389
"11109","ABD67760.1","M48V","bird","birFit",-1.27828677371236
"11110","ABD67760.1","S156Y","bird","mosFit",-0.199809458404265
"11111","ABD67760.1","S156Y","bird","humFit",-2.20836379698266
"11112","ABD67760.1","S156Y","bird","birFit",-0.991686574080527
"11113","ABD67760.1","V159I","bird","mosFit",-0.558714890171021
"11114","ABD67760.1","V159I","bird","humFit",-0.558139699453942
"11115","ABD67760.1","V159I","bird","birFit",-2.32415508195564
"11116","ABD67762.1","F90Y","arth","mosFit",-0.957967840789253
"11117","ABD67762.1","F90Y","arth","humFit",-0.505507451200051
"11118","ABD67762.1","F90Y","arth","birFit",-2.07657379355573
"11119","ABD67762.1","I126T","arth","mosFit",-0.832702958949661
"11120","ABD67762.1","I126T","arth","humFit",-0.584793993478891
"11121","ABD67762.1","I126T","arth","birFit",-0.806393726680972
"11122","ABD67762.1","V159I","arth","mosFit",-0.558714890171021
"11123","ABD67762.1","V159I","arth","humFit",-0.558139699453942
"11124","ABD67762.1","V159I","arth","birFit",-2.32415508195564
"11125","ABD85064.1","D37N","mam","mosFit",-0.934626473687664
"11126","ABD85064.1","D37N","mam","humFit",-1.0875116261337
"11127","ABD85064.1","D37N","mam","birFit",-0.899720111597758
"11128","ABD85064.1","T484M","mam","mosFit",-1.11700821297791
"11129","ABD85064.1","T484M","mam","humFit",-1.56799239036031
"11130","ABD85064.1","T484M","mam","birFit",-1.1807733460472
"11131","ABD85064.1","V159A","mam","mosFit",-0.770188640378523
"11132","ABD85064.1","V159A","mam","humFit",-0.940724558026975
"11133","ABD85064.1","V159A","mam","birFit",-1.20669307556647
"11134","ABD85065.1","V159A","mam","mosFit",-0.770188640378523
"11135","ABD85065.1","V159A","mam","humFit",-0.940724558026975
"11136","ABD85065.1","V159A","mam","birFit",-1.20669307556647
"11137","ABD85066.1","V159A","mam","mosFit",-0.770188640378523
"11138","ABD85066.1","V159A","mam","humFit",-0.940724558026975
"11139","ABD85066.1","V159A","mam","birFit",-1.20669307556647
"11140","ABD85067.1","V159A","mam","mosFit",-0.770188640378523
"11141","ABD85067.1","V159A","mam","humFit",-0.940724558026975
"11142","ABD85067.1","V159A","mam","birFit",-1.20669307556647
"11143","ABD85068.1","T157I","mam","mosFit",-0.76803392456981
"11144","ABD85068.1","T157I","mam","humFit",-0.728861595798186
"11145","ABD85068.1","T157I","mam","birFit",-1.29594193893428
"11146","ABD85068.1","V159A","mam","mosFit",-0.770188640378523
"11147","ABD85068.1","V159A","mam","humFit",-0.940724558026975
"11148","ABD85068.1","V159A","mam","birFit",-1.20669307556647
"11149","ABD85070.1","V159A","mam","mosFit",-0.770188640378523
"11150","ABD85070.1","V159A","mam","humFit",-0.940724558026975
"11151","ABD85070.1","V159A","mam","birFit",-1.20669307556647
"11152","ABD85073.1","V159A","mam","mosFit",-0.770188640378523
"11153","ABD85073.1","V159A","mam","humFit",-0.940724558026975
"11154","ABD85073.1","V159A","mam","birFit",-1.20669307556647
"11155","ABD85074.1","V159T","mam","mosFit",0.524380662551074
"11156","ABD85074.1","V159T","mam","humFit",1.02890354159052
"11157","ABD85074.1","V159T","mam","birFit",-0.864054343274328
"11158","ABD85080.1","A89T","mam","mosFit",-1.30087885751106
"11159","ABD85080.1","A89T","mam","humFit",-1.11986453131386
"11160","ABD85080.1","A89T","mam","birFit",-1.54613784612408
"11161","ABD85080.1","N368D","mam","mosFit",-0.165980483217057
"11162","ABD85080.1","N368D","mam","humFit",-0.171501467638465
"11163","ABD85080.1","N368D","mam","birFit",-0.66106465155339
"11164","ABD85080.1","V159A","mam","mosFit",-0.770188640378523
"11165","ABD85080.1","V159A","mam","humFit",-0.940724558026975
"11166","ABD85080.1","V159A","mam","birFit",-1.20669307556647
"11167","ABD85080.1","V431I","mam","mosFit",-1.5618331725051
"11168","ABD85080.1","V431I","mam","humFit",-1.65018063952008
"11169","ABD85080.1","V431I","mam","birFit",-1.4496843005941
"11170","ABG67746.1","G153R","bird","mosFit",-1.01981032919388
"11171","ABG67746.1","G153R","bird","humFit",-1.19732081177599
"11172","ABG67746.1","G153R","bird","birFit",-0.971030443934986
"11173","ABG67746.1","I126T","bird","mosFit",-0.832702958949661
"11174","ABG67746.1","I126T","bird","humFit",-0.584793993478891
"11175","ABG67746.1","I126T","bird","birFit",-0.806393726680972
"11176","ABG67746.1","L312F","bird","mosFit",-0.49588534589211
"11177","ABG67746.1","L312F","bird","humFit",-0.653681829821839
"11178","ABG67746.1","L312F","bird","birFit",-0.691281508845258
"11179","ABG67746.1","V159I","bird","mosFit",-0.558714890171021
"11180","ABG67746.1","V159I","bird","humFit",-0.558139699453942
"11181","ABG67746.1","V159I","bird","birFit",-2.32415508195564
"11182","ABH06912.1","F274I","bird","mosFit",-1.25550483665508
"11183","ABH06912.1","F274I","bird","humFit",-1.70040226363654
"11184","ABH06912.1","F274I","bird","birFit",-1.40246974487191
"11185","ABH06912.1","H395Y","bird","mosFit",-1.16353568180017
"11186","ABH06912.1","H395Y","bird","humFit",-1.11061767946766
"11187","ABH06912.1","H395Y","bird","birFit",-1.63797400747758
"11188","ABH06912.1","V159A","bird","mosFit",-0.770188640378523
"11189","ABH06912.1","V159A","bird","humFit",-0.940724558026975
"11190","ABH06912.1","V159A","bird","birFit",-1.20669307556647
"11191","ABH06935.1","I135V","bird","mosFit",-1.01634111797992
"11192","ABH06935.1","I135V","bird","humFit",-1.39522899908133
"11193","ABH06935.1","I135V","bird","birFit",-1.57247286018612
"11194","ABH06935.1","V159A","bird","mosFit",-0.770188640378523
"11195","ABH06935.1","V159A","bird","humFit",-0.940724558026975
"11196","ABH06935.1","V159A","bird","birFit",-1.20669307556647
"11197","ABH06939.1","V159A","bird","mosFit",-0.770188640378523
"11198","ABH06939.1","V159A","bird","humFit",-0.940724558026975
"11199","ABH06939.1","V159A","bird","birFit",-1.20669307556647
"11200","ABH06939.1","V488I","bird","mosFit",-1.31964273869515
"11201","ABH06939.1","V488I","bird","humFit",-0.8797962367099
"11202","ABH06939.1","V488I","bird","birFit",-1.01403221118434
"11203","ABI26621.1","V159A","mam","mosFit",-0.770188640378523
"11204","ABI26621.1","V159A","mam","humFit",-0.940724558026975
"11205","ABI26621.1","V159A","mam","birFit",-1.20669307556647
"11206","ABJ90066.1","V159A","bird","mosFit",-0.770188640378523
"11207","ABJ90066.1","V159A","bird","humFit",-0.940724558026975
"11208","ABJ90066.1","V159A","bird","birFit",-1.20669307556647
"11209","ABJ90089.1","L62S","bird","mosFit",-0.72405660899366
"11210","ABJ90089.1","L62S","bird","humFit",-1.20115754291968
"11211","ABJ90089.1","L62S","bird","birFit",-1.10922292998096
"11212","ABJ90089.1","V290M","bird","mosFit",-0.738400780458981
"11213","ABJ90089.1","V290M","bird","humFit",-0.260288941803777
"11214","ABJ90089.1","V290M","bird","birFit",-2.36710254882393
"11215","ABJ90089.1","Y176H","bird","mosFit",-0.384822626975956
"11216","ABJ90089.1","Y176H","bird","humFit",-0.593918837077759
"11217","ABJ90089.1","Y176H","bird","birFit",-0.89306289148201
"11218","ABJ90093.1","T76A","bird","mosFit",-0.811773193699928
"11219","ABJ90093.1","T76A","bird","humFit",-1.13116156237413
"11220","ABJ90093.1","T76A","bird","birFit",-1.45767266996865
"11221","ABJ90093.1","V159A","bird","mosFit",-0.770188640378523
"11222","ABJ90093.1","V159A","bird","humFit",-0.940724558026975
"11223","ABJ90093.1","V159A","bird","birFit",-1.20669307556647
"11224","ABO69600.1","I474M","bird","mosFit",-0.789990445350956
"11225","ABO69600.1","I474M","bird","humFit",-1.45773833956255
"11226","ABO69600.1","I474M","bird","birFit",-1.03581743856489
"11227","ABO69600.1","V159A","bird","mosFit",-0.770188640378523
"11228","ABO69600.1","V159A","bird","humFit",-0.940724558026975
"11229","ABO69600.1","V159A","bird","birFit",-1.20669307556647
"11230","ABV01396.1","I126M","arth","mosFit",-0.722249214014466
"11231","ABV01396.1","I126M","arth","humFit",-0.66766621900469
"11232","ABV01396.1","I126M","arth","birFit",-0.997492473929815
"11233","ABV01396.1","V159A","arth","mosFit",-0.770188640378523
"11234","ABV01396.1","V159A","arth","humFit",-0.940724558026975
"11235","ABV01396.1","V159A","arth","birFit",-1.20669307556647
"11236","ABV01437.1","V159A","arth","mosFit",-0.770188640378523
"11237","ABV01437.1","V159A","arth","humFit",-0.940724558026975
"11238","ABV01437.1","V159A","arth","birFit",-1.20669307556647
"11239","ABV01475.1","A487S","arth","mosFit",-1.24134490129763
"11240","ABV01475.1","A487S","arth","humFit",-1.72614184096093
"11241","ABV01475.1","A487S","arth","birFit",-1.78155532098428
"11242","ABV01475.1","V159A","arth","mosFit",-0.770188640378523
"11243","ABV01475.1","V159A","arth","humFit",-0.940724558026975
"11244","ABV01475.1","V159A","arth","birFit",-1.20669307556647
"11245","ABY83187.1","H398Y","mam","mosFit",-0.482194089939852
"11246","ABY83187.1","H398Y","mam","humFit",-0.209330370926032
"11247","ABY83187.1","H398Y","mam","birFit",-0.119737076316465
"11248","ABY83187.1","I126T","mam","mosFit",-0.832702958949661
"11249","ABY83187.1","I126T","mam","humFit",-0.584793993478891
"11250","ABY83187.1","I126T","mam","birFit",-0.806393726680972
"11251","ABY83187.1","R93K","mam","mosFit",-1.16620801408455
"11252","ABY83187.1","R93K","mam","humFit",-1.6946246386064
"11253","ABY83187.1","R93K","mam","birFit",-1.65437780402793
"11254","ABY83187.1","T332K","mam","mosFit",-1.49869528087746
"11255","ABY83187.1","T332K","mam","humFit",-1.47982405038391
"11256","ABY83187.1","T332K","mam","birFit",-1.46540076654375
"11257","ABY83187.1","T366A","mam","mosFit",-0.762015985029108
"11258","ABY83187.1","T366A","mam","humFit",-0.814749328165478
"11259","ABY83187.1","T366A","mam","birFit",-1.75382394612925
"11260","ABY83187.1","V159I","mam","mosFit",-0.558714890171021
"11261","ABY83187.1","V159I","mam","humFit",-0.558139699453942
"11262","ABY83187.1","V159I","mam","birFit",-2.32415508195564
"11263","ACV90477.1","V159A","mam","mosFit",-0.770188640378523
"11264","ACV90477.1","V159A","mam","humFit",-0.940724558026975
"11265","ACV90477.1","V159A","mam","birFit",-1.20669307556647
"11266","ACV90477.1","V431I","mam","mosFit",-1.5618331725051
"11267","ACV90477.1","V431I","mam","humFit",-1.65018063952008
"11268","ACV90477.1","V431I","mam","birFit",-1.4496843005941
"11269","ACV90478.1","V159A","mam","mosFit",-0.770188640378523
"11270","ACV90478.1","V159A","mam","humFit",-0.940724558026975
"11271","ACV90478.1","V159A","mam","birFit",-1.20669307556647
"11272","ACV90478.1","V431I","mam","mosFit",-1.5618331725051
"11273","ACV90478.1","V431I","mam","humFit",-1.65018063952008
"11274","ACV90478.1","V431I","mam","birFit",-1.4496843005941
"11275","ACV90480.1","V159A","mam","mosFit",-0.770188640378523
"11276","ACV90480.1","V159A","mam","humFit",-0.940724558026975
"11277","ACV90480.1","V159A","mam","birFit",-1.20669307556647
"11278","ACV90480.1","V431I","mam","mosFit",-1.5618331725051
"11279","ACV90480.1","V431I","mam","humFit",-1.65018063952008
"11280","ACV90480.1","V431I","mam","birFit",-1.4496843005941
"11281","ACV90481.1","V159A","mam","mosFit",-0.770188640378523
"11282","ACV90481.1","V159A","mam","humFit",-0.940724558026975
"11283","ACV90481.1","V159A","mam","birFit",-1.20669307556647
"11284","ACV90481.1","V431I","mam","mosFit",-1.5618331725051
"11285","ACV90481.1","V431I","mam","humFit",-1.65018063952008
"11286","ACV90481.1","V431I","mam","birFit",-1.4496843005941
"11287","ACV90484.1","V159A","mam","mosFit",-0.770188640378523
"11288","ACV90484.1","V159A","mam","humFit",-0.940724558026975
"11289","ACV90484.1","V159A","mam","birFit",-1.20669307556647
"11290","ACV90486.1","V159A","mam","mosFit",-0.770188640378523
"11291","ACV90486.1","V159A","mam","humFit",-0.940724558026975
"11292","ACV90486.1","V159A","mam","birFit",-1.20669307556647
"11293","ACV90486.1","V352M","mam","mosFit",-0.552670370396163
"11294","ACV90486.1","V352M","mam","humFit",-1.2048344998471
"11295","ACV90486.1","V352M","mam","birFit",-1.70215103188931
"11296","ACV90486.1","V431I","mam","mosFit",-1.5618331725051
"11297","ACV90486.1","V431I","mam","humFit",-1.65018063952008
"11298","ACV90486.1","V431I","mam","birFit",-1.4496843005941
"11299","ACX45217.1","A161T","bird","mosFit",-0.838825675788317
"11300","ACX45217.1","A161T","bird","humFit",-1.40701704725412
"11301","ACX45217.1","A161T","bird","birFit",-1.49229529893351
"11302","ACX45217.1","P88L","bird","mosFit",-1.41139908600447
"11303","ACX45217.1","P88L","bird","humFit",-1.49076947743815
"11304","ACX45217.1","P88L","bird","birFit",-2.11666666363915
"11305","ACX45217.1","V159A","bird","mosFit",-0.770188640378523
"11306","ACX45217.1","V159A","bird","humFit",-0.940724558026975
"11307","ACX45217.1","V159A","bird","birFit",-1.20669307556647
"11308","ACX45220.1","V159A","bird","mosFit",-0.770188640378523
"11309","ACX45220.1","V159A","bird","humFit",-0.940724558026975
"11310","ACX45220.1","V159A","bird","birFit",-1.20669307556647
"11311","ACX45224.1","V159A","bird","mosFit",-0.770188640378523
"11312","ACX45224.1","V159A","bird","humFit",-0.940724558026975
"11313","ACX45224.1","V159A","bird","birFit",-1.20669307556647
"11314","ADD23559.1","S342A","arth","mosFit",-1.58832122398191
"11315","ADD23559.1","S342A","arth","humFit",-2.73569997368055
"11316","ADD23559.1","S342A","arth","birFit",-3.94789065651351
"11317","ADD23594.1","E390D","arth","mosFit",-0.948099837332921
"11318","ADD23594.1","E390D","arth","humFit",-0.714113616762134
"11319","ADD23594.1","E390D","arth","birFit",-1.20724132180319
"11320","ADD23629.1","V159I","arth","mosFit",-0.558714890171021
"11321","ADD23629.1","V159I","arth","humFit",-0.558139699453942
"11322","ADD23629.1","V159I","arth","birFit",-2.32415508195564
"11323","ADD23635.1","A365S","arth","mosFit",-0.587129969548876
"11324","ADD23635.1","A365S","arth","humFit",-0.661084416588615
"11325","ADD23635.1","A365S","arth","birFit",-0.919248377416798
"11326","ADD23635.1","I126T","arth","mosFit",-0.832702958949661
"11327","ADD23635.1","I126T","arth","humFit",-0.584793993478891
"11328","ADD23635.1","I126T","arth","birFit",-0.806393726680972
"11329","ADD23635.1","V159I","arth","mosFit",-0.558714890171021
"11330","ADD23635.1","V159I","arth","humFit",-0.558139699453942
"11331","ADD23635.1","V159I","arth","birFit",-2.32415508195564
"11332","ADD23649.1","A63V","arth","mosFit",-1.40816352488048
"11333","ADD23649.1","A63V","arth","humFit",-1.39255879866832
"11334","ADD23649.1","A63V","arth","birFit",-1.65968275468631
"11335","ADD23649.1","I126T","arth","mosFit",-0.832702958949661
"11336","ADD23649.1","I126T","arth","humFit",-0.584793993478891
"11337","ADD23649.1","I126T","arth","birFit",-0.806393726680972
"11338","ADD23649.1","S58N","arth","mosFit",-1.17794280806004
"11339","ADD23649.1","S58N","arth","humFit",-1.27378623979951
"11340","ADD23649.1","S58N","arth","birFit",-2.72984895917142
"11341","ADD23649.1","V159I","arth","mosFit",-0.558714890171021
"11342","ADD23649.1","V159I","arth","humFit",-0.558139699453942
"11343","ADD23649.1","V159I","arth","birFit",-2.32415508195564
"11344","ADE43755.1","T208A","arth","mosFit",-0.515046119552252
"11345","ADE43755.1","T208A","arth","humFit",-0.733393221463898
"11346","ADE43755.1","T208A","arth","birFit",-0.653923771313165
"11347","ADE43755.1","V159A","arth","mosFit",-0.770188640378523
"11348","ADE43755.1","V159A","arth","humFit",-0.940724558026975
"11349","ADE43755.1","V159A","arth","birFit",-1.20669307556647
"11350","ADE43759.1","F361Y","arth","mosFit",-0.746406593215312
"11351","ADE43759.1","F361Y","arth","humFit",-0.0974182530070027
"11352","ADE43759.1","F361Y","arth","birFit",-2.80150434278068
"11353","ADE43759.1","M292I","arth","mosFit",-0.863411119923752
"11354","ADE43759.1","M292I","arth","humFit",-0.770881096547033
"11355","ADE43759.1","M292I","arth","birFit",-1.35283617851812
"11356","ADE43759.1","V159A","arth","mosFit",-0.770188640378523
"11357","ADE43759.1","V159A","arth","humFit",-0.940724558026975
"11358","ADE43759.1","V159A","arth","birFit",-1.20669307556647
"11359","ADE43761.1","G319C","arth","mosFit",-1.94668771183365
"11360","ADE43761.1","G319C","arth","humFit",-1.89880566190261
"11361","ADE43761.1","G319C","arth","birFit",-1.86214282195523
"11362","ADE43761.1","K132R","arth","mosFit",-0.768212186530649
"11363","ADE43761.1","K132R","arth","humFit",-0.651709527173634
"11364","ADE43761.1","K132R","arth","birFit",-1.0451631403645
"11365","ADE43761.1","V159A","arth","mosFit",-0.770188640378523
"11366","ADE43761.1","V159A","arth","humFit",-0.940724558026975
"11367","ADE43761.1","V159A","arth","birFit",-1.20669307556647
"11368","ADE43770.1","N475S","arth","mosFit",-1.13949689019667
"11369","ADE43770.1","N475S","arth","humFit",-1.6754308177689
"11370","ADE43770.1","N475S","arth","birFit",-1.22095895923841
"11371","ADE43770.1","V159A","arth","mosFit",-0.770188640378523
"11372","ADE43770.1","V159A","arth","humFit",-0.940724558026975
"11373","ADE43770.1","V159A","arth","birFit",-1.20669307556647
"11374","ADE43775.1","K370M","arth","mosFit",-0.214432597479147
"11375","ADE43775.1","K370M","arth","humFit",-1.22128932942425
"11376","ADE43775.1","K370M","arth","birFit",-1.85671350821794
"11377","ADE43775.1","V159A","arth","mosFit",-0.770188640378523
"11378","ADE43775.1","V159A","arth","humFit",-0.940724558026975
"11379","ADE43775.1","V159A","arth","birFit",-1.20669307556647
"11380","ADE43791.1","V159A","arth","mosFit",-0.770188640378523
"11381","ADE43791.1","V159A","arth","humFit",-0.940724558026975
"11382","ADE43791.1","V159A","arth","birFit",-1.20669307556647
"11383","ADE43791.1","V497A","arth","mosFit",-1.5156161441078
"11384","ADE43791.1","V497A","arth","humFit",-1.79417969744371
"11385","ADE43791.1","V497A","arth","birFit",-1.74448132836479
"11386","ADE43798.1","T409I","arth","mosFit",-1.02027417176903
"11387","ADE43798.1","T409I","arth","humFit",-1.04535720391532
"11388","ADE43798.1","T409I","arth","birFit",-1.01669059742538
"11389","ADE43798.1","V159A","arth","mosFit",-0.770188640378523
"11390","ADE43798.1","V159A","arth","humFit",-0.940724558026975
"11391","ADE43798.1","V159A","arth","birFit",-1.20669307556647
"11392","ADE43802.1","V65I","arth","mosFit",-0.931173232077551
"11393","ADE43802.1","V65I","arth","humFit",-0.671327677982624
"11394","ADE43802.1","V65I","arth","birFit",-1.37504179227655
"11395","ADE43802.1","V159A","arth","mosFit",-0.770188640378523
"11396","ADE43802.1","V159A","arth","humFit",-0.940724558026975
"11397","ADE43802.1","V159A","arth","birFit",-1.20669307556647
"11398","ADE43802.1","V232E","arth","mosFit",-0.277369374999587
"11399","ADE43802.1","V232E","arth","humFit",-1.55382625885816
"11400","ADE43802.1","V232E","arth","birFit",-1.31504277866007
"11401","ADE43814.1","S276G","arth","mosFit",-0.147010763370517
"11402","ADE43814.1","S276G","arth","humFit",-0.415272570614193
"11403","ADE43814.1","S276G","arth","birFit",-0.461556568022493
"11404","ADE43814.1","V159A","arth","mosFit",-0.770188640378523
"11405","ADE43814.1","V159A","arth","humFit",-0.940724558026975
"11406","ADE43814.1","V159A","arth","birFit",-1.20669307556647
"11407","ADE43820.1","I253V","arth","mosFit",-0.455691384386623
"11408","ADE43820.1","I253V","arth","humFit",-0.729982454491307
"11409","ADE43820.1","I253V","arth","birFit",-0.519315986787255
"11410","ADE43820.1","V159A","arth","mosFit",-0.770188640378523
"11411","ADE43820.1","V159A","arth","humFit",-0.940724558026975
"11412","ADE43820.1","V159A","arth","birFit",-1.20669307556647
"11413","ADE43853.1","F309L","arth","mosFit",-1.82746283502898
"11414","ADE43853.1","F309L","arth","humFit",-2.24368738801415
"11415","ADE43853.1","F309L","arth","birFit",-2.3246016812189
"11416","ADE43853.1","H395R","arth","mosFit",-1.71262617300233
"11417","ADE43853.1","H395R","arth","humFit",-2.72056231509636
"11418","ADE43853.1","H395R","arth","birFit",-2.82547813974727
"11419","ADE43853.1","P360L","arth","mosFit",-1.7906260112535
"11420","ADE43853.1","P360L","arth","humFit",-1.97332430816272
"11421","ADE43853.1","P360L","arth","birFit",-1.93578790583363
"11422","ADE43853.1","T300S","arth","mosFit",-2.05736983541268
"11423","ADE43853.1","T300S","arth","humFit",-2.59731837909119
"11424","ADE43853.1","T300S","arth","birFit",-2.83840629449959
"11425","ADE43853.1","V159A","arth","mosFit",-0.770188640378523
"11426","ADE43853.1","V159A","arth","humFit",-0.940724558026975
"11427","ADE43853.1","V159A","arth","birFit",-1.20669307556647
"11428","ADE43859.1","V159A","arth","mosFit",-0.770188640378523
"11429","ADE43859.1","V159A","arth","humFit",-0.940724558026975
"11430","ADE43859.1","V159A","arth","birFit",-1.20669307556647
"11431","ADE43859.1","V304I","arth","mosFit",-0.800370255200614
"11432","ADE43859.1","V304I","arth","humFit",-0.558903162713406
"11433","ADE43859.1","V304I","arth","birFit",-1.21325860097435
"11434","ADI33160.1","I126T","mam","mosFit",-0.832702958949661
"11435","ADI33160.1","I126T","mam","humFit",-0.584793993478891
"11436","ADI33160.1","I126T","mam","birFit",-0.806393726680972
"11437","ADI33160.1","R93K","mam","mosFit",-1.16620801408455
"11438","ADI33160.1","R93K","mam","humFit",-1.6946246386064
"11439","ADI33160.1","R93K","mam","birFit",-1.65437780402793
"11440","ADI33160.1","V159I","mam","mosFit",-0.558714890171021
"11441","ADI33160.1","V159I","mam","humFit",-0.558139699453942
"11442","ADI33160.1","V159I","mam","birFit",-2.32415508195564
"11443","ADI33160.1","Y176H","mam","mosFit",-0.384822626975956
"11444","ADI33160.1","Y176H","mam","humFit",-0.593918837077759
"11445","ADI33160.1","Y176H","mam","birFit",-0.89306289148201
"11446","ADI33161.1","I126T","mam","mosFit",-0.832702958949661
"11447","ADI33161.1","I126T","mam","humFit",-0.584793993478891
"11448","ADI33161.1","I126T","mam","birFit",-0.806393726680972
"11449","ADI33161.1","R93K","mam","mosFit",-1.16620801408455
"11450","ADI33161.1","R93K","mam","humFit",-1.6946246386064
"11451","ADI33161.1","R93K","mam","birFit",-1.65437780402793
"11452","ADI33161.1","V159I","mam","mosFit",-0.558714890171021
"11453","ADI33161.1","V159I","mam","humFit",-0.558139699453942
"11454","ADI33161.1","V159I","mam","birFit",-2.32415508195564
"11455","ADI33161.1","Y176H","mam","mosFit",-0.384822626975956
"11456","ADI33161.1","Y176H","mam","humFit",-0.593918837077759
"11457","ADI33161.1","Y176H","mam","birFit",-0.89306289148201
"11458","ADJ67665.1","V159A","arth","mosFit",-0.770188640378523
"11459","ADJ67665.1","V159A","arth","humFit",-0.940724558026975
"11460","ADJ67665.1","V159A","arth","birFit",-1.20669307556647
"11461","ADJ67666.1","V159A","arth","mosFit",-0.770188640378523
"11462","ADJ67666.1","V159A","arth","humFit",-0.940724558026975
"11463","ADJ67666.1","V159A","arth","birFit",-1.20669307556647
"11464","ADJ67667.1","V159A","bird","mosFit",-0.770188640378523
"11465","ADJ67667.1","V159A","bird","humFit",-0.940724558026975
"11466","ADJ67667.1","V159A","bird","birFit",-1.20669307556647
"11467","ADK62399.1","V159A","bird","mosFit",-0.770188640378523
"11468","ADK62399.1","V159A","bird","humFit",-0.940724558026975
"11469","ADK62399.1","V159A","bird","birFit",-1.20669307556647
"11470","ADK62409.1","V159A","bird","mosFit",-0.770188640378523
"11471","ADK62409.1","V159A","bird","humFit",-0.940724558026975
"11472","ADK62409.1","V159A","bird","birFit",-1.20669307556647
"11473","ADK62417.1","V159A","bird","mosFit",-0.770188640378523
"11474","ADK62417.1","V159A","bird","humFit",-0.940724558026975
"11475","ADK62417.1","V159A","bird","birFit",-1.20669307556647
"11476","ADK62419.1","V159A","bird","mosFit",-0.770188640378523
"11477","ADK62419.1","V159A","bird","humFit",-0.940724558026975
"11478","ADK62419.1","V159A","bird","birFit",-1.20669307556647
"11479","ADK62423.1","V159A","bird","mosFit",-0.770188640378523
"11480","ADK62423.1","V159A","bird","humFit",-0.940724558026975
"11481","ADK62423.1","V159A","bird","birFit",-1.20669307556647
"11482","ADK62436.1","V159A","arth","mosFit",-0.770188640378523
"11483","ADK62436.1","V159A","arth","humFit",-0.940724558026975
"11484","ADK62436.1","V159A","arth","birFit",-1.20669307556647
"11485","ADK62439.1","K179E","arth","mosFit",-0.559158368356883
"11486","ADK62439.1","K179E","arth","humFit",-0.462548682327783
"11487","ADK62439.1","K179E","arth","birFit",-1.15440836833329
"11488","ADK62439.1","V159A","arth","mosFit",-0.770188640378523
"11489","ADK62439.1","V159A","arth","humFit",-0.940724558026975
"11490","ADK62439.1","V159A","arth","birFit",-1.20669307556647
"11491","ADK62445.1","V159A","arth","mosFit",-0.770188640378523
"11492","ADK62445.1","V159A","arth","humFit",-0.940724558026975
"11493","ADK62445.1","V159A","arth","birFit",-1.20669307556647
"11494","ADK62456.1","V159A","arth","mosFit",-0.770188640378523
"11495","ADK62456.1","V159A","arth","humFit",-0.940724558026975
"11496","ADK62456.1","V159A","arth","birFit",-1.20669307556647
"11497","ADK62464.1","V159A","bird","mosFit",-0.770188640378523
"11498","ADK62464.1","V159A","bird","humFit",-0.940724558026975
"11499","ADK62464.1","V159A","bird","birFit",-1.20669307556647
"11500","ADK62467.1","V159A","bird","mosFit",-0.770188640378523
"11501","ADK62467.1","V159A","bird","humFit",-0.940724558026975
"11502","ADK62467.1","V159A","bird","birFit",-1.20669307556647
"11503","ADK62474.1","V159A","bird","mosFit",-0.770188640378523
"11504","ADK62474.1","V159A","bird","humFit",-0.940724558026975
"11505","ADK62474.1","V159A","bird","birFit",-1.20669307556647
"11506","ADK62481.1","V159A","bird","mosFit",-0.770188640378523
"11507","ADK62481.1","V159A","bird","humFit",-0.940724558026975
"11508","ADK62481.1","V159A","bird","birFit",-1.20669307556647
"11509","ADK62491.1","V159A","arth","mosFit",-0.770188640378523
"11510","ADK62491.1","V159A","arth","humFit",-0.940724558026975
"11511","ADK62491.1","V159A","arth","birFit",-1.20669307556647
"11512","ADK62511.1","V159A","bird","mosFit",-0.770188640378523
"11513","ADK62511.1","V159A","bird","humFit",-0.940724558026975
"11514","ADK62511.1","V159A","bird","birFit",-1.20669307556647
"11515","ADK62514.1","V159A","bird","mosFit",-0.770188640378523
"11516","ADK62514.1","V159A","bird","humFit",-0.940724558026975
"11517","ADK62514.1","V159A","bird","birFit",-1.20669307556647
"11518","ADL27943.1","V290M","arth","mosFit",-0.738400780458981
"11519","ADL27943.1","V290M","arth","humFit",-0.260288941803777
"11520","ADL27943.1","V290M","arth","birFit",-2.36710254882393
"11521","ADL27956.1","V159A","arth","mosFit",-0.770188640378523
"11522","ADL27956.1","V159A","arth","humFit",-0.940724558026975
"11523","ADL27956.1","V159A","arth","birFit",-1.20669307556647
"11524","ADL27960.1","V159A","arth","mosFit",-0.770188640378523
"11525","ADL27960.1","V159A","arth","humFit",-0.940724558026975
"11526","ADL27960.1","V159A","arth","birFit",-1.20669307556647
"11527","ADL27983.1","V159A","arth","mosFit",-0.770188640378523
"11528","ADL27983.1","V159A","arth","humFit",-0.940724558026975
"11529","ADL27983.1","V159A","arth","birFit",-1.20669307556647
"11530","ADN33398.1","A161V","arth","mosFit",-0.451992305924718
"11531","ADN33398.1","A161V","arth","humFit",-0.426464240973636
"11532","ADN33398.1","A161V","arth","birFit",-1.01690876367928
"11533","ADN33398.1","T314A","arth","mosFit",-0.494459940208309
"11534","ADN33398.1","T314A","arth","humFit",-0.600063402312103
"11535","ADN33398.1","T314A","arth","birFit",-1.13599358861951
"11536","ADN33398.1","V159A","arth","mosFit",-0.770188640378523
"11537","ADN33398.1","V159A","arth","humFit",-0.940724558026975
"11538","ADN33398.1","V159A","arth","birFit",-1.20669307556647
"11539","ADN33399.1","T314A","arth","mosFit",-0.494459940208309
"11540","ADN33399.1","T314A","arth","humFit",-0.600063402312103
"11541","ADN33399.1","T314A","arth","birFit",-1.13599358861951
"11542","ADN33399.1","V159A","arth","mosFit",-0.770188640378523
"11543","ADN33399.1","V159A","arth","humFit",-0.940724558026975
"11544","ADN33399.1","V159A","arth","birFit",-1.20669307556647
"11545","ADU76277.1","V159A","bird","mosFit",-0.770188640378523
"11546","ADU76277.1","V159A","bird","humFit",-0.940724558026975
"11547","ADU76277.1","V159A","bird","birFit",-1.20669307556647
"11548","ADZ13217.1","S452L","arth","mosFit",-1.52629066145673
"11549","ADZ13217.1","S452L","arth","humFit",-1.52493013336219
"11550","ADZ13217.1","S452L","arth","birFit",-0.544394005362858
"11551","ADZ13218.1","S276G","arth","mosFit",-0.147010763370517
"11552","ADZ13218.1","S276G","arth","humFit",-0.415272570614193
"11553","ADZ13218.1","S276G","arth","birFit",-0.461556568022493
"11554","ADZ13218.1","S452L","arth","mosFit",-1.52629066145673
"11555","ADZ13218.1","S452L","arth","humFit",-1.52493013336219
"11556","ADZ13218.1","S452L","arth","birFit",-0.544394005362858
"11557","AEB66113.1","V159A","arth","mosFit",-0.770188640378523
"11558","AEB66113.1","V159A","arth","humFit",-0.940724558026975
"11559","AEB66113.1","V159A","arth","birFit",-1.20669307556647
"11560","AEB66120.1","N47S","bird","mosFit",-0.740273228963189
"11561","AEB66120.1","N47S","bird","humFit",-0.704834494728292
"11562","AEB66120.1","N47S","bird","birFit",-0.724806818336994
"11563","AEB66120.1","V159A","bird","mosFit",-0.770188640378523
"11564","AEB66120.1","V159A","bird","humFit",-0.940724558026975
"11565","AEB66120.1","V159A","bird","birFit",-1.20669307556647
"11566","AEE39280.1","V159A","arth","mosFit",-0.770188640378523
"11567","AEE39280.1","V159A","arth","humFit",-0.940724558026975
"11568","AEE39280.1","V159A","arth","birFit",-1.20669307556647
"11569","AEE39282.1","E49K","bird","mosFit",-0.593493512256564
"11570","AEE39282.1","E49K","bird","humFit",-7.68821656020879e-05
"11571","AEE39282.1","E49K","bird","birFit",1.45508726313962
"11572","AEE39282.1","I460M","bird","mosFit",-0.87991534814327
"11573","AEE39282.1","I460M","bird","humFit",-0.931796849820333
"11574","AEE39282.1","I460M","bird","birFit",-1.31940267868383
"11575","AEE39282.1","V159A","bird","mosFit",-0.770188640378523
"11576","AEE39282.1","V159A","bird","humFit",-0.940724558026975
"11577","AEE39282.1","V159A","bird","birFit",-1.20669307556647
"11578","AEE39286.1","V159A","bird","mosFit",-0.770188640378523
"11579","AEE39286.1","V159A","bird","humFit",-0.940724558026975
"11580","AEE39286.1","V159A","bird","birFit",-1.20669307556647
"11581","AEE39288.1","I460L","arth","mosFit",-1.91929017954616
"11582","AEE39288.1","I460L","arth","humFit",-1.67102546864733
"11583","AEE39288.1","I460L","arth","birFit",-1.98469035132318
"11584","AEE39288.1","V159A","arth","mosFit",-0.770188640378523
"11585","AEE39288.1","V159A","arth","humFit",-0.940724558026975
"11586","AEE39288.1","V159A","arth","birFit",-1.20669307556647
"11587","AEE39289.1","I460L","arth","mosFit",-1.91929017954616
"11588","AEE39289.1","I460L","arth","humFit",-1.67102546864733
"11589","AEE39289.1","I460L","arth","birFit",-1.98469035132318
"11590","AEE39289.1","T70I","arth","mosFit",-1.18363600198524
"11591","AEE39289.1","T70I","arth","humFit",-1.50112586397425
"11592","AEE39289.1","T70I","arth","birFit",-1.940421326102
"11593","AEE39289.1","V159A","arth","mosFit",-0.770188640378523
"11594","AEE39289.1","V159A","arth","humFit",-0.940724558026975
"11595","AEE39289.1","V159A","arth","birFit",-1.20669307556647
"11596","AEE39291.1","I460L","arth","mosFit",-1.91929017954616
"11597","AEE39291.1","I460L","arth","humFit",-1.67102546864733
"11598","AEE39291.1","I460L","arth","birFit",-1.98469035132318
"11599","AEE39291.1","T70I","arth","mosFit",-1.18363600198524
"11600","AEE39291.1","T70I","arth","humFit",-1.50112586397425
"11601","AEE39291.1","T70I","arth","birFit",-1.940421326102
"11602","AEE39291.1","V159A","arth","mosFit",-0.770188640378523
"11603","AEE39291.1","V159A","arth","humFit",-0.940724558026975
"11604","AEE39291.1","V159A","arth","birFit",-1.20669307556647
"11605","AEE39294.1","I460L","arth","mosFit",-1.91929017954616
"11606","AEE39294.1","I460L","arth","humFit",-1.67102546864733
"11607","AEE39294.1","I460L","arth","birFit",-1.98469035132318
"11608","AEE39294.1","V159A","arth","mosFit",-0.770188640378523
"11609","AEE39294.1","V159A","arth","humFit",-0.940724558026975
"11610","AEE39294.1","V159A","arth","birFit",-1.20669307556647
"11611","AEE39294.1","V431F","arth","mosFit",-1.09413903948598
"11612","AEE39294.1","V431F","arth","humFit",-1.77158578163076
"11613","AEE39294.1","V431F","arth","birFit",-2.66837991512925
"11614","AEE39295.1","V159A","bird","mosFit",-0.770188640378523
"11615","AEE39295.1","V159A","bird","humFit",-0.940724558026975
"11616","AEE39295.1","V159A","bird","birFit",-1.20669307556647
"11617","AEE99041.1","T76S","arth","mosFit",-1.54842542874161
"11618","AEE99041.1","T76S","arth","humFit",-1.36747716963643
"11619","AEE99041.1","T76S","arth","birFit",-1.90752261953858
"11620","AEE99041.1","V159A","arth","mosFit",-0.770188640378523
"11621","AEE99041.1","V159A","arth","humFit",-0.940724558026975
"11622","AEE99041.1","V159A","arth","birFit",-1.20669307556647
"11623","AEE99044.1","V159A","arth","mosFit",-0.770188640378523
"11624","AEE99044.1","V159A","arth","humFit",-0.940724558026975
"11625","AEE99044.1","V159A","arth","birFit",-1.20669307556647
"11626","AEE99051.1","V159A","arth","mosFit",-0.770188640378523
"11627","AEE99051.1","V159A","arth","humFit",-0.940724558026975
"11628","AEE99051.1","V159A","arth","birFit",-1.20669307556647
"11629","AEE99056.1","L62S","arth","mosFit",-0.72405660899366
"11630","AEE99056.1","L62S","arth","humFit",-1.20115754291968
"11631","AEE99056.1","L62S","arth","birFit",-1.10922292998096
"11632","AEE99056.1","L212M","arth","mosFit",0.149451270049238
"11633","AEE99056.1","L212M","arth","humFit",0.288041925766261
"11634","AEE99056.1","L212M","arth","birFit",0.17612841369848
"11635","AEE99056.1","V159A","arth","mosFit",-0.770188640378523
"11636","AEE99056.1","V159A","arth","humFit",-0.940724558026975
"11637","AEE99056.1","V159A","arth","birFit",-1.20669307556647
"11638","AEE99066.1","V159A","arth","mosFit",-0.770188640378523
"11639","AEE99066.1","V159A","arth","humFit",-0.940724558026975
"11640","AEE99066.1","V159A","arth","birFit",-1.20669307556647
"11641","AEE99066.1","V488I","arth","mosFit",-1.31964273869515
"11642","AEE99066.1","V488I","arth","humFit",-0.8797962367099
"11643","AEE99066.1","V488I","arth","birFit",-1.01403221118434
"11644","AEE99067.1","N199S","arth","mosFit",-0.450732812430336
"11645","AEE99067.1","N199S","arth","humFit",-0.491560986365038
"11646","AEE99067.1","N199S","arth","birFit",-0.711826419495932
"11647","AEE99067.1","V159A","arth","mosFit",-0.770188640378523
"11648","AEE99067.1","V159A","arth","humFit",-0.940724558026975
"11649","AEE99067.1","V159A","arth","birFit",-1.20669307556647
"11650","AEF33448.1","V159A","arth","mosFit",-0.770188640378523
"11651","AEF33448.1","V159A","arth","humFit",-0.940724558026975
"11652","AEF33448.1","V159A","arth","birFit",-1.20669307556647
"11653","AEH43696.1","A51T","arth","mosFit",-1.05030646712279
"11654","AEH43696.1","A51T","arth","humFit",-1.29546657960075
"11655","AEH43696.1","A51T","arth","birFit",-1.72619783601487
"11656","AEH43696.1","I126T","arth","mosFit",-0.832702958949661
"11657","AEH43696.1","I126T","arth","humFit",-0.584793993478891
"11658","AEH43696.1","I126T","arth","birFit",-0.806393726680972
"11659","AEH43696.1","I481V","arth","mosFit",-0.793494442182579
"11660","AEH43696.1","I481V","arth","humFit",-0.89930040842731
"11661","AEH43696.1","I481V","arth","birFit",-0.955041418954083
"11662","AEH43696.1","P88S","arth","mosFit",-1.27462641388404
"11663","AEH43696.1","P88S","arth","humFit",-1.89267703063558
"11664","AEH43696.1","P88S","arth","birFit",-2.02412027375089
"11665","AEH43696.1","V159I","arth","mosFit",-0.558714890171021
"11666","AEH43696.1","V159I","arth","humFit",-0.558139699453942
"11667","AEH43696.1","V159I","arth","birFit",-2.32415508195564
"11668","AEK64515.1","V159A","bird","mosFit",-0.770188640378523
"11669","AEK64515.1","V159A","bird","humFit",-0.940724558026975
"11670","AEK64515.1","V159A","bird","birFit",-1.20669307556647
"11671","AEK82746.1","V159A","arth","mosFit",-0.770188640378523
"11672","AEK82746.1","V159A","arth","humFit",-0.940724558026975
"11673","AEK82746.1","V159A","arth","birFit",-1.20669307556647
"11674","AET05737.1","V159A","arth","mosFit",-0.770188640378523
"11675","AET05737.1","V159A","arth","humFit",-0.940724558026975
"11676","AET05737.1","V159A","arth","birFit",-1.20669307556647
"11677","AEZ56182.1","V159A","arth","mosFit",-0.770188640378523
"11678","AEZ56182.1","V159A","arth","humFit",-0.940724558026975
"11679","AEZ56182.1","V159A","arth","birFit",-1.20669307556647
"11680","AEZ56188.1","A51T","bird","mosFit",-1.05030646712279
"11681","AEZ56188.1","A51T","bird","humFit",-1.29546657960075
"11682","AEZ56188.1","A51T","bird","birFit",-1.72619783601487
"11683","AEZ56188.1","V159A","bird","mosFit",-0.770188640378523
"11684","AEZ56188.1","V159A","bird","humFit",-0.940724558026975
"11685","AEZ56188.1","V159A","bird","birFit",-1.20669307556647
"11686","AFJ05105.1","V159A","mam","mosFit",-0.770188640378523
"11687","AFJ05105.1","V159A","mam","humFit",-0.940724558026975
"11688","AFJ05105.1","V159A","mam","birFit",-1.20669307556647
"11689","AFO64350.1","I126T","arth","mosFit",-0.832702958949661
"11690","AFO64350.1","I126T","arth","humFit",-0.584793993478891
"11691","AFO64350.1","I126T","arth","birFit",-0.806393726680972
"11692","AFO64350.1","R93K","arth","mosFit",-1.16620801408455
"11693","AFO64350.1","R93K","arth","humFit",-1.6946246386064
"11694","AFO64350.1","R93K","arth","birFit",-1.65437780402793
"11695","AFO64350.1","S156P","arth","mosFit",-0.828111276825081
"11696","AFO64350.1","S156P","arth","humFit",-2.2998477285067
"11697","AFO64350.1","S156P","arth","birFit",-1.27904883077155
"11698","AFO64350.1","V159I","arth","mosFit",-0.558714890171021
"11699","AFO64350.1","V159I","arth","humFit",-0.558139699453942
"11700","AFO64350.1","V159I","arth","birFit",-2.32415508195564
"11701","AFO64350.1","V488I","arth","mosFit",-1.31964273869515
"11702","AFO64350.1","V488I","arth","humFit",-0.8797962367099
"11703","AFO64350.1","V488I","arth","birFit",-1.01403221118434
"11704","AFO64352.1","I126T","bird","mosFit",-0.832702958949661
"11705","AFO64352.1","I126T","bird","humFit",-0.584793993478891
"11706","AFO64352.1","I126T","bird","birFit",-0.806393726680972
"11707","AFO64352.1","R93K","bird","mosFit",-1.16620801408455
"11708","AFO64352.1","R93K","bird","humFit",-1.6946246386064
"11709","AFO64352.1","R93K","bird","birFit",-1.65437780402793
"11710","AFO64352.1","S156P","bird","mosFit",-0.828111276825081
"11711","AFO64352.1","S156P","bird","humFit",-2.2998477285067
"11712","AFO64352.1","S156P","bird","birFit",-1.27904883077155
"11713","AFO64352.1","V159I","bird","mosFit",-0.558714890171021
"11714","AFO64352.1","V159I","bird","humFit",-0.558139699453942
"11715","AFO64352.1","V159I","bird","birFit",-2.32415508195564
"11716","AFO64352.1","V488I","bird","mosFit",-1.31964273869515
"11717","AFO64352.1","V488I","bird","humFit",-0.8797962367099
"11718","AFO64352.1","V488I","bird","birFit",-1.01403221118434
"11719","AFO64355.1","I126T","arth","mosFit",-0.832702958949661
"11720","AFO64355.1","I126T","arth","humFit",-0.584793993478891
"11721","AFO64355.1","I126T","arth","birFit",-0.806393726680972
"11722","AFO64355.1","N134D","arth","mosFit",-1.18507225038112
"11723","AFO64355.1","N134D","arth","humFit",-2.0497593629296
"11724","AFO64355.1","N134D","arth","birFit",-2.10929889478424
"11725","AFO64355.1","R93K","arth","mosFit",-1.16620801408455
"11726","AFO64355.1","R93K","arth","humFit",-1.6946246386064
"11727","AFO64355.1","R93K","arth","birFit",-1.65437780402793
"11728","AFO64355.1","V159I","arth","mosFit",-0.558714890171021
"11729","AFO64355.1","V159I","arth","humFit",-0.558139699453942
"11730","AFO64355.1","V159I","arth","birFit",-2.32415508195564
"11731","AFO64356.1","F90Y","mam","mosFit",-0.957967840789253
"11732","AFO64356.1","F90Y","mam","humFit",-0.505507451200051
"11733","AFO64356.1","F90Y","mam","birFit",-2.07657379355573
"11734","AFO64356.1","I126T","mam","mosFit",-0.832702958949661
"11735","AFO64356.1","I126T","mam","humFit",-0.584793993478891
"11736","AFO64356.1","I126T","mam","birFit",-0.806393726680972
"11737","AFO64356.1","S156P","mam","mosFit",-0.828111276825081
"11738","AFO64356.1","S156P","mam","humFit",-2.2998477285067
"11739","AFO64356.1","S156P","mam","birFit",-1.27904883077155
"11740","AFO64356.1","V159I","mam","mosFit",-0.558714890171021
"11741","AFO64356.1","V159I","mam","humFit",-0.558139699453942
"11742","AFO64356.1","V159I","mam","birFit",-2.32415508195564
"11743","AFX61605.1","A467S","arth","mosFit",-1.03534694875337
"11744","AFX61605.1","A467S","arth","humFit",-1.15163594751635
"11745","AFX61605.1","A467S","arth","birFit",-1.06157002704425
"11746","AFX61605.1","S168T","arth","mosFit",-0.66725117459559
"11747","AFX61605.1","S168T","arth","humFit",-1.1787489069678
"11748","AFX61605.1","S168T","arth","birFit",-2.11326298210476
"11749","AFX61605.1","V159A","arth","mosFit",-0.770188640378523
"11750","AFX61605.1","V159A","arth","humFit",-0.940724558026975
"11751","AFX61605.1","V159A","arth","birFit",-1.20669307556647
"11752","AFX61606.1","A51T","arth","mosFit",-1.05030646712279
"11753","AFX61606.1","A51T","arth","humFit",-1.29546657960075
"11754","AFX61606.1","A51T","arth","birFit",-1.72619783601487
"11755","AFX61606.1","T332M","arth","mosFit",-0.900602572019952
"11756","AFX61606.1","T332M","arth","humFit",-0.82589076105299
"11757","AFX61606.1","T332M","arth","birFit",-1.15169560308363
"11758","AFX61606.1","V159A","arth","mosFit",-0.770188640378523
"11759","AFX61606.1","V159A","arth","humFit",-0.940724558026975
"11760","AFX61606.1","V159A","arth","birFit",-1.20669307556647
"11761","AGI16461.1","A419S","mam","mosFit",-1.52512114151169
"11762","AGI16461.1","A419S","mam","humFit",-1.07609719995842
"11763","AGI16461.1","A419S","mam","birFit",-2.29893345011533
"11764","AGI16461.1","F90Y","mam","mosFit",-0.957967840789253
"11765","AGI16461.1","F90Y","mam","humFit",-0.505507451200051
"11766","AGI16461.1","F90Y","mam","birFit",-2.07657379355573
"11767","AGI16461.1","I126T","mam","mosFit",-0.832702958949661
"11768","AGI16461.1","I126T","mam","humFit",-0.584793993478891
"11769","AGI16461.1","I126T","mam","birFit",-0.806393726680972
"11770","AGI16461.1","Q296H","mam","mosFit",-0.522008251394743
"11771","AGI16461.1","Q296H","mam","humFit",-0.00617950908361897
"11772","AGI16461.1","Q296H","mam","birFit",-1.48079559271742
"11773","AGI16461.1","T162A","mam","mosFit",-0.557374783222768
"11774","AGI16461.1","T162A","mam","humFit",-0.349002889319563
"11775","AGI16461.1","T162A","mam","birFit",-0.532834545895378
"11776","AGI16461.1","V159T","mam","mosFit",0.524380662551074
"11777","AGI16461.1","V159T","mam","humFit",1.02890354159052
"11778","AGI16461.1","V159T","mam","birFit",-0.864054343274328
"11779","AGI16461.1","V491I","mam","mosFit",-0.814756482670367
"11780","AGI16461.1","V491I","mam","humFit",-0.714914308092557
"11781","AGI16461.1","V491I","mam","birFit",-0.801895953896601
"11782","AGM61320.1","A467S","arth","mosFit",-1.03534694875337
"11783","AGM61320.1","A467S","arth","humFit",-1.15163594751635
"11784","AGM61320.1","A467S","arth","birFit",-1.06157002704425
"11785","AGM61320.1","F90Y","arth","mosFit",-0.957967840789253
"11786","AGM61320.1","F90Y","arth","humFit",-0.505507451200051
"11787","AGM61320.1","F90Y","arth","birFit",-2.07657379355573
"11788","AGM61320.1","I126T","arth","mosFit",-0.832702958949661
"11789","AGM61320.1","I126T","arth","humFit",-0.584793993478891
"11790","AGM61320.1","I126T","arth","birFit",-0.806393726680972
"11791","AGM61320.1","N277S","arth","mosFit",-0.501563595207437
"11792","AGM61320.1","N277S","arth","humFit",-0.210142975797003
"11793","AGM61320.1","N277S","arth","birFit",-0.989018619667967
"11794","AGM61320.1","V159T","arth","mosFit",0.524380662551074
"11795","AGM61320.1","V159T","arth","humFit",1.02890354159052
"11796","AGM61320.1","V159T","arth","birFit",-0.864054343274328
"11797","AGM61321.1","A467S","arth","mosFit",-1.03534694875337
"11798","AGM61321.1","A467S","arth","humFit",-1.15163594751635
"11799","AGM61321.1","A467S","arth","birFit",-1.06157002704425
"11800","AGM61321.1","F90Y","arth","mosFit",-0.957967840789253
"11801","AGM61321.1","F90Y","arth","humFit",-0.505507451200051
"11802","AGM61321.1","F90Y","arth","birFit",-2.07657379355573
"11803","AGM61321.1","I126T","arth","mosFit",-0.832702958949661
"11804","AGM61321.1","I126T","arth","humFit",-0.584793993478891
"11805","AGM61321.1","I126T","arth","birFit",-0.806393726680972
"11806","AGM61321.1","N277S","arth","mosFit",-0.501563595207437
"11807","AGM61321.1","N277S","arth","humFit",-0.210142975797003
"11808","AGM61321.1","N277S","arth","birFit",-0.989018619667967
"11809","AGM61321.1","V159T","arth","mosFit",0.524380662551074
"11810","AGM61321.1","V159T","arth","humFit",1.02890354159052
"11811","AGM61321.1","V159T","arth","birFit",-0.864054343274328
"11812","AGN98142.1","A89V","arth","mosFit",-1.23654462617329
"11813","AGN98142.1","A89V","arth","humFit",-1.02678797105557
"11814","AGN98142.1","A89V","arth","birFit",-1.69067188292992
"11815","AGN98142.1","T123N","arth","mosFit",-0.14848344037329
"11816","AGN98142.1","T123N","arth","humFit",0.364382738576224
"11817","AGN98142.1","T123N","arth","birFit",-0.482392159907358
"11818","AGN98142.1","V159A","arth","mosFit",-0.770188640378523
"11819","AGN98142.1","V159A","arth","humFit",-0.940724558026975
"11820","AGN98142.1","V159A","arth","birFit",-1.20669307556647
"11821","AGN98144.1","A89G","arth","mosFit",-1.82441899824227
"11822","AGN98144.1","A89G","arth","humFit",-2.43906024124048
"11823","AGN98144.1","A89G","arth","birFit",-4.19518065785272
"11824","AGN98144.1","T123N","arth","mosFit",-0.14848344037329
"11825","AGN98144.1","T123N","arth","humFit",0.364382738576224
"11826","AGN98144.1","T123N","arth","birFit",-0.482392159907358
"11827","AGN98144.1","V159A","arth","mosFit",-0.770188640378523
"11828","AGN98144.1","V159A","arth","humFit",-0.940724558026975
"11829","AGN98144.1","V159A","arth","birFit",-1.20669307556647
"11830","AGN98146.1","A367V","arth","mosFit",-1.07658669151876
"11831","AGN98146.1","A367V","arth","humFit",-1.43403273883207
"11832","AGN98146.1","A367V","arth","birFit",-1.53424407230855
"11833","AGN98146.1","T123N","arth","mosFit",-0.14848344037329
"11834","AGN98146.1","T123N","arth","humFit",0.364382738576224
"11835","AGN98146.1","T123N","arth","birFit",-0.482392159907358
"11836","AGN98146.1","T231A","arth","mosFit",-0.452238561166002
"11837","AGN98146.1","T231A","arth","humFit",-0.459251975530497
"11838","AGN98146.1","T231A","arth","birFit",-0.408039846727231
"11839","AGN98146.1","V159A","arth","mosFit",-0.770188640378523
"11840","AGN98146.1","V159A","arth","humFit",-0.940724558026975
"11841","AGN98146.1","V159A","arth","birFit",-1.20669307556647
"11842","AGN98150.1","V159A","arth","mosFit",-0.770188640378523
"11843","AGN98150.1","V159A","arth","humFit",-0.940724558026975
"11844","AGN98150.1","V159A","arth","birFit",-1.20669307556647
"11845","AGN98157.1","R479K","arth","mosFit",-1.34639490384393
"11846","AGN98157.1","R479K","arth","humFit",-0.883881160197732
"11847","AGN98157.1","R479K","arth","birFit",-1.21606442119793
"11848","AGN98157.1","T123N","arth","mosFit",-0.14848344037329
"11849","AGN98157.1","T123N","arth","humFit",0.364382738576224
"11850","AGN98157.1","T123N","arth","birFit",-0.482392159907358
"11851","AGN98157.1","V159A","arth","mosFit",-0.770188640378523
"11852","AGN98157.1","V159A","arth","humFit",-0.940724558026975
"11853","AGN98157.1","V159A","arth","birFit",-1.20669307556647
"11854","AGP25111.1","A344V","mam","mosFit",-0.616843832636142
"11855","AGP25111.1","A344V","mam","humFit",-0.688530361589519
"11856","AGP25111.1","A344V","mam","birFit",-0.927326518194183
"11857","AGP25111.1","R93K","mam","mosFit",-1.16620801408455
"11858","AGP25111.1","R93K","mam","humFit",-1.6946246386064
"11859","AGP25111.1","R93K","mam","birFit",-1.65437780402793
"11860","AGP25111.1","V159A","mam","mosFit",-0.770188640378523
"11861","AGP25111.1","V159A","mam","humFit",-0.940724558026975
"11862","AGP25111.1","V159A","mam","birFit",-1.20669307556647
"11863","AGP25111.1","V488F","mam","mosFit",-1.58565114400243
"11864","AGP25111.1","V488F","mam","humFit",-1.81505664060758
"11865","AGP25111.1","V488F","mam","birFit",-3.85617279812612
"11866","AGW25452.1","I126T","arth","mosFit",-0.832702958949661
"11867","AGW25452.1","I126T","arth","humFit",-0.584793993478891
"11868","AGW25452.1","I126T","arth","birFit",-0.806393726680972
"11869","AGW25452.1","V159A","arth","mosFit",-0.770188640378523
"11870","AGW25452.1","V159A","arth","humFit",-0.940724558026975
"11871","AGW25452.1","V159A","arth","birFit",-1.20669307556647
"11872","AHI43636.1","A367V","bird","mosFit",-1.07658669151876
"11873","AHI43636.1","A367V","bird","humFit",-1.43403273883207
"11874","AHI43636.1","A367V","bird","birFit",-1.53424407230855
"11875","AHI43636.1","V159A","bird","mosFit",-0.770188640378523
"11876","AHI43636.1","V159A","bird","humFit",-0.940724558026975
"11877","AHI43636.1","V159A","bird","birFit",-1.20669307556647
"11878","AHI43636.1","V491I","bird","mosFit",-0.814756482670367
"11879","AHI43636.1","V491I","bird","humFit",-0.714914308092557
"11880","AHI43636.1","V491I","bird","birFit",-0.801895953896601
"11881","AHI48948.1","I373V","arth","mosFit",-0.949232489648957
"11882","AHI48948.1","I373V","arth","humFit",-0.999647692513233
"11883","AHI48948.1","I373V","arth","birFit",-0.920111498608249
"11884","AHI48948.1","V159A","arth","mosFit",-0.770188640378523
"11885","AHI48948.1","V159A","arth","humFit",-0.940724558026975
"11886","AHI48948.1","V159A","arth","birFit",-1.20669307556647
"11887","AHM93905.1","V159A","bird","mosFit",-0.770188640378523
"11888","AHM93905.1","V159A","bird","humFit",-0.940724558026975
"11889","AHM93905.1","V159A","bird","birFit",-1.20669307556647
"11890","AHM93905.1","V304I","bird","mosFit",-0.800370255200614
"11891","AHM93905.1","V304I","bird","humFit",-0.558903162713406
"11892","AHM93905.1","V304I","bird","birFit",-1.21325860097435
"11893","AHM93918.1","K71R","arth","mosFit",-0.649995956031295
"11894","AHM93918.1","K71R","arth","humFit",-0.838634812807761
"11895","AHM93918.1","K71R","arth","birFit",-1.87348861748912
"11896","AHM93918.1","V159A","arth","mosFit",-0.770188640378523
"11897","AHM93918.1","V159A","arth","humFit",-0.940724558026975
"11898","AHM93918.1","V159A","arth","birFit",-1.20669307556647
"11899","AHM93918.1","V304I","arth","mosFit",-0.800370255200614
"11900","AHM93918.1","V304I","arth","humFit",-0.558903162713406
"11901","AHM93918.1","V304I","arth","birFit",-1.21325860097435
"11902","AHM93935.1","T208A","bird","mosFit",-0.515046119552252
"11903","AHM93935.1","T208A","bird","humFit",-0.733393221463898
"11904","AHM93935.1","T208A","bird","birFit",-0.653923771313165
"11905","AHM93935.1","V159A","bird","mosFit",-0.770188640378523
"11906","AHM93935.1","V159A","bird","humFit",-0.940724558026975
"11907","AHM93935.1","V159A","bird","birFit",-1.20669307556647
"11908","AHM93987.1","A51V","arth","mosFit",-0.902067644511989
"11909","AHM93987.1","A51V","arth","humFit",-1.00081786543754
"11910","AHM93987.1","A51V","arth","birFit",-1.36242609486587
"11911","AHM93987.1","K406E","arth","mosFit",-1.69107528366853
"11912","AHM93987.1","K406E","arth","humFit",-2.51068705005476
"11913","AHM93987.1","K406E","arth","birFit",-3.10438899547189
"11914","AHM93987.1","V159A","arth","mosFit",-0.770188640378523
"11915","AHM93987.1","V159A","arth","humFit",-0.940724558026975
"11916","AHM93987.1","V159A","arth","birFit",-1.20669307556647
"11917","AHW48395.1","E79G","arth","mosFit",-1.20206285915998
"11918","AHW48395.1","E79G","arth","humFit",-1.33208236447143
"11919","AHW48395.1","E79G","arth","birFit",-0.942101259065564
"11920","AHW48395.1","M46I","arth","mosFit",-0.544197735576568
"11921","AHW48395.1","M46I","arth","humFit",-0.634197441704344
"11922","AHW48395.1","M46I","arth","birFit",-0.786701509074927
"11923","AHW48395.1","V159A","arth","mosFit",-0.770188640378523
"11924","AHW48395.1","V159A","arth","humFit",-0.940724558026975
"11925","AHW48395.1","V159A","arth","birFit",-1.20669307556647
"11926","AHW48395.1","V431I","arth","mosFit",-1.5618331725051
"11927","AHW48395.1","V431I","arth","humFit",-1.65018063952008
"11928","AHW48395.1","V431I","arth","birFit",-1.4496843005941
"11929","AHW48418.1","A51T","arth","mosFit",-1.05030646712279
"11930","AHW48418.1","A51T","arth","humFit",-1.29546657960075
"11931","AHW48418.1","A51T","arth","birFit",-1.72619783601487
"11932","AHW48418.1","A120T","arth","mosFit",-0.627541668375108
"11933","AHW48418.1","A120T","arth","humFit",-0.673342265036723
"11934","AHW48418.1","A120T","arth","birFit",-1.35754651162979
"11935","AHW48418.1","V159A","arth","mosFit",-0.770188640378523
"11936","AHW48418.1","V159A","arth","humFit",-0.940724558026975
"11937","AHW48418.1","V159A","arth","birFit",-1.20669307556647
"11938","AHW48418.1","V491A","arth","mosFit",-1.65405808755454
"11939","AHW48418.1","V491A","arth","humFit",-2.2928007995655
"11940","AHW48418.1","V491A","arth","birFit",-2.81394815821108
"11941","AHW48431.1","T231N","arth","mosFit",0.118154635066281
"11942","AHW48431.1","T231N","arth","humFit",0.125323518640107
"11943","AHW48431.1","T231N","arth","birFit",0.530946710735417
"11944","AHW48431.1","V159A","arth","mosFit",-0.770188640378523
"11945","AHW48431.1","V159A","arth","humFit",-0.940724558026975
"11946","AHW48431.1","V159A","arth","birFit",-1.20669307556647
"11947","AHW48454.1","V159A","arth","mosFit",-0.770188640378523
"11948","AHW48454.1","V159A","arth","humFit",-0.940724558026975
"11949","AHW48454.1","V159A","arth","birFit",-1.20669307556647
"11950","AHW48479.1","F450V","arth","mosFit",-2.2190598986188
"11951","AHW48479.1","F450V","arth","humFit",-3.17378422358495
"11952","AHW48479.1","F450V","arth","birFit",-3.74054967760022
"11953","AHW48479.1","V159A","arth","mosFit",-0.770188640378523
"11954","AHW48479.1","V159A","arth","humFit",-0.940724558026975
"11955","AHW48479.1","V159A","arth","birFit",-1.20669307556647
"11956","AHW48486.1","L483F","arth","mosFit",-1.19340480639413
"11957","AHW48486.1","L483F","arth","humFit",-1.48932760508031
"11958","AHW48486.1","L483F","arth","birFit",-1.55842109549271
"11959","AHW48486.1","R93K","arth","mosFit",-1.16620801408455
"11960","AHW48486.1","R93K","arth","humFit",-1.6946246386064
"11961","AHW48486.1","R93K","arth","birFit",-1.65437780402793
"11962","AHW48486.1","V159A","arth","mosFit",-0.770188640378523
"11963","AHW48486.1","V159A","arth","humFit",-0.940724558026975
"11964","AHW48486.1","V159A","arth","birFit",-1.20669307556647
"11965","AHW48491.1","T123N","arth","mosFit",-0.14848344037329
"11966","AHW48491.1","T123N","arth","humFit",0.364382738576224
"11967","AHW48491.1","T123N","arth","birFit",-0.482392159907358
"11968","AHW48491.1","V159A","arth","mosFit",-0.770188640378523
"11969","AHW48491.1","V159A","arth","humFit",-0.940724558026975
"11970","AHW48491.1","V159A","arth","birFit",-1.20669307556647
"11971","AHW48491.1","V491I","arth","mosFit",-0.814756482670367
"11972","AHW48491.1","V491I","arth","humFit",-0.714914308092557
"11973","AHW48491.1","V491I","arth","birFit",-0.801895953896601
"11974","AHW48548.1","V159A","bird","mosFit",-0.770188640378523
"11975","AHW48548.1","V159A","bird","humFit",-0.940724558026975
"11976","AHW48548.1","V159A","bird","birFit",-1.20669307556647
"11977","AHW48566.1","V159A","bird","mosFit",-0.770188640378523
"11978","AHW48566.1","V159A","bird","humFit",-0.940724558026975
"11979","AHW48566.1","V159A","bird","birFit",-1.20669307556647
"11980","AHW48569.1","V159A","bird","mosFit",-0.770188640378523
"11981","AHW48569.1","V159A","bird","humFit",-0.940724558026975
"11982","AHW48569.1","V159A","bird","birFit",-1.20669307556647
"11983","AHW48723.1","V159A","bird","mosFit",-0.770188640378523
"11984","AHW48723.1","V159A","bird","humFit",-0.940724558026975
"11985","AHW48723.1","V159A","bird","birFit",-1.20669307556647
"11986","AHW48749.1","I33V","bird","mosFit",-0.922788489180392
"11987","AHW48749.1","I33V","bird","humFit",-0.454949812530025
"11988","AHW48749.1","I33V","bird","birFit",-0.644871779142681
"11989","AHW48749.1","V159A","bird","mosFit",-0.770188640378523
"11990","AHW48749.1","V159A","bird","humFit",-0.940724558026975
"11991","AHW48749.1","V159A","bird","birFit",-1.20669307556647
"11992","AHW48784.1","V159A","bird","mosFit",-0.770188640378523
"11993","AHW48784.1","V159A","bird","humFit",-0.940724558026975
"11994","AHW48784.1","V159A","bird","birFit",-1.20669307556647
"11995","AHW48799.1","V159A","arth","mosFit",-0.770188640378523
"11996","AHW48799.1","V159A","arth","humFit",-0.940724558026975
"11997","AHW48799.1","V159A","arth","birFit",-1.20669307556647
"11998","AJM13598.1","K118N","mam","mosFit",-1.41402325190678
"11999","AJM13598.1","K118N","mam","humFit",-1.55812554986296
"12000","AJM13598.1","K118N","mam","birFit",-1.29815424933554
"12001","AJM13598.1","V159F","mam","mosFit",-0.324742545347177
"12002","AJM13598.1","V159F","mam","humFit",0.056129870218177
"12003","AJM13598.1","V159F","mam","birFit",-0.582559325513982
"12004","AJM13598.1","V290L","mam","mosFit",-1.03157893710473
"12005","AJM13598.1","V290L","mam","humFit",-1.97611939072261
"12006","AJM13598.1","V290L","mam","birFit",-1.4009380104026
"12007","AJW67513.1","H214R","arth","mosFit",-1.14636532205259
"12008","AJW67513.1","H214R","arth","humFit",-2.63586763151024
"12009","AJW67513.1","H214R","arth","birFit",-3.29295362423314
"12010","AJW67513.1","V159A","arth","mosFit",-0.770188640378523
"12011","AJW67513.1","V159A","arth","humFit",-0.940724558026975
"12012","AJW67513.1","V159A","arth","birFit",-1.20669307556647
"12013","AJW67513.1","Y183H","arth","mosFit",-1.41956792708709
"12014","AJW67513.1","Y183H","arth","humFit",-1.1090908474942
"12015","AJW67513.1","Y183H","arth","birFit",-0.603104613636529
"12016","AKT95093.1","E79G","arth","mosFit",-1.20206285915998
"12017","AKT95093.1","E79G","arth","humFit",-1.33208236447143
"12018","AKT95093.1","E79G","arth","birFit",-0.942101259065564
"12019","AKT95093.1","M46I","arth","mosFit",-0.544197735576568
"12020","AKT95093.1","M46I","arth","humFit",-0.634197441704344
"12021","AKT95093.1","M46I","arth","birFit",-0.786701509074927
"12022","AKT95093.1","V159A","arth","mosFit",-0.770188640378523
"12023","AKT95093.1","V159A","arth","humFit",-0.940724558026975
"12024","AKT95093.1","V159A","arth","birFit",-1.20669307556647
"12025","AKT95093.1","V431I","arth","mosFit",-1.5618331725051
"12026","AKT95093.1","V431I","arth","humFit",-1.65018063952008
"12027","AKT95093.1","V431I","arth","birFit",-1.4496843005941
"12028","AKT95118.1","A51T","arth","mosFit",-1.05030646712279
"12029","AKT95118.1","A51T","arth","humFit",-1.29546657960075
"12030","AKT95118.1","A51T","arth","birFit",-1.72619783601487
"12031","AKT95118.1","A120T","arth","mosFit",-0.627541668375108
"12032","AKT95118.1","A120T","arth","humFit",-0.673342265036723
"12033","AKT95118.1","A120T","arth","birFit",-1.35754651162979
"12034","AKT95118.1","V159A","arth","mosFit",-0.770188640378523
"12035","AKT95118.1","V159A","arth","humFit",-0.940724558026975
"12036","AKT95118.1","V159A","arth","birFit",-1.20669307556647
"12037","AKT95119.1","A51T","arth","mosFit",-1.05030646712279
"12038","AKT95119.1","A51T","arth","humFit",-1.29546657960075
"12039","AKT95119.1","A51T","arth","birFit",-1.72619783601487
"12040","AKT95119.1","A120T","arth","mosFit",-0.627541668375108
"12041","AKT95119.1","A120T","arth","humFit",-0.673342265036723
"12042","AKT95119.1","A120T","arth","birFit",-1.35754651162979
"12043","AKT95119.1","V159A","arth","mosFit",-0.770188640378523
"12044","AKT95119.1","V159A","arth","humFit",-0.940724558026975
"12045","AKT95119.1","V159A","arth","birFit",-1.20669307556647
"12046","AKT95119.1","V491A","arth","mosFit",-1.65405808755454
"12047","AKT95119.1","V491A","arth","humFit",-2.2928007995655
"12048","AKT95119.1","V491A","arth","birFit",-2.81394815821108
"12049","AKT95120.1","V159A","arth","mosFit",-0.770188640378523
"12050","AKT95120.1","V159A","arth","humFit",-0.940724558026975
"12051","AKT95120.1","V159A","arth","birFit",-1.20669307556647
"12052","AKT95138.1","V159A","arth","mosFit",-0.770188640378523
"12053","AKT95138.1","V159A","arth","humFit",-0.940724558026975
"12054","AKT95138.1","V159A","arth","birFit",-1.20669307556647
"12055","AKT95148.1","V159A","arth","mosFit",-0.770188640378523
"12056","AKT95148.1","V159A","arth","humFit",-0.940724558026975
"12057","AKT95148.1","V159A","arth","birFit",-1.20669307556647
"12058","AKT95150.1","V159A","arth","mosFit",-0.770188640378523
"12059","AKT95150.1","V159A","arth","humFit",-0.940724558026975
"12060","AKT95150.1","V159A","arth","birFit",-1.20669307556647
"12061","AMP46541.1","A365S","mam","mosFit",-0.587129969548876
"12062","AMP46541.1","A365S","mam","humFit",-0.661084416588615
"12063","AMP46541.1","A365S","mam","birFit",-0.919248377416798
"12064","AMP46541.1","I126T","mam","mosFit",-0.832702958949661
"12065","AMP46541.1","I126T","mam","humFit",-0.584793993478891
"12066","AMP46541.1","I126T","mam","birFit",-0.806393726680972
"12067","AMP46541.1","K124N","mam","mosFit",-0.428947425860832
"12068","AMP46541.1","K124N","mam","humFit",-0.942303112207202
"12069","AMP46541.1","K124N","mam","birFit",-2.47399893292351
"12070","AMP46541.1","M292L","mam","mosFit",-0.854160172172112
"12071","AMP46541.1","M292L","mam","humFit",-1.8298107750334
"12072","AMP46541.1","M292L","mam","birFit",-0.562012507318256
"12073","AMP46541.1","S168G","mam","mosFit",-0.736658413166261
"12074","AMP46541.1","S168G","mam","humFit",-0.383602998317367
"12075","AMP46541.1","S168G","mam","birFit",-1.00386395776877
"12076","AMP46541.1","T64A","mam","mosFit",-0.746764698739062
"12077","AMP46541.1","T64A","mam","humFit",-1.15899110670822
"12078","AMP46541.1","T64A","mam","birFit",-0.738531064120427
"12079","AMP46541.1","V159T","mam","mosFit",0.524380662551074
"12080","AMP46541.1","V159T","mam","humFit",1.02890354159052
"12081","AMP46541.1","V159T","mam","birFit",-0.864054343274328
"12082","AMZ00436.1","I126T","arth","mosFit",-0.832702958949661
"12083","AMZ00436.1","I126T","arth","humFit",-0.584793993478891
"12084","AMZ00436.1","I126T","arth","birFit",-0.806393726680972
"12085","AMZ00436.1","N154S","arth","mosFit",-0.333279228212061
"12086","AMZ00436.1","N154S","arth","humFit",-2.77572263120937
"12087","AMZ00436.1","N154S","arth","birFit",-1.19694860940925
"12088","AMZ00436.1","R93K","arth","mosFit",-1.16620801408455
"12089","AMZ00436.1","R93K","arth","humFit",-1.6946246386064
"12090","AMZ00436.1","R93K","arth","birFit",-1.65437780402793
"12091","AMZ00436.1","V159I","arth","mosFit",-0.558714890171021
"12092","AMZ00436.1","V159I","arth","humFit",-0.558139699453942
"12093","AMZ00436.1","V159I","arth","birFit",-2.32415508195564
"12094","ANW68549.1","A365S","arth","mosFit",-0.587129969548876
"12095","ANW68549.1","A365S","arth","humFit",-0.661084416588615
"12096","ANW68549.1","A365S","arth","birFit",-0.919248377416798
"12097","ANW68549.1","T129I","arth","mosFit",-0.797590415990801
"12098","ANW68549.1","T129I","arth","humFit",-0.713749910313215
"12099","ANW68549.1","T129I","arth","birFit",-0.566935795076255
"12100","ANW68549.1","V159A","arth","mosFit",-0.770188640378523
"12101","ANW68549.1","V159A","arth","humFit",-0.940724558026975
"12102","ANW68549.1","V159A","arth","birFit",-1.20669307556647
"12103","ANW68576.1","A51T","arth","mosFit",-1.05030646712279
"12104","ANW68576.1","A51T","arth","humFit",-1.29546657960075
"12105","ANW68576.1","A51T","arth","birFit",-1.72619783601487
"12106","ANW68576.1","V159A","arth","mosFit",-0.770188640378523
"12107","ANW68576.1","V159A","arth","humFit",-0.940724558026975
"12108","ANW68576.1","V159A","arth","birFit",-1.20669307556647
"12109","ANW68576.1","V364M","arth","mosFit",-1.20940676708476
"12110","ANW68576.1","V364M","arth","humFit",-1.01608166227727
"12111","ANW68576.1","V364M","arth","birFit",-2.28402331626182
"12112","ANW68577.1","A51T","arth","mosFit",-1.05030646712279
"12113","ANW68577.1","A51T","arth","humFit",-1.29546657960075
"12114","ANW68577.1","A51T","arth","birFit",-1.72619783601487
"12115","ANW68577.1","V159A","arth","mosFit",-0.770188640378523
"12116","ANW68577.1","V159A","arth","humFit",-0.940724558026975
"12117","ANW68577.1","V159A","arth","birFit",-1.20669307556647
"12118","ANW68577.1","V364M","arth","mosFit",-1.20940676708476
"12119","ANW68577.1","V364M","arth","humFit",-1.01608166227727
"12120","ANW68577.1","V364M","arth","birFit",-2.28402331626182
"12121","ANW68606.1","A51T","arth","mosFit",-1.05030646712279
"12122","ANW68606.1","A51T","arth","humFit",-1.29546657960075
"12123","ANW68606.1","A51T","arth","birFit",-1.72619783601487
"12124","ANW68606.1","N47S","arth","mosFit",-0.740273228963189
"12125","ANW68606.1","N47S","arth","humFit",-0.704834494728292
"12126","ANW68606.1","N47S","arth","birFit",-0.724806818336994
"12127","ANW68606.1","V159A","arth","mosFit",-0.770188640378523
"12128","ANW68606.1","V159A","arth","humFit",-0.940724558026975
"12129","ANW68606.1","V159A","arth","birFit",-1.20669307556647
"12130","ANW68607.1","A51T","arth","mosFit",-1.05030646712279
"12131","ANW68607.1","A51T","arth","humFit",-1.29546657960075
"12132","ANW68607.1","A51T","arth","birFit",-1.72619783601487
"12133","ANW68607.1","N47S","arth","mosFit",-0.740273228963189
"12134","ANW68607.1","N47S","arth","humFit",-0.704834494728292
"12135","ANW68607.1","N47S","arth","birFit",-0.724806818336994
"12136","ANW68607.1","V159A","arth","mosFit",-0.770188640378523
"12137","ANW68607.1","V159A","arth","humFit",-0.940724558026975
"12138","ANW68607.1","V159A","arth","birFit",-1.20669307556647
"12139","ANW68751.1","V159A","arth","mosFit",-0.770188640378523
"12140","ANW68751.1","V159A","arth","humFit",-0.940724558026975
"12141","ANW68751.1","V159A","arth","birFit",-1.20669307556647
"12142","ANW68818.1","V159A","arth","mosFit",-0.770188640378523
"12143","ANW68818.1","V159A","arth","humFit",-0.940724558026975
"12144","ANW68818.1","V159A","arth","birFit",-1.20669307556647
"12145","ANW68831.1","A161T","bird","mosFit",-0.838825675788317
"12146","ANW68831.1","A161T","bird","humFit",-1.40701704725412
"12147","ANW68831.1","A161T","bird","birFit",-1.49229529893351
"12148","ANW68831.1","D67E","bird","mosFit",-0.793687953731991
"12149","ANW68831.1","D67E","bird","humFit",-1.37399596059098
"12150","ANW68831.1","D67E","bird","birFit",-1.05797538135802
"12151","ANW68831.1","V159A","bird","mosFit",-0.770188640378523
"12152","ANW68831.1","V159A","bird","humFit",-0.940724558026975
"12153","ANW68831.1","V159A","bird","birFit",-1.20669307556647
"12154","ANW68831.1","V304I","bird","mosFit",-0.800370255200614
"12155","ANW68831.1","V304I","bird","humFit",-0.558903162713406
"12156","ANW68831.1","V304I","bird","birFit",-1.21325860097435
"12157","ANW68832.1","A161T","bird","mosFit",-0.838825675788317
"12158","ANW68832.1","A161T","bird","humFit",-1.40701704725412
"12159","ANW68832.1","A161T","bird","birFit",-1.49229529893351
"12160","ANW68832.1","D67E","bird","mosFit",-0.793687953731991
"12161","ANW68832.1","D67E","bird","humFit",-1.37399596059098
"12162","ANW68832.1","D67E","bird","birFit",-1.05797538135802
"12163","ANW68832.1","V159A","bird","mosFit",-0.770188640378523
"12164","ANW68832.1","V159A","bird","humFit",-0.940724558026975
"12165","ANW68832.1","V159A","bird","birFit",-1.20669307556647
"12166","ANW68832.1","V304I","bird","mosFit",-0.800370255200614
"12167","ANW68832.1","V304I","bird","humFit",-0.558903162713406
"12168","ANW68832.1","V304I","bird","birFit",-1.21325860097435
"12169","ANW68833.1","A161T","bird","mosFit",-0.838825675788317
"12170","ANW68833.1","A161T","bird","humFit",-1.40701704725412
"12171","ANW68833.1","A161T","bird","birFit",-1.49229529893351
"12172","ANW68833.1","D67E","bird","mosFit",-0.793687953731991
"12173","ANW68833.1","D67E","bird","humFit",-1.37399596059098
"12174","ANW68833.1","D67E","bird","birFit",-1.05797538135802
"12175","ANW68833.1","V159A","bird","mosFit",-0.770188640378523
"12176","ANW68833.1","V159A","bird","humFit",-0.940724558026975
"12177","ANW68833.1","V159A","bird","birFit",-1.20669307556647
"12178","ANW68833.1","V304I","bird","mosFit",-0.800370255200614
"12179","ANW68833.1","V304I","bird","humFit",-0.558903162713406
"12180","ANW68833.1","V304I","bird","birFit",-1.21325860097435
"12181","ANW68845.1","V159A","bird","mosFit",-0.770188640378523
"12182","ANW68845.1","V159A","bird","humFit",-0.940724558026975
"12183","ANW68845.1","V159A","bird","birFit",-1.20669307556647
"12184","ANW68863.1","V159A","arth","mosFit",-0.770188640378523
"12185","ANW68863.1","V159A","arth","humFit",-0.940724558026975
"12186","ANW68863.1","V159A","arth","birFit",-1.20669307556647
"12187","ANW68875.1","V159A","arth","mosFit",-0.770188640378523
"12188","ANW68875.1","V159A","arth","humFit",-0.940724558026975
"12189","ANW68875.1","V159A","arth","birFit",-1.20669307556647
"12190","ANW68946.1","M46L","bird","mosFit",-1.28256888512887
"12191","ANW68946.1","M46L","bird","humFit",-1.18749493894857
"12192","ANW68946.1","M46L","bird","birFit",-1.65982613542028
"12193","ANW68946.1","V159A","bird","mosFit",-0.770188640378523
"12194","ANW68946.1","V159A","bird","humFit",-0.940724558026975
"12195","ANW68946.1","V159A","bird","birFit",-1.20669307556647
"12196","ANW69076.1","V159A","bird","mosFit",-0.770188640378523
"12197","ANW69076.1","V159A","bird","humFit",-0.940724558026975
"12198","ANW69076.1","V159A","bird","birFit",-1.20669307556647
"12199","ANW69155.1","L483F","arth","mosFit",-1.19340480639413
"12200","ANW69155.1","L483F","arth","humFit",-1.48932760508031
"12201","ANW69155.1","L483F","arth","birFit",-1.55842109549271
"12202","ANW69155.1","Q391H","arth","mosFit",-0.845765344175101
"12203","ANW69155.1","Q391H","arth","humFit",-1.29964736541826
"12204","ANW69155.1","Q391H","arth","birFit",-2.05991676438465
"12205","ANW69155.1","V159A","arth","mosFit",-0.770188640378523
"12206","ANW69155.1","V159A","arth","humFit",-0.940724558026975
"12207","ANW69155.1","V159A","arth","birFit",-1.20669307556647
"12208","ANW69156.1","L483F","arth","mosFit",-1.19340480639413
"12209","ANW69156.1","L483F","arth","humFit",-1.48932760508031
"12210","ANW69156.1","L483F","arth","birFit",-1.55842109549271
"12211","ANW69156.1","Q391H","arth","mosFit",-0.845765344175101
"12212","ANW69156.1","Q391H","arth","humFit",-1.29964736541826
"12213","ANW69156.1","Q391H","arth","birFit",-2.05991676438465
"12214","ANW69156.1","V159A","arth","mosFit",-0.770188640378523
"12215","ANW69156.1","V159A","arth","humFit",-0.940724558026975
"12216","ANW69156.1","V159A","arth","birFit",-1.20669307556647
"12217","ANW69157.1","L483F","arth","mosFit",-1.19340480639413
"12218","ANW69157.1","L483F","arth","humFit",-1.48932760508031
"12219","ANW69157.1","L483F","arth","birFit",-1.55842109549271
"12220","ANW69157.1","Q391H","arth","mosFit",-0.845765344175101
"12221","ANW69157.1","Q391H","arth","humFit",-1.29964736541826
"12222","ANW69157.1","Q391H","arth","birFit",-2.05991676438465
"12223","ANW69157.1","V159A","arth","mosFit",-0.770188640378523
"12224","ANW69157.1","V159A","arth","humFit",-0.940724558026975
"12225","ANW69157.1","V159A","arth","birFit",-1.20669307556647
"12226","ANW69220.1","V159A","arth","mosFit",-0.770188640378523
"12227","ANW69220.1","V159A","arth","humFit",-0.940724558026975
"12228","ANW69220.1","V159A","arth","birFit",-1.20669307556647
"12229","ANW69304.1","I474T","bird","mosFit",-1.03199639041328
"12230","ANW69304.1","I474T","bird","humFit",-1.56580231094834
"12231","ANW69304.1","I474T","bird","birFit",-1.63722337141217
"12232","ANW69304.1","V159A","bird","mosFit",-0.770188640378523
"12233","ANW69304.1","V159A","bird","humFit",-0.940724558026975
"12234","ANW69304.1","V159A","bird","birFit",-1.20669307556647
"12235","ANW69326.1","L483F","arth","mosFit",-1.19340480639413
"12236","ANW69326.1","L483F","arth","humFit",-1.48932760508031
"12237","ANW69326.1","L483F","arth","birFit",-1.55842109549271
"12238","ANW69326.1","T198A","arth","mosFit",-0.592061807520083
"12239","ANW69326.1","T198A","arth","humFit",-0.995216596410878
"12240","ANW69326.1","T198A","arth","birFit",-0.886694695889697
"12241","ANW69326.1","V159A","arth","mosFit",-0.770188640378523
"12242","ANW69326.1","V159A","arth","humFit",-0.940724558026975
"12243","ANW69326.1","V159A","arth","birFit",-1.20669307556647
"12244","ANW69327.1","L483F","arth","mosFit",-1.19340480639413
"12245","ANW69327.1","L483F","arth","humFit",-1.48932760508031
"12246","ANW69327.1","L483F","arth","birFit",-1.55842109549271
"12247","ANW69327.1","T198A","arth","mosFit",-0.592061807520083
"12248","ANW69327.1","T198A","arth","humFit",-0.995216596410878
"12249","ANW69327.1","T198A","arth","birFit",-0.886694695889697
"12250","ANW69327.1","V159A","arth","mosFit",-0.770188640378523
"12251","ANW69327.1","V159A","arth","humFit",-0.940724558026975
"12252","ANW69327.1","V159A","arth","birFit",-1.20669307556647
"12253","ANW69328.1","L483F","arth","mosFit",-1.19340480639413
"12254","ANW69328.1","L483F","arth","humFit",-1.48932760508031
"12255","ANW69328.1","L483F","arth","birFit",-1.55842109549271
"12256","ANW69328.1","T198A","arth","mosFit",-0.592061807520083
"12257","ANW69328.1","T198A","arth","humFit",-0.995216596410878
"12258","ANW69328.1","T198A","arth","birFit",-0.886694695889697
"12259","ANW69328.1","V159A","arth","mosFit",-0.770188640378523
"12260","ANW69328.1","V159A","arth","humFit",-0.940724558026975
"12261","ANW69328.1","V159A","arth","birFit",-1.20669307556647
"12262","ANW69391.1","V159A","arth","mosFit",-0.770188640378523
"12263","ANW69391.1","V159A","arth","humFit",-0.940724558026975
"12264","ANW69391.1","V159A","arth","birFit",-1.20669307556647
"12265","ANW69481.1","V159A","bird","mosFit",-0.770188640378523
"12266","ANW69481.1","V159A","bird","humFit",-0.940724558026975
"12267","ANW69481.1","V159A","bird","birFit",-1.20669307556647
"12268","ANW69524.1","F274I","bird","mosFit",-1.25550483665508
"12269","ANW69524.1","F274I","bird","humFit",-1.70040226363654
"12270","ANW69524.1","F274I","bird","birFit",-1.40246974487191
"12271","ANW69524.1","H395Y","bird","mosFit",-1.16353568180017
"12272","ANW69524.1","H395Y","bird","humFit",-1.11061767946766
"12273","ANW69524.1","H395Y","bird","birFit",-1.63797400747758
"12274","ANW69524.1","V159A","bird","mosFit",-0.770188640378523
"12275","ANW69524.1","V159A","bird","humFit",-0.940724558026975
"12276","ANW69524.1","V159A","bird","birFit",-1.20669307556647
"12277","ANW69525.1","F274I","bird","mosFit",-1.25550483665508
"12278","ANW69525.1","F274I","bird","humFit",-1.70040226363654
"12279","ANW69525.1","F274I","bird","birFit",-1.40246974487191
"12280","ANW69525.1","H395Y","bird","mosFit",-1.16353568180017
"12281","ANW69525.1","H395Y","bird","humFit",-1.11061767946766
"12282","ANW69525.1","H395Y","bird","birFit",-1.63797400747758
"12283","ANW69525.1","V159A","bird","mosFit",-0.770188640378523
"12284","ANW69525.1","V159A","bird","humFit",-0.940724558026975
"12285","ANW69525.1","V159A","bird","birFit",-1.20669307556647
"12286","ANW69526.1","F274I","bird","mosFit",-1.25550483665508
"12287","ANW69526.1","F274I","bird","humFit",-1.70040226363654
"12288","ANW69526.1","F274I","bird","birFit",-1.40246974487191
"12289","ANW69526.1","H395Y","bird","mosFit",-1.16353568180017
"12290","ANW69526.1","H395Y","bird","humFit",-1.11061767946766
"12291","ANW69526.1","H395Y","bird","birFit",-1.63797400747758
"12292","ANW69526.1","V159A","bird","mosFit",-0.770188640378523
"12293","ANW69526.1","V159A","bird","humFit",-0.940724558026975
"12294","ANW69526.1","V159A","bird","birFit",-1.20669307556647
"12295","ANW69633.1","V159A","bird","mosFit",-0.770188640378523
"12296","ANW69633.1","V159A","bird","humFit",-0.940724558026975
"12297","ANW69633.1","V159A","bird","birFit",-1.20669307556647
"12298","ANW69697.1","S275P","bird","mosFit",-0.99076530841564
"12299","ANW69697.1","S275P","bird","humFit",-0.547085392103575
"12300","ANW69697.1","S275P","bird","birFit",-1.54289508488427
"12301","ANW69697.1","V159A","bird","mosFit",-0.770188640378523
"12302","ANW69697.1","V159A","bird","humFit",-0.940724558026975
"12303","ANW69697.1","V159A","bird","birFit",-1.20669307556647
"12304","ANW69700.1","V159A","arth","mosFit",-0.770188640378523
"12305","ANW69700.1","V159A","arth","humFit",-0.940724558026975
"12306","ANW69700.1","V159A","arth","birFit",-1.20669307556647
"12307","AXG32158.1","D317H","arth","mosFit",-1.61065725411853
"12308","AXG32158.1","D317H","arth","humFit",-1.80404592167513
"12309","AXG32158.1","D317H","arth","birFit",-2.08306183750843
"12310","AXG32158.1","V159A","arth","mosFit",-0.770188640378523
"12311","AXG32158.1","V159A","arth","humFit",-0.940724558026975
"12312","AXG32158.1","V159A","arth","birFit",-1.20669307556647
"12313","AXG32158.1","V232A","arth","mosFit",-0.536704465109572
"12314","AXG32158.1","V232A","arth","humFit",-0.678693941610924
"12315","AXG32158.1","V232A","arth","birFit",-0.917613237478249
"12316","AYV87351.1","V159A","bird","mosFit",-0.770188640378523
"12317","AYV87351.1","V159A","bird","humFit",-0.940724558026975
"12318","AYV87351.1","V159A","bird","birFit",-1.20669307556647
"12319","AYV87353.1","N394S","arth","mosFit",-0.9700102032146
"12320","AYV87353.1","N394S","arth","humFit",-1.50753547171879
"12321","AYV87353.1","N394S","arth","birFit",-1.54936421419937
"12322","AYV87353.1","T177A","arth","mosFit",-0.659105600935515
"12323","AYV87353.1","T177A","arth","humFit",-0.139345456379395
"12324","AYV87353.1","T177A","arth","birFit",-1.05910219335844
"12325","AYV87353.1","V159A","arth","mosFit",-0.770188640378523
"12326","AYV87353.1","V159A","arth","humFit",-0.940724558026975
"12327","AYV87353.1","V159A","arth","birFit",-1.20669307556647
"12328","QAA79301.1","V159A","bird","mosFit",-0.770188640378523
"12329","QAA79301.1","V159A","bird","humFit",-0.940724558026975
"12330","QAA79301.1","V159A","bird","birFit",-1.20669307556647
"12331","QAA79301.1","V431I","bird","mosFit",-1.5618331725051
"12332","QAA79301.1","V431I","bird","humFit",-1.65018063952008
"12333","QAA79301.1","V431I","bird","birFit",-1.4496843005941
"12334","QAA79323.1","Q462R","bird","mosFit",-1.09937274711851
"12335","QAA79323.1","Q462R","bird","humFit",-1.16237223190183
"12336","QAA79323.1","Q462R","bird","birFit",-0.831517230023256
"12337","QAA79323.1","V159A","bird","mosFit",-0.770188640378523
"12338","QAA79323.1","V159A","bird","humFit",-0.940724558026975
"12339","QAA79323.1","V159A","bird","birFit",-1.20669307556647
"12340","QAA79323.1","V431I","bird","mosFit",-1.5618331725051
"12341","QAA79323.1","V431I","bird","humFit",-1.65018063952008
"12342","QAA79323.1","V431I","bird","birFit",-1.4496843005941
"12343","QAA79323.1","V488I","bird","mosFit",-1.31964273869515
"12344","QAA79323.1","V488I","bird","humFit",-0.8797962367099
"12345","QAA79323.1","V488I","bird","birFit",-1.01403221118434
"12346","QAA79328.1","V159A","bird","mosFit",-0.770188640378523
"12347","QAA79328.1","V159A","bird","humFit",-0.940724558026975
"12348","QAA79328.1","V159A","bird","birFit",-1.20669307556647
"12349","QAA79328.1","V431I","bird","mosFit",-1.5618331725051
"12350","QAA79328.1","V431I","bird","humFit",-1.65018063952008
"12351","QAA79328.1","V431I","bird","birFit",-1.4496843005941
"12352","QAA79328.1","Y59C","bird","mosFit",-1.62899998126875
"12353","QAA79328.1","Y59C","bird","humFit",-2.20692141435918
"12354","QAA79328.1","Y59C","bird","birFit",-1.72360818786795
"12355","QAA79334.1","V159A","bird","mosFit",-0.770188640378523
"12356","QAA79334.1","V159A","bird","humFit",-0.940724558026975
"12357","QAA79334.1","V159A","bird","birFit",-1.20669307556647
"12358","QAA79382.1","V159A","bird","mosFit",-0.770188640378523
"12359","QAA79382.1","V159A","bird","humFit",-0.940724558026975
"12360","QAA79382.1","V159A","bird","birFit",-1.20669307556647
"12361","QAA79389.1","V159A","bird","mosFit",-0.770188640378523
"12362","QAA79389.1","V159A","bird","humFit",-0.940724558026975
"12363","QAA79389.1","V159A","bird","birFit",-1.20669307556647
"12364","QAA79401.1","V159A","bird","mosFit",-0.770188640378523
"12365","QAA79401.1","V159A","bird","humFit",-0.940724558026975
"12366","QAA79401.1","V159A","bird","birFit",-1.20669307556647
"12367","QAA79421.1","V159A","bird","mosFit",-0.770188640378523
"12368","QAA79421.1","V159A","bird","humFit",-0.940724558026975
"12369","QAA79421.1","V159A","bird","birFit",-1.20669307556647
"12370","QAA79421.1","V431I","bird","mosFit",-1.5618331725051
"12371","QAA79421.1","V431I","bird","humFit",-1.65018063952008
"12372","QAA79421.1","V431I","bird","birFit",-1.4496843005941
"12373","QAA79428.1","A344T","bird","mosFit",-1.09286950756745
"12374","QAA79428.1","A344T","bird","humFit",-1.20466675312513
"12375","QAA79428.1","A344T","bird","birFit",-1.26861309153013
"12376","QAA79428.1","N47S","bird","mosFit",-0.740273228963189
"12377","QAA79428.1","N47S","bird","humFit",-0.704834494728292
"12378","QAA79428.1","N47S","bird","birFit",-0.724806818336994
"12379","QAA79428.1","V159A","bird","mosFit",-0.770188640378523
"12380","QAA79428.1","V159A","bird","humFit",-0.940724558026975
"12381","QAA79428.1","V159A","bird","birFit",-1.20669307556647
"12382","QAA79428.1","V431I","bird","mosFit",-1.5618331725051
"12383","QAA79428.1","V431I","bird","humFit",-1.65018063952008
"12384","QAA79428.1","V431I","bird","birFit",-1.4496843005941
"12385","QAA79469.1","V159A","arth","mosFit",-0.770188640378523
"12386","QAA79469.1","V159A","arth","humFit",-0.940724558026975
"12387","QAA79469.1","V159A","arth","birFit",-1.20669307556647
"12388","QAA79565.1","V159A","bird","mosFit",-0.770188640378523
"12389","QAA79565.1","V159A","bird","humFit",-0.940724558026975
"12390","QAA79565.1","V159A","bird","birFit",-1.20669307556647
"12391","QAA79584.1","P88S","arth","mosFit",-1.27462641388404
"12392","QAA79584.1","P88S","arth","humFit",-1.89267703063558
"12393","QAA79584.1","P88S","arth","birFit",-2.02412027375089
"12394","QAA79584.1","T436I","arth","mosFit",-1.42870805116865
"12395","QAA79584.1","T436I","arth","humFit",-1.44073626271806
"12396","QAA79584.1","T436I","arth","birFit",-2.05758626470288
"12397","QAA79584.1","V159A","arth","mosFit",-0.770188640378523
"12398","QAA79584.1","V159A","arth","humFit",-0.940724558026975
"12399","QAA79584.1","V159A","arth","birFit",-1.20669307556647
"12400","QAA79586.1","P88S","arth","mosFit",-1.27462641388404
"12401","QAA79586.1","P88S","arth","humFit",-1.89267703063558
"12402","QAA79586.1","P88S","arth","birFit",-2.02412027375089
"12403","QAA79586.1","V159A","arth","mosFit",-0.770188640378523
"12404","QAA79586.1","V159A","arth","humFit",-0.940724558026975
"12405","QAA79586.1","V159A","arth","birFit",-1.20669307556647
"12406","QAA79586.1","V188M","arth","mosFit",-1.03158322918261
"12407","QAA79586.1","V188M","arth","humFit",-0.774812134304375
"12408","QAA79586.1","V188M","arth","birFit",-1.22185690465314
"12409","QAA79661.1","V159A","bird","mosFit",-0.770188640378523
"12410","QAA79661.1","V159A","bird","humFit",-0.940724558026975
"12411","QAA79661.1","V159A","bird","birFit",-1.20669307556647
"12412","QAA79722.1","A344T","arth","mosFit",-1.09286950756745
"12413","QAA79722.1","A344T","arth","humFit",-1.20466675312513
"12414","QAA79722.1","A344T","arth","birFit",-1.26861309153013
"12415","QAA79722.1","S400P","arth","mosFit",-1.10235646942257
"12416","QAA79722.1","S400P","arth","humFit",-1.20146234656907
"12417","QAA79722.1","S400P","arth","birFit",-1.55940479154926
"12418","QAA79722.1","V159A","arth","mosFit",-0.770188640378523
"12419","QAA79722.1","V159A","arth","humFit",-0.940724558026975
"12420","QAA79722.1","V159A","arth","birFit",-1.20669307556647
"12421","QEH62697.1","L483F","arth","mosFit",-1.19340480639413
"12422","QEH62697.1","L483F","arth","humFit",-1.48932760508031
"12423","QEH62697.1","L483F","arth","birFit",-1.55842109549271
"12424","QEH62697.1","Q391H","arth","mosFit",-0.845765344175101
"12425","QEH62697.1","Q391H","arth","humFit",-1.29964736541826
"12426","QEH62697.1","Q391H","arth","birFit",-2.05991676438465
"12427","QEH62697.1","V159A","arth","mosFit",-0.770188640378523
"12428","QEH62697.1","V159A","arth","humFit",-0.940724558026975
"12429","QEH62697.1","V159A","arth","birFit",-1.20669307556647
"12430","QEH62699.1","V159A","arth","mosFit",-0.770188640378523
"12431","QEH62699.1","V159A","arth","humFit",-0.940724558026975
"12432","QEH62699.1","V159A","arth","birFit",-1.20669307556647
"12433","QEH62699.1","V434A","arth","mosFit",-0.940696311498223
"12434","QEH62699.1","V434A","arth","humFit",-1.63818918021477
"12435","QEH62699.1","V434A","arth","birFit",-2.14840418563808
"12436","QID06671.1","I126T","bird","mosFit",-0.832702958949661
"12437","QID06671.1","I126T","bird","humFit",-0.584793993478891
"12438","QID06671.1","I126T","bird","birFit",-0.806393726680972
"12439","QID06671.1","V159M","bird","mosFit",0.026881874469086
"12440","QID06671.1","V159M","bird","humFit",-2.92375141678025
"12441","QID06671.1","V159M","bird","birFit",-4.578488992645
"12442","QID06671.1","V442I","bird","mosFit",-0.937211495918475
"12443","QID06671.1","V442I","bird","humFit",-1.34236389037224
"12444","QID06671.1","V442I","bird","birFit",-1.02314618212327
"12445","BBL54474.1","A365S","bird","mosFit",-0.587129969548876
"12446","BBL54474.1","A365S","bird","humFit",-0.661084416588615
"12447","BBL54474.1","A365S","bird","birFit",-0.919248377416798
"12448","BBL54474.1","I126T","bird","mosFit",-0.832702958949661
"12449","BBL54474.1","I126T","bird","humFit",-0.584793993478891
"12450","BBL54474.1","I126T","bird","birFit",-0.806393726680972
"12451","BBL54474.1","K44R","bird","mosFit",-0.848965338296461
"12452","BBL54474.1","K44R","bird","humFit",-0.707084514067269
"12453","BBL54474.1","K44R","bird","birFit",-0.951820689251225
"12454","BBL54474.1","S7G","bird","mosFit",-0.815326839920627
"12455","BBL54474.1","S7G","bird","humFit",-0.617191461587733
"12456","BBL54474.1","S7G","bird","birFit",-1.15919874313601
"12457","BBL54474.1","V159I","bird","mosFit",-0.558714890171021
"12458","BBL54474.1","V159I","bird","humFit",-0.558139699453942
"12459","BBL54474.1","V159I","bird","birFit",-2.32415508195564
"12460","QPB41061.1","A51T","arth","mosFit",-1.05030646712279
"12461","QPB41061.1","A51T","arth","humFit",-1.29546657960075
"12462","QPB41061.1","A51T","arth","birFit",-1.72619783601487
"12463","QPB41061.1","P88S","arth","mosFit",-1.27462641388404
"12464","QPB41061.1","P88S","arth","humFit",-1.89267703063558
"12465","QPB41061.1","P88S","arth","birFit",-2.02412027375089
"12466","QPB41061.1","V159A","arth","mosFit",-0.770188640378523
"12467","QPB41061.1","V159A","arth","humFit",-0.940724558026975
"12468","QPB41061.1","V159A","arth","birFit",-1.20669307556647
"12469","UVC41611.1","I126T","bird","mosFit",-0.832702958949661
"12470","UVC41611.1","I126T","bird","humFit",-0.584793993478891
"12471","UVC41611.1","I126T","bird","birFit",-0.806393726680972
"12472","UVC41611.1","R93K","bird","mosFit",-1.16620801408455
"12473","UVC41611.1","R93K","bird","humFit",-1.6946246386064
"12474","UVC41611.1","R93K","bird","birFit",-1.65437780402793
"12475","UVC41611.1","V159I","bird","mosFit",-0.558714890171021
"12476","UVC41611.1","V159I","bird","humFit",-0.558139699453942
"12477","UVC41611.1","V159I","bird","birFit",-2.32415508195564
"12478","UVC41614.1","A72T","arth","mosFit",-1.19226860608946
"12479","UVC41614.1","A72T","arth","humFit",-1.58774483172134
"12480","UVC41614.1","A72T","arth","birFit",-1.64468744593726
"12481","UVC41614.1","I126T","arth","mosFit",-0.832702958949661
"12482","UVC41614.1","I126T","arth","humFit",-0.584793993478891
"12483","UVC41614.1","I126T","arth","birFit",-0.806393726680972
"12484","UVC41614.1","R93K","arth","mosFit",-1.16620801408455
"12485","UVC41614.1","R93K","arth","humFit",-1.6946246386064
"12486","UVC41614.1","R93K","arth","birFit",-1.65437780402793
"12487","UVC41614.1","V159I","arth","mosFit",-0.558714890171021
"12488","UVC41614.1","V159I","arth","humFit",-0.558139699453942
"12489","UVC41614.1","V159I","arth","birFit",-2.32415508195564
"12490","UVC41616.1","I126T","arth","mosFit",-0.832702958949661
"12491","UVC41616.1","I126T","arth","humFit",-0.584793993478891
"12492","UVC41616.1","I126T","arth","birFit",-0.806393726680972
"12493","UVC41616.1","R93K","arth","mosFit",-1.16620801408455
"12494","UVC41616.1","R93K","arth","humFit",-1.6946246386064
"12495","UVC41616.1","R93K","arth","birFit",-1.65437780402793
"12496","UVC41616.1","V159I","arth","mosFit",-0.558714890171021
"12497","UVC41616.1","V159I","arth","humFit",-0.558139699453942
"12498","UVC41616.1","V159I","arth","birFit",-2.32415508195564
"12499","UZG89719.1","I126T","mam","mosFit",-0.832702958949661
"12500","UZG89719.1","I126T","mam","humFit",-0.584793993478891
"12501","UZG89719.1","I126T","mam","birFit",-0.806393726680972
"12502","UZG89719.1","R93K","mam","mosFit",-1.16620801408455
"12503","UZG89719.1","R93K","mam","humFit",-1.6946246386064
"12504","UZG89719.1","R93K","mam","birFit",-1.65437780402793
"12505","UZG89719.1","V159I","mam","mosFit",-0.558714890171021
"12506","UZG89719.1","V159I","mam","humFit",-0.558139699453942
"12507","UZG89719.1","V159I","mam","birFit",-2.32415508195564
"12508","UZG89727.1","I126T","bird","mosFit",-0.832702958949661
"12509","UZG89727.1","I126T","bird","humFit",-0.584793993478891
"12510","UZG89727.1","I126T","bird","birFit",-0.806393726680972
"12511","UZG89727.1","R93K","bird","mosFit",-1.16620801408455
"12512","UZG89727.1","R93K","bird","humFit",-1.6946246386064
"12513","UZG89727.1","R93K","bird","birFit",-1.65437780402793
"12514","UZG89727.1","S400P","bird","mosFit",-1.10235646942257
"12515","UZG89727.1","S400P","bird","humFit",-1.20146234656907
"12516","UZG89727.1","S400P","bird","birFit",-1.55940479154926
"12517","UZG89727.1","V159I","bird","mosFit",-0.558714890171021
"12518","UZG89727.1","V159I","bird","humFit",-0.558139699453942
"12519","UZG89727.1","V159I","bird","birFit",-2.32415508195564
"12520","UZG89728.1","I126T","bird","mosFit",-0.832702958949661
"12521","UZG89728.1","I126T","bird","humFit",-0.584793993478891
"12522","UZG89728.1","I126T","bird","birFit",-0.806393726680972
"12523","UZG89728.1","R93K","bird","mosFit",-1.16620801408455
"12524","UZG89728.1","R93K","bird","humFit",-1.6946246386064
"12525","UZG89728.1","R93K","bird","birFit",-1.65437780402793
"12526","UZG89728.1","V159I","bird","mosFit",-0.558714890171021
"12527","UZG89728.1","V159I","bird","humFit",-0.558139699453942
"12528","UZG89728.1","V159I","bird","birFit",-2.32415508195564
"12529","UZG89731.1","I126T","bird","mosFit",-0.832702958949661
"12530","UZG89731.1","I126T","bird","humFit",-0.584793993478891
"12531","UZG89731.1","I126T","bird","birFit",-0.806393726680972
"12532","UZG89731.1","R93K","bird","mosFit",-1.16620801408455
"12533","UZG89731.1","R93K","bird","humFit",-1.6946246386064
"12534","UZG89731.1","R93K","bird","birFit",-1.65437780402793
"12535","UZG89731.1","V159I","bird","mosFit",-0.558714890171021
"12536","UZG89731.1","V159I","bird","humFit",-0.558139699453942
"12537","UZG89731.1","V159I","bird","birFit",-2.32415508195564
"12538","WBA89970.1","I126T","arth","mosFit",-0.832702958949661
"12539","WBA89970.1","I126T","arth","humFit",-0.584793993478891
"12540","WBA89970.1","I126T","arth","birFit",-0.806393726680972
"12541","WBA89970.1","S156F","arth","mosFit",-0.804119950845348
"12542","WBA89970.1","S156F","arth","humFit",-2.62914164538404
"12543","WBA89970.1","S156F","arth","birFit",-1.04228730885009
"12544","WBA89970.1","V159I","arth","mosFit",-0.558714890171021
"12545","WBA89970.1","V159I","arth","humFit",-0.558139699453942
"12546","WBA89970.1","V159I","arth","birFit",-2.32415508195564
"12547","WBA89973.1","I126T","arth","mosFit",-0.832702958949661
"12548","WBA89973.1","I126T","arth","humFit",-0.584793993478891
"12549","WBA89973.1","I126T","arth","birFit",-0.806393726680972
"12550","WBA89973.1","L412I","arth","mosFit",-1.50228231849998
"12551","WBA89973.1","L412I","arth","humFit",-1.75046415982226
"12552","WBA89973.1","L412I","arth","birFit",-2.41707230104593
"12553","WBA89973.1","R93K","arth","mosFit",-1.16620801408455
"12554","WBA89973.1","R93K","arth","humFit",-1.6946246386064
"12555","WBA89973.1","R93K","arth","birFit",-1.65437780402793
"12556","WBA89973.1","V159I","arth","mosFit",-0.558714890171021
"12557","WBA89973.1","V159I","arth","humFit",-0.558139699453942
"12558","WBA89973.1","V159I","arth","birFit",-2.32415508195564
"12559","WBA89973.1","V364T","arth","mosFit",-0.753428789601625
"12560","WBA89973.1","V364T","arth","humFit",-1.9497757224478
"12561","WBA89973.1","V364T","arth","birFit",-5.47370103883911
"12562","WBA89976.1","I126T","mam","mosFit",-0.832702958949661
"12563","WBA89976.1","I126T","mam","humFit",-0.584793993478891
"12564","WBA89976.1","I126T","mam","birFit",-0.806393726680972
"12565","WBA89976.1","M34L","mam","mosFit",-1.20278419774816
"12566","WBA89976.1","M34L","mam","humFit",-1.34384037043061
"12567","WBA89976.1","M34L","mam","birFit",-1.45344422791519
"12568","WBA89976.1","R93K","mam","mosFit",-1.16620801408455
"12569","WBA89976.1","R93K","mam","humFit",-1.6946246386064
"12570","WBA89976.1","R93K","mam","birFit",-1.65437780402793
"12571","WBA89976.1","V159I","mam","mosFit",-0.558714890171021
"12572","WBA89976.1","V159I","mam","humFit",-0.558139699453942
"12573","WBA89976.1","V159I","mam","birFit",-2.32415508195564
"12574","WCL16230.1","A365S","mam","mosFit",-0.587129969548876
"12575","WCL16230.1","A365S","mam","humFit",-0.661084416588615
"12576","WCL16230.1","A365S","mam","birFit",-0.919248377416798
"12577","WCL16230.1","I340V","mam","mosFit",-0.572277809685803
"12578","WCL16230.1","I340V","mam","humFit",-0.474308967844888
"12579","WCL16230.1","I340V","mam","birFit",-0.393039682228634
"12580","WCL16230.1","M46I","mam","mosFit",-0.544197735576568
"12581","WCL16230.1","M46I","mam","humFit",-0.634197441704344
"12582","WCL16230.1","M46I","mam","birFit",-0.786701509074927
"12583","WEM02429.1","I126T","arth","mosFit",-0.832702958949661
"12584","WEM02429.1","I126T","arth","humFit",-0.584793993478891
"12585","WEM02429.1","I126T","arth","birFit",-0.806393726680972
"12586","WEM02429.1","R93K","arth","mosFit",-1.16620801408455
"12587","WEM02429.1","R93K","arth","humFit",-1.6946246386064
"12588","WEM02429.1","R93K","arth","birFit",-1.65437780402793
"12589","WEM02429.1","V159I","arth","mosFit",-0.558714890171021
"12590","WEM02429.1","V159I","arth","humFit",-0.558139699453942
"12591","WEM02429.1","V159I","arth","birFit",-2.32415508195564
"12592","WEM02430.1","T64A","arth","mosFit",-0.746764698739062
"12593","WEM02430.1","T64A","arth","humFit",-1.15899110670822
"12594","WEM02430.1","T64A","arth","birFit",-0.738531064120427
"12595","WEM02430.1","V159I","arth","mosFit",-0.558714890171021
"12596","WEM02430.1","V159I","arth","humFit",-0.558139699453942
"12597","WEM02430.1","V159I","arth","birFit",-2.32415508195564
"12598","WKW94168.1","M46I","arth","mosFit",-0.544197735576568
"12599","WKW94168.1","M46I","arth","humFit",-0.634197441704344
"12600","WKW94168.1","M46I","arth","birFit",-0.786701509074927
"12601","WKW94168.1","V159A","arth","mosFit",-0.770188640378523
"12602","WKW94168.1","V159A","arth","humFit",-0.940724558026975
"12603","WKW94168.1","V159A","arth","birFit",-1.20669307556647
"12604","WKW94169.1","V159A","bird","mosFit",-0.770188640378523
"12605","WKW94169.1","V159A","bird","humFit",-0.940724558026975
"12606","WKW94169.1","V159A","bird","birFit",-1.20669307556647
"12607","WKW94262.1","T123A","arth","mosFit",-0.428856592015239
"12608","WKW94262.1","T123A","arth","humFit",-0.232247070033983
"12609","WKW94262.1","T123A","arth","birFit",-0.503601017205985
"12610","WKW94262.1","V65A","arth","mosFit",-1.39304142153548
"12611","WKW94262.1","V65A","arth","humFit",-1.37686191699321
"12612","WKW94262.1","V65A","arth","birFit",-1.62753446757524
"12613","WKW94262.1","V159A","arth","mosFit",-0.770188640378523
"12614","WKW94262.1","V159A","arth","humFit",-0.940724558026975
"12615","WKW94262.1","V159A","arth","birFit",-1.20669307556647
"12616","WKW94329.1","I474T","arth","mosFit",-1.03199639041328
"12617","WKW94329.1","I474T","arth","humFit",-1.56580231094834
"12618","WKW94329.1","I474T","arth","birFit",-1.63722337141217
"12619","WKW94329.1","T123A","arth","mosFit",-0.428856592015239
"12620","WKW94329.1","T123A","arth","humFit",-0.232247070033983
"12621","WKW94329.1","T123A","arth","birFit",-0.503601017205985
"12622","WKW94329.1","V159A","arth","mosFit",-0.770188640378523
"12623","WKW94329.1","V159A","arth","humFit",-0.940724558026975
"12624","WKW94329.1","V159A","arth","birFit",-1.20669307556647
"12625","WKW94346.1","V159A","bird","mosFit",-0.770188640378523
"12626","WKW94346.1","V159A","bird","humFit",-0.940724558026975
"12627","WKW94346.1","V159A","bird","birFit",-1.20669307556647
"12628","WKW94348.1","T123A","bird","mosFit",-0.428856592015239
"12629","WKW94348.1","T123A","bird","humFit",-0.232247070033983
"12630","WKW94348.1","T123A","bird","birFit",-0.503601017205985
"12631","WKW94348.1","V65A","bird","mosFit",-1.39304142153548
"12632","WKW94348.1","V65A","bird","humFit",-1.37686191699321
"12633","WKW94348.1","V65A","bird","birFit",-1.62753446757524
"12634","WKW94348.1","V159A","bird","mosFit",-0.770188640378523
"12635","WKW94348.1","V159A","bird","humFit",-0.940724558026975
"12636","WKW94348.1","V159A","bird","birFit",-1.20669307556647
"12637","WKW94488.1","M219V","bird","mosFit",-1.19442444235765
"12638","WKW94488.1","M219V","bird","humFit",-1.39529850179745
"12639","WKW94488.1","M219V","bird","birFit",-1.08471856507033
"12640","WKW94488.1","T123A","bird","mosFit",-0.428856592015239
"12641","WKW94488.1","T123A","bird","humFit",-0.232247070033983
"12642","WKW94488.1","T123A","bird","birFit",-0.503601017205985
"12643","WKW94488.1","V159A","bird","mosFit",-0.770188640378523
"12644","WKW94488.1","V159A","bird","humFit",-0.940724558026975
"12645","WKW94488.1","V159A","bird","birFit",-1.20669307556647
"12646","WKW94534.1","V159A","arth","mosFit",-0.770188640378523
"12647","WKW94534.1","V159A","arth","humFit",-0.940724558026975
"12648","WKW94534.1","V159A","arth","birFit",-1.20669307556647
"12649","WKW94619.1","A51T","arth","mosFit",-1.05030646712279
"12650","WKW94619.1","A51T","arth","humFit",-1.29546657960075
"12651","WKW94619.1","A51T","arth","birFit",-1.72619783601487
"12652","WKW94619.1","F435I","arth","mosFit",-1.51679062239223
"12653","WKW94619.1","F435I","arth","humFit",-2.37011907988374
"12654","WKW94619.1","F435I","arth","birFit",-3.50236794133723
"12655","WKW94619.1","V159A","arth","mosFit",-0.770188640378523
"12656","WKW94619.1","V159A","arth","humFit",-0.940724558026975
"12657","WKW94619.1","V159A","arth","birFit",-1.20669307556647
"12658","WKW94754.1","A344V","arth","mosFit",-0.616843832636142
"12659","WKW94754.1","A344V","arth","humFit",-0.688530361589519
"12660","WKW94754.1","A344V","arth","birFit",-0.927326518194183
"12661","WKW94754.1","A487V","arth","mosFit",-1.22102251125428
"12662","WKW94754.1","A487V","arth","humFit",-0.859299361120823
"12663","WKW94754.1","A487V","arth","birFit",-1.29030674987266
"12664","WKW94754.1","V159A","arth","mosFit",-0.770188640378523
"12665","WKW94754.1","V159A","arth","humFit",-0.940724558026975
"12666","WKW94754.1","V159A","arth","birFit",-1.20669307556647
"12667","WKW94813.1","E55G","bird","mosFit",-1.62773493169701
"12668","WKW94813.1","E55G","bird","humFit",-1.64612790848466
"12669","WKW94813.1","E55G","bird","birFit",-1.3383672304058
"12670","WKW94813.1","V159A","bird","mosFit",-0.770188640378523
"12671","WKW94813.1","V159A","bird","humFit",-0.940724558026975
"12672","WKW94813.1","V159A","bird","birFit",-1.20669307556647
"12673","WKW94832.1","A73V","arth","mosFit",-1.2219240034311
"12674","WKW94832.1","A73V","arth","humFit",-1.35489575763698
"12675","WKW94832.1","A73V","arth","birFit",-1.11463605816321
"12676","WKW94832.1","L312F","arth","mosFit",-0.49588534589211
"12677","WKW94832.1","L312F","arth","humFit",-0.653681829821839
"12678","WKW94832.1","L312F","arth","birFit",-0.691281508845258
"12679","WKW94832.1","V159A","arth","mosFit",-0.770188640378523
"12680","WKW94832.1","V159A","arth","humFit",-0.940724558026975
"12681","WKW94832.1","V159A","arth","birFit",-1.20669307556647
"12682","WKW94882.1","S275P","arth","mosFit",-0.99076530841564
"12683","WKW94882.1","S275P","arth","humFit",-0.547085392103575
"12684","WKW94882.1","S275P","arth","birFit",-1.54289508488427
"12685","WKW94882.1","V159A","arth","mosFit",-0.770188640378523
"12686","WKW94882.1","V159A","arth","humFit",-0.940724558026975
"12687","WKW94882.1","V159A","arth","birFit",-1.20669307556647
"12688","WKW94890.1","I474T","arth","mosFit",-1.03199639041328
"12689","WKW94890.1","I474T","arth","humFit",-1.56580231094834
"12690","WKW94890.1","I474T","arth","birFit",-1.63722337141217
"12691","WKW94890.1","T123A","arth","mosFit",-0.428856592015239
"12692","WKW94890.1","T123A","arth","humFit",-0.232247070033983
"12693","WKW94890.1","T123A","arth","birFit",-0.503601017205985
"12694","WKW94890.1","V159A","arth","mosFit",-0.770188640378523
"12695","WKW94890.1","V159A","arth","humFit",-0.940724558026975
"12696","WKW94890.1","V159A","arth","birFit",-1.20669307556647
"12697","WKW94893.1","V159A","bird","mosFit",-0.770188640378523
"12698","WKW94893.1","V159A","bird","humFit",-0.940724558026975
"12699","WKW94893.1","V159A","bird","birFit",-1.20669307556647
"12700","WKW94895.1","M240I","arth","mosFit",-1.37903569824588
"12701","WKW94895.1","M240I","arth","humFit",-1.65436986642279
"12702","WKW94895.1","M240I","arth","birFit",-1.74454394603791
"12703","WKW94895.1","V159A","arth","mosFit",-0.770188640378523
"12704","WKW94895.1","V159A","arth","humFit",-0.940724558026975
"12705","WKW94895.1","V159A","arth","birFit",-1.20669307556647
"12706","WVE62474.1","F274L","arth","mosFit",-0.940232053419907
"12707","WVE62474.1","F274L","arth","humFit",-1.33949887288833
"12708","WVE62474.1","F274L","arth","birFit",-1.49666358799873
"12709","WVE62474.1","I126T","arth","mosFit",-0.832702958949661
"12710","WVE62474.1","I126T","arth","humFit",-0.584793993478891
"12711","WVE62474.1","I126T","arth","birFit",-0.806393726680972
"12712","WVE62474.1","R93K","arth","mosFit",-1.16620801408455
"12713","WVE62474.1","R93K","arth","humFit",-1.6946246386064
"12714","WVE62474.1","R93K","arth","birFit",-1.65437780402793
"12715","WVE62474.1","V159I","arth","mosFit",-0.558714890171021
"12716","WVE62474.1","V159I","arth","humFit",-0.558139699453942
"12717","WVE62474.1","V159I","arth","birFit",-2.32415508195564
"12718","ABD19513.1","F90Y","bird","mosFit",-0.957967840789253
"12719","ABD19513.1","F90Y","bird","humFit",-0.505507451200051
"12720","ABD19513.1","F90Y","bird","birFit",-2.07657379355573
"12721","ABD19513.1","I126T","bird","mosFit",-0.832702958949661
"12722","ABD19513.1","I126T","bird","humFit",-0.584793993478891
"12723","ABD19513.1","I126T","bird","birFit",-0.806393726680972
"12724","ABD19513.1","V159I","bird","mosFit",-0.558714890171021
"12725","ABD19513.1","V159I","bird","humFit",-0.558139699453942
"12726","ABD19513.1","V159I","bird","birFit",-2.32415508195564
"12727","ABD67759.1","F90Y","bird","mosFit",-0.957967840789253
"12728","ABD67759.1","F90Y","bird","humFit",-0.505507451200051
"12729","ABD67759.1","F90Y","bird","birFit",-2.07657379355573
"12730","ABD67759.1","I126T","bird","mosFit",-0.832702958949661
"12731","ABD67759.1","I126T","bird","humFit",-0.584793993478891
"12732","ABD67759.1","I126T","bird","birFit",-0.806393726680972
"12733","ABD67759.1","V159I","bird","mosFit",-0.558714890171021
"12734","ABD67759.1","V159I","bird","humFit",-0.558139699453942
"12735","ABD67759.1","V159I","bird","birFit",-2.32415508195564
"12736","ACV44195.1","A51T","bird","mosFit",-1.05030646712279
"12737","ACV44195.1","A51T","bird","humFit",-1.29546657960075
"12738","ACV44195.1","A51T","bird","birFit",-1.72619783601487
"12739","ACV44195.1","I126T","bird","mosFit",-0.832702958949661
"12740","ACV44195.1","I126T","bird","humFit",-0.584793993478891
"12741","ACV44195.1","I126T","bird","birFit",-0.806393726680972
"12742","ACV44195.1","P88S","bird","mosFit",-1.27462641388404
"12743","ACV44195.1","P88S","bird","humFit",-1.89267703063558
"12744","ACV44195.1","P88S","bird","birFit",-2.02412027375089
"12745","ACV44195.1","V159I","bird","mosFit",-0.558714890171021
"12746","ACV44195.1","V159I","bird","humFit",-0.558139699453942
"12747","ACV44195.1","V159I","bird","birFit",-2.32415508195564
"12748","ADN97107.1","F142S","mam","mosFit",-0.384990064633406
"12749","ADN97107.1","F142S","mam","humFit",-2.17348524777105
"12750","ADN97107.1","F142S","mam","birFit",-1.37896989919402
"12751","ADN97107.1","H285Y","mam","mosFit",-0.720432085031196
"12752","ADN97107.1","H285Y","mam","humFit",-0.481747073164098
"12753","ADN97107.1","H285Y","mam","birFit",-1.17462655719233
"12754","ADN97107.1","I126T","mam","mosFit",-0.832702958949661
"12755","ADN97107.1","I126T","mam","humFit",-0.584793993478891
"12756","ADN97107.1","I126T","mam","birFit",-0.806393726680972
"12757","ADN97107.1","R93K","mam","mosFit",-1.16620801408455
"12758","ADN97107.1","R93K","mam","humFit",-1.6946246386064
"12759","ADN97107.1","R93K","mam","birFit",-1.65437780402793
"12760","ADN97107.1","S156P","mam","mosFit",-0.828111276825081
"12761","ADN97107.1","S156P","mam","humFit",-2.2998477285067
"12762","ADN97107.1","S156P","mam","birFit",-1.27904883077155
"12763","ADN97107.1","T332A","mam","mosFit",-0.256822778154361
"12764","ADN97107.1","T332A","mam","humFit",-0.126965276863024
"12765","ADN97107.1","T332A","mam","birFit",-0.127303400683759
"12766","ADN97107.1","V159I","mam","mosFit",-0.558714890171021
"12767","ADN97107.1","V159I","mam","humFit",-0.558139699453942
"12768","ADN97107.1","V159I","mam","birFit",-2.32415508195564
"12769","AET05738.1","D317N","arth","mosFit",-2.3086804378722
"12770","AET05738.1","D317N","arth","humFit",-2.40988365607515
"12771","AET05738.1","D317N","arth","birFit",-2.3170070384709
"12772","AET05738.1","V159A","arth","mosFit",-0.770188640378523
"12773","AET05738.1","V159A","arth","humFit",-0.940724558026975
"12774","AET05738.1","V159A","arth","birFit",-1.20669307556647
"12775","AET05738.1","V343A","arth","mosFit",-0.831453902498735
"12776","AET05738.1","V343A","arth","humFit",-0.553508616155207
"12777","AET05738.1","V343A","arth","birFit",-1.65907181496222
"12778","AFO64351.1","I126T","bird","mosFit",-0.832702958949661
"12779","AFO64351.1","I126T","bird","humFit",-0.584793993478891
"12780","AFO64351.1","I126T","bird","birFit",-0.806393726680972
"12781","AFO64351.1","R93K","bird","mosFit",-1.16620801408455
"12782","AFO64351.1","R93K","bird","humFit",-1.6946246386064
"12783","AFO64351.1","R93K","bird","birFit",-1.65437780402793
"12784","AFO64351.1","S156P","bird","mosFit",-0.828111276825081
"12785","AFO64351.1","S156P","bird","humFit",-2.2998477285067
"12786","AFO64351.1","S156P","bird","birFit",-1.27904883077155
"12787","AFO64351.1","V159I","bird","mosFit",-0.558714890171021
"12788","AFO64351.1","V159I","bird","humFit",-0.558139699453942
"12789","AFO64351.1","V159I","bird","birFit",-2.32415508195564
"12790","AFO64351.1","V488I","bird","mosFit",-1.31964273869515
"12791","AFO64351.1","V488I","bird","humFit",-0.8797962367099
"12792","AFO64351.1","V488I","bird","birFit",-1.01403221118434
